ts_utc,accepted,rejected,duplicate,failed,dropped,queue_depth,received,in_progress,processing_errors,unacked,mqtt_connection,mqtt_subscribed,started_at,wall_utc,uptime_s,monotonic_ns
2026-10-02T15:29:34.986Z,1008,0,0,0,0,0,1008,0,0,0,1,true,2026-10-02T15:05:04.500Z,2026-10-02T15:29:33.866Z,1544.108458576,1754214578926
2026-10-02T15:29:35.054Z,1008,0,0,0,0,0,1008,0,0,0,1,true,2026-10-02T15:05:04.500Z,2026-10-02T15:29:33.935Z,1544.177384192,1754283508926
2026-10-02T15:29:36.316Z,1008,0,0,0,0,13,1022,1,0,14,1,true,2026-10-02T15:05:04.500Z,2026-10-02T15:29:35.120Z,1545.378805024,1755467788782
2026-10-02T15:29:37.071Z,1008,0,0,0,0,22,1031,1,0,23,1,true,2026-10-02T15:05:04.500Z,2026-10-02T15:29:35.959Z,1546.201496224,1756307659070
2026-10-02T15:29:38.090Z,1008,0,0,0,0,33,1042,1,0,34,1,true,2026-10-02T15:05:04.500Z,2026-10-02T15:29:36.976Z,1547.218448432,1757324632110
2026-10-02T15:29:39.146Z,1008,0,0,0,0,44,1053,1,0,45,1,true,2026-10-02T15:05:04.500Z,2026-10-02T15:29:38.024Z,1548.265897296,1758372072638
2026-10-02T15:29:40.188Z,1008,0,0,0,0,58,1067,1,0,59,1,true,2026-10-02T15:05:04.500Z,2026-10-02T15:29:39.074Z,1549.3159242240001,1759422107214
2026-10-02T15:29:41.201Z,1008,0,0,0,0,69,1078,1,0,70,1,true,2026-10-02T15:05:04.500Z,2026-10-02T15:29:40.092Z,1550.334504224,1760440687086
2026-10-02T15:29:42.205Z,1008,0,0,0,0,80,1089,1,0,81,1,true,2026-10-02T15:05:04.500Z,2026-10-02T15:29:41.099Z,1551.341139376,1761447298782
2026-10-02T15:29:43.213Z,1009,0,0,0,0,90,1100,1,0,91,1,true,2026-10-02T15:05:04.500Z,2026-10-02T15:29:42.107Z,1552.349147104,1762455328942
2026-10-02T15:29:42.430Z,1010,0,0,0,0,100,1111,1,0,101,1,true,2026-10-02T15:05:04.500Z,2026-10-02T15:29:43.135Z,1553.376842368,1763483021550
2026-10-02T15:29:43.451Z,1010,0,0,0,0,113,1124,1,0,114,1,true,2026-10-02T15:05:04.500Z,2026-10-02T15:29:44.160Z,1554.402263104,1764507957086
2026-10-02T15:29:44.501Z,1016,0,0,0,0,118,1135,1,0,119,1,true,2026-10-02T15:05:04.500Z,2026-10-02T15:29:45.202Z,1555.4439256800001,1765550071438
2026-10-02T15:29:45.508Z,1022,0,0,0,0,123,1146,1,0,124,1,true,2026-10-02T15:05:04.500Z,2026-10-02T15:29:46.213Z,1556.454884464,1766561070542
2026-10-02T15:29:46.549Z,1028,0,0,0,0,129,1158,1,0,130,1,true,2026-10-02T15:05:04.500Z,2026-10-02T15:29:47.252Z,1557.4946313760001,1767600777022
2026-10-02T15:29:47.537Z,1035,0,0,0,0,133,1169,1,0,134,1,true,2026-10-02T15:05:04.500Z,2026-10-02T15:29:48.246Z,1558.4882730240001,1768594450446
2026-10-02T15:29:48.543Z,1043,0,0,0,0,137,1181,1,0,138,1,true,2026-10-02T15:05:04.500Z,2026-10-02T15:29:49.248Z,1559.4943564,1769596083038
2026-10-02T15:29:49.553Z,1050,0,0,0,0,141,1192,1,0,142,1,true,2026-10-02T15:05:04.500Z,2026-10-02T15:29:50.255Z,1560.497484384,1770603665086
2026-10-02T15:29:50.541Z,1057,0,0,0,0,145,1203,1,0,146,1,true,2026-10-02T15:05:04.500Z,2026-10-02T15:29:51.246Z,1561.488188576,1771594374270
2026-10-02T15:29:51.566Z,1064,0,0,0,0,149,1214,1,0,150,1,true,2026-10-02T15:05:04.500Z,2026-10-02T15:29:52.269Z,1562.511170704,1772617315102
2026-10-02T15:29:52.540Z,1069,0,0,0,0,155,1225,1,0,156,1,true,2026-10-02T15:05:04.500Z,2026-10-02T15:29:53.243Z,1563.485183904,1773591369118
2026-10-02T15:29:53.551Z,1077,0,0,0,0,159,1237,1,0,160,1,true,2026-10-02T15:05:04.500Z,2026-10-02T15:29:54.259Z,1564.501645152,1774607830958
2026-10-02T15:29:54.561Z,1084,0,0,0,0,163,1248,1,0,164,1,true,2026-10-02T15:05:04.500Z,2026-10-02T15:29:55.269Z,1565.51142104,1775617528398
2026-10-02T15:29:55.565Z,1089,0,0,0,0,169,1259,1,0,170,1,true,2026-10-02T15:05:04.500Z,2026-10-02T15:29:56.270Z,1566.5117881600002,1776617949326
2026-10-02T15:29:56.572Z,1097,0,0,0,0,172,1270,1,0,173,1,true,2026-10-02T15:05:04.500Z,2026-10-02T15:29:57.277Z,1567.519380944,1777625523134
2026-10-02T15:29:57.576Z,1105,0,0,0,0,175,1281,1,0,176,1,true,2026-10-02T15:05:04.500Z,2026-10-02T15:29:58.279Z,1568.5215998400001,1778627612702
2026-10-02T15:29:58.573Z,1113,0,0,0,0,179,1293,1,0,180,1,true,2026-10-02T15:05:04.500Z,2026-10-02T15:29:59.279Z,1569.520775408,1779626938190
2026-10-02T15:29:59.779Z,1119,0,0,0,0,185,1305,1,0,187,1,true,2026-10-02T15:05:04.500Z,2026-10-02T15:30:00.457Z,1570.700599856,1780805091262
2026-10-02T15:30:00.577Z,1119,0,0,0,0,195,1315,1,0,196,1,true,2026-10-02T15:05:04.500Z,2026-10-02T15:30:01.284Z,1571.5257608480001,1781631930670
2026-10-02T15:30:01.599Z,1121,0,0,0,0,204,1326,1,0,205,1,true,2026-10-02T15:05:04.500Z,2026-10-02T15:30:00.494Z,1572.549191408,1782655325406
2026-10-02T15:30:02.597Z,1126,0,0,0,0,210,1337,1,0,211,1,true,2026-10-02T15:05:04.500Z,2026-10-02T15:30:01.490Z,1573.54487576,1783651037534
2026-10-02T15:30:03.590Z,1133,0,0,0,0,215,1349,1,0,216,1,true,2026-10-02T15:05:04.500Z,2026-10-02T15:30:02.480Z,1574.535039536,1784641217230
2026-10-02T15:30:04.583Z,1140,0,0,0,0,219,1360,1,0,220,1,true,2026-10-02T15:05:04.500Z,2026-10-02T15:30:03.473Z,1575.5281607040001,1785634346126
2026-10-02T15:30:05.575Z,1146,0,0,0,0,224,1371,1,0,225,1,true,2026-10-02T15:05:04.500Z,2026-10-02T15:30:04.470Z,1576.5253413760001,1786631523678
2026-10-02T15:30:06.583Z,1152,0,0,0,0,229,1382,1,0,230,1,true,2026-10-02T15:05:04.500Z,2026-10-02T15:30:05.472Z,1577.5269113440002,1787632935006
2026-10-02T15:30:07.605Z,1158,0,0,0,0,234,1393,1,0,235,1,true,2026-10-02T15:05:04.500Z,2026-10-02T15:30:06.497Z,1578.55244216,1788658629230
2026-10-02T15:30:08.606Z,1164,0,0,0,0,240,1405,1,0,241,1,true,2026-10-02T15:05:04.500Z,2026-10-02T15:30:07.494Z,1579.549536064,1789655715854
2026-10-02T15:30:09.608Z,1170,0,0,0,0,245,1416,1,0,246,1,true,2026-10-02T15:05:04.500Z,2026-10-02T15:30:08.497Z,1580.552231424,1790658409966
2026-10-02T15:30:10.589Z,1175,0,0,0,0,251,1427,1,0,252,1,true,2026-10-02T15:05:04.500Z,2026-10-02T15:30:09.480Z,1581.5350067040001,1791641148046
2026-10-02T15:30:11.590Z,1181,0,0,0,0,256,1438,1,0,257,1,true,2026-10-02T15:05:04.500Z,2026-10-02T15:30:10.480Z,1582.53833336,1792641633598
2026-10-02T15:30:12.603Z,1188,0,0,0,0,260,1449,1,0,261,1,true,2026-10-02T15:05:04.500Z,2026-10-02T15:30:11.497Z,1583.552120176,1793658289790
2026-10-02T15:30:13.598Z,1193,0,0,0,0,267,1461,1,0,268,1,true,2026-10-02T15:05:04.500Z,2026-10-02T15:30:12.494Z,1584.548676896,1794654861054
2026-10-02T15:30:12.946Z,1197,0,0,0,0,274,1472,1,0,275,1,true,2026-10-02T15:05:04.500Z,2026-10-02T15:30:13.533Z,1585.5877817760002,1795693959854
2026-10-02T15:30:13.947Z,1203,0,0,0,0,280,1484,1,0,281,1,true,2026-10-02T15:05:04.500Z,2026-10-02T15:30:14.537Z,1586.591835248,1796698020862
2026-10-02T15:30:14.975Z,1208,0,0,0,0,286,1495,1,0,287,1,true,2026-10-02T15:05:04.500Z,2026-10-02T15:30:15.564Z,1587.6187885440002,1797724960558
2026-10-02T15:30:16.012Z,1217,0,0,0,0,288,1506,1,0,289,1,true,2026-10-02T15:05:04.500Z,2026-10-02T15:30:16.603Z,1588.658454096,1798763921150
2026-10-02T15:30:17.021Z,1225,0,0,0,0,292,1518,1,0,293,1,true,2026-10-02T15:05:04.500Z,2026-10-02T15:30:17.609Z,1589.666198672,1799770167102
2026-10-02T15:30:18.012Z,1233,0,0,0,0,295,1529,1,0,296,1,true,2026-10-02T15:05:04.500Z,2026-10-02T15:30:18.603Z,1590.658527072,1800764710974
2026-10-02T15:30:19.036Z,1242,0,0,0,0,298,1541,1,0,299,1,true,2026-10-02T15:05:04.500Z,2026-10-02T15:30:19.625Z,1591.6804363840001,1801786607854
2026-10-02T15:30:20.028Z,1249,0,0,0,0,301,1551,1,0,302,1,true,2026-10-02T15:05:04.500Z,2026-10-02T15:30:20.616Z,1592.670728064,1802776872702
2026-10-02T15:30:21.051Z,1255,0,0,0,0,307,1563,1,0,308,1,true,2026-10-02T15:05:04.500Z,2026-10-02T15:30:21.642Z,1593.697238992,1803803415038
2026-10-02T15:30:22.039Z,1259,0,0,0,0,314,1574,1,0,315,1,true,2026-10-02T15:05:04.500Z,2026-10-02T15:30:22.625Z,1594.680397888,1804786552942
2026-10-02T15:30:23.255Z,1266,0,0,0,0,320,1587,1,0,321,1,true,2026-10-02T15:05:04.500Z,2026-10-02T15:30:23.824Z,1595.87995872,1805984925470
2026-10-02T15:30:24.030Z,1266,0,0,0,0,329,1596,1,0,330,1,true,2026-10-02T15:05:04.500Z,2026-10-02T15:30:24.618Z,1596.672998496,1806779166366
2026-10-02T15:30:25.027Z,1268,0,0,0,0,338,1607,1,0,339,1,true,2026-10-02T15:05:04.500Z,2026-10-02T15:30:25.607Z,1597.668527856,1807768135566
2026-10-02T15:30:26.034Z,1275,0,0,0,0,342,1618,1,0,343,1,true,2026-10-02T15:05:04.500Z,2026-10-02T15:30:26.626Z,1598.681362912,1808787552142
2026-10-02T15:30:27.031Z,1282,0,0,0,0,347,1630,1,0,348,1,true,2026-10-02T15:05:04.500Z,2026-10-02T15:30:27.621Z,1599.6758904800001,1809782069150
2026-10-02T15:30:28.020Z,1289,0,0,0,0,351,1641,1,0,352,1,true,2026-10-02T15:05:04.500Z,2026-10-02T15:30:28.610Z,1600.665403296,1810771580830
2026-10-02T15:30:29.025Z,1297,0,0,0,0,354,1652,1,0,355,1,true,2026-10-02T15:05:04.500Z,2026-10-02T15:30:29.614Z,1601.668591408,1811774773038
2026-10-02T15:30:30.051Z,1305,0,0,0,0,358,1664,1,0,359,1,true,2026-10-02T15:05:04.500Z,2026-10-02T15:30:30.641Z,1602.696079472,1812802266542
2026-10-02T15:30:31.032Z,1312,0,0,0,0,361,1674,1,0,362,1,true,2026-10-02T15:05:04.500Z,2026-10-02T15:30:31.622Z,1603.6774484960001,1813783622174
2026-10-02T15:30:32.041Z,1320,0,0,0,0,366,1687,1,0,367,1,true,2026-10-02T15:05:04.500Z,2026-10-02T15:30:30.961Z,1604.6817396640001,1814787843598
2026-10-02T15:30:33.044Z,1328,0,0,0,0,369,1698,1,0,370,1,true,2026-10-02T15:05:04.500Z,2026-10-02T15:30:31.965Z,1605.685522656,1815791707214
2026-10-02T15:30:34.041Z,1337,0,0,0,0,371,1709,1,0,372,1,true,2026-10-02T15:05:04.500Z,2026-10-02T15:30:32.968Z,1606.689315216,1816795509134
2026-10-02T15:30:35.039Z,1345,0,0,0,0,374,1720,1,0,375,1,true,2026-10-02T15:05:04.500Z,2026-10-02T15:30:33.962Z,1607.683404688,1817789583982
2026-10-02T15:30:36.041Z,1353,0,0,0,0,377,1731,1,0,378,1,true,2026-10-02T15:05:04.500Z,2026-10-02T15:30:34.967Z,1608.6877530880001,1818793914270
2026-10-02T15:30:37.044Z,1362,0,0,0,0,380,1743,1,0,381,1,true,2026-10-02T15:05:04.500Z,2026-10-02T15:30:35.967Z,1609.687983152,1819794122766
2026-10-02T15:30:38.063Z,1371,0,0,0,0,382,1754,1,0,383,1,true,2026-10-02T15:05:04.500Z,2026-10-02T15:30:36.990Z,1610.7112682240002,1820817462990
2026-10-02T15:30:39.053Z,1377,0,0,0,0,387,1765,1,0,388,1,true,2026-10-02T15:05:04.500Z,2026-10-02T15:30:37.972Z,1611.6927284160001,1821798823214
2026-10-02T15:30:40.077Z,1382,0,0,0,0,393,1776,1,0,394,1,true,2026-10-02T15:05:04.500Z,2026-10-02T15:30:38.999Z,1612.720085248,1822826260542
2026-10-02T15:30:41.047Z,1389,0,0,0,0,397,1787,1,0,398,1,true,2026-10-02T15:05:04.500Z,2026-10-02T15:30:39.972Z,1613.693073824,1823799259486
2026-10-02T15:30:42.053Z,1396,0,0,0,0,402,1799,1,0,403,1,true,2026-10-02T15:05:04.500Z,2026-10-02T15:30:40.978Z,1614.699258064,1824805403646
2026-10-02T15:30:43.084Z,1402,0,0,0,0,407,1810,1,0,408,1,true,2026-10-02T15:05:04.500Z,2026-10-02T15:30:42.003Z,1615.724395664,1825828045614
2026-10-02T15:30:44.076Z,1408,0,0,0,0,411,1820,1,0,412,1,true,2026-10-02T15:05:04.500Z,2026-10-02T15:30:43.000Z,1616.721484864,1826827606414
2026-10-02T15:30:43.365Z,1413,0,0,0,0,418,1832,1,0,419,1,true,2026-10-02T15:05:04.500Z,2026-10-02T15:30:43.985Z,1617.7056936000001,1827811855150
2026-10-02T15:30:44.355Z,1418,0,0,0,0,424,1843,1,0,425,1,true,2026-10-02T15:05:04.500Z,2026-10-02T15:30:44.975Z,1618.695580176,1828801714926
2026-10-02T15:30:45.385Z,1424,0,0,0,0,430,1855,1,0,431,1,true,2026-10-02T15:05:04.500Z,2026-10-02T15:30:46.004Z,1619.725015472,1829831104014
2026-10-02T15:30:46.357Z,1430,0,0,0,0,435,1866,1,0,436,1,true,2026-10-02T15:05:04.500Z,2026-10-02T15:30:46.978Z,1620.699221056,1830805328510
2026-10-02T15:30:47.363Z,1437,0,0,0,0,439,1877,1,0,440,1,true,2026-10-02T15:05:04.500Z,2026-10-02T15:30:47.983Z,1621.7036133440001,1831809796734
2026-10-02T15:30:48.377Z,1444,0,0,0,0,443,1888,1,0,444,1,true,2026-10-02T15:05:04.500Z,2026-10-02T15:30:48.998Z,1622.71928,1832825462846
2026-10-02T15:30:49.378Z,1449,0,0,0,0,449,1899,1,0,450,1,true,2026-10-02T15:05:04.500Z,2026-10-02T15:30:49.996Z,1623.7167250720001,1833822878126
2026-10-02T15:30:50.394Z,1457,0,0,0,0,453,1911,1,0,454,1,true,2026-10-02T15:05:04.500Z,2026-10-02T15:30:51.016Z,1624.736902336,1834843072238
2026-10-02T15:30:51.395Z,1464,0,0,0,0,457,1922,1,0,458,1,true,2026-10-02T15:05:04.500Z,2026-10-02T15:30:52.019Z,1625.739622624,1835845768318
2026-10-02T15:30:52.478Z,1465,0,0,0,0,468,1934,1,0,469,1,true,2026-10-02T15:05:04.500Z,2026-10-02T15:30:53.076Z,1626.79681752,1836902881614
2026-10-02T15:30:53.365Z,1467,0,0,0,0,476,1944,1,0,477,1,true,2026-10-02T15:05:04.500Z,2026-10-02T15:30:53.987Z,1627.707675008,1837813862702
2026-10-02T15:30:54.370Z,1473,0,0,0,0,481,1955,1,0,482,1,true,2026-10-02T15:05:04.500Z,2026-10-02T15:30:54.991Z,1628.7116678080001,1838817853790
2026-10-02T15:30:55.383Z,1481,0,0,0,0,485,1967,1,0,486,1,true,2026-10-02T15:05:04.500Z,2026-10-02T15:30:55.995Z,1629.716142016,1839822221342
2026-10-02T15:30:56.432Z,1489,0,0,0,0,488,1978,1,0,489,1,true,2026-10-02T15:05:04.500Z,2026-10-02T15:30:57.055Z,1630.775620208,1840881808318
2026-10-02T15:30:57.467Z,1496,0,0,0,0,493,1990,1,0,494,1,true,2026-10-02T15:05:04.500Z,2026-10-02T15:30:58.084Z,1631.805084048,1841911272318
2026-10-02T15:30:58.452Z,1503,0,0,0,0,497,2001,1,0,498,1,true,2026-10-02T15:05:04.500Z,2026-10-02T15:30:59.075Z,1632.796014448,1842902116542
2026-10-02T15:30:59.455Z,1511,0,0,0,0,500,2012,1,0,501,1,true,2026-10-02T15:05:04.500Z,2026-10-02T15:31:00.076Z,1633.797028352,1843903135454
2026-10-02T15:31:00.455Z,1520,0,0,0,0,503,2024,1,0,504,1,true,2026-10-02T15:05:04.500Z,2026-10-02T15:31:01.074Z,1634.794797552,1844900980910
2026-10-02T15:31:01.451Z,1529,0,0,0,0,505,2035,1,0,506,1,true,2026-10-02T15:05:04.500Z,2026-10-02T15:31:02.074Z,1635.7954238720001,1845901592078
2026-10-02T15:31:02.456Z,1536,0,0,0,0,509,2046,1,0,510,1,true,2026-10-02T15:05:04.500Z,2026-10-02T15:31:01.401Z,1636.798565136,1846904677166
2026-10-02T15:31:03.467Z,1544,0,0,0,0,512,2057,1,0,513,1,true,2026-10-02T15:05:04.500Z,2026-10-02T15:31:02.415Z,1637.813023376,1847919183134
2026-10-02T15:31:04.512Z,1553,0,0,0,0,514,2068,1,0,515,1,true,2026-10-02T15:05:04.500Z,2026-10-02T15:31:03.455Z,1638.8527833120002,1848958967918
2026-10-02T15:31:05.543Z,1560,0,0,0,0,519,2080,1,0,520,1,true,2026-10-02T15:05:04.500Z,2026-10-02T15:31:04.486Z,1639.883556064,1849989672830
2026-10-02T15:31:06.545Z,1568,0,0,0,0,523,2092,1,0,524,1,true,2026-10-02T15:05:04.500Z,2026-10-02T15:31:05.490Z,1640.887923312,1850994083934
2026-10-02T15:31:07.545Z,1575,0,0,0,0,527,2103,1,0,528,1,true,2026-10-02T15:05:04.500Z,2026-10-02T15:31:06.494Z,1641.891711472,1851997883806
2026-10-02T15:31:08.570Z,1585,0,0,0,0,528,2114,1,0,529,1,true,2026-10-02T15:05:04.500Z,2026-10-02T15:31:07.516Z,1642.913154624,1853019352894
2026-10-02T15:31:09.613Z,1594,0,0,0,0,530,2125,1,0,531,1,true,2026-10-02T15:05:04.500Z,2026-10-02T15:31:08.545Z,1643.943116112,1854048764990
2026-10-02T15:31:10.610Z,1603,0,0,0,0,533,2137,1,0,534,1,true,2026-10-02T15:05:04.500Z,2026-10-02T15:31:09.546Z,1644.9440026720001,1855050160110
2026-10-02T15:31:11.603Z,1612,0,0,0,0,535,2148,1,0,536,1,true,2026-10-02T15:05:04.500Z,2026-10-02T15:31:10.551Z,1645.948614144,1856054797102
2026-10-02T15:31:12.661Z,1619,0,0,0,0,540,2160,1,0,541,1,true,2026-10-02T15:05:04.500Z,2026-10-02T15:31:11.605Z,1647.002989072,1857109176350
2026-10-02T15:31:13.627Z,1624,0,0,0,0,545,2170,1,0,546,1,true,2026-10-02T15:05:04.500Z,2026-10-02T15:31:12.572Z,1647.969413328,1858075442030
2026-10-02T15:31:14.626Z,1630,0,0,0,0,550,2181,1,0,551,1,true,2026-10-02T15:05:04.500Z,2026-10-02T15:31:13.566Z,1648.963546272,1859069727022
2026-10-02T15:31:13.988Z,1636,0,0,0,0,557,2194,1,0,558,1,true,2026-10-02T15:05:04.500Z,2026-10-02T15:31:14.632Z,1650.029821376,1860136013166
2026-10-02T15:31:14.927Z,1643,0,0,0,0,560,2204,1,0,561,1,true,2026-10-02T15:05:04.500Z,2026-10-02T15:31:15.570Z,1650.967954256,1861074134526
2026-10-02T15:31:15.925Z,1651,0,0,0,0,563,2215,1,0,564,1,true,2026-10-02T15:05:04.500Z,2026-10-02T15:31:16.569Z,1651.9669350240001,1862073021662
2026-10-02T15:31:16.928Z,1659,0,0,0,0,566,2226,1,0,567,1,true,2026-10-02T15:05:04.500Z,2026-10-02T15:31:17.573Z,1652.970907136,1863076950718
2026-10-02T15:31:17.928Z,1667,0,0,0,0,569,2237,1,0,570,1,true,2026-10-02T15:05:04.500Z,2026-10-02T15:31:18.572Z,1653.9694473280001,1864075635998
2026-10-02T15:31:18.934Z,1673,0,0,0,0,575,2249,1,0,576,1,true,2026-10-02T15:05:04.500Z,2026-10-02T15:31:19.575Z,1654.9724168960001,1865078580302
2026-10-02T15:31:19.941Z,1680,0,0,0,0,580,2261,1,0,581,1,true,2026-10-02T15:05:04.500Z,2026-10-02T15:31:20.583Z,1655.980835712,1866086892366
2026-10-02T15:31:20.946Z,1685,0,0,0,0,585,2271,1,0,586,1,true,2026-10-02T15:05:04.500Z,2026-10-02T15:31:21.579Z,1656.976136336,1867082320894
2026-10-02T15:31:21.977Z,1690,0,0,0,0,592,2283,1,0,593,1,true,2026-10-02T15:05:04.500Z,2026-10-02T15:31:22.615Z,1658.012226816,1868118409342
2026-10-02T15:31:22.943Z,1695,0,0,0,0,597,2293,1,0,598,1,true,2026-10-02T15:05:04.500Z,2026-10-02T15:31:23.587Z,1658.9843073920001,1869090486190
2026-10-02T15:31:24.089Z,1696,0,0,0,0,609,2306,1,0,611,1,true,2026-10-02T15:05:04.500Z,2026-10-02T15:31:24.709Z,1660.108636704,1870212664462
2026-10-02T15:31:24.971Z,1696,0,0,0,0,620,2317,1,0,621,1,true,2026-10-02T15:05:04.500Z,2026-10-02T15:31:25.616Z,1661.013305936,1871119457326
2026-10-02T15:31:25.970Z,1697,0,0,0,0,630,2328,1,0,631,1,true,2026-10-02T15:05:04.500Z,2026-10-02T15:31:26.613Z,1662.011017104,1872117169694
2026-10-02T15:31:26.992Z,1703,0,0,0,0,635,2339,1,0,636,1,true,2026-10-02T15:05:04.500Z,2026-10-02T15:31:27.636Z,1663.033773136,1873139953742
2026-10-02T15:31:27.997Z,1712,0,0,0,0,637,2350,1,0,638,1,true,2026-10-02T15:05:04.500Z,2026-10-02T15:31:28.646Z,1664.04357,1874149749662
2026-10-02T15:31:29.000Z,1721,0,0,0,0,639,2361,1,0,640,1,true,2026-10-02T15:05:04.500Z,2026-10-02T15:31:29.646Z,1665.043989904,1875150118174
2026-10-02T15:31:30.000Z,1730,0,0,0,0,641,2372,1,0,642,1,true,2026-10-02T15:05:04.500Z,2026-10-02T15:31:30.648Z,1666.045551696,1876151720062
2026-10-02T15:31:31.027Z,1738,0,0,0,0,644,2383,1,0,645,1,true,2026-10-02T15:05:04.500Z,2026-10-02T15:31:31.675Z,1667.072958272,1877179143086
2026-10-02T15:31:32.031Z,1746,0,0,0,0,647,2394,1,0,648,1,true,2026-10-02T15:05:04.500Z,2026-10-02T15:31:32.675Z,1668.073039568,1878179221150
2026-10-02T15:31:33.038Z,1753,0,0,0,0,651,2405,1,0,652,1,true,2026-10-02T15:05:04.500Z,2026-10-02T15:31:31.932Z,1669.0812804480001,1879187461390
2026-10-02T15:31:34.072Z,1761,0,0,0,0,655,2417,1,0,656,1,true,2026-10-02T15:05:04.500Z,2026-10-02T15:31:32.968Z,1670.116837424,1880223030222
2026-10-02T15:31:35.079Z,1768,0,0,0,0,659,2428,1,0,660,1,true,2026-10-02T15:05:04.500Z,2026-10-02T15:31:33.974Z,1671.123331088,1881229490238
2026-10-02T15:31:36.114Z,1776,0,0,0,0,663,2440,1,0,664,1,true,2026-10-02T15:05:04.500Z,2026-10-02T15:31:35.010Z,1672.1593886560001,1882265471422
2026-10-02T15:31:37.123Z,1785,0,0,0,0,665,2451,1,0,666,1,true,2026-10-02T15:05:04.500Z,2026-10-02T15:31:36.019Z,1673.167543584,1883273735054
2026-10-02T15:31:38.112Z,1792,0,0,0,0,669,2462,1,0,670,1,true,2026-10-02T15:05:04.500Z,2026-10-02T15:31:37.006Z,1674.1550097440002,1884261192670
2026-10-02T15:31:39.130Z,1801,0,0,0,0,672,2474,1,0,673,1,true,2026-10-02T15:05:04.500Z,2026-10-02T15:31:38.029Z,1675.177416176,1885283603246
2026-10-02T15:31:40.116Z,1810,0,0,0,0,674,2485,1,0,675,1,true,2026-10-02T15:05:04.500Z,2026-10-02T15:31:39.013Z,1676.162377552,1886268567118
2026-10-02T15:31:41.154Z,1818,0,0,0,0,677,2496,1,0,678,1,true,2026-10-02T15:05:04.500Z,2026-10-02T15:31:40.052Z,1677.201303312,1887307464862
2026-10-02T15:31:42.145Z,1827,0,0,0,0,679,2507,1,0,680,1,true,2026-10-02T15:05:04.500Z,2026-10-02T15:31:41.040Z,1678.188502256,1888294373070
2026-10-02T15:31:43.134Z,1833,0,0,0,0,684,2518,1,0,685,1,true,2026-10-02T15:05:04.500Z,2026-10-02T15:31:42.031Z,1679.180173872,1889286081086
2026-10-02T15:31:44.135Z,1840,0,0,0,0,689,2530,1,0,690,1,true,2026-10-02T15:05:04.500Z,2026-10-02T15:31:43.032Z,1680.181403536,1890287577358
2026-10-02T15:31:45.146Z,1844,0,0,0,0,696,2541,1,0,697,1,true,2026-10-02T15:05:04.500Z,2026-10-02T15:31:44.037Z,1681.185676256,1891291656302
2026-10-02T15:31:44.401Z,1849,0,0,0,0,702,2552,1,0,703,1,true,2026-10-02T15:05:04.500Z,2026-10-02T15:31:45.031Z,1682.180115808,1892286301086
2026-10-02T15:31:45.422Z,1858,0,0,0,0,704,2563,1,0,705,1,true,2026-10-02T15:05:04.500Z,2026-10-02T15:31:46.051Z,1683.200100304,1893306289150
2026-10-02T15:31:46.439Z,1866,0,0,0,0,707,2574,1,0,708,1,true,2026-10-02T15:05:04.500Z,2026-10-02T15:31:47.067Z,1684.2161016,1894322278270
2026-10-02T15:31:47.402Z,1874,0,0,0,0,711,2586,1,0,712,1,true,2026-10-02T15:05:04.500Z,2026-10-02T15:31:48.034Z,1685.183164576,1895289352622
2026-10-02T15:31:48.402Z,1883,0,0,0,0,713,2597,1,0,714,1,true,2026-10-02T15:05:04.500Z,2026-10-02T15:31:49.034Z,1686.18316192,1896289322846
2026-10-02T15:31:49.398Z,1892,0,0,0,0,715,2608,1,0,716,1,true,2026-10-02T15:05:04.500Z,2026-10-02T15:31:50.031Z,1687.180154576,1897286304446
2026-10-02T15:31:50.423Z,1901,0,0,0,0,717,2619,1,0,718,1,true,2026-10-02T15:05:04.500Z,2026-10-02T15:31:51.053Z,1688.201593936,1898307780286
2026-10-02T15:31:51.410Z,1907,0,0,0,0,722,2630,1,0,723,1,true,2026-10-02T15:05:04.500Z,2026-10-02T15:31:52.042Z,1689.190603792,1899296758926
2026-10-02T15:31:52.413Z,1914,0,0,0,0,727,2642,1,0,728,1,true,2026-10-02T15:05:04.500Z,2026-10-02T15:31:53.042Z,1690.190938208,1900296944462
2026-10-02T15:31:53.413Z,1922,0,0,0,0,730,2653,1,0,731,1,true,2026-10-02T15:05:04.500Z,2026-10-02T15:31:54.044Z,1691.1932217600001,1901299335726
2026-10-02T15:31:54.588Z,1928,0,0,0,0,736,2665,1,0,737,1,true,2026-10-02T15:05:04.500Z,2026-10-02T15:31:55.179Z,1692.3292495360001,1902433853566
2026-10-02T15:31:55.448Z,1928,0,0,0,0,746,2675,1,0,748,1,true,2026-10-02T15:05:04.500Z,2026-10-02T15:31:56.078Z,1693.227316496,1903333239214
2026-10-02T15:31:56.441Z,1929,0,0,0,0,756,2686,1,0,757,1,true,2026-10-02T15:05:04.500Z,2026-10-02T15:31:57.064Z,1694.21296824,1904318939614
2026-10-02T15:31:57.454Z,1933,0,0,0,0,765,2699,1,0,766,1,true,2026-10-02T15:05:04.500Z,2026-10-02T15:31:58.084Z,1695.232578336,1905338619982
2026-10-02T15:31:58.474Z,1940,0,0,0,0,769,2710,1,0,770,1,true,2026-10-02T15:05:04.500Z,2026-10-02T15:31:59.102Z,1696.250884096,1906357022574
2026-10-02T15:31:59.471Z,1946,0,0,0,0,774,2721,1,0,775,1,true,2026-10-02T15:05:04.500Z,2026-10-02T15:32:00.104Z,1697.252506672,1907358687582
2026-10-02T15:32:00.476Z,1953,0,0,0,0,778,2732,1,0,779,1,true,2026-10-02T15:05:04.500Z,2026-10-02T15:32:01.110Z,1698.258583488,1908364694766
2026-10-02T15:32:01.490Z,1961,0,0,0,0,781,2743,1,0,782,1,true,2026-10-02T15:05:04.500Z,2026-10-02T15:32:02.121Z,1699.270212784,1909376098030
2026-10-02T15:32:02.506Z,1967,0,0,0,0,787,2755,1,0,788,1,true,2026-10-02T15:05:04.500Z,2026-10-02T15:32:03.140Z,1700.28875016,1910394945550
2026-10-02T15:32:03.497Z,1975,0,0,0,0,790,2766,1,0,791,1,true,2026-10-02T15:05:04.500Z,2026-10-02T15:32:02.386Z,1701.275840336,1911380013550
2026-10-02T15:32:04.498Z,1984,0,0,0,0,792,2777,1,0,793,1,true,2026-10-02T15:05:04.500Z,2026-10-02T15:32:03.391Z,1702.279330976,1912385454062
2026-10-02T15:32:05.523Z,1994,0,0,0,0,793,2788,1,0,794,1,true,2026-10-02T15:05:04.500Z,2026-10-02T15:32:04.414Z,1703.301552496,1913407723118
2026-10-02T15:32:06.504Z,2002,0,0,0,0,796,2799,1,0,797,1,true,2026-10-02T15:05:04.500Z,2026-10-02T15:32:05.395Z,1704.282426112,1914388568542
2026-10-02T15:32:07.501Z,2011,0,0,0,0,799,2811,1,0,800,1,true,2026-10-02T15:05:04.500Z,2026-10-02T15:32:06.395Z,1705.283037888,1915389173790
2026-10-02T15:32:08.530Z,2019,0,0,0,0,802,2822,1,0,803,1,true,2026-10-02T15:05:04.500Z,2026-10-02T15:32:07.421Z,1706.309081904,1916415266590
2026-10-02T15:32:09.519Z,2027,0,0,0,0,805,2833,1,0,806,1,true,2026-10-02T15:05:04.500Z,2026-10-02T15:32:08.410Z,1707.299034864,1917404397182
2026-10-02T15:32:10.517Z,2037,0,0,0,0,806,2844,1,0,807,1,true,2026-10-02T15:05:04.500Z,2026-10-02T15:32:09.407Z,1708.2946323200001,1918400807486
2026-10-02T15:32:11.519Z,2045,0,0,0,0,809,2855,1,0,810,1,true,2026-10-02T15:05:04.500Z,2026-10-02T15:32:10.407Z,1709.29505088,1919401161886
2026-10-02T15:32:12.601Z,2050,0,0,0,0,816,2867,1,0,817,1,true,2026-10-02T15:05:04.500Z,2026-10-02T15:32:11.426Z,1710.313406128,1920419584718
2026-10-02T15:32:13.542Z,2055,0,0,0,0,823,2879,1,0,824,1,true,2026-10-02T15:05:04.500Z,2026-10-02T15:32:12.437Z,1711.324711424,1921430897182
2026-10-02T15:32:14.577Z,2063,0,0,0,0,826,2890,1,0,827,1,true,2026-10-02T15:05:04.500Z,2026-10-02T15:32:13.465Z,1712.352803152,1922458732318
2026-10-02T15:32:15.548Z,2067,0,0,0,0,833,2901,1,0,834,1,true,2026-10-02T15:05:04.500Z,2026-10-02T15:32:14.441Z,1713.32909792,1923435281950
2026-10-02T15:32:14.752Z,2076,0,0,0,0,835,2912,1,0,836,1,true,2026-10-02T15:05:04.500Z,2026-10-02T15:32:15.451Z,1714.3390305120001,1924445027182
2026-10-02T15:32:15.757Z,2083,0,0,0,0,840,2924,1,0,841,1,true,2026-10-02T15:05:04.500Z,2026-10-02T15:32:16.454Z,1715.341567616,1925447624110
2026-10-02T15:32:16.763Z,2092,0,0,0,0,842,2935,1,0,843,1,true,2026-10-02T15:05:04.500Z,2026-10-02T15:32:17.465Z,1716.353104288,1926459298830
2026-10-02T15:32:17.775Z,2100,0,0,0,0,845,2946,1,0,846,1,true,2026-10-02T15:05:04.500Z,2026-10-02T15:32:18.469Z,1717.35662584,1927462808078
2026-10-02T15:32:18.795Z,2106,0,0,0,0,850,2957,1,0,851,1,true,2026-10-02T15:05:04.500Z,2026-10-02T15:32:19.487Z,1718.375778,1928480780462
2026-10-02T15:32:19.770Z,2107,0,0,0,0,860,2968,1,0,861,1,true,2026-10-02T15:05:04.500Z,2026-10-02T15:32:20.469Z,1719.35668544,1929462857966
2026-10-02T15:32:20.771Z,2111,0,0,0,0,868,2980,1,0,869,1,true,2026-10-02T15:05:04.500Z,2026-10-02T15:32:21.469Z,1720.356477392,1930462664382
2026-10-02T15:32:21.779Z,2117,0,0,0,0,873,2991,1,0,874,1,true,2026-10-02T15:05:04.500Z,2026-10-02T15:32:22.474Z,1721.361584752,1931467775406
2026-10-02T15:32:22.782Z,2126,0,0,0,0,875,3002,1,0,876,1,true,2026-10-02T15:05:04.500Z,2026-10-02T15:32:23.476Z,1722.364269888,1932470435998
2026-10-02T15:32:23.781Z,2135,0,0,0,0,877,3013,1,0,878,1,true,2026-10-02T15:05:04.500Z,2026-10-02T15:32:24.478Z,1723.36633128,1933472526830
2026-10-02T15:32:24.785Z,2143,0,0,0,0,880,3024,1,0,881,1,true,2026-10-02T15:05:04.500Z,2026-10-02T15:32:25.481Z,1724.368513104,1934474697550
2026-10-02T15:32:25.783Z,2149,0,0,0,0,886,3036,1,0,887,1,true,2026-10-02T15:05:04.500Z,2026-10-02T15:32:26.480Z,1725.368273568,1935474458302
2026-10-02T15:32:26.787Z,2158,0,0,0,0,888,3047,1,0,889,1,true,2026-10-02T15:05:04.500Z,2026-10-02T15:32:27.481Z,1726.368940992,1936475085838
2026-10-02T15:32:27.795Z,2167,0,0,0,0,890,3058,1,0,891,1,true,2026-10-02T15:05:04.500Z,2026-10-02T15:32:28.490Z,1727.3784786400001,1937484086942
2026-10-02T15:32:28.800Z,2174,0,0,0,0,894,3069,1,0,895,1,true,2026-10-02T15:05:04.500Z,2026-10-02T15:32:29.491Z,1728.37926432,1938484791726
2026-10-02T15:32:29.867Z,2181,0,0,0,0,901,3083,1,0,902,1,true,2026-10-02T15:05:04.500Z,2026-10-02T15:32:30.563Z,1729.4512553920001,1939557416142
2026-10-02T15:32:30.861Z,2188,0,0,0,0,904,3093,1,0,905,1,true,2026-10-02T15:05:04.500Z,2026-10-02T15:32:31.559Z,1730.4471415360001,1940553285006
2026-10-02T15:32:31.866Z,2195,0,0,0,0,909,3105,1,0,910,1,true,2026-10-02T15:05:04.500Z,2026-10-02T15:32:32.557Z,1731.444833824,1941551003422
2026-10-02T15:32:32.910Z,2202,0,0,0,0,913,3116,1,0,914,1,true,2026-10-02T15:05:04.500Z,2026-10-02T15:32:33.609Z,1732.496550176,1942602709774
2026-10-02T15:32:33.871Z,2208,0,0,0,0,917,3126,1,0,918,1,true,2026-10-02T15:05:04.500Z,2026-10-02T15:32:32.788Z,1733.45259008,1943558773406
2026-10-02T15:32:34.869Z,2216,0,0,0,0,920,3137,1,0,921,1,true,2026-10-02T15:05:04.500Z,2026-10-02T15:32:33.787Z,1734.451497968,1944557665534
2026-10-02T15:32:35.867Z,2223,0,0,0,0,926,3150,1,0,927,1,true,2026-10-02T15:05:04.500Z,2026-10-02T15:32:34.788Z,1735.452059904,1945558199662
2026-10-02T15:32:36.909Z,2231,0,0,0,0,929,3161,1,0,930,1,true,2026-10-02T15:05:04.500Z,2026-10-02T15:32:35.833Z,1736.4975241920001,1946603715022
2026-10-02T15:32:37.965Z,2241,0,0,0,0,931,3173,1,0,932,1,true,2026-10-02T15:05:04.500Z,2026-10-02T15:32:36.892Z,1737.5558231520001,1947662017486
2026-10-02T15:32:38.971Z,2250,0,0,0,0,933,3184,1,0,934,1,true,2026-10-02T15:05:04.500Z,2026-10-02T15:32:37.896Z,1738.559923968,1948666112942
2026-10-02T15:32:39.964Z,2259,0,0,0,0,936,3196,1,0,937,1,true,2026-10-02T15:05:04.500Z,2026-10-02T15:32:38.890Z,1739.553798848,1949659995070
2026-10-02T15:32:40.971Z,2268,0,0,0,0,938,3207,1,0,939,1,true,2026-10-02T15:05:04.500Z,2026-10-02T15:32:39.889Z,1740.5533296160002,1950659473934
2026-10-02T15:32:41.974Z,2274,0,0,0,0,943,3218,1,0,944,1,true,2026-10-02T15:05:04.500Z,2026-10-02T15:32:40.895Z,1741.55947296,1951665650990
2026-10-02T15:32:42.960Z,2282,0,0,0,0,946,3229,1,0,947,1,true,2026-10-02T15:05:04.500Z,2026-10-02T15:32:41.886Z,1742.5507208000001,1952656869406
2026-10-02T15:32:43.966Z,2291,0,0,0,0,948,3240,1,0,949,1,true,2026-10-02T15:05:04.500Z,2026-10-02T15:32:42.889Z,1743.553378592,1953659563934
2026-10-02T15:32:45.013Z,2297,0,0,0,0,954,3252,1,0,955,1,true,2026-10-02T15:05:04.500Z,2026-10-02T15:32:43.931Z,1744.594891568,1954701035758
2026-10-02T15:32:45.979Z,2305,0,0,0,0,957,3263,1,0,958,1,true,2026-10-02T15:05:04.500Z,2026-10-02T15:32:44.903Z,1745.5671490080001,1955673264942
2026-10-02T15:32:45.254Z,2315,0,0,0,0,958,3274,1,0,959,1,true,2026-10-02T15:05:04.500Z,2026-10-02T15:32:45.894Z,1746.558234592,1956664400878
2026-10-02T15:32:46.255Z,2324,0,0,0,0,960,3285,1,0,961,1,true,2026-10-02T15:05:04.500Z,2026-10-02T15:32:46.896Z,1747.5601903040001,1957666367742
2026-10-02T15:32:47.256Z,2333,0,0,0,0,962,3296,1,0,963,1,true,2026-10-02T15:05:04.500Z,2026-10-02T15:32:47.894Z,1748.55847784,1958664619646
2026-10-02T15:32:48.504Z,2338,0,0,0,0,971,3310,1,0,972,1,true,2026-10-02T15:05:04.500Z,2026-10-02T15:32:49.126Z,1749.79056464,1959896616878
2026-10-02T15:32:49.287Z,2338,0,0,0,0,980,3319,1,0,981,1,true,2026-10-02T15:05:04.500Z,2026-10-02T15:32:49.928Z,1750.592149696,1960698110670
2026-10-02T15:32:50.299Z,2338,0,0,0,0,991,3330,1,0,992,1,true,2026-10-02T15:05:04.500Z,2026-10-02T15:32:50.928Z,1751.592508816,1961698617118
2026-10-02T15:32:51.301Z,2343,0,0,0,0,997,3341,1,0,998,1,true,2026-10-02T15:05:04.500Z,2026-10-02T15:32:51.936Z,1752.600491392,1962706556574
2026-10-02T15:32:52.308Z,2350,0,0,0,0,1001,3352,1,0,1002,1,true,2026-10-02T15:05:04.500Z,2026-10-02T15:32:52.946Z,1753.610564304,1963716706302
2026-10-02T15:32:53.280Z,2357,0,0,0,0,1006,3364,1,0,1007,1,true,2026-10-02T15:05:04.500Z,2026-10-02T15:32:53.918Z,1754.582815184,1964688960078
2026-10-02T15:32:54.287Z,2366,0,0,0,0,1008,3375,1,0,1009,1,true,2026-10-02T15:05:04.500Z,2026-10-02T15:32:54.925Z,1755.588971936,1965695136398
2026-10-02T15:32:55.289Z,2371,0,0,0,0,1014,3386,1,0,1015,1,true,2026-10-02T15:05:04.500Z,2026-10-02T15:32:55.925Z,1756.588834928,1966695017198
2026-10-02T15:32:56.287Z,2377,0,0,0,0,1019,3397,1,0,1020,1,true,2026-10-02T15:05:04.500Z,2026-10-02T15:32:56.928Z,1757.5919263360001,1967698104910
2026-10-02T15:32:57.285Z,2386,0,0,0,0,1021,3408,1,0,1022,1,true,2026-10-02T15:05:04.500Z,2026-10-02T15:32:57.927Z,1758.59156528,1968697750606
2026-10-02T15:32:58.299Z,2396,0,0,0,0,1023,3420,1,0,1024,1,true,2026-10-02T15:05:04.500Z,2026-10-02T15:32:58.941Z,1759.60624048,1969711971598
2026-10-02T15:32:59.284Z,2404,0,0,0,0,1026,3431,1,0,1027,1,true,2026-10-02T15:05:04.500Z,2026-10-02T15:32:59.925Z,1760.589057424,1970695238526
2026-10-02T15:33:00.307Z,2413,0,0,0,0,1028,3442,1,0,1029,1,true,2026-10-02T15:05:04.500Z,2026-10-02T15:33:00.936Z,1761.600284432,1971706435918
2026-10-02T15:33:01.297Z,2422,0,0,0,0,1030,3453,1,0,1031,1,true,2026-10-02T15:05:04.500Z,2026-10-02T15:33:01.936Z,1762.6003621920001,1972706513998
2026-10-02T15:33:02.308Z,2430,0,0,0,0,1033,3464,1,0,1034,1,true,2026-10-02T15:05:04.500Z,2026-10-02T15:33:02.947Z,1763.611631328,1973717804862
2026-10-02T15:33:03.315Z,2438,0,0,0,0,1037,3476,1,0,1038,1,true,2026-10-02T15:05:04.500Z,2026-10-02T15:33:03.947Z,1764.6114132,1974717519870
2026-10-02T15:33:04.309Z,2447,0,0,0,0,1039,3487,1,0,1040,1,true,2026-10-02T15:05:04.500Z,2026-10-02T15:33:03.225Z,1765.6156935840002,1975721871246
2026-10-02T15:33:05.316Z,2456,0,0,0,0,1041,3498,1,0,1042,1,true,2026-10-02T15:05:04.500Z,2026-10-02T15:33:04.221Z,1766.612107568,1976718254190
2026-10-02T15:33:06.303Z,2463,0,0,0,0,1045,3509,1,0,1046,1,true,2026-10-02T15:05:04.500Z,2026-10-02T15:33:05.217Z,1767.6072261440002,1977713412462
2026-10-02T15:33:07.346Z,2472,0,0,0,0,1048,3521,1,0,1049,1,true,2026-10-02T15:05:04.500Z,2026-10-02T15:33:06.256Z,1768.646244272,1978752377086
2026-10-02T15:33:08.312Z,2479,0,0,0,0,1052,3532,1,0,1053,1,true,2026-10-02T15:05:04.500Z,2026-10-02T15:33:07.227Z,1769.61861576,1979723875934
2026-10-02T15:33:09.311Z,2486,0,0,0,0,1056,3543,1,0,1057,1,true,2026-10-02T15:05:04.500Z,2026-10-02T15:33:08.223Z,1770.613696304,1980719879550
2026-10-02T15:33:10.311Z,2494,0,0,0,0,1059,3554,1,0,1060,1,true,2026-10-02T15:05:04.500Z,2026-10-02T15:33:09.226Z,1771.616631536,1981722802638
2026-10-02T15:33:11.340Z,2500,0,0,0,0,1065,3566,1,0,1066,1,true,2026-10-02T15:05:04.500Z,2026-10-02T15:33:10.256Z,1772.64636928,1982752548958
2026-10-02T15:33:12.336Z,2504,0,0,0,0,1072,3577,1,0,1073,1,true,2026-10-02T15:05:04.500Z,2026-10-02T15:33:11.253Z,1773.6435915040001,1983749766942
2026-10-02T15:33:13.333Z,2514,0,0,0,0,1074,3589,1,0,1075,1,true,2026-10-02T15:05:04.500Z,2026-10-02T15:33:12.246Z,1774.636417104,1984742477358
2026-10-02T15:33:14.338Z,2521,0,0,0,0,1077,3599,1,0,1078,1,true,2026-10-02T15:05:04.500Z,2026-10-02T15:33:13.247Z,1775.63747536,1985743615038
2026-10-02T15:33:15.326Z,2527,0,0,0,0,1083,3611,1,0,1084,1,true,2026-10-02T15:05:04.500Z,2026-10-02T15:33:14.240Z,1776.63061088,1986736746478
2026-10-02T15:33:16.387Z,2530,0,0,0,0,1091,3622,1,0,1092,1,true,2026-10-02T15:05:04.500Z,2026-10-02T15:33:15.281Z,1777.6728248,1987777295422
2026-10-02T15:33:15.594Z,2531,0,0,0,0,1101,3633,1,0,1102,1,true,2026-10-02T15:05:04.500Z,2026-10-02T15:33:16.236Z,1778.626797648,1988732973070
2026-10-02T15:33:16.598Z,2539,0,0,0,0,1105,3645,1,0,1106,1,true,2026-10-02T15:05:04.500Z,2026-10-02T15:33:17.240Z,1779.631245024,1989735773646
2026-10-02T15:33:17.605Z,2548,0,0,0,0,1107,3656,1,0,1108,1,true,2026-10-02T15:05:04.500Z,2026-10-02T15:33:18.247Z,1780.637213376,1990743365038
2026-10-02T15:33:18.599Z,2556,0,0,0,0,1110,3667,1,0,1111,1,true,2026-10-02T15:05:04.500Z,2026-10-02T15:33:19.240Z,1781.630764448,1991736946670
2026-10-02T15:33:19.601Z,2564,0,0,0,0,1113,3678,1,0,1114,1,true,2026-10-02T15:05:04.500Z,2026-10-02T15:33:20.242Z,1782.6325816,1992738594078
2026-10-02T15:33:20.608Z,2570,0,0,0,0,1118,3689,1,0,1119,1,true,2026-10-02T15:05:04.500Z,2026-10-02T15:33:21.245Z,1783.635735536,1993741919854
2026-10-02T15:33:21.618Z,2574,0,0,0,0,1126,3701,1,0,1127,1,true,2026-10-02T15:05:04.500Z,2026-10-02T15:33:22.254Z,1784.64434904,1994750468270
2026-10-02T15:33:22.598Z,2580,0,0,0,0,1131,3712,1,0,1132,1,true,2026-10-02T15:05:04.500Z,2026-10-02T15:33:23.241Z,1785.632107072,1995738229006
2026-10-02T15:33:23.638Z,2588,0,0,0,0,1134,3723,1,0,1135,1,true,2026-10-02T15:05:04.500Z,2026-10-02T15:33:24.278Z,1786.668473872,1996774662558
2026-10-02T15:33:24.669Z,2593,0,0,0,0,1140,3734,1,0,1141,1,true,2026-10-02T15:05:04.500Z,2026-10-02T15:33:25.290Z,1787.6810664480001,1997787232958
2026-10-02T15:33:25.597Z,2598,0,0,0,0,1146,3745,1,0,1147,1,true,2026-10-02T15:05:04.500Z,2026-10-02T15:33:26.242Z,1788.632881936,1998739060254
2026-10-02T15:33:26.595Z,2608,0,0,0,0,1148,3757,1,0,1149,1,true,2026-10-02T15:05:04.500Z,2026-10-02T15:33:27.239Z,1789.629715664,1999735904398
2026-10-02T15:33:27.596Z,2617,0,0,0,0,1150,3768,1,0,1151,1,true,2026-10-02T15:05:04.500Z,2026-10-02T15:33:28.240Z,1790.630680032,2000736857342
2026-10-02T15:33:28.598Z,2625,0,0,0,0,1153,3779,1,0,1154,1,true,2026-10-02T15:05:04.500Z,2026-10-02T15:33:29.241Z,1791.6318201440001,2001737993118
2026-10-02T15:33:29.606Z,2635,0,0,0,0,1154,3790,1,0,1155,1,true,2026-10-02T15:05:04.500Z,2026-10-02T15:33:30.242Z,1792.632812064,2002738991422
2026-10-02T15:33:30.601Z,2645,0,0,0,0,1155,3801,1,0,1156,1,true,2026-10-02T15:05:04.500Z,2026-10-02T15:33:31.244Z,1793.6351315040001,2003741298062
2026-10-02T15:33:31.608Z,2652,0,0,0,0,1160,3813,1,0,1161,1,true,2026-10-02T15:05:04.500Z,2026-10-02T15:33:32.248Z,1794.638759232,2004744918014
2026-10-02T15:33:32.602Z,2660,0,0,0,0,1163,3824,1,0,1164,1,true,2026-10-02T15:05:04.500Z,2026-10-02T15:33:33.242Z,1795.632525216,2005738715374
2026-10-02T15:33:33.605Z,2668,0,0,0,0,1166,3835,1,0,1167,1,true,2026-10-02T15:05:04.500Z,2026-10-02T15:33:34.248Z,1796.639014048,2006745056142
2026-10-02T15:33:34.606Z,2677,0,0,0,0,1168,3846,1,0,1169,1,true,2026-10-02T15:05:04.500Z,2026-10-02T15:33:35.244Z,1797.634803952,2007740981502
2026-10-02T15:33:35.608Z,2686,0,0,0,0,1170,3857,1,0,1171,1,true,2026-10-02T15:05:04.500Z,2026-10-02T15:33:34.560Z,1798.642397936,2008748576190
2026-10-02T15:33:36.607Z,2696,0,0,0,0,1172,3869,1,0,1173,1,true,2026-10-02T15:05:04.500Z,2026-10-02T15:33:35.556Z,1799.638746192,2009744092814
2026-10-02T15:33:37.620Z,2703,0,0,0,0,1176,3880,1,0,1177,1,true,2026-10-02T15:05:04.500Z,2026-10-02T15:33:36.567Z,1800.6494016000001,2010755524414
2026-10-02T15:33:38.634Z,2710,0,0,0,0,1180,3891,1,0,1181,1,true,2026-10-02T15:05:04.500Z,2026-10-02T15:33:37.582Z,1801.664252832,2011770279966
2026-10-02T15:33:39.618Z,2719,0,0,0,0,1182,3902,1,0,1183,1,true,2026-10-02T15:05:04.500Z,2026-10-02T15:33:38.570Z,1802.6526992000001,2012758895678
2026-10-02T15:33:40.626Z,2727,0,0,0,0,1185,3913,1,0,1186,1,true,2026-10-02T15:05:04.500Z,2026-10-02T15:33:39.572Z,1803.654495552,2013760579598
2026-10-02T15:33:41.633Z,2731,0,0,0,0,1193,3925,1,0,1194,1,true,2026-10-02T15:05:04.500Z,2026-10-02T15:33:40.574Z,1804.657024848,2014763112718
2026-10-02T15:33:42.618Z,2735,0,0,0,0,1200,3936,1,0,1201,1,true,2026-10-02T15:05:04.500Z,2026-10-02T15:33:41.562Z,1805.644113536,2015750208046
2026-10-02T15:33:43.634Z,2742,0,0,0,0,1204,3947,1,0,1205,1,true,2026-10-02T15:05:04.500Z,2026-10-02T15:33:42.573Z,1806.6567959840002,2016761774398
2026-10-02T15:33:44.623Z,2746,0,0,0,0,1211,3958,1,0,1212,1,true,2026-10-02T15:05:04.500Z,2026-10-02T15:33:43.574Z,1807.656151504,2017762311214
2026-10-02T15:33:45.634Z,2752,0,0,0,0,1216,3969,1,0,1217,1,true,2026-10-02T15:05:04.500Z,2026-10-02T15:33:44.587Z,1808.6692173440001,2018775407726
2026-10-02T15:33:46.750Z,2753,0,0,0,0,1227,3981,1,0,1229,1,true,2026-10-02T15:05:04.500Z,2026-10-02T15:33:45.661Z,1809.745173632,2019849530078
2026-10-02T15:33:45.901Z,2754,0,0,0,0,1237,3992,1,0,1238,1,true,2026-10-02T15:05:04.500Z,2026-10-02T15:33:46.567Z,1810.649534576,2020755711278
2026-10-02T15:33:46.890Z,2758,0,0,0,0,1244,4003,1,0,1245,1,true,2026-10-02T15:05:04.500Z,2026-10-02T15:33:47.563Z,1811.645713088,2021751890558
2026-10-02T15:33:47.904Z,2765,0,0,0,0,1248,4014,1,0,1249,1,true,2026-10-02T15:05:04.500Z,2026-10-02T15:33:48.572Z,1812.654412912,2022760530846
2026-10-02T15:33:48.929Z,2774,0,0,0,0,1250,4025,1,0,1251,1,true,2026-10-02T15:05:04.500Z,2026-10-02T15:33:49.598Z,1813.680324288,2023786510462
2026-10-02T15:33:49.898Z,2782,0,0,0,0,1254,4037,1,0,1255,1,true,2026-10-02T15:05:04.500Z,2026-10-02T15:33:50.573Z,1814.655137296,2024761279070
2026-10-02T15:33:50.900Z,2789,0,0,0,0,1258,4048,1,0,1259,1,true,2026-10-02T15:05:04.500Z,2026-10-02T15:33:51.572Z,1815.654749584,2025760914062
2026-10-02T15:33:51.909Z,2797,0,0,0,0,1261,4059,1,0,1262,1,true,2026-10-02T15:05:04.500Z,2026-10-02T15:33:52.579Z,1816.66124464,2026767391790
2026-10-02T15:33:52.903Z,2806,0,0,0,0,1263,4070,1,0,1264,1,true,2026-10-02T15:05:04.500Z,2026-10-02T15:33:53.572Z,1817.65432288,2027760406254
2026-10-02T15:33:53.920Z,2813,0,0,0,0,1267,4081,1,0,1268,1,true,2026-10-02T15:05:04.500Z,2026-10-02T15:33:54.587Z,1818.669649824,2028775786030
2026-10-02T15:33:54.920Z,2818,0,0,0,0,1274,4093,1,0,1275,1,true,2026-10-02T15:05:04.500Z,2026-10-02T15:33:55.591Z,1819.673565456,2029779750382
2026-10-02T15:33:55.908Z,2826,0,0,0,0,1277,4104,1,0,1278,1,true,2026-10-02T15:05:04.500Z,2026-10-02T15:33:56.577Z,1820.660024352,2030766150942
2026-10-02T15:33:56.900Z,2834,0,0,0,0,1280,4115,1,0,1281,1,true,2026-10-02T15:05:04.500Z,2026-10-02T15:33:57.570Z,1821.652485856,2031758602142
2026-10-02T15:33:57.988Z,2843,0,0,0,0,1283,4127,1,0,1284,1,true,2026-10-02T15:05:04.500Z,2026-10-02T15:33:58.661Z,1822.743920912,2032850065662
2026-10-02T15:33:59.018Z,2853,0,0,0,0,1284,4138,1,0,1285,1,true,2026-10-02T15:05:04.500Z,2026-10-02T15:33:59.692Z,1823.774450176,2033880620670
2026-10-02T15:34:00.009Z,2861,0,0,0,0,1288,4150,1,0,1289,1,true,2026-10-02T15:05:04.500Z,2026-10-02T15:34:00.685Z,1824.767074608,2034873256526
2026-10-02T15:34:01.016Z,2870,0,0,0,0,1290,4161,1,0,1291,1,true,2026-10-02T15:05:04.500Z,2026-10-02T15:34:01.685Z,1825.7675590400002,2035873610766
2026-10-02T15:34:02.041Z,2881,0,0,0,0,1290,4172,1,0,1291,1,true,2026-10-02T15:05:04.500Z,2026-10-02T15:34:02.713Z,1826.795800464,2036901981662
2026-10-02T15:34:03.033Z,2891,0,0,0,0,1291,4183,1,0,1292,1,true,2026-10-02T15:05:04.500Z,2026-10-02T15:34:03.705Z,1827.788012944,2037894113742
2026-10-02T15:34:04.044Z,2901,0,0,0,0,1292,4194,1,0,1293,1,true,2026-10-02T15:05:04.500Z,2026-10-02T15:34:04.714Z,1828.796795232,2038902963998
2026-10-02T15:34:05.034Z,2910,0,0,0,0,1295,4206,1,0,1296,1,true,2026-10-02T15:05:04.500Z,2026-10-02T15:34:05.707Z,1829.789527824,2039895707454
2026-10-02T15:34:06.060Z,2920,0,0,0,0,1296,4217,1,0,1297,1,true,2026-10-02T15:05:04.500Z,2026-10-02T15:34:04.973Z,1830.808346752,2040914287390
2026-10-02T15:34:07.056Z,2930,0,0,0,0,1297,4228,1,0,1298,1,true,2026-10-02T15:05:04.500Z,2026-10-02T15:34:05.978Z,1831.813189712,2041919381886
2026-10-02T15:34:08.076Z,2938,0,0,0,0,1300,4239,1,0,1301,1,true,2026-10-02T15:05:04.500Z,2026-10-02T15:34:06.993Z,1832.828294976,2042934453102
2026-10-02T15:34:09.084Z,2945,0,0,0,0,1305,4251,1,0,1306,1,true,2026-10-02T15:05:04.500Z,2026-10-02T15:34:08.005Z,1833.840927216,2043946967166
2026-10-02T15:34:10.074Z,2952,0,0,0,0,1310,4263,1,0,1311,1,true,2026-10-02T15:05:04.500Z,2026-10-02T15:34:08.996Z,1834.831832496,2044937940478
2026-10-02T15:34:11.096Z,2961,0,0,0,0,1312,4274,1,0,1313,1,true,2026-10-02T15:05:04.500Z,2026-10-02T15:34:10.018Z,1835.854175536,2045959977998
2026-10-02T15:34:12.120Z,2969,0,0,0,0,1315,4285,1,0,1316,1,true,2026-10-02T15:05:04.500Z,2026-10-02T15:34:11.044Z,1836.879196992,2046985391982
2026-10-02T15:34:13.110Z,2979,0,0,0,0,1316,4296,1,0,1317,1,true,2026-10-02T15:05:04.500Z,2026-10-02T15:34:12.029Z,1837.8648556800001,2047970725646
2026-10-02T15:34:14.136Z,2986,0,0,0,0,1320,4307,1,0,1321,1,true,2026-10-02T15:05:04.500Z,2026-10-02T15:34:13.057Z,1838.892326608,2048998496110
2026-10-02T15:34:15.112Z,2995,0,0,0,0,1323,4319,1,0,1324,1,true,2026-10-02T15:05:04.500Z,2026-10-02T15:34:14.033Z,1839.868034,2049974155790
2026-10-02T15:34:16.203Z,3000,0,0,0,0,1329,4330,1,0,1330,1,true,2026-10-02T15:05:04.500Z,2026-10-02T15:34:15.104Z,1840.9403896640001,2051045855118
2026-10-02T15:34:17.117Z,3000,0,0,0,0,1340,4341,1,0,1341,1,true,2026-10-02T15:05:04.500Z,2026-10-02T15:34:16.032Z,1841.8681262720002,2051973819070
2026-10-02T15:34:16.363Z,3009,0,0,0,0,1342,4352,1,0,1343,1,true,2026-10-02T15:05:04.500Z,2026-10-02T15:34:17.032Z,1842.8674752319998,2052973646014
2026-10-02T15:34:17.370Z,3015,0,0,0,0,1347,4363,1,0,1348,1,true,2026-10-02T15:05:04.500Z,2026-10-02T15:34:18.041Z,1843.876831392,2053982981310
2026-10-02T15:34:18.369Z,3023,0,0,0,0,1351,4375,1,0,1352,1,true,2026-10-02T15:05:04.500Z,2026-10-02T15:34:19.038Z,1844.8737304,2054979910558
2026-10-02T15:34:19.368Z,3031,0,0,0,0,1354,4386,1,0,1355,1,true,2026-10-02T15:05:04.500Z,2026-10-02T15:34:20.040Z,1845.875824576,2055981984830
2026-10-02T15:34:20.391Z,3037,0,0,0,0,1359,4397,1,0,1360,1,true,2026-10-02T15:05:04.500Z,2026-10-02T15:34:21.064Z,1846.8998147840002,2057005951646
2026-10-02T15:34:21.370Z,3043,0,0,0,0,1364,4408,1,0,1365,1,true,2026-10-02T15:05:04.500Z,2026-10-02T15:34:22.040Z,1847.8752715360001,2057981444526
2026-10-02T15:34:22.367Z,3050,0,0,0,0,1368,4419,1,0,1369,1,true,2026-10-02T15:05:04.500Z,2026-10-02T15:34:23.040Z,1848.8755847840002,2058981766894
2026-10-02T15:34:23.376Z,3056,0,0,0,0,1374,4431,1,0,1375,1,true,2026-10-02T15:05:04.500Z,2026-10-02T15:34:24.045Z,1849.8800114240003,2059986199102
2026-10-02T15:34:24.372Z,3061,0,0,0,0,1380,4442,1,0,1381,1,true,2026-10-02T15:05:04.500Z,2026-10-02T15:34:25.042Z,1850.877587088,2060983731294
2026-10-02T15:34:25.359Z,3070,0,0,0,0,1382,4453,1,0,1383,1,true,2026-10-02T15:05:04.500Z,2026-10-02T15:34:26.033Z,1851.8685338559999,2061974712046
2026-10-02T15:34:26.367Z,3080,0,0,0,0,1383,4464,1,0,1384,1,true,2026-10-02T15:05:04.500Z,2026-10-02T15:34:27.037Z,1852.87220432,2062978365582
2026-10-02T15:34:27.375Z,3089,0,0,0,0,1385,4475,1,0,1386,1,true,2026-10-02T15:05:04.500Z,2026-10-02T15:34:28.048Z,1853.8828919520001,2063989065582
2026-10-02T15:34:28.373Z,3097,0,0,0,0,1389,4487,1,0,1390,1,true,2026-10-02T15:05:04.500Z,2026-10-02T15:34:29.039Z,1854.8747949120002,2064980955742
2026-10-02T15:34:29.381Z,3106,0,0,0,0,1391,4498,1,0,1392,1,true,2026-10-02T15:05:04.500Z,2026-10-02T15:34:30.052Z,1855.8875517440001,2065993727214
2026-10-02T15:34:30.365Z,3116,0,0,0,0,1392,4509,1,0,1393,1,true,2026-10-02T15:05:04.500Z,2026-10-02T15:34:31.039Z,1856.874653072,2066980838702
2026-10-02T15:34:31.364Z,3125,0,0,0,0,1394,4520,1,0,1395,1,true,2026-10-02T15:05:04.500Z,2026-10-02T15:34:32.037Z,1857.87258368,2067978766734
2026-10-02T15:34:32.377Z,3133,0,0,0,0,1397,4531,1,0,1398,1,true,2026-10-02T15:05:04.500Z,2026-10-02T15:34:33.047Z,1858.882777376,2068988955870
2026-10-02T15:34:33.403Z,3144,0,0,0,0,1398,4543,1,0,1399,1,true,2026-10-02T15:05:04.500Z,2026-10-02T15:34:34.077Z,1859.9118349760001,2070018030446
2026-10-02T15:34:34.391Z,3154,0,0,0,0,1399,4554,1,0,1400,1,true,2026-10-02T15:05:04.500Z,2026-10-02T15:34:35.064Z,1860.899039808,2071005124158
2026-10-02T15:34:35.396Z,3164,0,0,0,0,1400,4565,1,0,1401,1,true,2026-10-02T15:05:04.500Z,2026-10-02T15:34:36.068Z,1861.9037024479999,2072009884254
2026-10-02T15:34:36.395Z,3172,0,0,0,0,1403,4576,1,0,1404,1,true,2026-10-02T15:05:04.500Z,2026-10-02T15:34:35.297Z,1862.901676432,2073007861502
2026-10-02T15:34:37.410Z,3183,0,0,0,0,1403,4587,1,0,1404,1,true,2026-10-02T15:05:04.500Z,2026-10-02T15:34:36.308Z,1863.912446672,2074018648910
2026-10-02T15:34:38.402Z,3193,0,0,0,0,1405,4599,1,0,1406,1,true,2026-10-02T15:05:04.500Z,2026-10-02T15:34:37.302Z,1864.9067713600002,2075012902126
2026-10-02T15:34:39.400Z,3203,0,0,0,0,1406,4610,1,0,1407,1,true,2026-10-02T15:05:04.500Z,2026-10-02T15:34:38.305Z,1865.9095995359999,2076015777262
2026-10-02T15:34:40.414Z,3213,0,0,0,0,1407,4621,1,0,1408,1,true,2026-10-02T15:05:04.500Z,2026-10-02T15:34:39.316Z,1866.920268496,2077026386398
2026-10-02T15:34:41.420Z,3221,0,0,0,0,1411,4633,1,0,1412,1,true,2026-10-02T15:05:04.500Z,2026-10-02T15:34:40.320Z,1867.924447424,2078030554398
2026-10-02T15:34:42.422Z,3231,0,0,0,0,1412,4644,1,0,1413,1,true,2026-10-02T15:05:04.500Z,2026-10-02T15:34:41.322Z,1868.926627792,2079032784254
2026-10-02T15:34:43.511Z,3235,0,0,0,0,1420,4656,1,0,1421,1,true,2026-10-02T15:05:04.500Z,2026-10-02T15:34:42.387Z,1869.9921349280003,2080097081662
2026-10-02T15:34:44.423Z,3236,0,0,0,0,1430,4667,1,0,1431,1,true,2026-10-02T15:05:04.500Z,2026-10-02T15:34:43.320Z,1870.9241079839999,2081030291982
2026-10-02T15:34:45.447Z,3238,0,0,0,0,1439,4678,1,0,1440,1,true,2026-10-02T15:05:04.500Z,2026-10-02T15:34:44.347Z,1871.9513772320001,2082057568366
2026-10-02T15:34:46.440Z,3248,0,0,0,0,1440,4689,1,0,1441,1,true,2026-10-02T15:05:04.500Z,2026-10-02T15:34:45.343Z,1872.9474143520001,2083053145310
2026-10-02T15:34:47.456Z,3255,0,0,0,0,1444,4700,1,0,1445,1,true,2026-10-02T15:05:04.500Z,2026-10-02T15:34:46.356Z,1873.960746528,2084066840494
2026-10-02T15:34:48.444Z,3264,0,0,0,0,1447,4712,1,0,1448,1,true,2026-10-02T15:05:04.500Z,2026-10-02T15:34:47.347Z,1874.9516156640002,2085057804094
2026-10-02T15:34:47.736Z,3274,0,0,0,0,1448,4723,1,0,1449,1,true,2026-10-02T15:05:04.500Z,2026-10-02T15:34:48.343Z,1875.947104848,2086053147886
2026-10-02T15:34:48.757Z,3285,0,0,0,0,1448,4734,1,0,1449,1,true,2026-10-02T15:05:04.500Z,2026-10-02T15:34:49.361Z,1876.9654787200002,2087071671646
2026-10-02T15:34:49.759Z,3294,0,0,0,0,1450,4745,1,0,1451,1,true,2026-10-02T15:05:04.500Z,2026-10-02T15:34:50.363Z,1877.9670836640003,2088073256222
2026-10-02T15:34:50.779Z,3301,0,0,0,0,1454,4756,1,0,1455,1,true,2026-10-02T15:05:04.500Z,2026-10-02T15:34:51.385Z,1878.989524176,2089095629070
2026-10-02T15:34:51.750Z,3310,0,0,0,0,1457,4768,1,0,1458,1,true,2026-10-02T15:05:04.500Z,2026-10-02T15:34:52.351Z,1879.955625872,2090061710158
2026-10-02T15:34:52.801Z,3318,0,0,0,0,1460,4779,1,0,1461,1,true,2026-10-02T15:05:04.500Z,2026-10-02T15:34:53.405Z,1881.0094596960002,2091115630670
2026-10-02T15:34:53.833Z,3321,0,0,0,0,1469,4791,1,0,1470,1,true,2026-10-02T15:05:04.500Z,2026-10-02T15:34:54.432Z,1882.036804976,2092142975694
2026-10-02T15:34:54.778Z,3327,0,0,0,0,1473,4801,1,0,1474,1,true,2026-10-02T15:05:04.500Z,2026-10-02T15:34:55.383Z,1882.9870265280001,2093093127790
2026-10-02T15:34:55.784Z,3335,0,0,0,0,1476,4812,1,0,1477,1,true,2026-10-02T15:05:04.500Z,2026-10-02T15:34:56.387Z,1883.9917720160001,2094097943982
2026-10-02T15:34:56.779Z,3341,0,0,0,0,1482,4824,1,0,1483,1,true,2026-10-02T15:05:04.500Z,2026-10-02T15:34:57.382Z,1884.986660896,2095092699966
2026-10-02T15:34:57.787Z,3348,0,0,0,0,1486,4835,1,0,1487,1,true,2026-10-02T15:05:04.500Z,2026-10-02T15:34:58.388Z,1885.992376016,2096098530782
2026-10-02T15:34:58.819Z,3355,0,0,0,0,1490,4846,1,0,1491,1,true,2026-10-02T15:05:04.500Z,2026-10-02T15:34:59.424Z,1887.028922992,2097135103982
2026-10-02T15:34:59.816Z,3361,0,0,0,0,1495,4857,1,0,1496,1,true,2026-10-02T15:05:04.500Z,2026-10-02T15:35:00.407Z,1888.01149704,2098117665646
2026-10-02T15:35:00.789Z,3368,0,0,0,0,1499,4868,1,0,1500,1,true,2026-10-02T15:05:04.500Z,2026-10-02T15:35:01.389Z,1888.993290928,2099099480430
2026-10-02T15:35:01.797Z,3376,0,0,0,0,1503,4880,1,0,1504,1,true,2026-10-02T15:05:04.500Z,2026-10-02T15:35:02.397Z,1890.0015941279999,2100107714606
2026-10-02T15:35:02.806Z,3384,0,0,0,0,1506,4891,1,0,1507,1,true,2026-10-02T15:05:04.500Z,2026-10-02T15:35:03.405Z,1891.009158672,2101115298350
2026-10-02T15:35:03.787Z,3394,0,0,0,0,1507,4902,1,0,1508,1,true,2026-10-02T15:05:04.500Z,2026-10-02T15:35:04.391Z,1891.995921328,2102102100750
2026-10-02T15:35:04.784Z,3404,0,0,0,0,1508,4913,1,0,1509,1,true,2026-10-02T15:05:04.500Z,2026-10-02T15:35:05.389Z,1892.9931919680002,2103099376398
2026-10-02T15:35:05.803Z,3413,0,0,0,0,1510,4924,1,0,1511,1,true,2026-10-02T15:05:04.500Z,2026-10-02T15:35:06.405Z,1894.009085408,2104115249150
2026-10-02T15:35:06.805Z,3424,0,0,0,0,1511,4936,1,0,1512,1,true,2026-10-02T15:05:04.500Z,2026-10-02T15:35:05.669Z,1895.00892648,2105115119054
2026-10-02T15:35:07.993Z,3432,0,0,0,0,1515,4948,1,0,1517,1,true,2026-10-02T15:05:04.500Z,2026-10-02T15:35:06.813Z,1896.15854872,2106258760558
2026-10-02T15:35:08.794Z,3432,0,0,0,0,1525,4958,1,0,1526,1,true,2026-10-02T15:05:04.500Z,2026-10-02T15:35:07.662Z,1897.0038974240001,2107108089278
2026-10-02T15:35:09.833Z,3438,0,0,0,0,1531,4970,1,0,1532,1,true,2026-10-02T15:05:04.500Z,2026-10-02T15:35:08.700Z,1898.0400028479999,2108146130654
2026-10-02T15:35:10.825Z,3443,0,0,0,0,1536,4980,1,0,1537,1,true,2026-10-02T15:05:04.500Z,2026-10-02T15:35:09.685Z,1899.0245392319998,2109130687470
2026-10-02T15:35:11.802Z,3452,0,0,0,0,1539,4992,1,0,1540,1,true,2026-10-02T15:05:04.500Z,2026-10-02T15:35:10.668Z,1900.00766248,2110113844414
2026-10-02T15:35:12.798Z,3460,0,0,0,0,1542,5003,1,0,1543,1,true,2026-10-02T15:05:04.500Z,2026-10-02T15:35:11.669Z,1901.009028592,2111115212702
2026-10-02T15:35:13.829Z,3467,0,0,0,0,1546,5014,1,0,1547,1,true,2026-10-02T15:05:04.500Z,2026-10-02T15:35:12.691Z,1902.031118256,2112136755438
2026-10-02T15:35:14.810Z,3475,0,0,0,0,1550,5026,1,0,1551,1,true,2026-10-02T15:05:04.500Z,2026-10-02T15:35:13.683Z,1903.022655664,2113128827886
2026-10-02T15:35:15.818Z,3485,0,0,0,0,1550,5036,1,0,1551,1,true,2026-10-02T15:05:04.500Z,2026-10-02T15:35:14.688Z,1904.0281835680003,2114134325230
2026-10-02T15:35:16.801Z,3495,0,0,0,0,1552,5048,1,0,1553,1,true,2026-10-02T15:05:04.500Z,2026-10-02T15:35:15.668Z,1905.0097056,2115114074590
2026-10-02T15:35:17.825Z,3502,0,0,0,0,1557,5060,1,0,1558,1,true,2026-10-02T15:05:04.500Z,2026-10-02T15:35:16.690Z,1906.0302545600002,2116135969022
2026-10-02T15:35:18.835Z,3511,0,0,0,0,1559,5071,1,0,1560,1,true,2026-10-02T15:05:04.500Z,2026-10-02T15:35:17.705Z,1907.0450278080002,2117151221966
2026-10-02T15:35:18.063Z,3522,0,0,0,0,1559,5082,1,0,1560,1,true,2026-10-02T15:05:04.500Z,2026-10-02T15:35:18.701Z,1908.0404882560001,2118146668238
2026-10-02T15:35:19.059Z,3531,0,0,0,0,1561,5093,1,0,1562,1,true,2026-10-02T15:05:04.500Z,2026-10-02T15:35:19.693Z,1909.0327828959998,2119138967086
2026-10-02T15:35:20.048Z,3538,0,0,0,0,1566,5105,1,0,1567,1,true,2026-10-02T15:05:04.500Z,2026-10-02T15:35:20.686Z,1910.0254215200002,2120131563310
2026-10-02T15:35:21.056Z,3548,0,0,0,0,1567,5116,1,0,1568,1,true,2026-10-02T15:05:04.500Z,2026-10-02T15:35:21.692Z,1911.0314715519999,2121137643902
2026-10-02T15:35:22.057Z,3558,0,0,0,0,1568,5127,1,0,1569,1,true,2026-10-02T15:05:04.500Z,2026-10-02T15:35:22.687Z,1912.026923152,2122133032062
2026-10-02T15:35:23.063Z,3566,0,0,0,0,1571,5138,1,0,1572,1,true,2026-10-02T15:05:04.500Z,2026-10-02T15:35:23.694Z,1913.0343861279998,2123140523006
2026-10-02T15:35:24.069Z,3575,0,0,0,0,1573,5149,1,0,1574,1,true,2026-10-02T15:05:04.500Z,2026-10-02T15:35:24.708Z,1914.047617488,2124153800334
2026-10-02T15:35:25.052Z,3584,0,0,0,0,1576,5161,1,0,1577,1,true,2026-10-02T15:05:04.500Z,2026-10-02T15:35:25.686Z,1915.026362176,2125131996414
2026-10-02T15:35:26.060Z,3591,0,0,0,0,1580,5172,1,0,1581,1,true,2026-10-02T15:05:04.500Z,2026-10-02T15:35:26.692Z,1916.0319104159998,2126138044670
2026-10-02T15:35:27.053Z,3599,0,0,0,0,1583,5183,1,0,1584,1,true,2026-10-02T15:05:04.500Z,2026-10-02T15:35:27.686Z,1917.0264059840001,2127132555182
2026-10-02T15:35:28.076Z,3610,0,0,0,0,1583,5194,1,0,1584,1,true,2026-10-02T15:05:04.500Z,2026-10-02T15:35:28.713Z,1918.0528212160002,2128159011150
2026-10-02T15:35:29.135Z,3618,0,0,0,0,1586,5205,1,0,1587,1,true,2026-10-02T15:05:04.500Z,2026-10-02T15:35:29.762Z,1919.1015418719999,2129207635470
2026-10-02T15:35:30.051Z,3624,0,0,0,0,1592,5217,1,0,1593,1,true,2026-10-02T15:05:04.500Z,2026-10-02T15:35:30.688Z,1920.0277273279999,2130133879806
2026-10-02T15:35:31.059Z,3631,0,0,0,0,1596,5228,1,0,1597,1,true,2026-10-02T15:05:04.500Z,2026-10-02T15:35:31.693Z,1921.032621584,2131138772638
2026-10-02T15:35:32.068Z,3636,0,0,0,0,1602,5239,1,0,1603,1,true,2026-10-02T15:05:04.500Z,2026-10-02T15:35:32.696Z,1922.035479312,2132141614846
2026-10-02T15:35:33.069Z,3642,0,0,0,0,1607,5250,1,0,1608,1,true,2026-10-02T15:05:04.500Z,2026-10-02T15:35:33.704Z,1923.043877472,2133149686206
2026-10-02T15:35:34.056Z,3648,0,0,0,0,1612,5261,1,0,1613,1,true,2026-10-02T15:05:04.500Z,2026-10-02T15:35:34.693Z,1924.0326963520001,2134138822446
2026-10-02T15:35:35.060Z,3654,0,0,0,0,1618,5273,1,0,1619,1,true,2026-10-02T15:05:04.500Z,2026-10-02T15:35:35.695Z,1925.034636752,2135140786702
2026-10-02T15:35:36.066Z,3662,0,0,0,0,1621,5284,1,0,1622,1,true,2026-10-02T15:05:04.500Z,2026-10-02T15:35:36.700Z,1926.0402517759999,2136146417838
2026-10-02T15:35:37.073Z,3670,0,0,0,0,1624,5295,1,0,1625,1,true,2026-10-02T15:05:04.500Z,2026-10-02T15:35:35.940Z,1927.048108848,2137154261614
2026-10-02T15:35:38.096Z,3681,0,0,0,0,1624,5306,1,0,1625,1,true,2026-10-02T15:05:04.500Z,2026-10-02T15:35:36.966Z,1928.073650416,2138179843822
2026-10-02T15:35:39.084Z,3691,0,0,0,0,1625,5317,1,0,1626,1,true,2026-10-02T15:05:04.500Z,2026-10-02T15:35:37.951Z,1929.0595191520001,2139165703326
2026-10-02T15:35:40.310Z,3693,0,0,0,0,1636,5330,1,0,1637,1,true,2026-10-02T15:05:04.500Z,2026-10-02T15:35:39.126Z,1930.2338418560003,2140339964142
2026-10-02T15:35:41.125Z,3693,0,0,0,0,1646,5340,1,0,1647,1,true,2026-10-02T15:05:04.500Z,2026-10-02T15:35:39.986Z,1931.0945771840002,2141200739662
2026-10-02T15:35:42.103Z,3702,0,0,0,0,1648,5351,1,0,1649,1,true,2026-10-02T15:05:04.500Z,2026-10-02T15:35:40.973Z,1932.080721328,2142186909646
2026-10-02T15:35:43.122Z,3711,0,0,0,0,1650,5362,1,0,1651,1,true,2026-10-02T15:05:04.500Z,2026-10-02T15:35:41.985Z,1933.093437008,2143199600302
2026-10-02T15:35:44.157Z,3720,0,0,0,0,1653,5374,1,0,1654,1,true,2026-10-02T15:05:04.500Z,2026-10-02T15:35:43.024Z,1934.132168016,2144238311214
2026-10-02T15:35:45.147Z,3730,0,0,0,0,1654,5385,1,0,1655,1,true,2026-10-02T15:05:04.500Z,2026-10-02T15:35:44.013Z,1935.1213709600001,2145227532606
2026-10-02T15:35:46.146Z,3740,0,0,0,0,1655,5396,1,0,1656,1,true,2026-10-02T15:05:04.500Z,2026-10-02T15:35:45.002Z,1936.11091768,2146215974862
2026-10-02T15:35:47.140Z,3750,0,0,0,0,1656,5407,1,0,1657,1,true,2026-10-02T15:05:04.500Z,2026-10-02T15:35:46.006Z,1937.113699216,2147219838574
2026-10-02T15:35:48.158Z,3759,0,0,0,0,1658,5418,1,0,1659,1,true,2026-10-02T15:05:04.500Z,2026-10-02T15:35:47.019Z,1938.1272396959998,2148233320286
2026-10-02T15:35:49.156Z,3769,0,0,0,0,1660,5430,1,0,1661,1,true,2026-10-02T15:05:04.500Z,2026-10-02T15:35:48.024Z,1939.1324355040001,2149238611614
2026-10-02T15:35:48.394Z,3779,0,0,0,0,1662,5442,1,0,1663,1,true,2026-10-02T15:05:04.500Z,2026-10-02T15:35:49.035Z,1940.1427783200002,2150248929870
2026-10-02T15:35:49.391Z,3785,0,0,0,0,1667,5453,1,0,1668,1,true,2026-10-02T15:05:04.500Z,2026-10-02T15:35:50.031Z,1941.139636368,2151245459534
2026-10-02T15:35:50.382Z,3794,0,0,0,0,1669,5464,1,0,1670,1,true,2026-10-02T15:05:04.500Z,2026-10-02T15:35:51.031Z,1942.1389597920002,2152245152798
2026-10-02T15:35:51.383Z,3804,0,0,0,0,1670,5475,1,0,1671,1,true,2026-10-02T15:05:04.500Z,2026-10-02T15:35:52.031Z,1943.139191408,2153245316222
2026-10-02T15:35:52.416Z,3813,0,0,0,0,1672,5486,1,0,1673,1,true,2026-10-02T15:05:04.500Z,2026-10-02T15:35:53.066Z,1944.173734816,2154279927278
2026-10-02T15:35:53.396Z,3820,0,0,0,0,1677,5498,1,0,1678,1,true,2026-10-02T15:05:04.500Z,2026-10-02T15:35:54.043Z,1945.1512559520002,2155257399182
2026-10-02T15:35:54.399Z,3831,0,0,0,0,1677,5509,1,0,1678,1,true,2026-10-02T15:05:04.500Z,2026-10-02T15:35:55.047Z,1946.1552614080001,2156261418974
2026-10-02T15:35:55.417Z,3840,0,0,0,0,1679,5520,1,0,1680,1,true,2026-10-02T15:05:04.500Z,2026-10-02T15:35:56.063Z,1947.1714170559999,2157277579214
2026-10-02T15:35:56.416Z,3849,0,0,0,0,1681,5531,1,0,1682,1,true,2026-10-02T15:05:04.500Z,2026-10-02T15:35:57.063Z,1948.1729277600002,2158277565470
2026-10-02T15:35:57.419Z,3858,0,0,0,0,1683,5542,1,0,1684,1,true,2026-10-02T15:05:04.500Z,2026-10-02T15:35:58.065Z,1949.172855632,2159279017678
2026-10-02T15:35:58.416Z,3867,0,0,0,0,1686,5554,1,0,1687,1,true,2026-10-02T15:05:04.500Z,2026-10-02T15:35:59.066Z,1950.173936352,2160280059502
2026-10-02T15:35:59.416Z,3876,0,0,0,0,1688,5565,1,0,1689,1,true,2026-10-02T15:05:04.500Z,2026-10-02T15:36:00.066Z,1951.1742651519999,2161279862478
2026-10-02T15:36:00.424Z,3887,0,0,0,0,1688,5576,1,0,1689,1,true,2026-10-02T15:05:04.500Z,2026-10-02T15:36:01.075Z,1952.182690176,2162288869886
2026-10-02T15:36:01.427Z,3895,0,0,0,0,1691,5587,1,0,1692,1,true,2026-10-02T15:05:04.500Z,2026-10-02T15:36:02.070Z,1953.178478576,2163284026494
2026-10-02T15:36:02.432Z,3904,0,0,0,0,1693,5598,1,0,1694,1,true,2026-10-02T15:05:04.500Z,2026-10-02T15:36:03.075Z,1954.1829496320001,2164289117534
2026-10-02T15:36:03.449Z,3915,0,0,0,0,1694,5610,1,0,1695,1,true,2026-10-02T15:05:04.500Z,2026-10-02T15:36:04.100Z,1955.208389856,2165314582830
2026-10-02T15:36:04.437Z,3922,0,0,0,0,1698,5621,1,0,1699,1,true,2026-10-02T15:05:04.500Z,2026-10-02T15:36:05.085Z,1956.1927597919998,2166298901230
2026-10-02T15:36:05.484Z,3929,0,0,0,0,1703,5633,1,0,1704,1,true,2026-10-02T15:05:04.500Z,2026-10-02T15:36:06.131Z,1957.2393837119998,2167345572430
2026-10-02T15:36:06.454Z,3936,0,0,0,0,1706,5643,1,0,1707,1,true,2026-10-02T15:05:04.500Z,2026-10-02T15:36:07.092Z,1958.2005284000002,2168306692206
2026-10-02T15:36:07.464Z,3944,0,0,0,0,1709,5654,1,0,1710,1,true,2026-10-02T15:05:04.500Z,2026-10-02T15:36:06.334Z,1959.219583472,2169325747742
2026-10-02T15:36:08.625Z,3948,0,0,0,0,1718,5667,1,0,1720,1,true,2026-10-02T15:05:04.500Z,2026-10-02T15:36:07.469Z,1960.3570224320001,2170460966414
2026-10-02T15:36:09.451Z,3948,0,0,0,0,1728,5677,1,0,1729,1,true,2026-10-02T15:05:04.500Z,2026-10-02T15:36:08.316Z,1961.201774528,2171307921646
2026-10-02T15:36:10.453Z,3949,0,0,0,0,1738,5688,1,0,1739,1,true,2026-10-02T15:05:04.500Z,2026-10-02T15:36:09.326Z,1962.2114279840002,2172317603950
2026-10-02T15:36:11.483Z,3955,0,0,0,0,1743,5699,1,0,1744,1,true,2026-10-02T15:05:04.500Z,2026-10-02T15:36:10.345Z,1963.23125952,2173337391454
2026-10-02T15:36:12.458Z,3961,0,0,0,0,1748,5710,1,0,1749,1,true,2026-10-02T15:05:04.500Z,2026-10-02T15:36:11.328Z,1964.2133639200001,2174319449758
2026-10-02T15:36:13.460Z,3967,0,0,0,0,1754,5722,1,0,1755,1,true,2026-10-02T15:05:04.500Z,2026-10-02T15:36:12.330Z,1965.2153174720002,2175321461806
2026-10-02T15:36:14.470Z,3977,0,0,0,0,1755,5733,1,0,1756,1,true,2026-10-02T15:05:04.500Z,2026-10-02T15:36:13.335Z,1966.2224565440001,2176326465230
2026-10-02T15:36:15.503Z,3988,0,0,0,0,1756,5745,1,0,1757,1,true,2026-10-02T15:05:04.500Z,2026-10-02T15:36:14.374Z,1967.2596937120002,2177365884558
2026-10-02T15:36:16.496Z,3999,0,0,0,0,1756,5756,1,0,1757,1,true,2026-10-02T15:05:04.500Z,2026-10-02T15:36:15.370Z,1968.2555548159999,2178361751086
2026-10-02T15:36:17.494Z,4009,0,0,0,0,1757,5767,1,0,1758,1,true,2026-10-02T15:05:04.500Z,2026-10-02T15:36:16.366Z,1969.2518882560003,2179358070926
2026-10-02T15:36:18.482Z,4018,0,0,0,0,1760,5779,1,0,1761,1,true,2026-10-02T15:05:04.500Z,2026-10-02T15:36:17.352Z,1970.238765344,2180343399854
2026-10-02T15:36:19.483Z,4028,0,0,0,0,1761,5790,1,0,1762,1,true,2026-10-02T15:05:04.500Z,2026-10-02T15:36:18.351Z,1971.237166672,2181343302350
2026-10-02T15:36:18.746Z,4032,0,0,0,0,1768,5801,1,0,1769,1,true,2026-10-02T15:05:04.500Z,2026-10-02T15:36:19.354Z,1972.2394751040001,2182345639214
2026-10-02T15:36:19.742Z,4039,0,0,0,0,1772,5812,1,0,1773,1,true,2026-10-02T15:05:04.500Z,2026-10-02T15:36:20.354Z,1973.239538848,2183345680750
2026-10-02T15:36:20.745Z,4050,0,0,0,0,1772,5823,1,0,1773,1,true,2026-10-02T15:05:04.500Z,2026-10-02T15:36:21.361Z,1974.2468579679999,2184353056846
2026-10-02T15:36:21.751Z,4058,0,0,0,0,1776,5835,1,0,1777,1,true,2026-10-02T15:05:04.500Z,2026-10-02T15:36:22.362Z,1975.247908464,2185354077022
2026-10-02T15:36:22.768Z,4064,0,0,0,0,1781,5846,1,0,1782,1,true,2026-10-02T15:05:04.500Z,2026-10-02T15:36:23.384Z,1976.269780448,2186375977758
2026-10-02T15:36:23.765Z,4074,0,0,0,0,1782,5857,1,0,1783,1,true,2026-10-02T15:05:04.500Z,2026-10-02T15:36:24.381Z,1977.266802096,2187372994206
2026-10-02T15:36:24.754Z,4084,0,0,0,0,1783,5868,1,0,1784,1,true,2026-10-02T15:05:04.500Z,2026-10-02T15:36:25.369Z,1978.254805568,2188360985518
2026-10-02T15:36:25.748Z,4094,0,0,0,0,1784,5879,1,0,1785,1,true,2026-10-02T15:05:04.500Z,2026-10-02T15:36:26.365Z,1979.2509973280003,2189357145582
2026-10-02T15:36:26.749Z,4104,0,0,0,0,1786,5891,1,0,1787,1,true,2026-10-02T15:05:04.500Z,2026-10-02T15:36:27.366Z,1980.252254336,2190358422094
2026-10-02T15:36:27.772Z,4114,0,0,0,0,1787,5902,1,0,1788,1,true,2026-10-02T15:05:04.500Z,2026-10-02T15:36:28.387Z,1981.2723094080002,2191378431086
2026-10-02T15:36:28.756Z,4123,0,0,0,0,1789,5913,1,0,1790,1,true,2026-10-02T15:05:04.500Z,2026-10-02T15:36:29.371Z,1982.2564933920003,2192362636862
2026-10-02T15:36:29.754Z,4132,0,0,0,0,1791,5924,1,0,1792,1,true,2026-10-02T15:05:04.500Z,2026-10-02T15:36:30.368Z,1983.254318064,2193360121886
2026-10-02T15:36:30.759Z,4143,0,0,0,0,1791,5935,1,0,1792,1,true,2026-10-02T15:05:04.500Z,2026-10-02T15:36:31.375Z,1984.26090896,2194367091502
2026-10-02T15:36:31.771Z,4153,0,0,0,0,1793,5947,1,0,1794,1,true,2026-10-02T15:05:04.500Z,2026-10-02T15:36:32.385Z,1985.270620144,2195376816270
2026-10-02T15:36:32.766Z,4163,0,0,0,0,1794,5958,1,0,1795,1,true,2026-10-02T15:05:04.500Z,2026-10-02T15:36:33.382Z,1986.2677756480002,2196373955966
2026-10-02T15:36:33.772Z,4173,0,0,0,0,1795,5969,1,0,1796,1,true,2026-10-02T15:05:04.500Z,2026-10-02T15:36:34.385Z,1987.270600624,2197376707406
2026-10-02T15:36:34.772Z,4183,0,0,0,0,1796,5980,1,0,1797,1,true,2026-10-02T15:05:04.500Z,2026-10-02T15:36:35.388Z,1988.273718928,2198379879886
2026-10-02T15:36:35.793Z,4193,0,0,0,0,1797,5991,1,0,1798,1,true,2026-10-02T15:05:04.500Z,2026-10-02T15:36:36.408Z,1989.293674352,2199399807966
2026-10-02T15:36:36.808Z,4203,0,0,0,0,1799,6003,1,0,1800,1,true,2026-10-02T15:05:04.500Z,2026-10-02T15:36:37.415Z,1990.300515808,2200406608750
2026-10-02T15:36:37.855Z,4210,0,0,0,0,1803,6014,1,0,1805,1,true,2026-10-02T15:05:04.500Z,2026-10-02T15:36:36.757Z,1991.3537979840003,2201459954190
2026-10-02T15:36:38.853Z,4216,0,0,0,0,1808,6025,1,0,1810,1,true,2026-10-02T15:05:04.500Z,2026-10-02T15:36:37.749Z,1992.3455391359998,2202451730654
2026-10-02T15:36:40.120Z,4218,0,0,0,0,1820,6039,1,0,1821,1,true,2026-10-02T15:05:04.500Z,2026-10-02T15:36:38.943Z,1993.541255264,2203645402590
2026-10-02T15:36:40.873Z,4218,0,0,0,0,1829,6048,1,0,1830,1,true,2026-10-02T15:05:04.500Z,2026-10-02T15:36:39.773Z,1994.3694858080003,2204475653534
2026-10-02T15:36:41.866Z,4219,0,0,0,0,1840,6060,1,0,1841,1,true,2026-10-02T15:05:04.500Z,2026-10-02T15:36:40.766Z,1995.3628520480001,2205469020990
2026-10-02T15:36:42.889Z,4221,0,0,0,0,1849,6071,1,0,1850,1,true,2026-10-02T15:05:04.500Z,2026-10-02T15:36:41.765Z,1996.361236912,2206467414382
2026-10-02T15:36:43.858Z,4225,0,0,0,0,1856,6082,1,0,1857,1,true,2026-10-02T15:05:04.500Z,2026-10-02T15:36:42.758Z,1997.354745136,2207460888366
2026-10-02T15:36:44.861Z,4233,0,0,0,0,1859,6093,1,0,1860,1,true,2026-10-02T15:05:04.500Z,2026-10-02T15:36:43.759Z,1998.35520632,2208461383902
2026-10-02T15:36:45.858Z,4241,0,0,0,0,1862,6104,1,0,1863,1,true,2026-10-02T15:05:04.500Z,2026-10-02T15:36:44.763Z,1999.359805856,2209465990462
2026-10-02T15:36:46.856Z,4249,0,0,0,0,1866,6116,1,0,1867,1,true,2026-10-02T15:05:04.500Z,2026-10-02T15:36:45.761Z,2000.3570074240001,2210463175902
2026-10-02T15:36:47.860Z,4256,0,0,0,0,1870,6127,1,0,1871,1,true,2026-10-02T15:05:04.500Z,2026-10-02T15:36:46.760Z,2001.356032448,2211462217934
2026-10-02T15:36:48.869Z,4264,0,0,0,0,1873,6138,1,0,1874,1,true,2026-10-02T15:05:04.500Z,2026-10-02T15:36:47.762Z,2002.3585543680001,2212464691662
2026-10-02T15:36:49.885Z,4273,0,0,0,0,1875,6149,1,0,1876,1,true,2026-10-02T15:05:04.500Z,2026-10-02T15:36:48.787Z,2003.3836800960003,2213489861982
2026-10-02T15:36:49.146Z,4281,0,0,0,0,1878,6160,1,0,1879,1,true,2026-10-02T15:05:04.500Z,2026-10-02T15:36:49.799Z,2004.395142192,2214501275230
2026-10-02T15:36:50.165Z,4292,0,0,0,0,1879,6172,1,0,1880,1,true,2026-10-02T15:05:04.500Z,2026-10-02T15:36:50.816Z,2005.412816992,2215518996478
2026-10-02T15:36:51.229Z,4302,0,0,0,0,1882,6185,1,0,1883,1,true,2026-10-02T15:05:04.500Z,2026-10-02T15:36:51.884Z,2006.480393376,2216586462542
2026-10-02T15:36:52.208Z,4309,0,0,0,0,1886,6196,1,0,1887,1,true,2026-10-02T15:05:04.500Z,2026-10-02T15:36:52.860Z,2007.456268768,2217562415534
2026-10-02T15:36:53.183Z,4318,0,0,0,0,1888,6207,1,0,1889,1,true,2026-10-02T15:05:04.500Z,2026-10-02T15:36:53.836Z,2008.4326438080002,2218538831550
2026-10-02T15:36:54.182Z,4329,0,0,0,0,1889,6219,1,0,1890,1,true,2026-10-02T15:05:04.500Z,2026-10-02T15:36:54.837Z,2009.4335442880001,2219539719150
2026-10-02T15:36:55.187Z,4339,0,0,0,0,1890,6230,1,0,1891,1,true,2026-10-02T15:05:04.500Z,2026-10-02T15:36:55.841Z,2010.4375422880003,2220543673998
2026-10-02T15:36:56.184Z,4348,0,0,0,0,1892,6241,1,0,1893,1,true,2026-10-02T15:05:04.500Z,2026-10-02T15:36:56.837Z,2011.4332870560002,2221539468446
2026-10-02T15:36:57.189Z,4359,0,0,0,0,1891,6251,1,0,1892,1,true,2026-10-02T15:05:04.500Z,2026-10-02T15:36:57.845Z,2012.440997712,2222547188670
2026-10-02T15:36:58.192Z,4368,0,0,0,0,1894,6263,1,0,1895,1,true,2026-10-02T15:05:04.500Z,2026-10-02T15:36:58.843Z,2013.4405167680002,2223545762046
2026-10-02T15:36:59.219Z,4378,0,0,0,0,1896,6275,1,0,1897,1,true,2026-10-02T15:05:04.500Z,2026-10-02T15:36:59.871Z,2014.467357248,2224573544750
2026-10-02T15:37:00.197Z,4388,0,0,0,0,1897,6286,1,0,1898,1,true,2026-10-02T15:05:04.500Z,2026-10-02T15:37:00.851Z,2015.447161856,2225553326158
2026-10-02T15:37:01.196Z,4398,0,0,0,0,1898,6297,1,0,1899,1,true,2026-10-02T15:05:04.500Z,2026-10-02T15:37:01.845Z,2016.441666832,2226547802750
2026-10-02T15:37:02.199Z,4405,0,0,0,0,1901,6307,1,0,1902,1,true,2026-10-02T15:05:04.500Z,2026-10-02T15:37:02.846Z,2017.4419122240001,2227548072654
2026-10-02T15:37:03.212Z,4415,0,0,0,0,1903,6319,1,0,1904,1,true,2026-10-02T15:05:04.500Z,2026-10-02T15:37:03.863Z,2018.4590348000002,2228565227678
2026-10-02T15:37:04.224Z,4423,0,0,0,0,1907,6331,1,0,1908,1,true,2026-10-02T15:05:04.500Z,2026-10-02T15:37:04.873Z,2019.4696395679998,2229575802686
2026-10-02T15:37:05.191Z,4430,0,0,0,0,1911,6342,1,0,1912,1,true,2026-10-02T15:05:04.500Z,2026-10-02T15:37:05.846Z,2020.4425331359998,2230548712974
2026-10-02T15:37:06.199Z,4440,0,0,0,0,1912,6353,1,0,1913,1,true,2026-10-02T15:05:04.500Z,2026-10-02T15:37:06.855Z,2021.451654512,2231557847822
2026-10-02T15:37:07.195Z,4450,0,0,0,0,1913,6364,1,0,1914,1,true,2026-10-02T15:05:04.500Z,2026-10-02T15:37:07.847Z,2022.443295296,2232549449438
2026-10-02T15:37:08.267Z,4461,0,0,0,0,1913,6375,1,0,1914,1,true,2026-10-02T15:05:04.500Z,2026-10-02T15:37:07.200Z,2023.51621824,2233622387550
2026-10-02T15:37:09.344Z,4469,0,0,0,0,1918,6388,1,0,1919,1,true,2026-10-02T15:05:04.500Z,2026-10-02T15:37:08.269Z,2024.5856938719999,2234691827710
2026-10-02T15:37:10.467Z,4470,0,0,0,0,1929,6400,1,0,1930,1,true,2026-10-02T15:05:04.500Z,2026-10-02T15:37:09.385Z,2025.7026498720002,2235808064062
2026-10-02T15:37:11.386Z,4470,0,0,0,0,1940,6411,1,0,1941,1,true,2026-10-02T15:05:04.500Z,2026-10-02T15:37:10.319Z,2026.6359848800003,2236742162910
2026-10-02T15:37:12.505Z,4475,0,0,0,0,1946,6422,1,0,1947,1,true,2026-10-02T15:05:04.500Z,2026-10-02T15:37:11.437Z,2027.7537455840002,2237859923278
2026-10-02T15:37:13.405Z,4479,0,0,0,0,1953,6433,1,0,1954,1,true,2026-10-02T15:05:04.500Z,2026-10-02T15:37:12.334Z,2028.650555232,2238756716014
2026-10-02T15:37:14.429Z,4487,0,0,0,0,1957,6445,1,0,1958,1,true,2026-10-02T15:05:04.500Z,2026-10-02T15:37:13.361Z,2029.6774483680001,2239783587102
2026-10-02T15:37:15.397Z,4496,0,0,0,0,1959,6456,1,0,1960,1,true,2026-10-02T15:05:04.500Z,2026-10-02T15:37:14.328Z,2030.644399072,2240750584878
2026-10-02T15:37:16.389Z,4504,0,0,0,0,1962,6467,1,0,1963,1,true,2026-10-02T15:05:04.500Z,2026-10-02T15:37:15.325Z,2031.641452192,2241747645422
2026-10-02T15:37:17.402Z,4514,0,0,0,0,1963,6478,1,0,1964,1,true,2026-10-02T15:05:04.500Z,2026-10-02T15:37:16.333Z,2032.64923128,2242755370318
2026-10-02T15:37:18.409Z,4522,0,0,0,0,1966,6489,1,0,1967,1,true,2026-10-02T15:05:04.500Z,2026-10-02T15:37:17.340Z,2033.656480352,2243762654622
2026-10-02T15:37:19.444Z,4529,0,0,0,0,1971,6501,1,0,1972,1,true,2026-10-02T15:05:04.500Z,2026-10-02T15:37:18.380Z,2034.696896288,2244803037118
2026-10-02T15:37:20.400Z,4534,0,0,0,0,1977,6512,1,0,1978,1,true,2026-10-02T15:05:04.500Z,2026-10-02T15:37:19.333Z,2035.6494588,2245755617934
2026-10-02T15:37:19.680Z,4540,0,0,0,0,1982,6523,1,0,1983,1,true,2026-10-02T15:05:04.500Z,2026-10-02T15:37:20.343Z,2036.65945272,2246765606862
2026-10-02T15:37:20.671Z,4546,0,0,0,0,1987,6534,1,0,1988,1,true,2026-10-02T15:05:04.500Z,2026-10-02T15:37:21.333Z,2037.6496031679999,2247755677710
2026-10-02T15:37:21.677Z,4552,0,0,0,0,1992,6545,1,0,1993,1,true,2026-10-02T15:05:04.500Z,2026-10-02T15:37:22.334Z,2038.650881552,2248757062062
2026-10-02T15:37:22.725Z,4561,0,0,0,0,1995,6557,1,0,1996,1,true,2026-10-02T15:05:04.500Z,2026-10-02T15:37:23.388Z,2039.704930384,2249811080158
2026-10-02T15:37:23.677Z,4571,0,0,0,0,1996,6568,1,0,1997,1,true,2026-10-02T15:05:04.500Z,2026-10-02T15:37:24.340Z,2040.6568202560002,2250763012782
2026-10-02T15:37:24.682Z,4580,0,0,0,0,1998,6579,1,0,1999,1,true,2026-10-02T15:05:04.500Z,2026-10-02T15:37:25.343Z,2041.6601321920002,2251766268478
2026-10-02T15:37:25.693Z,4591,0,0,0,0,1998,6590,1,0,1999,1,true,2026-10-02T15:05:04.500Z,2026-10-02T15:37:26.355Z,2042.67157744,2252777760414
2026-10-02T15:37:26.693Z,4601,0,0,0,0,1999,6601,1,0,2000,1,true,2026-10-02T15:05:04.500Z,2026-10-02T15:37:27.355Z,2043.672048384,2253778225198
2026-10-02T15:37:27.683Z,4611,0,0,0,0,2001,6613,1,0,2002,1,true,2026-10-02T15:05:04.500Z,2026-10-02T15:37:28.348Z,2044.664457888,2254770635886
2026-10-02T15:37:28.685Z,4621,0,0,0,0,2002,6624,1,0,2003,1,true,2026-10-02T15:05:04.500Z,2026-10-02T15:37:29.345Z,2045.661780544,2255767963534
2026-10-02T15:37:29.688Z,4632,0,0,0,0,2002,6635,1,0,2003,1,true,2026-10-02T15:05:04.500Z,2026-10-02T15:37:30.353Z,2046.6698427360002,2256776035598
2026-10-02T15:37:30.692Z,4643,0,0,0,0,2002,6646,1,0,2003,1,true,2026-10-02T15:05:04.500Z,2026-10-02T15:37:31.356Z,2047.673095312,2257779277630
2026-10-02T15:37:31.704Z,4653,0,0,0,0,2003,6657,1,0,2004,1,true,2026-10-02T15:05:04.500Z,2026-10-02T15:37:32.368Z,2048.684124736,2258790317134
2026-10-02T15:37:32.683Z,4663,0,0,0,0,2005,6669,1,0,2006,1,true,2026-10-02T15:05:04.500Z,2026-10-02T15:37:33.347Z,2049.663251472,2259769402014
2026-10-02T15:37:33.700Z,4673,0,0,0,0,2006,6680,1,0,2007,1,true,2026-10-02T15:05:04.500Z,2026-10-02T15:37:34.360Z,2050.6765292640002,2260782714926
2026-10-02T15:37:34.687Z,4681,0,0,0,0,2009,6691,1,0,2010,1,true,2026-10-02T15:05:04.500Z,2026-10-02T15:37:35.351Z,2051.667613808,2261773784958
2026-10-02T15:37:35.693Z,4691,0,0,0,0,2010,6702,1,0,2011,1,true,2026-10-02T15:05:04.500Z,2026-10-02T15:37:36.356Z,2052.672626608,2262778808862
2026-10-02T15:37:36.683Z,4701,0,0,0,0,2011,6713,1,0,2012,1,true,2026-10-02T15:05:04.500Z,2026-10-02T15:37:37.350Z,2053.666355968,2263772102718
2026-10-02T15:37:37.694Z,4711,0,0,0,0,2013,6725,1,0,2014,1,true,2026-10-02T15:05:04.500Z,2026-10-02T15:37:38.352Z,2054.6689413120002,2264775129758
2026-10-02T15:37:38.722Z,4721,0,0,0,0,2014,6736,1,0,2015,1,true,2026-10-02T15:05:04.500Z,2026-10-02T15:37:37.622Z,2055.704888096,2265811084270
2026-10-02T15:37:39.793Z,4723,0,0,0,0,2024,6748,1,0,2025,1,true,2026-10-02T15:05:04.500Z,2026-10-02T15:37:38.670Z,2056.754536416,2266859081358
2026-10-02T15:37:40.699Z,4723,0,0,0,0,2034,6758,1,0,2035,1,true,2026-10-02T15:05:04.500Z,2026-10-02T15:37:39.596Z,2057.67893616,2267785067550
2026-10-02T15:37:41.702Z,4729,0,0,0,0,2039,6769,1,0,2040,1,true,2026-10-02T15:05:04.500Z,2026-10-02T15:37:40.602Z,2058.684499568,2268790674206
2026-10-02T15:37:42.723Z,4734,0,0,0,0,2046,6781,1,0,2047,1,true,2026-10-02T15:05:04.500Z,2026-10-02T15:37:41.610Z,2059.692796704,2269798851630
2026-10-02T15:37:43.697Z,4741,0,0,0,0,2050,6792,1,0,2051,1,true,2026-10-02T15:05:04.500Z,2026-10-02T15:37:42.593Z,2060.6763217440002,2270782498558
2026-10-02T15:37:44.705Z,4749,0,0,0,0,2053,6803,1,0,2054,1,true,2026-10-02T15:05:04.500Z,2026-10-02T15:37:43.602Z,2061.685380432,2271791500814
2026-10-02T15:37:45.700Z,4756,0,0,0,0,2057,6814,1,0,2058,1,true,2026-10-02T15:05:04.500Z,2026-10-02T15:37:44.593Z,2062.675488656,2272781673502
2026-10-02T15:37:46.697Z,4765,0,0,0,0,2059,6825,1,0,2060,1,true,2026-10-02T15:05:04.500Z,2026-10-02T15:37:45.590Z,2063.67327184,2273779367518
2026-10-02T15:37:47.737Z,4773,0,0,0,0,2063,6837,1,0,2064,1,true,2026-10-02T15:05:04.500Z,2026-10-02T15:37:46.635Z,2064.717534592,2274823697310
2026-10-02T15:37:48.708Z,4780,0,0,0,0,2067,6848,1,0,2068,1,true,2026-10-02T15:05:04.500Z,2026-10-02T15:37:47.602Z,2065.685061168,2275791198494
2026-10-02T15:37:49.723Z,4789,0,0,0,0,2069,6859,1,0,2070,1,true,2026-10-02T15:05:04.500Z,2026-10-02T15:37:48.616Z,2066.698997216,2276805184286
2026-10-02T15:37:50.698Z,4799,0,0,0,0,2070,6870,1,0,2071,1,true,2026-10-02T15:05:04.500Z,2026-10-02T15:37:49.595Z,2067.677742448,2277783911934
2026-10-02T15:37:49.915Z,4805,0,0,0,0,2075,6881,1,0,2076,1,true,2026-10-02T15:05:04.500Z,2026-10-02T15:37:50.600Z,2068.683208432,2278789283486
2026-10-02T15:37:50.913Z,4812,0,0,0,0,2080,6893,1,0,2081,1,true,2026-10-02T15:05:04.500Z,2026-10-02T15:37:51.597Z,2069.68035488,2279786489454
2026-10-02T15:37:51.909Z,4820,0,0,0,0,2083,6904,1,0,2084,1,true,2026-10-02T15:05:04.500Z,2026-10-02T15:37:52.595Z,2070.678074624,2280784025678
2026-10-02T15:37:52.912Z,4826,0,0,0,0,2088,6915,1,0,2089,1,true,2026-10-02T15:05:04.500Z,2026-10-02T15:37:53.598Z,2071.680493584,2281786677502
2026-10-02T15:37:53.926Z,4835,0,0,0,0,2090,6926,1,0,2091,1,true,2026-10-02T15:05:04.500Z,2026-10-02T15:37:54.613Z,2072.696217568,2282802408206
2026-10-02T15:37:54.918Z,4842,0,0,0,0,2094,6937,1,0,2095,1,true,2026-10-02T15:05:04.500Z,2026-10-02T15:37:55.599Z,2073.681867792,2283788042478
2026-10-02T15:37:55.929Z,4850,0,0,0,0,2098,6949,1,0,2099,1,true,2026-10-02T15:05:04.500Z,2026-10-02T15:37:56.607Z,2074.689747952,2284795935070
2026-10-02T15:37:56.943Z,4859,0,0,0,0,2100,6960,1,0,2101,1,true,2026-10-02T15:05:04.500Z,2026-10-02T15:37:57.626Z,2075.709237184,2285815389134
2026-10-02T15:37:57.930Z,4868,0,0,0,0,2102,6971,1,0,2103,1,true,2026-10-02T15:05:04.500Z,2026-10-02T15:37:58.619Z,2076.7013787680003,2286807568878
2026-10-02T15:37:58.951Z,4877,0,0,0,0,2104,6982,1,0,2105,1,true,2026-10-02T15:05:04.500Z,2026-10-02T15:37:59.628Z,2077.710533664,2287816715870
2026-10-02T15:37:59.950Z,4883,0,0,0,0,2109,6993,1,0,2110,1,true,2026-10-02T15:05:04.500Z,2026-10-02T15:38:00.633Z,2078.716236112,2288822362126
2026-10-02T15:38:00.958Z,4893,0,0,0,0,2111,7005,1,0,2112,1,true,2026-10-02T15:05:04.500Z,2026-10-02T15:38:01.643Z,2079.7255724,2289831733822
2026-10-02T15:38:01.992Z,4901,0,0,0,0,2115,7017,1,0,2116,1,true,2026-10-02T15:05:04.500Z,2026-10-02T15:38:02.675Z,2080.757413248,2290863510878
2026-10-02T15:38:02.990Z,4910,0,0,0,0,2117,7028,1,0,2118,1,true,2026-10-02T15:05:04.500Z,2026-10-02T15:38:03.674Z,2081.757319728,2291863505534
2026-10-02T15:38:04.019Z,4920,0,0,0,0,2118,7039,1,0,2119,1,true,2026-10-02T15:05:04.500Z,2026-10-02T15:38:04.704Z,2082.786782816,2292892966014
2026-10-02T15:38:05.173Z,4926,0,0,0,0,2124,7051,1,0,2125,1,true,2026-10-02T15:05:04.500Z,2026-10-02T15:38:05.817Z,2083.90049984,2294005847790
2026-10-02T15:38:06.087Z,4927,0,0,0,0,2135,7063,1,0,2136,1,true,2026-10-02T15:05:04.500Z,2026-10-02T15:38:06.768Z,2084.850931648,2294957111742
2026-10-02T15:38:07.129Z,4938,0,0,0,0,2135,7074,1,0,2136,1,true,2026-10-02T15:05:04.500Z,2026-10-02T15:38:07.812Z,2085.894674624,2296000845822
2026-10-02T15:38:08.093Z,4945,0,0,0,0,2139,7085,1,0,2140,1,true,2026-10-02T15:05:04.500Z,2026-10-02T15:38:08.777Z,2086.860318448,2296966504974
2026-10-02T15:38:09.094Z,4955,0,0,0,0,2140,7096,1,0,2141,1,true,2026-10-02T15:05:04.500Z,2026-10-02T15:38:09.778Z,2087.861308016,2297967386638
2026-10-02T15:38:10.108Z,4961,0,0,0,0,2145,7107,1,0,2146,1,true,2026-10-02T15:05:04.500Z,2026-10-02T15:38:09.020Z,2088.874964128,2298981108750
2026-10-02T15:38:11.102Z,4968,0,0,0,0,2150,7119,1,0,2151,1,true,2026-10-02T15:05:04.500Z,2026-10-02T15:38:10.012Z,2089.86641176,2299972573710
2026-10-02T15:38:12.119Z,4976,0,0,0,0,2153,7130,1,0,2154,1,true,2026-10-02T15:05:04.500Z,2026-10-02T15:38:11.032Z,2090.887267488,2300993425790
2026-10-02T15:38:13.107Z,4981,0,0,0,0,2159,7141,1,0,2160,1,true,2026-10-02T15:05:04.500Z,2026-10-02T15:38:12.019Z,2091.873825104,2301980014974
2026-10-02T15:38:14.108Z,4991,0,0,0,0,2160,7152,1,0,2161,1,true,2026-10-02T15:05:04.500Z,2026-10-02T15:38:13.018Z,2092.872679648,2302978870014
2026-10-02T15:38:15.109Z,5000,0,0,0,0,2162,7163,1,0,2163,1,true,2026-10-02T15:05:04.500Z,2026-10-02T15:38:14.022Z,2093.876831056,2303982992926
2026-10-02T15:38:16.103Z,5010,0,0,0,0,2164,7175,1,0,2165,1,true,2026-10-02T15:05:04.500Z,2026-10-02T15:38:15.018Z,2094.872858752,2304979052398
2026-10-02T15:38:17.121Z,5018,0,0,0,0,2167,7186,1,0,2168,1,true,2026-10-02T15:05:04.500Z,2026-10-02T15:38:16.030Z,2095.884800128,2305990968014
2026-10-02T15:38:18.120Z,5025,0,0,0,0,2171,7197,1,0,2172,1,true,2026-10-02T15:05:04.500Z,2026-10-02T15:38:17.024Z,2096.879230912,2306985295022
2026-10-02T15:38:19.105Z,5032,0,0,0,0,2175,7208,1,0,2176,1,true,2026-10-02T15:05:04.500Z,2026-10-02T15:38:18.017Z,2097.871534144,2307977721326
2026-10-02T15:38:20.122Z,5041,0,0,0,0,2177,7219,1,0,2178,1,true,2026-10-02T15:05:04.500Z,2026-10-02T15:38:19.030Z,2098.8850122080003,2308991179950
2026-10-02T15:38:21.111Z,5046,0,0,0,0,2184,7231,1,0,2185,1,true,2026-10-02T15:05:04.500Z,2026-10-02T15:38:20.022Z,2099.876776608,2309982942222
2026-10-02T15:38:20.389Z,5053,0,0,0,0,2188,7242,1,0,2189,1,true,2026-10-02T15:05:04.500Z,2026-10-02T15:38:21.035Z,2100.8897528,2310995950910
2026-10-02T15:38:21.405Z,5062,0,0,0,0,2190,7253,1,0,2191,1,true,2026-10-02T15:05:04.500Z,2026-10-02T15:38:22.049Z,2101.904166832,2312010306814
2026-10-02T15:38:22.377Z,5072,0,0,0,0,2191,7264,1,0,2192,1,true,2026-10-02T15:05:04.500Z,2026-10-02T15:38:23.018Z,2102.873374368,2312979555998
2026-10-02T15:38:23.378Z,5081,0,0,0,0,2193,7275,1,0,2194,1,true,2026-10-02T15:05:04.500Z,2026-10-02T15:38:24.018Z,2103.87334224,2313979523438
2026-10-02T15:38:24.375Z,5091,0,0,0,0,2195,7287,1,0,2196,1,true,2026-10-02T15:05:04.500Z,2026-10-02T15:38:25.018Z,2104.873259984,2314979363230
2026-10-02T15:38:25.381Z,5100,0,0,0,0,2197,7298,1,0,2198,1,true,2026-10-02T15:05:04.500Z,2026-10-02T15:38:26.026Z,2105.880860304,2315987046094
2026-10-02T15:38:26.389Z,5108,0,0,0,0,2200,7309,1,0,2201,1,true,2026-10-02T15:05:04.500Z,2026-10-02T15:38:27.030Z,2106.884482912,2316990662926
2026-10-02T15:38:27.398Z,5116,0,0,0,0,2203,7320,1,0,2204,1,true,2026-10-02T15:05:04.500Z,2026-10-02T15:38:28.043Z,2107.89781832,2318003979134
2026-10-02T15:38:28.388Z,5122,0,0,0,0,2208,7331,1,0,2209,1,true,2026-10-02T15:05:04.500Z,2026-10-02T15:38:29.029Z,2108.884402096,2318990512238
2026-10-02T15:38:29.378Z,5129,0,0,0,0,2213,7343,1,0,2214,1,true,2026-10-02T15:05:04.500Z,2026-10-02T15:38:30.024Z,2109.87921952,2319985339310
2026-10-02T15:38:30.390Z,5137,0,0,0,0,2216,7354,1,0,2217,1,true,2026-10-02T15:05:04.500Z,2026-10-02T15:38:31.030Z,2110.884499072,2320990630510
2026-10-02T15:38:31.508Z,5139,0,0,0,0,2226,7366,1,0,2227,1,true,2026-10-02T15:05:04.500Z,2026-10-02T15:38:32.124Z,2111.979594592,2322084437902
2026-10-02T15:38:32.435Z,5140,0,0,0,0,2235,7376,1,0,2236,1,true,2026-10-02T15:05:04.500Z,2026-10-02T15:38:33.073Z,2112.928015088,2323034184846
2026-10-02T15:38:33.473Z,5147,0,0,0,0,2240,7388,1,0,2241,1,true,2026-10-02T15:05:04.500Z,2026-10-02T15:38:34.112Z,2113.967058096,2324073246606
2026-10-02T15:38:34.447Z,5154,0,0,0,0,2245,7400,1,0,2246,1,true,2026-10-02T15:05:04.500Z,2026-10-02T15:38:35.092Z,2114.947145472,2325053295742
2026-10-02T15:38:35.446Z,5163,0,0,0,0,2247,7411,1,0,2248,1,true,2026-10-02T15:05:04.500Z,2026-10-02T15:38:36.086Z,2115.941399184,2326047536254
2026-10-02T15:38:36.441Z,5172,0,0,0,0,2249,7422,1,0,2250,1,true,2026-10-02T15:05:04.500Z,2026-10-02T15:38:37.083Z,2116.9374042560003,2327043590638
2026-10-02T15:38:37.450Z,5181,0,0,0,0,2251,7433,1,0,2252,1,true,2026-10-02T15:05:04.500Z,2026-10-02T15:38:38.091Z,2117.945643136,2328051822686
2026-10-02T15:38:38.450Z,5190,0,0,0,0,2253,7444,1,0,2254,1,true,2026-10-02T15:05:04.500Z,2026-10-02T15:38:39.093Z,2118.948174576,2329054362558
2026-10-02T15:38:39.462Z,5199,0,0,0,0,2256,7456,1,0,2257,1,true,2026-10-02T15:05:04.500Z,2026-10-02T15:38:40.097Z,2119.9523895840002,2330058546526
2026-10-02T15:38:40.441Z,5206,0,0,0,0,2260,7467,1,0,2261,1,true,2026-10-02T15:05:04.500Z,2026-10-02T15:38:39.320Z,2120.940697984,2331046823438
2026-10-02T15:38:41.445Z,5215,0,0,0,0,2262,7478,1,0,2263,1,true,2026-10-02T15:05:04.500Z,2026-10-02T15:38:40.324Z,2121.944363968,2332050546446
2026-10-02T15:38:42.454Z,5222,0,0,0,0,2266,7489,1,0,2267,1,true,2026-10-02T15:05:04.500Z,2026-10-02T15:38:41.332Z,2122.952266832,2333058367678
2026-10-02T15:38:43.463Z,5232,0,0,0,0,2267,7500,1,0,2268,1,true,2026-10-02T15:05:04.500Z,2026-10-02T15:38:42.339Z,2123.959624592,2334065805118
2026-10-02T15:38:44.450Z,5241,0,0,0,0,2270,7512,1,0,2271,1,true,2026-10-02T15:05:04.500Z,2026-10-02T15:38:43.326Z,2124.946689168,2335052790174
2026-10-02T15:38:45.465Z,5251,0,0,0,0,2271,7523,1,0,2272,1,true,2026-10-02T15:05:04.500Z,2026-10-02T15:38:44.345Z,2125.9648549920003,2336071049054
2026-10-02T15:38:46.463Z,5261,0,0,0,0,2272,7534,1,0,2273,1,true,2026-10-02T15:05:04.500Z,2026-10-02T15:38:45.336Z,2126.956105696,2337062278142
2026-10-02T15:38:47.466Z,5270,0,0,0,0,2274,7545,1,0,2275,1,true,2026-10-02T15:05:04.500Z,2026-10-02T15:38:46.340Z,2127.95997688,2338066098094
2026-10-02T15:38:48.474Z,5276,0,0,0,0,2279,7556,1,0,2280,1,true,2026-10-02T15:05:04.500Z,2026-10-02T15:38:47.344Z,2128.96431328,2339070385294
2026-10-02T15:38:49.470Z,5285,0,0,0,0,2282,7568,1,0,2283,1,true,2026-10-02T15:05:04.500Z,2026-10-02T15:38:48.346Z,2129.9657273440002,2340071923422
2026-10-02T15:38:50.479Z,5291,0,0,0,0,2287,7579,1,0,2288,1,true,2026-10-02T15:05:04.500Z,2026-10-02T15:38:49.344Z,2130.970217088,2341070316830
2026-10-02T15:38:51.475Z,5293,0,0,0,0,2296,7590,1,0,2297,1,true,2026-10-02T15:05:04.500Z,2026-10-02T15:38:50.347Z,2131.9670632,2342073243310
2026-10-02T15:38:52.465Z,5298,0,0,0,0,2302,7601,1,0,2303,1,true,2026-10-02T15:05:04.500Z,2026-10-02T15:38:51.345Z,2132.965396688,2343071575694
2026-10-02T15:38:51.708Z,5307,0,0,0,0,2304,7612,1,0,2305,1,true,2026-10-02T15:05:04.500Z,2026-10-02T15:38:52.346Z,2133.966467616,2344072610302
2026-10-02T15:38:52.703Z,5314,0,0,0,0,2309,7624,1,0,2310,1,true,2026-10-02T15:05:04.500Z,2026-10-02T15:38:53.349Z,2134.968788448,2345074966382
2026-10-02T15:38:53.726Z,5325,0,0,0,0,2309,7635,1,0,2310,1,true,2026-10-02T15:05:04.500Z,2026-10-02T15:38:54.369Z,2135.989382,2346095575294
2026-10-02T15:38:54.717Z,5333,0,0,0,0,2312,7646,1,0,2313,1,true,2026-10-02T15:05:04.500Z,2026-10-02T15:38:55.357Z,2136.977108672,2347083286078
2026-10-02T15:38:55.707Z,5342,0,0,0,0,2314,7657,1,0,2315,1,true,2026-10-02T15:05:04.500Z,2026-10-02T15:38:56.352Z,2137.972178048,2348078351534
2026-10-02T15:38:56.729Z,5352,0,0,0,0,2315,7668,1,0,2316,1,true,2026-10-02T15:05:04.500Z,2026-10-02T15:38:57.372Z,2138.99230376,2349098476830
2026-10-02T15:38:57.712Z,5361,0,0,0,0,2318,7680,1,0,2319,1,true,2026-10-02T15:05:04.500Z,2026-10-02T15:38:58.350Z,2139.970343328,2350076116174
2026-10-02T15:38:58.741Z,5370,0,0,0,0,2320,7691,1,0,2321,1,true,2026-10-02T15:05:04.500Z,2026-10-02T15:38:59.380Z,2141.00053248,2351106707950
2026-10-02T15:38:59.706Z,5377,0,0,0,0,2324,7702,1,0,2325,1,true,2026-10-02T15:05:04.500Z,2026-10-02T15:39:00.349Z,2141.969568128,2352075712222
2026-10-02T15:39:00.717Z,5387,0,0,0,0,2325,7713,1,0,2326,1,true,2026-10-02T15:05:04.500Z,2026-10-02T15:39:01.357Z,2142.9768391840003,2353082981582
2026-10-02T15:39:01.737Z,5398,0,0,0,0,2325,7724,1,0,2326,1,true,2026-10-02T15:05:04.500Z,2026-10-02T15:39:02.383Z,2144.00291664,2354109096734
2026-10-02T15:39:02.939Z,5404,0,0,0,0,2333,7738,1,0,2334,1,true,2026-10-02T15:05:04.500Z,2026-10-02T15:39:03.560Z,2145.18164696,2355285895086
2026-10-02T15:39:03.724Z,5404,0,0,0,0,2342,7747,1,0,2343,1,true,2026-10-02T15:05:04.500Z,2026-10-02T15:39:04.359Z,2145.979282608,2356085377166
2026-10-02T15:39:04.714Z,5407,0,0,0,0,2350,7758,1,0,2351,1,true,2026-10-02T15:05:04.500Z,2026-10-02T15:39:05.356Z,2146.976127664,2357082301950
2026-10-02T15:39:05.726Z,5414,0,0,0,0,2354,7769,1,0,2355,1,true,2026-10-02T15:05:04.500Z,2026-10-02T15:39:06.365Z,2147.985207584,2358091172910
2026-10-02T15:39:06.712Z,5420,0,0,0,0,2359,7780,1,0,2360,1,true,2026-10-02T15:05:04.500Z,2026-10-02T15:39:07.356Z,2148.976268256,2359082381982
2026-10-02T15:39:07.725Z,5428,0,0,0,0,2363,7792,1,0,2364,1,true,2026-10-02T15:05:04.500Z,2026-10-02T15:39:08.369Z,2149.9894224,2360095605358
2026-10-02T15:39:08.727Z,5434,0,0,0,0,2368,7803,1,0,2369,1,true,2026-10-02T15:05:04.500Z,2026-10-02T15:39:09.363Z,2150.983401568,2361089513918
2026-10-02T15:39:09.724Z,5438,0,0,0,0,2375,7814,1,0,2376,1,true,2026-10-02T15:05:04.500Z,2026-10-02T15:39:10.363Z,2151.983503296,2362089678158
2026-10-02T15:39:10.721Z,5444,0,0,0,0,2380,7825,1,0,2381,1,true,2026-10-02T15:05:04.500Z,2026-10-02T15:39:09.660Z,2152.980381728,2363086479886
2026-10-02T15:39:11.726Z,5451,0,0,0,0,2384,7836,1,0,2385,1,true,2026-10-02T15:05:04.500Z,2026-10-02T15:39:10.666Z,2153.98665736,2364092263422
2026-10-02T15:39:12.712Z,5460,0,0,0,0,2387,7848,1,0,2388,1,true,2026-10-02T15:05:04.500Z,2026-10-02T15:39:11.658Z,2154.978740992,2365084884558
2026-10-02T15:39:13.717Z,5470,0,0,0,0,2388,7859,1,0,2389,1,true,2026-10-02T15:05:04.500Z,2026-10-02T15:39:12.660Z,2155.98037432,2366086553070
2026-10-02T15:39:14.718Z,5479,0,0,0,0,2390,7870,1,0,2391,1,true,2026-10-02T15:05:04.500Z,2026-10-02T15:39:13.660Z,2156.98066072,2367086809102
2026-10-02T15:39:15.712Z,5484,0,0,0,0,2396,7881,1,0,2397,1,true,2026-10-02T15:05:04.500Z,2026-10-02T15:39:14.657Z,2157.977308016,2368083478030
2026-10-02T15:39:16.715Z,5491,0,0,0,0,2400,7892,1,0,2401,1,true,2026-10-02T15:05:04.500Z,2026-10-02T15:39:15.659Z,2158.978886384,2369085061374
2026-10-02T15:39:17.732Z,5498,0,0,0,0,2405,7904,1,0,2406,1,true,2026-10-02T15:05:04.500Z,2026-10-02T15:39:16.676Z,2159.995814448,2370101975934
2026-10-02T15:39:18.718Z,5503,0,0,0,0,2411,7915,1,0,2412,1,true,2026-10-02T15:05:04.500Z,2026-10-02T15:39:17.657Z,2160.97757904,2371083727758
2026-10-02T15:39:19.745Z,5512,0,0,0,0,2413,7926,1,0,2414,1,true,2026-10-02T15:05:04.500Z,2026-10-02T15:39:18.686Z,2162.006512816,2372112620670
2026-10-02T15:39:20.749Z,5520,0,0,0,0,2416,7937,1,0,2417,1,true,2026-10-02T15:05:04.500Z,2026-10-02T15:39:19.690Z,2163.010216736,2373116127550
2026-10-02T15:39:21.726Z,5526,0,0,0,0,2421,7948,1,0,2422,1,true,2026-10-02T15:05:04.500Z,2026-10-02T15:39:20.669Z,2163.988986096,2374095154270
2026-10-02T15:39:22.765Z,5535,0,0,0,0,2424,7960,1,0,2425,1,true,2026-10-02T15:05:04.500Z,2026-10-02T15:39:21.704Z,2165.0242194400003,2375130356142
2026-10-02T15:39:21.989Z,5542,0,0,0,0,2428,7971,1,0,2429,1,true,2026-10-02T15:05:04.500Z,2026-10-02T15:39:22.663Z,2165.98342768,2376089601902
2026-10-02T15:39:23.044Z,5550,0,0,0,0,2432,7983,1,0,2433,1,true,2026-10-02T15:05:04.500Z,2026-10-02T15:39:23.720Z,2167.040552944,2377146739822
2026-10-02T15:39:23.989Z,5558,0,0,0,0,2434,7993,1,0,2435,1,true,2026-10-02T15:05:04.500Z,2026-10-02T15:39:24.664Z,2167.985230288,2378090048446
2026-10-02T15:39:24.993Z,5568,0,0,0,0,2435,8004,1,0,2436,1,true,2026-10-02T15:05:04.500Z,2026-10-02T15:39:25.672Z,2168.992043328,2379098162542
2026-10-02T15:39:26.009Z,5580,0,0,0,0,2435,8016,1,0,2436,1,true,2026-10-02T15:05:04.500Z,2026-10-02T15:39:26.689Z,2170.009432208,2380115623358
2026-10-02T15:39:26.991Z,5590,0,0,0,0,2436,8027,1,0,2437,1,true,2026-10-02T15:05:04.500Z,2026-10-02T15:39:27.665Z,2170.9855103200002,2381091691998
2026-10-02T15:39:28.225Z,5598,0,0,0,0,2441,8040,1,0,2442,1,true,2026-10-02T15:05:04.500Z,2026-10-02T15:39:28.867Z,2172.18783496,2382293427326
2026-10-02T15:39:28.999Z,5598,0,0,0,0,2450,8049,1,0,2451,1,true,2026-10-02T15:05:04.500Z,2026-10-02T15:39:29.674Z,2172.99415696,2383100017342
2026-10-02T15:39:29.999Z,5602,0,0,0,0,2457,8060,1,0,2458,1,true,2026-10-02T15:05:04.500Z,2026-10-02T15:39:30.675Z,2173.995086624,2384101270574
2026-10-02T15:39:30.997Z,5610,0,0,0,0,2461,8072,1,0,2462,1,true,2026-10-02T15:05:04.500Z,2026-10-02T15:39:31.675Z,2174.9947856,2385100967262
2026-10-02T15:39:32.015Z,5620,0,0,0,0,2462,8083,1,0,2463,1,true,2026-10-02T15:05:04.500Z,2026-10-02T15:39:32.689Z,2176.009648288,2386115804206
2026-10-02T15:39:33.004Z,5629,0,0,0,0,2464,8094,1,0,2465,1,true,2026-10-02T15:05:04.500Z,2026-10-02T15:39:33.680Z,2177.000705328,2387106864414
2026-10-02T15:39:34.025Z,5639,0,0,0,0,2466,8106,1,0,2467,1,true,2026-10-02T15:05:04.500Z,2026-10-02T15:39:34.701Z,2178.02171056,2388127900766
2026-10-02T15:39:35.031Z,5648,0,0,0,0,2468,8117,1,0,2469,1,true,2026-10-02T15:05:04.500Z,2026-10-02T15:39:35.708Z,2179.02781248,2389134002622
2026-10-02T15:39:36.009Z,5658,0,0,0,0,2469,8128,1,0,2470,1,true,2026-10-02T15:05:04.500Z,2026-10-02T15:39:36.687Z,2180.0077024,2390113857854
2026-10-02T15:39:37.012Z,5669,0,0,0,0,2469,8139,1,0,2470,1,true,2026-10-02T15:05:04.500Z,2026-10-02T15:39:37.688Z,2181.0079512,2391112309422
2026-10-02T15:39:38.023Z,5679,0,0,0,0,2470,8150,1,0,2471,1,true,2026-10-02T15:05:04.500Z,2026-10-02T15:39:38.697Z,2182.01774184,2392123917438
2026-10-02T15:39:39.028Z,5687,0,0,0,0,2473,8161,1,0,2474,1,true,2026-10-02T15:05:04.500Z,2026-10-02T15:39:39.701Z,2183.0210804480002,2393127243630
2026-10-02T15:39:40.117Z,5693,0,0,0,0,2479,8173,1,0,2480,1,true,2026-10-02T15:05:04.500Z,2026-10-02T15:39:40.789Z,2184.109780544,2394215922222
2026-10-02T15:39:41.098Z,5697,0,0,0,0,2487,8185,1,0,2488,1,true,2026-10-02T15:05:04.500Z,2026-10-02T15:39:40.005Z,2185.08560304,2395191729886
2026-10-02T15:39:42.054Z,5700,0,0,0,0,2495,8196,1,0,2496,1,true,2026-10-02T15:05:04.500Z,2026-10-02T15:39:40.962Z,2186.043121712,2396149290478
2026-10-02T15:39:43.040Z,5707,0,0,0,0,2499,8207,1,0,2500,1,true,2026-10-02T15:05:04.500Z,2026-10-02T15:39:41.948Z,2187.0293816,2397135527678
2026-10-02T15:39:44.032Z,5715,0,0,0,0,2502,8218,1,0,2503,1,true,2026-10-02T15:05:04.500Z,2026-10-02T15:39:42.946Z,2188.026862864,2398133031806
2026-10-02T15:39:45.040Z,5723,0,0,0,0,2505,8229,1,0,2506,1,true,2026-10-02T15:05:04.500Z,2026-10-02T15:39:43.952Z,2189.033357024,2399139528014
2026-10-02T15:39:46.091Z,5732,0,0,0,0,2508,8241,1,0,2509,1,true,2026-10-02T15:05:04.500Z,2026-10-02T15:39:44.955Z,2190.03546616,2400141631438
2026-10-02T15:39:47.043Z,5739,0,0,0,0,2512,8252,1,0,2513,1,true,2026-10-02T15:05:04.500Z,2026-10-02T15:39:45.959Z,2191.040242336,2401146271886
2026-10-02T15:39:48.048Z,5747,0,0,0,0,2515,8263,1,0,2516,1,true,2026-10-02T15:05:04.500Z,2026-10-02T15:39:46.965Z,2192.045403376,2402151591518
2026-10-02T15:39:49.044Z,5757,0,0,0,0,2516,8274,1,0,2517,1,true,2026-10-02T15:05:04.500Z,2026-10-02T15:39:47.960Z,2193.040745264,2403146942158
2026-10-02T15:39:50.040Z,5767,0,0,0,0,2517,8285,1,0,2518,1,true,2026-10-02T15:05:04.500Z,2026-10-02T15:39:48.956Z,2194.0364936,2404142629998
2026-10-02T15:39:51.050Z,5773,0,0,0,0,2523,8297,1,0,2524,1,true,2026-10-02T15:05:04.500Z,2026-10-02T15:39:49.961Z,2195.04245832,2405148053518
2026-10-02T15:39:52.050Z,5784,0,0,0,0,2523,8308,1,0,2524,1,true,2026-10-02T15:05:04.500Z,2026-10-02T15:39:50.967Z,2196.047742032,2406153908430
2026-10-02T15:39:53.040Z,5795,0,0,0,0,2523,8319,1,0,2524,1,true,2026-10-02T15:05:04.500Z,2026-10-02T15:39:51.952Z,2197.033165616,2407139350670
2026-10-02T15:39:52.261Z,5806,0,0,0,0,2523,8330,1,0,2524,1,true,2026-10-02T15:05:04.500Z,2026-10-02T15:39:52.955Z,2198.036251936,2408142432238
2026-10-02T15:39:53.264Z,5815,0,0,0,0,2525,8341,1,0,2526,1,true,2026-10-02T15:05:04.500Z,2026-10-02T15:39:53.962Z,2199.042726928,2409148898270
2026-10-02T15:39:54.311Z,5825,0,0,0,0,2527,8353,1,0,2528,1,true,2026-10-02T15:05:04.500Z,2026-10-02T15:39:55.004Z,2200.084506896,2410190668686
2026-10-02T15:39:55.356Z,5833,0,0,0,0,2531,8365,1,0,2532,1,true,2026-10-02T15:05:04.500Z,2026-10-02T15:39:56.048Z,2201.128542832,2411234695582
2026-10-02T15:39:56.605Z,5841,0,0,0,0,2534,8376,1,0,2537,1,true,2026-10-02T15:05:04.500Z,2026-10-02T15:39:57.278Z,2202.360364528,2412464647246
2026-10-02T15:39:57.280Z,5842,0,0,0,0,2543,8386,1,0,2544,1,true,2026-10-02T15:05:04.500Z,2026-10-02T15:39:57.968Z,2203.049023856,2413155167182
2026-10-02T15:39:58.271Z,5849,0,0,0,0,2547,8397,1,0,2548,1,true,2026-10-02T15:05:04.500Z,2026-10-02T15:39:58.973Z,2204.053915424,2414160113502
2026-10-02T15:39:59.283Z,5859,0,0,0,0,2549,8409,1,0,2550,1,true,2026-10-02T15:05:04.500Z,2026-10-02T15:39:59.981Z,2205.0615372800003,2415167728078
2026-10-02T15:40:00.257Z,5870,0,0,0,0,2549,8420,1,0,2550,1,true,2026-10-02T15:05:04.500Z,2026-10-02T15:40:00.956Z,2206.036890912,2416142917790
2026-10-02T15:40:01.261Z,5881,0,0,0,0,2549,8431,1,0,2550,1,true,2026-10-02T15:05:04.500Z,2026-10-02T15:40:01.958Z,2207.039163328,2417145261998
2026-10-02T15:40:02.282Z,5892,0,0,0,0,2549,8442,1,0,2550,1,true,2026-10-02T15:05:04.500Z,2026-10-02T15:40:02.971Z,2208.051932672,2418158107918
2026-10-02T15:40:03.261Z,5902,0,0,0,0,2550,8453,1,0,2551,1,true,2026-10-02T15:05:04.500Z,2026-10-02T15:40:03.959Z,2209.039723184,2419145912046
2026-10-02T15:40:04.270Z,5911,0,0,0,0,2553,8465,1,0,2554,1,true,2026-10-02T15:05:04.500Z,2026-10-02T15:40:04.966Z,2210.046926,2420153080078
2026-10-02T15:40:05.397Z,5922,0,0,0,0,2554,8477,1,0,2555,1,true,2026-10-02T15:05:04.500Z,2026-10-02T15:40:06.092Z,2211.172560416,2421278750350
2026-10-02T15:40:06.289Z,5929,0,0,0,0,2557,8487,1,0,2558,1,true,2026-10-02T15:05:04.500Z,2026-10-02T15:40:06.979Z,2212.061125568,2422165944798
2026-10-02T15:40:07.275Z,5940,0,0,0,0,2557,8498,1,0,2558,1,true,2026-10-02T15:05:04.500Z,2026-10-02T15:40:07.971Z,2213.052227136,2423158390334
2026-10-02T15:40:08.274Z,5950,0,0,0,0,2558,8509,1,0,2559,1,true,2026-10-02T15:05:04.500Z,2026-10-02T15:40:08.975Z,2214.0559153120003,2424162101006
2026-10-02T15:40:09.284Z,5957,0,0,0,0,2563,8521,1,0,2564,1,true,2026-10-02T15:05:04.500Z,2026-10-02T15:40:09.976Z,2215.0570165120002,2425163187118
2026-10-02T15:40:10.275Z,5966,0,0,0,0,2565,8532,1,0,2566,1,true,2026-10-02T15:05:04.500Z,2026-10-02T15:40:10.972Z,2216.0532220640002,2426159408814
2026-10-02T15:40:11.288Z,5975,0,0,0,0,2567,8543,1,0,2568,1,true,2026-10-02T15:05:04.500Z,2026-10-02T15:40:10.168Z,2217.056784768,2427162918318
2026-10-02T15:40:12.274Z,5981,0,0,0,0,2572,8554,1,0,2573,1,true,2026-10-02T15:05:04.500Z,2026-10-02T15:40:11.166Z,2218.054947264,2428161093982
2026-10-02T15:40:13.279Z,5993,0,0,0,0,2571,8565,1,0,2572,1,true,2026-10-02T15:05:04.500Z,2026-10-02T15:40:12.171Z,2219.05977984,2429165959742
2026-10-02T15:40:14.275Z,6004,0,0,0,0,2572,8577,1,0,2573,1,true,2026-10-02T15:05:04.500Z,2026-10-02T15:40:13.168Z,2220.057050128,2430163191614
2026-10-02T15:40:15.292Z,6014,0,0,0,0,2573,8588,1,0,2574,1,true,2026-10-02T15:05:04.500Z,2026-10-02T15:40:14.181Z,2221.06979616,2431175965454
2026-10-02T15:40:16.354Z,6022,0,0,0,0,2576,8599,1,0,2577,1,true,2026-10-02T15:05:04.500Z,2026-10-02T15:40:15.231Z,2222.119358624,2432225545102
2026-10-02T15:40:17.290Z,6027,0,0,0,0,2582,8610,1,0,2583,1,true,2026-10-02T15:05:04.500Z,2026-10-02T15:40:16.179Z,2223.06780656,2433173988398
2026-10-02T15:40:18.331Z,6035,0,0,0,0,2585,8621,1,0,2586,1,true,2026-10-02T15:05:04.500Z,2026-10-02T15:40:17.190Z,2224.080093296,2434185269454
2026-10-02T15:40:19.292Z,6044,0,0,0,0,2588,8633,1,0,2589,1,true,2026-10-02T15:05:04.500Z,2026-10-02T15:40:18.180Z,2225.068669088,2435174797374
2026-10-02T15:40:20.310Z,6050,0,0,0,0,2593,8644,1,0,2594,1,true,2026-10-02T15:05:04.500Z,2026-10-02T15:40:19.199Z,2226.087347856,2436193461630
2026-10-02T15:40:21.339Z,6057,0,0,0,0,2597,8655,1,0,2598,1,true,2026-10-02T15:05:04.500Z,2026-10-02T15:40:20.228Z,2227.116776592,2437222958846
2026-10-02T15:40:22.362Z,6065,0,0,0,0,2601,8667,1,0,2602,1,true,2026-10-02T15:05:04.500Z,2026-10-02T15:40:21.247Z,2228.136127824,2438242237822
2026-10-02T15:40:23.398Z,6071,0,0,0,0,2606,8678,1,0,2607,1,true,2026-10-02T15:05:04.500Z,2026-10-02T15:40:22.287Z,2229.17584528,2439282027342
2026-10-02T15:40:22.630Z,6081,0,0,0,0,2608,8690,1,0,2609,1,true,2026-10-02T15:05:04.500Z,2026-10-02T15:40:23.291Z,2230.17932776,2440285489086
2026-10-02T15:40:23.639Z,6092,0,0,0,0,2608,8701,1,0,2609,1,true,2026-10-02T15:05:04.500Z,2026-10-02T15:40:24.299Z,2231.187770032,2441293910206
2026-10-02T15:40:24.632Z,6103,0,0,0,0,2608,8712,1,0,2609,1,true,2026-10-02T15:05:04.500Z,2026-10-02T15:40:25.294Z,2232.182582048,2442288764542
2026-10-02T15:40:25.672Z,6114,0,0,0,0,2609,8724,1,0,2610,1,true,2026-10-02T15:05:04.500Z,2026-10-02T15:40:26.332Z,2233.220415952,2443326589614
2026-10-02T15:40:26.827Z,6121,0,0,0,0,2614,8736,1,0,2615,1,true,2026-10-02T15:05:04.500Z,2026-10-02T15:40:27.468Z,2234.358964256,2444463074014
2026-10-02T15:40:27.647Z,6121,0,0,0,0,2624,8746,1,0,2625,1,true,2026-10-02T15:05:04.500Z,2026-10-02T15:40:28.302Z,2235.19121832,2445297382414
2026-10-02T15:40:28.687Z,6127,0,0,0,0,2630,8758,1,0,2631,1,true,2026-10-02T15:05:04.500Z,2026-10-02T15:40:29.348Z,2236.236750672,2446342575230
2026-10-02T15:40:29.647Z,6136,0,0,0,0,2631,8768,1,0,2632,1,true,2026-10-02T15:05:04.500Z,2026-10-02T15:40:30.307Z,2237.195681152,2447301872686
2026-10-02T15:40:30.650Z,6146,0,0,0,0,2632,8779,1,0,2633,1,true,2026-10-02T15:05:04.500Z,2026-10-02T15:40:31.308Z,2238.196997696,2448303180190
2026-10-02T15:40:31.650Z,6157,0,0,0,0,2632,8790,1,0,2633,1,true,2026-10-02T15:05:04.500Z,2026-10-02T15:40:32.311Z,2239.1994935840003,2449305675166
2026-10-02T15:40:32.660Z,6168,0,0,0,0,2633,8802,1,0,2634,1,true,2026-10-02T15:05:04.500Z,2026-10-02T15:40:33.320Z,2240.20863624,2450314834254
2026-10-02T15:40:33.667Z,6178,0,0,0,0,2634,8813,1,0,2635,1,true,2026-10-02T15:05:04.500Z,2026-10-02T15:40:34.327Z,2241.216075136,2451322189566
2026-10-02T15:40:34.655Z,6188,0,0,0,0,2635,8824,1,0,2636,1,true,2026-10-02T15:05:04.500Z,2026-10-02T15:40:35.317Z,2242.2060137920002,2452312162350
2026-10-02T15:40:35.676Z,6198,0,0,0,0,2636,8835,1,0,2637,1,true,2026-10-02T15:05:04.500Z,2026-10-02T15:40:36.329Z,2243.217628656,2453323663390
2026-10-02T15:40:36.664Z,6209,0,0,0,0,2636,8846,1,0,2637,1,true,2026-10-02T15:05:04.500Z,2026-10-02T15:40:37.319Z,2244.20795288,2454314096238
2026-10-02T15:40:37.664Z,6218,0,0,0,0,2639,8858,1,0,2640,1,true,2026-10-02T15:05:04.500Z,2026-10-02T15:40:38.322Z,2245.210488544,2455316347150
2026-10-02T15:40:38.678Z,6225,0,0,0,0,2643,8869,1,0,2644,1,true,2026-10-02T15:05:04.500Z,2026-10-02T15:40:39.327Z,2246.21591424,2456322000766
2026-10-02T15:40:39.668Z,6234,0,0,0,0,2645,8880,1,0,2646,1,true,2026-10-02T15:05:04.500Z,2026-10-02T15:40:40.323Z,2247.212369312,2457318272718
2026-10-02T15:40:40.694Z,6244,0,0,0,0,2647,8892,1,0,2648,1,true,2026-10-02T15:05:04.500Z,2026-10-02T15:40:41.343Z,2248.23168416,2458337819358
2026-10-02T15:40:41.703Z,6251,0,0,0,0,2651,8903,1,0,2652,1,true,2026-10-02T15:05:04.500Z,2026-10-02T15:40:40.612Z,2249.248229808,2459354407902
2026-10-02T15:40:42.713Z,6262,0,0,0,0,2652,8915,1,0,2653,1,true,2026-10-02T15:05:04.500Z,2026-10-02T15:40:41.624Z,2250.260581152,2460366615390
2026-10-02T15:40:43.718Z,6273,0,0,0,0,2652,8926,1,0,2653,1,true,2026-10-02T15:05:04.500Z,2026-10-02T15:40:42.627Z,2251.263676016,2461369856958
2026-10-02T15:40:44.716Z,6284,0,0,0,0,2652,8937,1,0,2653,1,true,2026-10-02T15:05:04.500Z,2026-10-02T15:40:43.623Z,2252.259624944,2462365790542
2026-10-02T15:40:45.717Z,6295,0,0,0,0,2652,8948,1,0,2653,1,true,2026-10-02T15:05:04.500Z,2026-10-02T15:40:44.629Z,2253.2654925760003,2463371685230
2026-10-02T15:40:46.723Z,6303,0,0,0,0,2655,8959,1,0,2656,1,true,2026-10-02T15:05:04.500Z,2026-10-02T15:40:45.635Z,2254.271134944,2464377244286
2026-10-02T15:40:47.737Z,6311,0,0,0,0,2659,8971,1,0,2660,1,true,2026-10-02T15:05:04.500Z,2026-10-02T15:40:46.642Z,2255.278734128,2465384910238
2026-10-02T15:40:48.721Z,6322,0,0,0,0,2659,8982,1,0,2660,1,true,2026-10-02T15:05:04.500Z,2026-10-02T15:40:47.631Z,2256.2672712,2466373290286
2026-10-02T15:40:49.721Z,6332,0,0,0,0,2660,8993,1,0,2661,1,true,2026-10-02T15:05:04.500Z,2026-10-02T15:40:48.631Z,2257.267351744,2467373350046
2026-10-02T15:40:50.745Z,6339,0,0,0,0,2664,9004,1,0,2665,1,true,2026-10-02T15:05:04.500Z,2026-10-02T15:40:49.647Z,2258.28332912,2468389477806
2026-10-02T15:40:51.734Z,6346,0,0,0,0,2668,9015,1,0,2669,1,true,2026-10-02T15:05:04.500Z,2026-10-02T15:40:50.642Z,2259.278499856,2469384651486
2026-10-02T15:40:52.747Z,6354,0,0,0,0,2672,9027,1,0,2673,1,true,2026-10-02T15:05:04.500Z,2026-10-02T15:40:51.645Z,2260.281501248,2470387670990
2026-10-02T15:40:53.742Z,6360,0,0,0,0,2677,9038,1,0,2678,1,true,2026-10-02T15:05:04.500Z,2026-10-02T15:40:52.645Z,2261.2813278080002,2471387508094
2026-10-02T15:40:54.728Z,6366,0,0,0,0,2682,9049,1,0,2683,1,true,2026-10-02T15:05:04.500Z,2026-10-02T15:40:53.637Z,2262.27290256,2472379086910
2026-10-02T15:40:53.973Z,6373,0,0,0,0,2686,9060,1,0,2687,1,true,2026-10-02T15:05:04.500Z,2026-10-02T15:40:54.639Z,2263.275230112,2473381359950
2026-10-02T15:40:54.980Z,6380,0,0,0,0,2690,9071,1,0,2691,1,true,2026-10-02T15:05:04.500Z,2026-10-02T15:40:55.637Z,2264.2732623360002,2474379373374
