ts_utc,container,cpu_pct,mem_bytes,mem_pct,host
2026-10-02T15:29:35Z,egw-mosquitto-1,4.51,4722688,3.52,egw-qemu-integrated
2026-10-02T15:29:35Z,egw-ditto-things-1,51.59,594325504,73.80,egw-qemu-integrated
2026-10-02T15:29:35Z,egw-ditto-policies-1,53.82,548995072,68.17,egw-qemu-integrated
2026-10-02T15:29:35Z,egw-mongodb-1,80.62,398741504,74.27,egw-qemu-integrated
2026-10-02T15:29:35Z,egw-ditto-gateway-1,61.14,542953472,67.42,egw-qemu-integrated
2026-10-02T15:29:35Z,egw-controller-1,71.38,69869568,26.03,egw-qemu-integrated
2026-10-02T15:29:36Z,egw-mosquitto-1,2.29,4718592,3.52,egw-qemu-integrated
2026-10-02T15:29:36Z,egw-ditto-things-1,123.81,594489344,73.82,egw-qemu-integrated
2026-10-02T15:29:36Z,egw-ditto-policies-1,18.97,548995072,68.17,egw-qemu-integrated
2026-10-02T15:29:36Z,egw-mongodb-1,91.59,400977920,74.69,egw-qemu-integrated
2026-10-02T15:29:36Z,egw-ditto-gateway-1,41.28,542928896,67.42,egw-qemu-integrated
2026-10-02T15:29:36Z,egw-controller-1,76.83,57708544,21.50,egw-qemu-integrated
2026-10-02T15:29:37Z,egw-mosquitto-1,4.43,4460544,3.32,egw-qemu-integrated
2026-10-02T15:29:37Z,egw-ditto-things-1,12.24,594448384,73.82,egw-qemu-integrated
2026-10-02T15:29:37Z,egw-ditto-policies-1,26.78,548995072,68.17,egw-qemu-integrated
2026-10-02T15:29:37Z,egw-mongodb-1,107.96,404529152,75.35,egw-qemu-integrated
2026-10-02T15:29:37Z,egw-ditto-gateway-1,91.71,543719424,67.52,egw-qemu-integrated
2026-10-02T15:29:37Z,egw-controller-1,9.72,57716736,21.50,egw-qemu-integrated
2026-10-02T15:29:38Z,egw-mosquitto-1,1.94,4464640,3.33,egw-qemu-integrated
2026-10-02T15:29:38Z,egw-ditto-things-1,12.43,594448384,73.82,egw-qemu-integrated
2026-10-02T15:29:38Z,egw-ditto-policies-1,98.39,549580800,68.24,egw-qemu-integrated
2026-10-02T15:29:38Z,egw-mongodb-1,134.98,411705344,76.69,egw-qemu-integrated
2026-10-02T15:29:38Z,egw-ditto-gateway-1,69.52,543674368,67.51,egw-qemu-integrated
2026-10-02T15:29:38Z,egw-controller-1,5.45,57974784,21.60,egw-qemu-integrated
2026-10-02T15:29:39Z,egw-mosquitto-1,1.91,4468736,3.33,egw-qemu-integrated
2026-10-02T15:29:39Z,egw-ditto-things-1,13.07,594448384,73.82,egw-qemu-integrated
2026-10-02T15:29:39Z,egw-ditto-policies-1,178.79,553570304,68.74,egw-qemu-integrated
2026-10-02T15:29:39Z,egw-mongodb-1,53.49,244166656,45.48,egw-qemu-integrated
2026-10-02T15:29:39Z,egw-ditto-gateway-1,21.89,543674368,67.51,egw-qemu-integrated
2026-10-02T15:29:39Z,egw-controller-1,6.30,57712640,21.50,egw-qemu-integrated
2026-10-02T15:29:40Z,egw-mosquitto-1,2.04,4472832,3.33,egw-qemu-integrated
2026-10-02T15:29:40Z,egw-ditto-things-1,44.62,594817024,73.86,egw-qemu-integrated
2026-10-02T15:29:40Z,egw-ditto-policies-1,158.73,554254336,68.83,egw-qemu-integrated
2026-10-02T15:29:40Z,egw-mongodb-1,9.22,244436992,45.53,egw-qemu-integrated
2026-10-02T15:29:40Z,egw-ditto-gateway-1,50.31,544055296,67.56,egw-qemu-integrated
2026-10-02T15:29:40Z,egw-controller-1,7.25,57716736,21.50,egw-qemu-integrated
2026-10-02T15:29:41Z,egw-mosquitto-1,1.97,4476928,3.34,egw-qemu-integrated
2026-10-02T15:29:41Z,egw-ditto-things-1,81.01,595480576,73.94,egw-qemu-integrated
2026-10-02T15:29:41Z,egw-ditto-policies-1,121.00,555327488,68.96,egw-qemu-integrated
2026-10-02T15:29:41Z,egw-mongodb-1,2.90,244174848,45.48,egw-qemu-integrated
2026-10-02T15:29:41Z,egw-ditto-gateway-1,33.90,544444416,67.61,egw-qemu-integrated
2026-10-02T15:29:41Z,egw-controller-1,5.27,57712640,21.50,egw-qemu-integrated
2026-10-02T15:29:42Z,egw-mosquitto-1,1.77,4485120,3.34,egw-qemu-integrated
2026-10-02T15:29:42Z,egw-ditto-things-1,60.27,595521536,73.95,egw-qemu-integrated
2026-10-02T15:29:42Z,egw-ditto-policies-1,65.90,555921408,69.03,egw-qemu-integrated
2026-10-02T15:29:42Z,egw-mongodb-1,7.27,244174848,45.48,egw-qemu-integrated
2026-10-02T15:29:42Z,egw-ditto-gateway-1,70.93,544083968,67.56,egw-qemu-integrated
2026-10-02T15:29:42Z,egw-controller-1,15.83,57716736,21.50,egw-qemu-integrated
2026-10-02T15:29:43Z,egw-mosquitto-1,57.09,6705152,5.00,egw-qemu-integrated
2026-10-02T15:29:43Z,egw-ditto-things-1,49.81,595898368,74.00,egw-qemu-integrated
2026-10-02T15:29:43Z,egw-ditto-policies-1,50.53,555749376,69.01,egw-qemu-integrated
2026-10-02T15:29:43Z,egw-mongodb-1,7.80,244174848,45.48,egw-qemu-integrated
2026-10-02T15:29:43Z,egw-ditto-gateway-1,84.52,544083968,67.56,egw-qemu-integrated
2026-10-02T15:29:43Z,egw-controller-1,14.30,57720832,21.50,egw-qemu-integrated
2026-10-02T15:29:44Z,egw-mosquitto-1,14.73,4505600,3.36,egw-qemu-integrated
2026-10-02T15:29:44Z,egw-ditto-things-1,89.54,596373504,74.06,egw-qemu-integrated
2026-10-02T15:29:44Z,egw-ditto-policies-1,53.43,555892736,69.03,egw-qemu-integrated
2026-10-02T15:29:44Z,egw-mongodb-1,6.43,244174848,45.48,egw-qemu-integrated
2026-10-02T15:29:44Z,egw-ditto-gateway-1,79.31,544088064,67.56,egw-qemu-integrated
2026-10-02T15:29:44Z,egw-controller-1,19.13,57724928,21.50,egw-qemu-integrated
2026-10-02T15:29:45Z,egw-mosquitto-1,2.83,4509696,3.36,egw-qemu-integrated
2026-10-02T15:29:45Z,egw-ditto-things-1,51.46,595947520,74.00,egw-qemu-integrated
2026-10-02T15:29:45Z,egw-ditto-policies-1,44.51,556478464,69.10,egw-qemu-integrated
2026-10-02T15:29:45Z,egw-mongodb-1,4.87,244174848,45.48,egw-qemu-integrated
2026-10-02T15:29:45Z,egw-ditto-gateway-1,94.43,544108544,67.57,egw-qemu-integrated
2026-10-02T15:29:45Z,egw-controller-1,20.88,57720832,21.50,egw-qemu-integrated
2026-10-02T15:29:46Z,egw-mosquitto-1,2.17,4513792,3.36,egw-qemu-integrated
2026-10-02T15:29:46Z,egw-ditto-things-1,57.34,595906560,74.00,egw-qemu-integrated
2026-10-02T15:29:46Z,egw-ditto-policies-1,40.14,555782144,69.01,egw-qemu-integrated
2026-10-02T15:29:46Z,egw-mongodb-1,7.28,244174848,45.48,egw-qemu-integrated
2026-10-02T15:29:46Z,egw-ditto-gateway-1,83.71,544112640,67.57,egw-qemu-integrated
2026-10-02T15:29:46Z,egw-controller-1,22.82,57982976,21.60,egw-qemu-integrated
2026-10-02T15:29:47Z,egw-mosquitto-1,2.23,4517888,3.37,egw-qemu-integrated
2026-10-02T15:29:47Z,egw-ditto-things-1,46.62,595947520,74.00,egw-qemu-integrated
2026-10-02T15:29:47Z,egw-ditto-policies-1,10.72,555782144,69.01,egw-qemu-integrated
2026-10-02T15:29:47Z,egw-mongodb-1,7.47,244441088,45.53,egw-qemu-integrated
2026-10-02T15:29:47Z,egw-ditto-gateway-1,113.97,544444416,67.61,egw-qemu-integrated
2026-10-02T15:29:47Z,egw-controller-1,22.95,57724928,21.50,egw-qemu-integrated
2026-10-02T15:29:48Z,egw-mosquitto-1,2.29,4521984,3.37,egw-qemu-integrated
2026-10-02T15:29:48Z,egw-ditto-things-1,96.58,596480000,74.07,egw-qemu-integrated
2026-10-02T15:29:48Z,egw-ditto-policies-1,10.09,555786240,69.02,egw-qemu-integrated
2026-10-02T15:29:48Z,egw-mongodb-1,7.53,244174848,45.48,egw-qemu-integrated
2026-10-02T15:29:48Z,egw-ditto-gateway-1,84.33,544444416,67.61,egw-qemu-integrated
2026-10-02T15:29:48Z,egw-controller-1,25.70,57733120,21.51,egw-qemu-integrated
2026-10-02T15:29:49Z,egw-mosquitto-1,2.23,4521984,3.37,egw-qemu-integrated
2026-10-02T15:29:49Z,egw-ditto-things-1,83.15,596250624,74.04,egw-qemu-integrated
2026-10-02T15:29:49Z,egw-ditto-policies-1,15.58,555814912,69.02,egw-qemu-integrated
2026-10-02T15:29:49Z,egw-mongodb-1,7.45,244174848,45.48,egw-qemu-integrated
2026-10-02T15:29:49Z,egw-ditto-gateway-1,69.83,544444416,67.61,egw-qemu-integrated
2026-10-02T15:29:49Z,egw-controller-1,26.75,57991168,21.60,egw-qemu-integrated
2026-10-02T15:29:50Z,egw-mosquitto-1,2.19,4517888,3.37,egw-qemu-integrated
2026-10-02T15:29:50Z,egw-ditto-things-1,53.96,596254720,74.04,egw-qemu-integrated
2026-10-02T15:29:50Z,egw-ditto-policies-1,9.28,555819008,69.02,egw-qemu-integrated
2026-10-02T15:29:50Z,egw-mongodb-1,8.43,244174848,45.48,egw-qemu-integrated
2026-10-02T15:29:50Z,egw-ditto-gateway-1,95.46,544444416,67.61,egw-qemu-integrated
2026-10-02T15:29:50Z,egw-controller-1,29.38,57733120,21.51,egw-qemu-integrated
2026-10-02T15:29:51Z,egw-mosquitto-1,2.15,4526080,3.37,egw-qemu-integrated
2026-10-02T15:29:51Z,egw-ditto-things-1,77.09,595959808,74.00,egw-qemu-integrated
2026-10-02T15:29:51Z,egw-ditto-policies-1,30.18,555839488,69.02,egw-qemu-integrated
2026-10-02T15:29:51Z,egw-mongodb-1,5.94,244174848,45.48,egw-qemu-integrated
2026-10-02T15:29:51Z,egw-ditto-gateway-1,122.81,544702464,67.64,egw-qemu-integrated
2026-10-02T15:29:51Z,egw-controller-1,26.37,57737216,21.51,egw-qemu-integrated
2026-10-02T15:29:52Z,egw-mosquitto-1,2.32,4530176,3.38,egw-qemu-integrated
2026-10-02T15:29:52Z,egw-ditto-things-1,81.74,598343680,74.30,egw-qemu-integrated
2026-10-02T15:29:52Z,egw-ditto-policies-1,9.58,555843584,69.02,egw-qemu-integrated
2026-10-02T15:29:52Z,egw-mongodb-1,7.34,244174848,45.48,egw-qemu-integrated
2026-10-02T15:29:52Z,egw-ditto-gateway-1,103.81,544448512,67.61,egw-qemu-integrated
2026-10-02T15:29:52Z,egw-controller-1,23.35,57741312,21.51,egw-qemu-integrated
2026-10-02T15:29:53Z,egw-mosquitto-1,2.09,4538368,3.38,egw-qemu-integrated
2026-10-02T15:29:53Z,egw-ditto-things-1,101.50,596013056,74.01,egw-qemu-integrated
2026-10-02T15:29:53Z,egw-ditto-policies-1,10.50,555839488,69.02,egw-qemu-integrated
2026-10-02T15:29:53Z,egw-mongodb-1,6.31,244178944,45.48,egw-qemu-integrated
2026-10-02T15:29:53Z,egw-ditto-gateway-1,132.73,544714752,67.64,egw-qemu-integrated
2026-10-02T15:29:53Z,egw-controller-1,24.41,57987072,21.60,egw-qemu-integrated
2026-10-02T15:29:54Z,egw-mosquitto-1,2.51,4538368,3.38,egw-qemu-integrated
2026-10-02T15:29:54Z,egw-ditto-things-1,68.27,596029440,74.01,egw-qemu-integrated
2026-10-02T15:29:54Z,egw-ditto-policies-1,12.32,555839488,69.02,egw-qemu-integrated
2026-10-02T15:29:54Z,egw-mongodb-1,7.67,244178944,45.48,egw-qemu-integrated
2026-10-02T15:29:54Z,egw-ditto-gateway-1,67.03,544497664,67.61,egw-qemu-integrated
2026-10-02T15:29:54Z,egw-controller-1,26.76,57733120,21.51,egw-qemu-integrated
2026-10-02T15:29:55Z,egw-mosquitto-1,2.35,4538368,3.38,egw-qemu-integrated
2026-10-02T15:29:55Z,egw-ditto-things-1,70.02,596037632,74.01,egw-qemu-integrated
2026-10-02T15:29:55Z,egw-ditto-policies-1,10.61,555839488,69.02,egw-qemu-integrated
2026-10-02T15:29:55Z,egw-mongodb-1,5.91,244178944,45.48,egw-qemu-integrated
2026-10-02T15:29:55Z,egw-ditto-gateway-1,76.30,545980416,67.80,egw-qemu-integrated
2026-10-02T15:29:55Z,egw-controller-1,23.72,57729024,21.51,egw-qemu-integrated
2026-10-02T15:29:56Z,egw-mosquitto-1,2.40,4538368,3.38,egw-qemu-integrated
2026-10-02T15:29:56Z,egw-ditto-things-1,45.84,596037632,74.01,egw-qemu-integrated
2026-10-02T15:29:56Z,egw-ditto-policies-1,8.48,555839488,69.02,egw-qemu-integrated
2026-10-02T15:29:56Z,egw-mongodb-1,6.79,244178944,45.48,egw-qemu-integrated
2026-10-02T15:29:56Z,egw-ditto-gateway-1,111.80,544522240,67.62,egw-qemu-integrated
2026-10-02T15:29:56Z,egw-controller-1,28.13,57741312,21.51,egw-qemu-integrated
2026-10-02T15:29:57Z,egw-mosquitto-1,2.05,4542464,3.38,egw-qemu-integrated
2026-10-02T15:29:57Z,egw-ditto-things-1,58.09,596041728,74.01,egw-qemu-integrated
2026-10-02T15:29:57Z,egw-ditto-policies-1,14.89,555859968,69.02,egw-qemu-integrated
2026-10-02T15:29:57Z,egw-mongodb-1,8.03,244441088,45.53,egw-qemu-integrated
2026-10-02T15:29:57Z,egw-ditto-gateway-1,103.27,544518144,67.62,egw-qemu-integrated
2026-10-02T15:29:57Z,egw-controller-1,25.45,57999360,21.61,egw-qemu-integrated
2026-10-02T15:29:58Z,egw-mosquitto-1,2.11,4554752,3.39,egw-qemu-integrated
2026-10-02T15:29:58Z,egw-ditto-things-1,54.26,596037632,74.01,egw-qemu-integrated
2026-10-02T15:29:58Z,egw-ditto-policies-1,9.88,555859968,69.02,egw-qemu-integrated
2026-10-02T15:29:58Z,egw-mongodb-1,8.39,244178944,45.48,egw-qemu-integrated
2026-10-02T15:29:58Z,egw-ditto-gateway-1,86.08,544546816,67.62,egw-qemu-integrated
2026-10-02T15:29:58Z,egw-controller-1,30.12,57749504,21.51,egw-qemu-integrated
2026-10-02T15:29:59Z,egw-mosquitto-1,2.22,4550656,3.39,egw-qemu-integrated
2026-10-02T15:29:59Z,egw-ditto-things-1,52.93,596037632,74.01,egw-qemu-integrated
2026-10-02T15:29:59Z,egw-ditto-policies-1,12.49,555859968,69.02,egw-qemu-integrated
2026-10-02T15:29:59Z,egw-mongodb-1,7.34,244178944,45.48,egw-qemu-integrated
2026-10-02T15:29:59Z,egw-ditto-gateway-1,69.04,544538624,67.62,egw-qemu-integrated
2026-10-02T15:29:59Z,egw-controller-1,28.11,58269696,21.71,egw-qemu-integrated
2026-10-02T15:30:00Z,egw-mosquitto-1,4.10,4554752,3.39,egw-qemu-integrated
2026-10-02T15:30:00Z,egw-ditto-things-1,91.23,596013056,74.01,egw-qemu-integrated
2026-10-02T15:30:00Z,egw-ditto-policies-1,66.59,556179456,69.06,egw-qemu-integrated
2026-10-02T15:30:00Z,egw-mongodb-1,17.92,244183040,45.48,egw-qemu-integrated
2026-10-02T15:30:00Z,egw-ditto-gateway-1,92.05,544546816,67.62,egw-qemu-integrated
2026-10-02T15:30:00Z,egw-controller-1,22.42,58011648,21.61,egw-qemu-integrated
2026-10-02T15:30:01Z,egw-mosquitto-1,1.88,4558848,3.40,egw-qemu-integrated
2026-10-02T15:30:01Z,egw-ditto-things-1,162.83,596066304,74.02,egw-qemu-integrated
2026-10-02T15:30:01Z,egw-ditto-policies-1,42.40,555921408,69.03,egw-qemu-integrated
2026-10-02T15:30:01Z,egw-mongodb-1,44.56,244187136,45.48,egw-qemu-integrated
2026-10-02T15:30:01Z,egw-ditto-gateway-1,65.81,544542720,67.62,egw-qemu-integrated
2026-10-02T15:30:01Z,egw-controller-1,6.13,57757696,21.52,egw-qemu-integrated
2026-10-02T15:30:02Z,egw-mosquitto-1,2.35,4571136,3.41,egw-qemu-integrated
2026-10-02T15:30:02Z,egw-ditto-things-1,80.80,596119552,74.02,egw-qemu-integrated
2026-10-02T15:30:02Z,egw-ditto-policies-1,20.66,555925504,69.03,egw-qemu-integrated
2026-10-02T15:30:02Z,egw-mongodb-1,8.08,244436992,45.53,egw-qemu-integrated
2026-10-02T15:30:02Z,egw-ditto-gateway-1,92.51,544575488,67.62,egw-qemu-integrated
2026-10-02T15:30:02Z,egw-controller-1,21.49,58028032,21.62,egw-qemu-integrated
2026-10-02T15:30:03Z,egw-mosquitto-1,2.35,4575232,3.41,egw-qemu-integrated
2026-10-02T15:30:03Z,egw-ditto-things-1,112.12,596156416,74.03,egw-qemu-integrated
2026-10-02T15:30:03Z,egw-ditto-policies-1,15.78,555925504,69.03,egw-qemu-integrated
2026-10-02T15:30:03Z,egw-mongodb-1,6.18,244178944,45.48,egw-qemu-integrated
2026-10-02T15:30:03Z,egw-ditto-gateway-1,102.32,544575488,67.62,egw-qemu-integrated
2026-10-02T15:30:03Z,egw-controller-1,28.32,58032128,21.62,egw-qemu-integrated
2026-10-02T15:30:04Z,egw-mosquitto-1,2.38,4579328,3.41,egw-qemu-integrated
2026-10-02T15:30:04Z,egw-ditto-things-1,61.35,596148224,74.03,egw-qemu-integrated
2026-10-02T15:30:04Z,egw-ditto-policies-1,37.79,555933696,69.03,egw-qemu-integrated
2026-10-02T15:30:04Z,egw-mongodb-1,7.83,244178944,45.48,egw-qemu-integrated
2026-10-02T15:30:04Z,egw-ditto-gateway-1,74.57,544600064,67.63,egw-qemu-integrated
2026-10-02T15:30:04Z,egw-controller-1,28.38,58036224,21.62,egw-qemu-integrated
2026-10-02T15:30:05Z,egw-mosquitto-1,2.62,4579328,3.41,egw-qemu-integrated
2026-10-02T15:30:05Z,egw-ditto-things-1,104.42,596127744,74.02,egw-qemu-integrated
2026-10-02T15:30:05Z,egw-ditto-policies-1,8.31,555933696,69.03,egw-qemu-integrated
2026-10-02T15:30:05Z,egw-mongodb-1,7.20,244178944,45.48,egw-qemu-integrated
2026-10-02T15:30:05Z,egw-ditto-gateway-1,63.22,544858112,67.66,egw-qemu-integrated
2026-10-02T15:30:05Z,egw-controller-1,20.94,57778176,21.52,egw-qemu-integrated
2026-10-02T15:30:06Z,egw-mosquitto-1,2.05,4579328,3.41,egw-qemu-integrated
2026-10-02T15:30:06Z,egw-ditto-things-1,54.33,596176896,74.03,egw-qemu-integrated
2026-10-02T15:30:06Z,egw-ditto-policies-1,13.86,555933696,69.03,egw-qemu-integrated
2026-10-02T15:30:06Z,egw-mongodb-1,6.66,244178944,45.48,egw-qemu-integrated
2026-10-02T15:30:06Z,egw-ditto-gateway-1,72.25,544870400,67.66,egw-qemu-integrated
2026-10-02T15:30:06Z,egw-controller-1,113.24,67497984,25.14,egw-qemu-integrated
2026-10-02T15:30:07Z,egw-mosquitto-1,2.03,4591616,3.42,egw-qemu-integrated
2026-10-02T15:30:07Z,egw-ditto-things-1,50.09,596172800,74.03,egw-qemu-integrated
2026-10-02T15:30:07Z,egw-ditto-policies-1,13.30,555933696,69.03,egw-qemu-integrated
2026-10-02T15:30:07Z,egw-mongodb-1,7.26,244183040,45.48,egw-qemu-integrated
2026-10-02T15:30:07Z,egw-ditto-gateway-1,67.14,544612352,67.63,egw-qemu-integrated
2026-10-02T15:30:07Z,egw-controller-1,118.94,68370432,25.47,egw-qemu-integrated
2026-10-02T15:30:08Z,egw-mosquitto-1,1.89,4595712,3.42,egw-qemu-integrated
2026-10-02T15:30:08Z,egw-ditto-things-1,39.76,596131840,74.03,egw-qemu-integrated
2026-10-02T15:30:08Z,egw-ditto-policies-1,9.94,555933696,69.03,egw-qemu-integrated
2026-10-02T15:30:08Z,egw-mongodb-1,81.48,313602048,58.41,egw-qemu-integrated
2026-10-02T15:30:08Z,egw-ditto-gateway-1,63.12,544624640,67.63,egw-qemu-integrated
2026-10-02T15:30:08Z,egw-controller-1,102.63,69746688,25.98,egw-qemu-integrated
2026-10-02T15:30:09Z,egw-mosquitto-1,1.86,4595712,3.42,egw-qemu-integrated
2026-10-02T15:30:09Z,egw-ditto-things-1,46.04,596172800,74.03,egw-qemu-integrated
2026-10-02T15:30:09Z,egw-ditto-policies-1,36.44,555937792,69.03,egw-qemu-integrated
2026-10-02T15:30:09Z,egw-mongodb-1,89.72,391532544,72.93,egw-qemu-integrated
2026-10-02T15:30:09Z,egw-ditto-gateway-1,52.31,544620544,67.63,egw-qemu-integrated
2026-10-02T15:30:09Z,egw-controller-1,96.69,57790464,21.53,egw-qemu-integrated
2026-10-02T15:30:10Z,egw-mosquitto-1,1.90,4599808,3.43,egw-qemu-integrated
2026-10-02T15:30:10Z,egw-ditto-things-1,65.06,596185088,74.03,egw-qemu-integrated
2026-10-02T15:30:10Z,egw-ditto-policies-1,12.34,555937792,69.03,egw-qemu-integrated
2026-10-02T15:30:10Z,egw-mongodb-1,133.67,395210752,73.61,egw-qemu-integrated
2026-10-02T15:30:10Z,egw-ditto-gateway-1,50.38,544628736,67.63,egw-qemu-integrated
2026-10-02T15:30:10Z,egw-controller-1,22.02,58052608,21.63,egw-qemu-integrated
2026-10-02T15:30:11Z,egw-mosquitto-1,2.06,4603904,3.43,egw-qemu-integrated
2026-10-02T15:30:11Z,egw-ditto-things-1,57.55,596189184,74.03,egw-qemu-integrated
2026-10-02T15:30:11Z,egw-ditto-policies-1,9.11,555937792,69.03,egw-qemu-integrated
2026-10-02T15:30:11Z,egw-mongodb-1,95.12,397156352,73.98,egw-qemu-integrated
2026-10-02T15:30:11Z,egw-ditto-gateway-1,52.40,544628736,67.63,egw-qemu-integrated
2026-10-02T15:30:11Z,egw-controller-1,26.31,58060800,21.63,egw-qemu-integrated
2026-10-02T15:30:12Z,egw-mosquitto-1,2.74,4681728,3.49,egw-qemu-integrated
2026-10-02T15:30:12Z,egw-ditto-things-1,73.87,596172800,74.03,egw-qemu-integrated
2026-10-02T15:30:12Z,egw-ditto-policies-1,9.22,555937792,69.03,egw-qemu-integrated
2026-10-02T15:30:12Z,egw-mongodb-1,112.18,401641472,74.81,egw-qemu-integrated
2026-10-02T15:30:12Z,egw-ditto-gateway-1,41.80,544894976,67.66,egw-qemu-integrated
2026-10-02T15:30:12Z,egw-controller-1,25.27,57806848,21.53,egw-qemu-integrated
2026-10-02T15:30:13Z,egw-mosquitto-1,66.28,4616192,3.44,egw-qemu-integrated
2026-10-02T15:30:13Z,egw-ditto-things-1,63.85,596217856,74.04,egw-qemu-integrated
2026-10-02T15:30:13Z,egw-ditto-policies-1,29.84,555945984,69.04,egw-qemu-integrated
2026-10-02T15:30:13Z,egw-mongodb-1,86.97,404856832,75.41,egw-qemu-integrated
2026-10-02T15:30:13Z,egw-ditto-gateway-1,52.27,544636928,67.63,egw-qemu-integrated
2026-10-02T15:30:13Z,egw-controller-1,17.65,57806848,21.53,egw-qemu-integrated
2026-10-02T15:30:14Z,egw-mosquitto-1,2.61,4620288,3.44,egw-qemu-integrated
2026-10-02T15:30:14Z,egw-ditto-things-1,41.22,596185088,74.03,egw-qemu-integrated
2026-10-02T15:30:14Z,egw-ditto-policies-1,8.38,555945984,69.04,egw-qemu-integrated
2026-10-02T15:30:14Z,egw-mongodb-1,133.80,410611712,76.48,egw-qemu-integrated
2026-10-02T15:30:14Z,egw-ditto-gateway-1,64.59,544641024,67.63,egw-qemu-integrated
2026-10-02T15:30:14Z,egw-controller-1,23.72,57810944,21.54,egw-qemu-integrated
2026-10-02T15:30:15Z,egw-mosquitto-1,2.06,4886528,3.64,egw-qemu-integrated
2026-10-02T15:30:15Z,egw-ditto-things-1,50.67,596484096,74.07,egw-qemu-integrated
2026-10-02T15:30:15Z,egw-ditto-policies-1,84.08,556007424,69.04,egw-qemu-integrated
2026-10-02T15:30:15Z,egw-mongodb-1,16.01,244449280,45.53,egw-qemu-integrated
2026-10-02T15:30:15Z,egw-ditto-gateway-1,91.93,544673792,67.64,egw-qemu-integrated
2026-10-02T15:30:15Z,egw-controller-1,20.20,57815040,21.54,egw-qemu-integrated
2026-10-02T15:30:16Z,egw-mosquitto-1,2.05,4628480,3.45,egw-qemu-integrated
2026-10-02T15:30:16Z,egw-ditto-things-1,101.86,596230144,74.04,egw-qemu-integrated
2026-10-02T15:30:16Z,egw-ditto-policies-1,18.75,556015616,69.04,egw-qemu-integrated
2026-10-02T15:30:16Z,egw-mongodb-1,7.09,244187136,45.48,egw-qemu-integrated
2026-10-02T15:30:16Z,egw-ditto-gateway-1,56.19,544673792,67.64,egw-qemu-integrated
2026-10-02T15:30:16Z,egw-controller-1,27.90,58081280,21.64,egw-qemu-integrated
2026-10-02T15:30:17Z,egw-mosquitto-1,1.91,4624384,3.45,egw-qemu-integrated
2026-10-02T15:30:17Z,egw-ditto-things-1,82.85,596275200,74.04,egw-qemu-integrated
2026-10-02T15:30:17Z,egw-ditto-policies-1,10.91,556015616,69.04,egw-qemu-integrated
2026-10-02T15:30:17Z,egw-mongodb-1,7.12,244187136,45.48,egw-qemu-integrated
2026-10-02T15:30:17Z,egw-ditto-gateway-1,81.25,544694272,67.64,egw-qemu-integrated
2026-10-02T15:30:17Z,egw-controller-1,28.86,58097664,21.64,egw-qemu-integrated
2026-10-02T15:30:18Z,egw-mosquitto-1,2.06,4624384,3.45,egw-qemu-integrated
2026-10-02T15:30:18Z,egw-ditto-things-1,52.49,596283392,74.04,egw-qemu-integrated
2026-10-02T15:30:18Z,egw-ditto-policies-1,42.29,556019712,69.04,egw-qemu-integrated
2026-10-02T15:30:18Z,egw-mongodb-1,8.35,244191232,45.48,egw-qemu-integrated
2026-10-02T15:30:18Z,egw-ditto-gateway-1,89.83,544710656,67.64,egw-qemu-integrated
2026-10-02T15:30:18Z,egw-controller-1,27.94,58093568,21.64,egw-qemu-integrated
2026-10-02T15:30:19Z,egw-mosquitto-1,2.16,4628480,3.45,egw-qemu-integrated
2026-10-02T15:30:19Z,egw-ditto-things-1,62.45,596537344,74.08,egw-qemu-integrated
2026-10-02T15:30:19Z,egw-ditto-policies-1,19.16,556036096,69.05,egw-qemu-integrated
2026-10-02T15:30:19Z,egw-mongodb-1,6.88,244187136,45.48,egw-qemu-integrated
2026-10-02T15:30:19Z,egw-ditto-gateway-1,62.98,544714752,67.64,egw-qemu-integrated
2026-10-02T15:30:19Z,egw-controller-1,25.82,58089472,21.64,egw-qemu-integrated
2026-10-02T15:30:20Z,egw-mosquitto-1,2.06,4632576,3.45,egw-qemu-integrated
2026-10-02T15:30:20Z,egw-ditto-things-1,70.45,596287488,74.04,egw-qemu-integrated
2026-10-02T15:30:20Z,egw-ditto-policies-1,18.64,556036096,69.05,egw-qemu-integrated
2026-10-02T15:30:20Z,egw-mongodb-1,19.09,244219904,45.49,egw-qemu-integrated
2026-10-02T15:30:20Z,egw-ditto-gateway-1,82.24,544731136,67.64,egw-qemu-integrated
2026-10-02T15:30:20Z,egw-controller-1,27.07,57835520,21.55,egw-qemu-integrated
2026-10-02T15:30:21Z,egw-mosquitto-1,2.16,4636672,3.45,egw-qemu-integrated
2026-10-02T15:30:21Z,egw-ditto-things-1,135.22,596258816,74.04,egw-qemu-integrated
2026-10-02T15:30:21Z,egw-ditto-policies-1,12.52,556040192,69.05,egw-qemu-integrated
2026-10-02T15:30:21Z,egw-mongodb-1,6.93,244219904,45.49,egw-qemu-integrated
2026-10-02T15:30:21Z,egw-ditto-gateway-1,83.16,544747520,67.64,egw-qemu-integrated
2026-10-02T15:30:21Z,egw-controller-1,25.61,57835520,21.55,egw-qemu-integrated
2026-10-02T15:30:22Z,egw-mosquitto-1,2.74,4648960,3.46,egw-qemu-integrated
2026-10-02T15:30:22Z,egw-ditto-things-1,164.09,598450176,74.31,egw-qemu-integrated
2026-10-02T15:30:22Z,egw-ditto-policies-1,12.40,556040192,69.05,egw-qemu-integrated
2026-10-02T15:30:22Z,egw-mongodb-1,8.35,244224000,45.49,egw-qemu-integrated
2026-10-02T15:30:22Z,egw-ditto-gateway-1,75.15,544751616,67.65,egw-qemu-integrated
2026-10-02T15:30:22Z,egw-controller-1,25.85,57843712,21.55,egw-qemu-integrated
2026-10-02T15:30:23Z,egw-mosquitto-1,2.39,4644864,3.46,egw-qemu-integrated
2026-10-02T15:30:23Z,egw-ditto-things-1,78.53,596348928,74.05,egw-qemu-integrated
2026-10-02T15:30:23Z,egw-ditto-policies-1,18.22,556081152,69.05,egw-qemu-integrated
2026-10-02T15:30:23Z,egw-mongodb-1,6.91,244219904,45.49,egw-qemu-integrated
2026-10-02T15:30:23Z,egw-ditto-gateway-1,84.39,544772096,67.65,egw-qemu-integrated
2026-10-02T15:30:23Z,egw-controller-1,27.32,58368000,21.74,egw-qemu-integrated
2026-10-02T15:30:24Z,egw-mosquitto-1,3.41,4653056,3.47,egw-qemu-integrated
2026-10-02T15:30:24Z,egw-ditto-things-1,57.45,596303872,74.05,egw-qemu-integrated
2026-10-02T15:30:24Z,egw-ditto-policies-1,26.37,556081152,69.05,egw-qemu-integrated
2026-10-02T15:30:24Z,egw-mongodb-1,11.58,244219904,45.49,egw-qemu-integrated
2026-10-02T15:30:24Z,egw-ditto-gateway-1,98.23,544776192,67.65,egw-qemu-integrated
2026-10-02T15:30:24Z,egw-controller-1,26.54,57843712,21.55,egw-qemu-integrated
2026-10-02T15:30:25Z,egw-mosquitto-1,2.76,4661248,3.47,egw-qemu-integrated
2026-10-02T15:30:25Z,egw-ditto-things-1,90.33,596303872,74.05,egw-qemu-integrated
2026-10-02T15:30:25Z,egw-ditto-policies-1,34.92,556343296,69.08,egw-qemu-integrated
2026-10-02T15:30:25Z,egw-mongodb-1,10.87,244219904,45.49,egw-qemu-integrated
2026-10-02T15:30:25Z,egw-ditto-gateway-1,128.36,546643968,67.88,egw-qemu-integrated
2026-10-02T15:30:25Z,egw-controller-1,16.99,57851904,21.55,egw-qemu-integrated
2026-10-02T15:30:26Z,egw-mosquitto-1,2.79,4927488,3.67,egw-qemu-integrated
2026-10-02T15:30:26Z,egw-ditto-things-1,68.31,596357120,74.05,egw-qemu-integrated
2026-10-02T15:30:26Z,egw-ditto-policies-1,13.99,556081152,69.05,egw-qemu-integrated
2026-10-02T15:30:26Z,egw-mongodb-1,6.94,244219904,45.49,egw-qemu-integrated
2026-10-02T15:30:26Z,egw-ditto-gateway-1,119.40,544800768,67.65,egw-qemu-integrated
2026-10-02T15:30:26Z,egw-controller-1,24.37,57864192,21.56,egw-qemu-integrated
2026-10-02T15:30:27Z,egw-mosquitto-1,3.08,4669440,3.48,egw-qemu-integrated
2026-10-02T15:30:27Z,egw-ditto-things-1,89.10,596353024,74.05,egw-qemu-integrated
2026-10-02T15:30:27Z,egw-ditto-policies-1,45.14,556085248,69.05,egw-qemu-integrated
2026-10-02T15:30:27Z,egw-mongodb-1,7.71,244219904,45.49,egw-qemu-integrated
2026-10-02T15:30:27Z,egw-ditto-gateway-1,64.41,544817152,67.65,egw-qemu-integrated
2026-10-02T15:30:27Z,egw-controller-1,27.05,57864192,21.56,egw-qemu-integrated
2026-10-02T15:30:28Z,egw-mosquitto-1,2.90,4669440,3.48,egw-qemu-integrated
2026-10-02T15:30:28Z,egw-ditto-things-1,64.23,596332544,74.05,egw-qemu-integrated
2026-10-02T15:30:28Z,egw-ditto-policies-1,81.81,556118016,69.06,egw-qemu-integrated
2026-10-02T15:30:28Z,egw-mongodb-1,7.82,244219904,45.49,egw-qemu-integrated
2026-10-02T15:30:28Z,egw-ditto-gateway-1,58.13,545075200,67.69,egw-qemu-integrated
2026-10-02T15:30:28Z,egw-controller-1,26.63,57868288,21.56,egw-qemu-integrated
2026-10-02T15:30:29Z,egw-mosquitto-1,2.65,4673536,3.48,egw-qemu-integrated
2026-10-02T15:30:29Z,egw-ditto-things-1,68.87,596631552,74.09,egw-qemu-integrated
2026-10-02T15:30:29Z,egw-ditto-policies-1,42.50,556126208,69.06,egw-qemu-integrated
2026-10-02T15:30:29Z,egw-mongodb-1,6.74,244219904,45.49,egw-qemu-integrated
2026-10-02T15:30:29Z,egw-ditto-gateway-1,60.08,544808960,67.65,egw-qemu-integrated
2026-10-02T15:30:29Z,egw-controller-1,27.28,57884672,21.56,egw-qemu-integrated
2026-10-02T15:30:30Z,egw-mosquitto-1,2.75,4677632,3.49,egw-qemu-integrated
2026-10-02T15:30:30Z,egw-ditto-things-1,84.88,596385792,74.06,egw-qemu-integrated
2026-10-02T15:30:30Z,egw-ditto-policies-1,9.72,556126208,69.06,egw-qemu-integrated
2026-10-02T15:30:30Z,egw-mongodb-1,10.81,244219904,45.49,egw-qemu-integrated
2026-10-02T15:30:30Z,egw-ditto-gateway-1,104.88,545091584,67.69,egw-qemu-integrated
2026-10-02T15:30:30Z,egw-controller-1,24.31,57872384,21.56,egw-qemu-integrated
2026-10-02T15:30:31Z,egw-mosquitto-1,2.65,4685824,3.49,egw-qemu-integrated
2026-10-02T15:30:31Z,egw-ditto-things-1,89.12,596406272,74.06,egw-qemu-integrated
2026-10-02T15:30:31Z,egw-ditto-policies-1,9.82,556126208,69.06,egw-qemu-integrated
2026-10-02T15:30:31Z,egw-mongodb-1,6.61,244219904,45.49,egw-qemu-integrated
2026-10-02T15:30:31Z,egw-ditto-gateway-1,116.10,545132544,67.69,egw-qemu-integrated
2026-10-02T15:30:31Z,egw-controller-1,25.81,58142720,21.66,egw-qemu-integrated
2026-10-02T15:30:32Z,egw-mosquitto-1,2.06,4685824,3.49,egw-qemu-integrated
2026-10-02T15:30:32Z,egw-ditto-things-1,76.79,596688896,74.09,egw-qemu-integrated
2026-10-02T15:30:32Z,egw-ditto-policies-1,9.88,556126208,69.06,egw-qemu-integrated
2026-10-02T15:30:32Z,egw-mongodb-1,6.12,244219904,45.49,egw-qemu-integrated
2026-10-02T15:30:32Z,egw-ditto-gateway-1,73.07,545153024,67.70,egw-qemu-integrated
2026-10-02T15:30:32Z,egw-controller-1,28.98,57901056,21.57,egw-qemu-integrated
2026-10-02T15:30:33Z,egw-mosquitto-1,2.36,4689920,3.49,egw-qemu-integrated
2026-10-02T15:30:33Z,egw-ditto-things-1,62.60,596447232,74.06,egw-qemu-integrated
2026-10-02T15:30:33Z,egw-ditto-policies-1,8.38,556126208,69.06,egw-qemu-integrated
2026-10-02T15:30:33Z,egw-mongodb-1,7.65,244224000,45.49,egw-qemu-integrated
2026-10-02T15:30:33Z,egw-ditto-gateway-1,68.66,545173504,67.70,egw-qemu-integrated
2026-10-02T15:30:33Z,egw-controller-1,29.27,58163200,21.67,egw-qemu-integrated
2026-10-02T15:30:34Z,egw-mosquitto-1,3.05,4722688,3.52,egw-qemu-integrated
2026-10-02T15:30:34Z,egw-ditto-things-1,57.12,596697088,74.10,egw-qemu-integrated
2026-10-02T15:30:34Z,egw-ditto-policies-1,11.65,556126208,69.06,egw-qemu-integrated
2026-10-02T15:30:34Z,egw-mongodb-1,7.08,244224000,45.49,egw-qemu-integrated
2026-10-02T15:30:34Z,egw-ditto-gateway-1,82.25,544927744,67.67,egw-qemu-integrated
2026-10-02T15:30:34Z,egw-controller-1,27.78,58163200,21.67,egw-qemu-integrated
2026-10-02T15:30:35Z,egw-mosquitto-1,2.36,4706304,3.51,egw-qemu-integrated
2026-10-02T15:30:35Z,egw-ditto-things-1,59.66,596447232,74.06,egw-qemu-integrated
2026-10-02T15:30:35Z,egw-ditto-policies-1,8.95,556126208,69.06,egw-qemu-integrated
2026-10-02T15:30:35Z,egw-mongodb-1,6.46,244224000,45.49,egw-qemu-integrated
2026-10-02T15:30:35Z,egw-ditto-gateway-1,69.07,544927744,67.67,egw-qemu-integrated
2026-10-02T15:30:35Z,egw-controller-1,26.21,58171392,21.67,egw-qemu-integrated
2026-10-02T15:30:36Z,egw-mosquitto-1,2.21,4702208,3.50,egw-qemu-integrated
2026-10-02T15:30:36Z,egw-ditto-things-1,56.16,596451328,74.07,egw-qemu-integrated
2026-10-02T15:30:36Z,egw-ditto-policies-1,9.94,556126208,69.06,egw-qemu-integrated
2026-10-02T15:30:36Z,egw-mongodb-1,7.95,244219904,45.49,egw-qemu-integrated
2026-10-02T15:30:36Z,egw-ditto-gateway-1,58.80,544935936,67.67,egw-qemu-integrated
2026-10-02T15:30:36Z,egw-controller-1,32.16,57913344,21.57,egw-qemu-integrated
2026-10-02T15:30:37Z,egw-mosquitto-1,2.77,4702208,3.50,egw-qemu-integrated
2026-10-02T15:30:37Z,egw-ditto-things-1,87.96,596434944,74.06,egw-qemu-integrated
2026-10-02T15:30:37Z,egw-ditto-policies-1,18.92,556134400,69.06,egw-qemu-integrated
2026-10-02T15:30:37Z,egw-mongodb-1,7.76,244219904,45.49,egw-qemu-integrated
2026-10-02T15:30:37Z,egw-ditto-gateway-1,79.71,544940032,67.67,egw-qemu-integrated
2026-10-02T15:30:37Z,egw-controller-1,25.74,57905152,21.57,egw-qemu-integrated
2026-10-02T15:30:38Z,egw-mosquitto-1,2.56,4972544,3.70,egw-qemu-integrated
2026-10-02T15:30:38Z,egw-ditto-things-1,68.11,596459520,74.07,egw-qemu-integrated
2026-10-02T15:30:38Z,egw-ditto-policies-1,13.00,556130304,69.06,egw-qemu-integrated
2026-10-02T15:30:38Z,egw-mongodb-1,12.35,244690944,45.58,egw-qemu-integrated
2026-10-02T15:30:38Z,egw-ditto-gateway-1,104.65,544952320,67.67,egw-qemu-integrated
2026-10-02T15:30:38Z,egw-controller-1,43.22,60231680,22.44,egw-qemu-integrated
2026-10-02T15:30:39Z,egw-mosquitto-1,2.27,4710400,3.51,egw-qemu-integrated
2026-10-02T15:30:39Z,egw-ditto-things-1,93.05,596475904,74.07,egw-qemu-integrated
2026-10-02T15:30:39Z,egw-ditto-policies-1,9.92,556130304,69.06,egw-qemu-integrated
2026-10-02T15:30:39Z,egw-mongodb-1,7.07,244428800,45.53,egw-qemu-integrated
2026-10-02T15:30:39Z,egw-ditto-gateway-1,39.34,544960512,67.67,egw-qemu-integrated
2026-10-02T15:30:39Z,egw-controller-1,113.21,67624960,25.19,egw-qemu-integrated
2026-10-02T15:30:40Z,egw-mosquitto-1,2.05,4718592,3.52,egw-qemu-integrated
2026-10-02T15:30:40Z,egw-ditto-things-1,48.72,596475904,74.07,egw-qemu-integrated
2026-10-02T15:30:40Z,egw-ditto-policies-1,8.21,556130304,69.06,egw-qemu-integrated
2026-10-02T15:30:40Z,egw-mongodb-1,9.91,244428800,45.53,egw-qemu-integrated
2026-10-02T15:30:40Z,egw-ditto-gateway-1,69.29,544960512,67.67,egw-qemu-integrated
2026-10-02T15:30:40Z,egw-controller-1,122.08,68526080,25.53,egw-qemu-integrated
2026-10-02T15:30:41Z,egw-mosquitto-1,2.28,4722688,3.52,egw-qemu-integrated
2026-10-02T15:30:41Z,egw-ditto-things-1,52.74,596480000,74.07,egw-qemu-integrated
2026-10-02T15:30:41Z,egw-ditto-policies-1,9.63,556130304,69.06,egw-qemu-integrated
2026-10-02T15:30:41Z,egw-mongodb-1,7.39,244428800,45.53,egw-qemu-integrated
2026-10-02T15:30:41Z,egw-ditto-gateway-1,49.51,544972800,67.67,egw-qemu-integrated
2026-10-02T15:30:41Z,egw-controller-1,126.96,71217152,26.53,egw-qemu-integrated
2026-10-02T15:30:42Z,egw-mosquitto-1,11.83,6000640,4.47,egw-qemu-integrated
2026-10-02T15:30:42Z,egw-ditto-things-1,54.90,596439040,74.06,egw-qemu-integrated
2026-10-02T15:30:42Z,egw-ditto-policies-1,11.53,556130304,69.06,egw-qemu-integrated
2026-10-02T15:30:42Z,egw-mongodb-1,6.13,244432896,45.53,egw-qemu-integrated
2026-10-02T15:30:42Z,egw-ditto-gateway-1,45.73,544964608,67.67,egw-qemu-integrated
2026-10-02T15:30:42Z,egw-controller-1,86.15,57921536,21.58,egw-qemu-integrated
2026-10-02T15:30:43Z,egw-mosquitto-1,58.32,5005312,3.73,egw-qemu-integrated
2026-10-02T15:30:43Z,egw-ditto-things-1,58.30,596443136,74.06,egw-qemu-integrated
2026-10-02T15:30:43Z,egw-ditto-policies-1,9.50,556089344,69.05,egw-qemu-integrated
2026-10-02T15:30:43Z,egw-mongodb-1,13.90,245190656,45.67,egw-qemu-integrated
2026-10-02T15:30:43Z,egw-ditto-gateway-1,38.64,544964608,67.67,egw-qemu-integrated
2026-10-02T15:30:43Z,egw-controller-1,26.02,57925632,21.58,egw-qemu-integrated
2026-10-02T15:30:44Z,egw-mosquitto-1,2.19,4747264,3.54,egw-qemu-integrated
2026-10-02T15:30:44Z,egw-ditto-things-1,49.70,596410368,74.06,egw-qemu-integrated
2026-10-02T15:30:44Z,egw-ditto-policies-1,44.32,558174208,69.31,egw-qemu-integrated
2026-10-02T15:30:44Z,egw-mongodb-1,93.29,316313600,58.92,egw-qemu-integrated
2026-10-02T15:30:44Z,egw-ditto-gateway-1,56.60,544968704,67.67,egw-qemu-integrated
2026-10-02T15:30:44Z,egw-controller-1,27.43,57925632,21.58,egw-qemu-integrated
2026-10-02T15:30:45Z,egw-mosquitto-1,2.79,4755456,3.54,egw-qemu-integrated
2026-10-02T15:30:45Z,egw-ditto-things-1,40.03,596447232,74.06,egw-qemu-integrated
2026-10-02T15:30:45Z,egw-ditto-policies-1,80.17,556011520,69.04,egw-qemu-integrated
2026-10-02T15:30:45Z,egw-mongodb-1,96.23,392282112,73.07,egw-qemu-integrated
2026-10-02T15:30:45Z,egw-ditto-gateway-1,55.15,544980992,67.67,egw-qemu-integrated
2026-10-02T15:30:45Z,egw-controller-1,24.12,57929728,21.58,egw-qemu-integrated
2026-10-02T15:30:46Z,egw-mosquitto-1,2.14,4755456,3.54,egw-qemu-integrated
2026-10-02T15:30:46Z,egw-ditto-things-1,69.56,596725760,74.10,egw-qemu-integrated
2026-10-02T15:30:46Z,egw-ditto-policies-1,10.25,556011520,69.04,egw-qemu-integrated
2026-10-02T15:30:46Z,egw-mongodb-1,131.62,396058624,73.77,egw-qemu-integrated
2026-10-02T15:30:46Z,egw-ditto-gateway-1,79.56,544989184,67.67,egw-qemu-integrated
2026-10-02T15:30:46Z,egw-controller-1,23.38,57937920,21.58,egw-qemu-integrated
2026-10-02T15:30:47Z,egw-mosquitto-1,2.24,5017600,3.74,egw-qemu-integrated
2026-10-02T15:30:47Z,egw-ditto-things-1,66.43,596422656,74.06,egw-qemu-integrated
2026-10-02T15:30:47Z,egw-ditto-policies-1,19.25,556015616,69.04,egw-qemu-integrated
2026-10-02T15:30:47Z,egw-mongodb-1,85.50,397074432,73.96,egw-qemu-integrated
2026-10-02T15:30:47Z,egw-ditto-gateway-1,53.80,545251328,67.71,egw-qemu-integrated
2026-10-02T15:30:47Z,egw-controller-1,27.82,57942016,21.59,egw-qemu-integrated
2026-10-02T15:30:48Z,egw-mosquitto-1,1.70,4755456,3.54,egw-qemu-integrated
2026-10-02T15:30:48Z,egw-ditto-things-1,67.44,596467712,74.07,egw-qemu-integrated
2026-10-02T15:30:48Z,egw-ditto-policies-1,27.83,556019712,69.04,egw-qemu-integrated
2026-10-02T15:30:48Z,egw-mongodb-1,120.60,402710528,75.01,egw-qemu-integrated
2026-10-02T15:30:48Z,egw-ditto-gateway-1,44.37,544997376,67.68,egw-qemu-integrated
2026-10-02T15:30:48Z,egw-controller-1,24.75,57954304,21.59,egw-qemu-integrated
2026-10-02T15:30:49Z,egw-mosquitto-1,2.12,5021696,3.74,egw-qemu-integrated
2026-10-02T15:30:49Z,egw-ditto-things-1,128.33,596471808,74.07,egw-qemu-integrated
2026-10-02T15:30:49Z,egw-ditto-policies-1,10.75,556019712,69.04,egw-qemu-integrated
2026-10-02T15:30:49Z,egw-mongodb-1,131.75,411148288,76.58,egw-qemu-integrated
2026-10-02T15:30:49Z,egw-ditto-gateway-1,42.60,544993280,67.68,egw-qemu-integrated
2026-10-02T15:30:49Z,egw-controller-1,22.68,57950208,21.59,egw-qemu-integrated
2026-10-02T15:30:50Z,egw-mosquitto-1,2.20,5025792,3.74,egw-qemu-integrated
2026-10-02T15:30:50Z,egw-ditto-things-1,117.09,596508672,74.07,egw-qemu-integrated
2026-10-02T15:30:50Z,egw-ditto-policies-1,11.00,556019712,69.04,egw-qemu-integrated
2026-10-02T15:30:50Z,egw-mongodb-1,59.39,244342784,45.51,egw-qemu-integrated
2026-10-02T15:30:50Z,egw-ditto-gateway-1,84.69,545013760,67.68,egw-qemu-integrated
2026-10-02T15:30:50Z,egw-controller-1,24.56,57954304,21.59,egw-qemu-integrated
2026-10-02T15:30:51Z,egw-mosquitto-1,2.18,4775936,3.56,egw-qemu-integrated
2026-10-02T15:30:51Z,egw-ditto-things-1,76.07,596520960,74.07,egw-qemu-integrated
2026-10-02T15:30:51Z,egw-ditto-policies-1,8.63,556019712,69.04,egw-qemu-integrated
2026-10-02T15:30:51Z,egw-mongodb-1,7.14,244342784,45.51,egw-qemu-integrated
2026-10-02T15:30:51Z,egw-ditto-gateway-1,51.26,545013760,67.68,egw-qemu-integrated
2026-10-02T15:30:51Z,egw-controller-1,27.37,57962496,21.59,egw-qemu-integrated
2026-10-02T15:30:52Z,egw-mosquitto-1,3.97,5029888,3.75,egw-qemu-integrated
2026-10-02T15:30:52Z,egw-ditto-things-1,132.72,598409216,74.31,egw-qemu-integrated
2026-10-02T15:30:52Z,egw-ditto-policies-1,18.98,556019712,69.04,egw-qemu-integrated
2026-10-02T15:30:52Z,egw-mongodb-1,12.09,244346880,45.51,egw-qemu-integrated
2026-10-02T15:30:52Z,egw-ditto-gateway-1,52.18,545017856,67.68,egw-qemu-integrated
2026-10-02T15:30:52Z,egw-controller-1,38.52,57966592,21.59,egw-qemu-integrated
2026-10-02T15:30:53Z,egw-mosquitto-1,2.00,4775936,3.56,egw-qemu-integrated
2026-10-02T15:30:53Z,egw-ditto-things-1,121.71,596484096,74.07,egw-qemu-integrated
2026-10-02T15:30:53Z,egw-ditto-policies-1,40.42,556019712,69.04,egw-qemu-integrated
2026-10-02T15:30:53Z,egw-mongodb-1,12.59,244342784,45.51,egw-qemu-integrated
2026-10-02T15:30:53Z,egw-ditto-gateway-1,105.36,545017856,67.68,egw-qemu-integrated
2026-10-02T15:30:53Z,egw-controller-1,7.16,58228736,21.69,egw-qemu-integrated
2026-10-02T15:30:54Z,egw-mosquitto-1,2.55,4780032,3.56,egw-qemu-integrated
2026-10-02T15:30:54Z,egw-ditto-things-1,55.98,596525056,74.07,egw-qemu-integrated
2026-10-02T15:30:54Z,egw-ditto-policies-1,11.91,556019712,69.04,egw-qemu-integrated
2026-10-02T15:30:54Z,egw-mongodb-1,9.23,244342784,45.51,egw-qemu-integrated
2026-10-02T15:30:54Z,egw-ditto-gateway-1,67.65,545026048,67.68,egw-qemu-integrated
2026-10-02T15:30:54Z,egw-controller-1,23.21,58232832,21.69,egw-qemu-integrated
2026-10-02T15:30:55Z,egw-mosquitto-1,1.80,5042176,3.76,egw-qemu-integrated
2026-10-02T15:30:55Z,egw-ditto-things-1,46.61,596529152,74.07,egw-qemu-integrated
2026-10-02T15:30:55Z,egw-ditto-policies-1,16.44,556019712,69.04,egw-qemu-integrated
2026-10-02T15:30:55Z,egw-mongodb-1,6.34,244342784,45.51,egw-qemu-integrated
2026-10-02T15:30:55Z,egw-ditto-gateway-1,139.80,545296384,67.71,egw-qemu-integrated
2026-10-02T15:30:55Z,egw-controller-1,24.78,58241024,21.70,egw-qemu-integrated
2026-10-02T15:30:56Z,egw-mosquitto-1,2.32,4792320,3.57,egw-qemu-integrated
2026-10-02T15:30:56Z,egw-ditto-things-1,52.24,596545536,74.08,egw-qemu-integrated
2026-10-02T15:30:56Z,egw-ditto-policies-1,26.43,556027904,69.05,egw-qemu-integrated
2026-10-02T15:30:56Z,egw-mongodb-1,8.09,244346880,45.51,egw-qemu-integrated
2026-10-02T15:30:56Z,egw-ditto-gateway-1,71.79,545046528,67.68,egw-qemu-integrated
2026-10-02T15:30:56Z,egw-controller-1,28.28,57974784,21.60,egw-qemu-integrated
2026-10-02T15:30:57Z,egw-mosquitto-1,2.00,4792320,3.57,egw-qemu-integrated
2026-10-02T15:30:57Z,egw-ditto-things-1,102.67,596529152,74.07,egw-qemu-integrated
2026-10-02T15:30:57Z,egw-ditto-policies-1,68.96,556089344,69.05,egw-qemu-integrated
2026-10-02T15:30:57Z,egw-mongodb-1,11.19,244346880,45.51,egw-qemu-integrated
2026-10-02T15:30:57Z,egw-ditto-gateway-1,52.95,545308672,67.71,egw-qemu-integrated
2026-10-02T15:30:57Z,egw-controller-1,27.89,58245120,21.70,egw-qemu-integrated
2026-10-02T15:30:58Z,egw-mosquitto-1,2.70,5062656,3.77,egw-qemu-integrated
2026-10-02T15:30:58Z,egw-ditto-things-1,139.91,597557248,74.20,egw-qemu-integrated
2026-10-02T15:30:58Z,egw-ditto-policies-1,21.87,556085248,69.05,egw-qemu-integrated
2026-10-02T15:30:58Z,egw-mongodb-1,8.59,244346880,45.51,egw-qemu-integrated
2026-10-02T15:30:58Z,egw-ditto-gateway-1,53.43,545046528,67.68,egw-qemu-integrated
2026-10-02T15:30:58Z,egw-controller-1,26.50,58257408,21.70,egw-qemu-integrated
2026-10-02T15:30:59Z,egw-mosquitto-1,1.96,4800512,3.58,egw-qemu-integrated
2026-10-02T15:30:59Z,egw-ditto-things-1,70.27,597565440,74.20,egw-qemu-integrated
2026-10-02T15:30:59Z,egw-ditto-policies-1,26.56,556089344,69.05,egw-qemu-integrated
2026-10-02T15:30:59Z,egw-mongodb-1,7.67,244346880,45.51,egw-qemu-integrated
2026-10-02T15:30:59Z,egw-ditto-gateway-1,70.42,545054720,67.68,egw-qemu-integrated
2026-10-02T15:30:59Z,egw-controller-1,26.87,58261504,21.70,egw-qemu-integrated
2026-10-02T15:31:00Z,egw-mosquitto-1,2.54,5062656,3.77,egw-qemu-integrated
2026-10-02T15:31:00Z,egw-ditto-things-1,56.05,597569536,74.20,egw-qemu-integrated
2026-10-02T15:31:00Z,egw-ditto-policies-1,8.92,556089344,69.05,egw-qemu-integrated
2026-10-02T15:31:00Z,egw-mongodb-1,12.44,244350976,45.51,egw-qemu-integrated
2026-10-02T15:31:00Z,egw-ditto-gateway-1,49.88,545312768,67.71,egw-qemu-integrated
2026-10-02T15:31:00Z,egw-controller-1,28.98,58003456,21.61,egw-qemu-integrated
2026-10-02T15:31:01Z,egw-mosquitto-1,2.26,4804608,3.58,egw-qemu-integrated
2026-10-02T15:31:01Z,egw-ditto-things-1,61.33,597577728,74.21,egw-qemu-integrated
2026-10-02T15:31:01Z,egw-ditto-policies-1,12.46,556089344,69.05,egw-qemu-integrated
2026-10-02T15:31:01Z,egw-mongodb-1,7.46,244346880,45.51,egw-qemu-integrated
2026-10-02T15:31:01Z,egw-ditto-gateway-1,57.29,545316864,67.72,egw-qemu-integrated
2026-10-02T15:31:01Z,egw-controller-1,30.23,58265600,21.71,egw-qemu-integrated
2026-10-02T15:31:02Z,egw-mosquitto-1,2.44,4800512,3.58,egw-qemu-integrated
2026-10-02T15:31:02Z,egw-ditto-things-1,62.91,597839872,74.24,egw-qemu-integrated
2026-10-02T15:31:02Z,egw-ditto-policies-1,19.63,556101632,69.05,egw-qemu-integrated
2026-10-02T15:31:02Z,egw-mongodb-1,7.81,244346880,45.51,egw-qemu-integrated
2026-10-02T15:31:02Z,egw-ditto-gateway-1,68.85,545067008,67.68,egw-qemu-integrated
2026-10-02T15:31:02Z,egw-controller-1,28.96,58011648,21.61,egw-qemu-integrated
2026-10-02T15:31:03Z,egw-mosquitto-1,2.28,4816896,3.59,egw-qemu-integrated
2026-10-02T15:31:03Z,egw-ditto-things-1,69.87,597598208,74.21,egw-qemu-integrated
2026-10-02T15:31:03Z,egw-ditto-policies-1,9.36,556101632,69.05,egw-qemu-integrated
2026-10-02T15:31:03Z,egw-mongodb-1,5.64,244346880,45.51,egw-qemu-integrated
2026-10-02T15:31:03Z,egw-ditto-gateway-1,63.81,545337344,67.72,egw-qemu-integrated
2026-10-02T15:31:03Z,egw-controller-1,29.91,58015744,21.61,egw-qemu-integrated
2026-10-02T15:31:04Z,egw-mosquitto-1,2.04,4812800,3.59,egw-qemu-integrated
2026-10-02T15:31:04Z,egw-ditto-things-1,44.76,597569536,74.20,egw-qemu-integrated
2026-10-02T15:31:04Z,egw-ditto-policies-1,10.69,556101632,69.05,egw-qemu-integrated
2026-10-02T15:31:04Z,egw-mongodb-1,6.76,244346880,45.51,egw-qemu-integrated
2026-10-02T15:31:04Z,egw-ditto-gateway-1,131.05,545079296,67.69,egw-qemu-integrated
2026-10-02T15:31:04Z,egw-controller-1,23.46,58028032,21.62,egw-qemu-integrated
2026-10-02T15:31:05Z,egw-mosquitto-1,1.83,4812800,3.59,egw-qemu-integrated
2026-10-02T15:31:05Z,egw-ditto-things-1,61.86,597643264,74.21,egw-qemu-integrated
2026-10-02T15:31:05Z,egw-ditto-policies-1,8.76,556101632,69.05,egw-qemu-integrated
2026-10-02T15:31:05Z,egw-mongodb-1,9.60,244350976,45.51,egw-qemu-integrated
2026-10-02T15:31:05Z,egw-ditto-gateway-1,99.07,545083392,67.69,egw-qemu-integrated
2026-10-02T15:31:05Z,egw-controller-1,27.14,58015744,21.61,egw-qemu-integrated
2026-10-02T15:31:06Z,egw-mosquitto-1,2.59,4825088,3.59,egw-qemu-integrated
2026-10-02T15:31:06Z,egw-ditto-things-1,63.05,597643264,74.21,egw-qemu-integrated
2026-10-02T15:31:06Z,egw-ditto-policies-1,16.43,556101632,69.05,egw-qemu-integrated
2026-10-02T15:31:06Z,egw-mongodb-1,7.61,244350976,45.51,egw-qemu-integrated
2026-10-02T15:31:06Z,egw-ditto-gateway-1,82.39,545079296,67.69,egw-qemu-integrated
2026-10-02T15:31:06Z,egw-controller-1,29.06,58556416,21.81,egw-qemu-integrated
2026-10-02T15:31:07Z,egw-mosquitto-1,2.03,4825088,3.59,egw-qemu-integrated
2026-10-02T15:31:07Z,egw-ditto-things-1,59.20,597905408,74.25,egw-qemu-integrated
2026-10-02T15:31:07Z,egw-ditto-policies-1,11.11,556101632,69.05,egw-qemu-integrated
2026-10-02T15:31:07Z,egw-mongodb-1,7.64,244350976,45.51,egw-qemu-integrated
2026-10-02T15:31:07Z,egw-ditto-gateway-1,60.68,545075200,67.69,egw-qemu-integrated
2026-10-02T15:31:07Z,egw-controller-1,29.79,58040320,21.62,egw-qemu-integrated
2026-10-02T15:31:08Z,egw-mosquitto-1,2.05,4825088,3.59,egw-qemu-integrated
2026-10-02T15:31:08Z,egw-ditto-things-1,64.20,597651456,74.21,egw-qemu-integrated
2026-10-02T15:31:08Z,egw-ditto-policies-1,10.77,556101632,69.05,egw-qemu-integrated
2026-10-02T15:31:08Z,egw-mongodb-1,9.33,244350976,45.51,egw-qemu-integrated
2026-10-02T15:31:08Z,egw-ditto-gateway-1,53.23,545075200,67.69,egw-qemu-integrated
2026-10-02T15:31:08Z,egw-controller-1,29.37,58040320,21.62,egw-qemu-integrated
2026-10-02T15:31:09Z,egw-mosquitto-1,1.92,4825088,3.59,egw-qemu-integrated
2026-10-02T15:31:09Z,egw-ditto-things-1,84.37,597917696,74.25,egw-qemu-integrated
2026-10-02T15:31:09Z,egw-ditto-policies-1,10.52,556101632,69.05,egw-qemu-integrated
2026-10-02T15:31:09Z,egw-mongodb-1,10.08,244350976,45.51,egw-qemu-integrated
2026-10-02T15:31:09Z,egw-ditto-gateway-1,62.40,545075200,67.69,egw-qemu-integrated
2026-10-02T15:31:09Z,egw-controller-1,29.83,58040320,21.62,egw-qemu-integrated
2026-10-02T15:31:10Z,egw-mosquitto-1,2.05,4829184,3.60,egw-qemu-integrated
2026-10-02T15:31:10Z,egw-ditto-things-1,66.27,597663744,74.22,egw-qemu-integrated
2026-10-02T15:31:10Z,egw-ditto-policies-1,12.66,556105728,69.06,egw-qemu-integrated
2026-10-02T15:31:10Z,egw-mongodb-1,9.09,244383744,45.52,egw-qemu-integrated
2026-10-02T15:31:10Z,egw-ditto-gateway-1,58.56,545083392,67.69,egw-qemu-integrated
2026-10-02T15:31:10Z,egw-controller-1,29.56,58560512,21.82,egw-qemu-integrated
2026-10-02T15:31:11Z,egw-mosquitto-1,2.43,4829184,3.60,egw-qemu-integrated
2026-10-02T15:31:11Z,egw-ditto-things-1,64.68,597671936,74.22,egw-qemu-integrated
2026-10-02T15:31:11Z,egw-ditto-policies-1,11.05,556105728,69.06,egw-qemu-integrated
2026-10-02T15:31:11Z,egw-mongodb-1,8.13,244383744,45.52,egw-qemu-integrated
2026-10-02T15:31:11Z,egw-ditto-gateway-1,45.38,545079296,67.69,egw-qemu-integrated
2026-10-02T15:31:11Z,egw-controller-1,80.55,61485056,22.90,egw-qemu-integrated
2026-10-02T15:31:12Z,egw-mosquitto-1,51.66,6774784,5.05,egw-qemu-integrated
2026-10-02T15:31:12Z,egw-ditto-things-1,50.43,597671936,74.22,egw-qemu-integrated
2026-10-02T15:31:12Z,egw-ditto-policies-1,11.30,556105728,69.06,egw-qemu-integrated
2026-10-02T15:31:12Z,egw-mongodb-1,7.12,244383744,45.52,egw-qemu-integrated
2026-10-02T15:31:12Z,egw-ditto-gateway-1,38.22,545337344,67.72,egw-qemu-integrated
2026-10-02T15:31:12Z,egw-controller-1,106.59,67944448,25.31,egw-qemu-integrated
2026-10-02T15:31:13Z,egw-mosquitto-1,13.99,4845568,3.61,egw-qemu-integrated
2026-10-02T15:31:13Z,egw-ditto-things-1,43.74,597676032,74.22,egw-qemu-integrated
2026-10-02T15:31:13Z,egw-ditto-policies-1,12.52,556105728,69.06,egw-qemu-integrated
2026-10-02T15:31:13Z,egw-mongodb-1,5.73,244383744,45.52,egw-qemu-integrated
2026-10-02T15:31:13Z,egw-ditto-gateway-1,70.27,545345536,67.72,egw-qemu-integrated
2026-10-02T15:31:13Z,egw-controller-1,110.03,69140480,25.76,egw-qemu-integrated
2026-10-02T15:31:14Z,egw-mosquitto-1,2.14,4857856,3.62,egw-qemu-integrated
2026-10-02T15:31:14Z,egw-ditto-things-1,44.41,597635072,74.21,egw-qemu-integrated
2026-10-02T15:31:14Z,egw-ditto-policies-1,58.32,558080000,69.30,egw-qemu-integrated
2026-10-02T15:31:14Z,egw-mongodb-1,5.86,244383744,45.52,egw-qemu-integrated
2026-10-02T15:31:14Z,egw-ditto-gateway-1,34.38,545087488,67.69,egw-qemu-integrated
2026-10-02T15:31:14Z,egw-controller-1,118.32,71352320,26.58,egw-qemu-integrated
2026-10-02T15:31:15Z,egw-mosquitto-1,1.90,4853760,3.62,egw-qemu-integrated
2026-10-02T15:31:15Z,egw-ditto-things-1,56.32,597684224,74.22,egw-qemu-integrated
2026-10-02T15:31:15Z,egw-ditto-policies-1,40.26,556138496,69.06,egw-qemu-integrated
2026-10-02T15:31:15Z,egw-mongodb-1,6.53,244400128,45.52,egw-qemu-integrated
2026-10-02T15:31:15Z,egw-ditto-gateway-1,43.45,545099776,67.69,egw-qemu-integrated
2026-10-02T15:31:15Z,egw-controller-1,73.28,58056704,21.63,egw-qemu-integrated
2026-10-02T15:31:16Z,egw-mosquitto-1,2.24,4853760,3.62,egw-qemu-integrated
2026-10-02T15:31:16Z,egw-ditto-things-1,64.65,597688320,74.22,egw-qemu-integrated
2026-10-02T15:31:16Z,egw-ditto-policies-1,16.87,556142592,69.06,egw-qemu-integrated
2026-10-02T15:31:16Z,egw-mongodb-1,6.98,244461568,45.53,egw-qemu-integrated
2026-10-02T15:31:16Z,egw-ditto-gateway-1,60.80,545087488,67.69,egw-qemu-integrated
2026-10-02T15:31:16Z,egw-controller-1,27.85,58318848,21.73,egw-qemu-integrated
2026-10-02T15:31:17Z,egw-mosquitto-1,2.44,4853760,3.62,egw-qemu-integrated
2026-10-02T15:31:17Z,egw-ditto-things-1,76.86,597692416,74.22,egw-qemu-integrated
2026-10-02T15:31:17Z,egw-ditto-policies-1,9.71,556142592,69.06,egw-qemu-integrated
2026-10-02T15:31:17Z,egw-mongodb-1,15.78,244588544,45.56,egw-qemu-integrated
2026-10-02T15:31:17Z,egw-ditto-gateway-1,66.65,545361920,67.72,egw-qemu-integrated
2026-10-02T15:31:17Z,egw-controller-1,31.68,58068992,21.63,egw-qemu-integrated
2026-10-02T15:31:18Z,egw-mosquitto-1,2.60,4857856,3.62,egw-qemu-integrated
2026-10-02T15:31:18Z,egw-ditto-things-1,102.58,597970944,74.25,egw-qemu-integrated
2026-10-02T15:31:18Z,egw-ditto-policies-1,15.90,556142592,69.06,egw-qemu-integrated
2026-10-02T15:31:18Z,egw-mongodb-1,8.55,244588544,45.56,egw-qemu-integrated
2026-10-02T15:31:18Z,egw-ditto-gateway-1,51.74,545357824,67.72,egw-qemu-integrated
2026-10-02T15:31:18Z,egw-controller-1,28.18,58064896,21.63,egw-qemu-integrated
2026-10-02T15:31:19Z,egw-mosquitto-1,1.99,4857856,3.62,egw-qemu-integrated
2026-10-02T15:31:19Z,egw-ditto-things-1,69.23,597725184,74.22,egw-qemu-integrated
2026-10-02T15:31:19Z,egw-ditto-policies-1,13.01,556142592,69.06,egw-qemu-integrated
2026-10-02T15:31:19Z,egw-mongodb-1,66.11,248700928,46.32,egw-qemu-integrated
2026-10-02T15:31:19Z,egw-ditto-gateway-1,51.34,545103872,67.69,egw-qemu-integrated
2026-10-02T15:31:19Z,egw-controller-1,26.06,58068992,21.63,egw-qemu-integrated
2026-10-02T15:31:20Z,egw-mosquitto-1,2.25,4866048,3.63,egw-qemu-integrated
2026-10-02T15:31:20Z,egw-ditto-things-1,50.65,597684224,74.22,egw-qemu-integrated
2026-10-02T15:31:20Z,egw-ditto-policies-1,11.62,556142592,69.06,egw-qemu-integrated
2026-10-02T15:31:20Z,egw-mongodb-1,104.13,387547136,72.19,egw-qemu-integrated
2026-10-02T15:31:20Z,egw-ditto-gateway-1,66.94,545107968,67.69,egw-qemu-integrated
2026-10-02T15:31:20Z,egw-controller-1,27.10,58077184,21.64,egw-qemu-integrated
2026-10-02T15:31:21Z,egw-mosquitto-1,2.42,4870144,3.63,egw-qemu-integrated
2026-10-02T15:31:21Z,egw-ditto-things-1,95.45,597741568,74.23,egw-qemu-integrated
2026-10-02T15:31:21Z,egw-ditto-policies-1,9.61,556142592,69.06,egw-qemu-integrated
2026-10-02T15:31:21Z,egw-mongodb-1,114.09,394919936,73.56,egw-qemu-integrated
2026-10-02T15:31:21Z,egw-ditto-gateway-1,48.35,545116160,67.69,egw-qemu-integrated
2026-10-02T15:31:21Z,egw-controller-1,25.03,58077184,21.64,egw-qemu-integrated
2026-10-02T15:31:22Z,egw-mosquitto-1,2.25,4878336,3.63,egw-qemu-integrated
2026-10-02T15:31:22Z,egw-ditto-things-1,95.27,599945216,74.50,egw-qemu-integrated
2026-10-02T15:31:22Z,egw-ditto-policies-1,12.74,556142592,69.06,egw-qemu-integrated
2026-10-02T15:31:22Z,egw-mongodb-1,101.28,397271040,74.00,egw-qemu-integrated
2026-10-02T15:31:22Z,egw-ditto-gateway-1,47.80,545124352,67.69,egw-qemu-integrated
2026-10-02T15:31:22Z,egw-controller-1,23.40,58081280,21.64,egw-qemu-integrated
2026-10-02T15:31:23Z,egw-mosquitto-1,2.07,4878336,3.63,egw-qemu-integrated
2026-10-02T15:31:23Z,egw-ditto-things-1,56.29,597737472,74.22,egw-qemu-integrated
2026-10-02T15:31:23Z,egw-ditto-policies-1,10.28,556142592,69.06,egw-qemu-integrated
2026-10-02T15:31:23Z,egw-mongodb-1,71.37,397692928,74.08,egw-qemu-integrated
2026-10-02T15:31:23Z,egw-ditto-gateway-1,87.56,545136640,67.69,egw-qemu-integrated
2026-10-02T15:31:23Z,egw-controller-1,22.27,58077184,21.64,egw-qemu-integrated
2026-10-02T15:31:24Z,egw-mosquitto-1,4.69,4886528,3.64,egw-qemu-integrated
2026-10-02T15:31:24Z,egw-ditto-things-1,94.62,597733376,74.22,egw-qemu-integrated
2026-10-02T15:31:24Z,egw-ditto-policies-1,32.56,556142592,69.06,egw-qemu-integrated
2026-10-02T15:31:24Z,egw-mongodb-1,105.25,400523264,74.60,egw-qemu-integrated
2026-10-02T15:31:24Z,egw-ditto-gateway-1,45.33,545136640,67.69,egw-qemu-integrated
2026-10-02T15:31:24Z,egw-controller-1,14.09,58089472,21.64,egw-qemu-integrated
2026-10-02T15:31:25Z,egw-mosquitto-1,1.98,4898816,3.65,egw-qemu-integrated
2026-10-02T15:31:25Z,egw-ditto-things-1,106.76,597741568,74.23,egw-qemu-integrated
2026-10-02T15:31:25Z,egw-ditto-policies-1,51.49,556142592,69.06,egw-qemu-integrated
2026-10-02T15:31:25Z,egw-mongodb-1,80.18,402382848,74.95,egw-qemu-integrated
2026-10-02T15:31:25Z,egw-ditto-gateway-1,74.42,546709504,67.89,egw-qemu-integrated
2026-10-02T15:31:25Z,egw-controller-1,8.53,58097664,21.64,egw-qemu-integrated
2026-10-02T15:31:26Z,egw-mosquitto-1,2.00,4902912,3.65,egw-qemu-integrated
2026-10-02T15:31:26Z,egw-ditto-things-1,43.77,597626880,74.21,egw-qemu-integrated
2026-10-02T15:31:26Z,egw-ditto-policies-1,69.38,556158976,69.06,egw-qemu-integrated
2026-10-02T15:31:26Z,egw-mongodb-1,94.21,406401024,75.70,egw-qemu-integrated
2026-10-02T15:31:26Z,egw-ditto-gateway-1,120.48,545132544,67.69,egw-qemu-integrated
2026-10-02T15:31:26Z,egw-controller-1,13.17,58097664,21.64,egw-qemu-integrated
2026-10-02T15:31:27Z,egw-mosquitto-1,2.14,4911104,3.66,egw-qemu-integrated
2026-10-02T15:31:27Z,egw-ditto-things-1,51.91,598016000,74.26,egw-qemu-integrated
2026-10-02T15:31:27Z,egw-ditto-policies-1,9.82,556158976,69.06,egw-qemu-integrated
2026-10-02T15:31:27Z,egw-mongodb-1,117.97,244781056,45.59,egw-qemu-integrated
2026-10-02T15:31:27Z,egw-ditto-gateway-1,43.80,545148928,67.69,egw-qemu-integrated
2026-10-02T15:31:27Z,egw-controller-1,24.29,58105856,21.65,egw-qemu-integrated
2026-10-02T15:31:28Z,egw-mosquitto-1,2.03,5169152,3.85,egw-qemu-integrated
2026-10-02T15:31:28Z,egw-ditto-things-1,60.64,597753856,74.23,egw-qemu-integrated
2026-10-02T15:31:28Z,egw-ditto-policies-1,24.66,556158976,69.06,egw-qemu-integrated
2026-10-02T15:31:28Z,egw-mongodb-1,9.00,244781056,45.59,egw-qemu-integrated
2026-10-02T15:31:28Z,egw-ditto-gateway-1,86.30,545161216,67.70,egw-qemu-integrated
2026-10-02T15:31:28Z,egw-controller-1,27.38,58626048,21.84,egw-qemu-integrated
2026-10-02T15:31:29Z,egw-mosquitto-1,10.07,4915200,3.66,egw-qemu-integrated
2026-10-02T15:31:29Z,egw-ditto-things-1,62.64,597753856,74.23,egw-qemu-integrated
2026-10-02T15:31:29Z,egw-ditto-policies-1,12.07,556158976,69.06,egw-qemu-integrated
2026-10-02T15:31:29Z,egw-mongodb-1,9.41,244781056,45.59,egw-qemu-integrated
2026-10-02T15:31:29Z,egw-ditto-gateway-1,60.40,545427456,67.73,egw-qemu-integrated
2026-10-02T15:31:29Z,egw-controller-1,28.10,58372096,21.75,egw-qemu-integrated
2026-10-02T15:31:30Z,egw-mosquitto-1,2.19,4919296,3.67,egw-qemu-integrated
2026-10-02T15:31:30Z,egw-ditto-things-1,60.90,597762048,74.23,egw-qemu-integrated
2026-10-02T15:31:30Z,egw-ditto-policies-1,9.41,556158976,69.06,egw-qemu-integrated
2026-10-02T15:31:30Z,egw-mongodb-1,10.70,244789248,45.60,egw-qemu-integrated
2026-10-02T15:31:30Z,egw-ditto-gateway-1,75.17,545177600,67.70,egw-qemu-integrated
2026-10-02T15:31:30Z,egw-controller-1,28.65,58118144,21.65,egw-qemu-integrated
2026-10-02T15:31:31Z,egw-mosquitto-1,2.80,4915200,3.66,egw-qemu-integrated
2026-10-02T15:31:31Z,egw-ditto-things-1,60.24,597762048,74.23,egw-qemu-integrated
2026-10-02T15:31:31Z,egw-ditto-policies-1,12.09,556158976,69.06,egw-qemu-integrated
2026-10-02T15:31:31Z,egw-mongodb-1,8.08,244789248,45.60,egw-qemu-integrated
2026-10-02T15:31:31Z,egw-ditto-gateway-1,60.59,545185792,67.70,egw-qemu-integrated
2026-10-02T15:31:31Z,egw-controller-1,34.55,58122240,21.65,egw-qemu-integrated
2026-10-02T15:31:32Z,egw-mosquitto-1,2.38,4923392,3.67,egw-qemu-integrated
2026-10-02T15:31:32Z,egw-ditto-things-1,57.30,597766144,74.23,egw-qemu-integrated
2026-10-02T15:31:32Z,egw-ditto-policies-1,9.45,556158976,69.06,egw-qemu-integrated
2026-10-02T15:31:32Z,egw-mongodb-1,8.54,244785152,45.59,egw-qemu-integrated
2026-10-02T15:31:32Z,egw-ditto-gateway-1,79.70,545456128,67.73,egw-qemu-integrated
2026-10-02T15:31:32Z,egw-controller-1,27.73,58384384,21.75,egw-qemu-integrated
2026-10-02T15:31:33Z,egw-mosquitto-1,2.65,4943872,3.68,egw-qemu-integrated
2026-10-02T15:31:33Z,egw-ditto-things-1,71.83,597782528,74.23,egw-qemu-integrated
2026-10-02T15:31:33Z,egw-ditto-policies-1,11.20,556158976,69.06,egw-qemu-integrated
2026-10-02T15:31:33Z,egw-mongodb-1,5.35,244785152,45.59,egw-qemu-integrated
2026-10-02T15:31:33Z,egw-ditto-gateway-1,75.78,545337344,67.72,egw-qemu-integrated
2026-10-02T15:31:33Z,egw-controller-1,27.54,58146816,21.66,egw-qemu-integrated
2026-10-02T15:31:34Z,egw-mosquitto-1,2.39,4943872,3.68,egw-qemu-integrated
2026-10-02T15:31:34Z,egw-ditto-things-1,95.87,597766144,74.23,egw-qemu-integrated
2026-10-02T15:31:34Z,egw-ditto-policies-1,17.38,556158976,69.06,egw-qemu-integrated
2026-10-02T15:31:34Z,egw-mongodb-1,6.66,244817920,45.60,egw-qemu-integrated
2026-10-02T15:31:34Z,egw-ditto-gateway-1,72.09,545341440,67.72,egw-qemu-integrated
2026-10-02T15:31:34Z,egw-controller-1,26.54,58417152,21.76,egw-qemu-integrated
2026-10-02T15:31:35Z,egw-mosquitto-1,1.74,5201920,3.88,egw-qemu-integrated
2026-10-02T15:31:35Z,egw-ditto-things-1,58.59,597815296,74.23,egw-qemu-integrated
2026-10-02T15:31:35Z,egw-ditto-policies-1,13.54,556163072,69.06,egw-qemu-integrated
2026-10-02T15:31:35Z,egw-mongodb-1,7.65,244817920,45.60,egw-qemu-integrated
2026-10-02T15:31:35Z,egw-ditto-gateway-1,108.80,545370112,67.72,egw-qemu-integrated
2026-10-02T15:31:35Z,egw-controller-1,27.33,58675200,21.86,egw-qemu-integrated
2026-10-02T15:31:36Z,egw-mosquitto-1,2.07,5222400,3.89,egw-qemu-integrated
2026-10-02T15:31:36Z,egw-ditto-things-1,73.67,597815296,74.23,egw-qemu-integrated
2026-10-02T15:31:36Z,egw-ditto-policies-1,16.13,556163072,69.06,egw-qemu-integrated
2026-10-02T15:31:36Z,egw-mongodb-1,7.04,245080064,45.65,egw-qemu-integrated
2026-10-02T15:31:36Z,egw-ditto-gateway-1,45.26,545370112,67.72,egw-qemu-integrated
2026-10-02T15:31:36Z,egw-controller-1,27.58,58159104,21.67,egw-qemu-integrated
2026-10-02T15:31:37Z,egw-mosquitto-1,2.18,4956160,3.69,egw-qemu-integrated
2026-10-02T15:31:37Z,egw-ditto-things-1,53.44,597819392,74.24,egw-qemu-integrated
2026-10-02T15:31:37Z,egw-ditto-policies-1,12.98,556167168,69.06,egw-qemu-integrated
2026-10-02T15:31:37Z,egw-mongodb-1,8.41,244817920,45.60,egw-qemu-integrated
2026-10-02T15:31:37Z,egw-ditto-gateway-1,54.75,545636352,67.76,egw-qemu-integrated
2026-10-02T15:31:37Z,egw-controller-1,28.72,58159104,21.67,egw-qemu-integrated
2026-10-02T15:31:38Z,egw-mosquitto-1,2.21,4960256,3.70,egw-qemu-integrated
2026-10-02T15:31:38Z,egw-ditto-things-1,63.98,597819392,74.24,egw-qemu-integrated
2026-10-02T15:31:38Z,egw-ditto-policies-1,12.63,556175360,69.06,egw-qemu-integrated
2026-10-02T15:31:38Z,egw-mongodb-1,11.54,244989952,45.63,egw-qemu-integrated
2026-10-02T15:31:38Z,egw-ditto-gateway-1,54.03,545382400,67.72,egw-qemu-integrated
2026-10-02T15:31:38Z,egw-controller-1,29.35,58171392,21.67,egw-qemu-integrated
2026-10-02T15:31:39Z,egw-mosquitto-1,2.21,4960256,3.70,egw-qemu-integrated
2026-10-02T15:31:39Z,egw-ditto-things-1,83.37,597839872,74.24,egw-qemu-integrated
2026-10-02T15:31:39Z,egw-ditto-policies-1,8.77,556167168,69.06,egw-qemu-integrated
2026-10-02T15:31:39Z,egw-mongodb-1,7.16,244994048,45.63,egw-qemu-integrated
2026-10-02T15:31:39Z,egw-ditto-gateway-1,51.36,545378304,67.72,egw-qemu-integrated
2026-10-02T15:31:39Z,egw-controller-1,28.36,58171392,21.67,egw-qemu-integrated
2026-10-02T15:31:40Z,egw-mosquitto-1,1.97,4968448,3.70,egw-qemu-integrated
2026-10-02T15:31:40Z,egw-ditto-things-1,53.71,597843968,74.24,egw-qemu-integrated
2026-10-02T15:31:40Z,egw-ditto-policies-1,15.40,556429312,69.10,egw-qemu-integrated
2026-10-02T15:31:40Z,egw-mongodb-1,10.71,244994048,45.63,egw-qemu-integrated
2026-10-02T15:31:40Z,egw-ditto-gateway-1,47.72,545378304,67.72,egw-qemu-integrated
2026-10-02T15:31:40Z,egw-controller-1,29.66,58183680,21.68,egw-qemu-integrated
2026-10-02T15:31:41Z,egw-mosquitto-1,18.99,6799360,5.07,egw-qemu-integrated
2026-10-02T15:31:41Z,egw-ditto-things-1,53.04,597839872,74.24,egw-qemu-integrated
2026-10-02T15:31:41Z,egw-ditto-policies-1,12.11,556175360,69.06,egw-qemu-integrated
2026-10-02T15:31:41Z,egw-mongodb-1,7.98,244989952,45.63,egw-qemu-integrated
2026-10-02T15:31:41Z,egw-ditto-gateway-1,51.53,545382400,67.72,egw-qemu-integrated
2026-10-02T15:31:41Z,egw-controller-1,28.89,58175488,21.67,egw-qemu-integrated
2026-10-02T15:31:42Z,egw-mosquitto-1,51.17,4988928,3.72,egw-qemu-integrated
2026-10-02T15:31:42Z,egw-ditto-things-1,54.98,597852160,74.24,egw-qemu-integrated
2026-10-02T15:31:42Z,egw-ditto-policies-1,10.90,556175360,69.06,egw-qemu-integrated
2026-10-02T15:31:42Z,egw-mongodb-1,7.20,244989952,45.63,egw-qemu-integrated
2026-10-02T15:31:42Z,egw-ditto-gateway-1,68.28,545386496,67.72,egw-qemu-integrated
2026-10-02T15:31:42Z,egw-controller-1,29.69,58179584,21.67,egw-qemu-integrated
2026-10-02T15:31:43Z,egw-mosquitto-1,8.32,4993024,3.72,egw-qemu-integrated
2026-10-02T15:31:43Z,egw-ditto-things-1,46.48,598118400,74.27,egw-qemu-integrated
2026-10-02T15:31:43Z,egw-ditto-policies-1,14.64,556171264,69.06,egw-qemu-integrated
2026-10-02T15:31:43Z,egw-mongodb-1,7.14,244994048,45.63,egw-qemu-integrated
2026-10-02T15:31:43Z,egw-ditto-gateway-1,64.78,545398784,67.73,egw-qemu-integrated
2026-10-02T15:31:43Z,egw-controller-1,24.42,58183680,21.68,egw-qemu-integrated
2026-10-02T15:31:44Z,egw-mosquitto-1,2.31,4988928,3.72,egw-qemu-integrated
2026-10-02T15:31:44Z,egw-ditto-things-1,51.02,597811200,74.23,egw-qemu-integrated
2026-10-02T15:31:44Z,egw-ditto-policies-1,78.08,558292992,69.33,egw-qemu-integrated
2026-10-02T15:31:44Z,egw-mongodb-1,6.32,244994048,45.63,egw-qemu-integrated
2026-10-02T15:31:44Z,egw-ditto-gateway-1,53.00,545398784,67.73,egw-qemu-integrated
2026-10-02T15:31:44Z,egw-controller-1,71.91,60067840,22.38,egw-qemu-integrated
2026-10-02T15:31:45Z,egw-mosquitto-1,2.00,4997120,3.72,egw-qemu-integrated
2026-10-02T15:31:45Z,egw-ditto-things-1,45.77,597856256,74.24,egw-qemu-integrated
2026-10-02T15:31:45Z,egw-ditto-policies-1,37.97,556179456,69.06,egw-qemu-integrated
2026-10-02T15:31:45Z,egw-mongodb-1,6.70,244994048,45.63,egw-qemu-integrated
2026-10-02T15:31:45Z,egw-ditto-gateway-1,40.76,545398784,67.73,egw-qemu-integrated
2026-10-02T15:31:45Z,egw-controller-1,110.72,68378624,25.47,egw-qemu-integrated
2026-10-02T15:31:46Z,egw-mosquitto-1,1.72,5263360,3.92,egw-qemu-integrated
2026-10-02T15:31:46Z,egw-ditto-things-1,50.14,597864448,74.24,egw-qemu-integrated
2026-10-02T15:31:46Z,egw-ditto-policies-1,9.45,556183552,69.06,egw-qemu-integrated
2026-10-02T15:31:46Z,egw-mongodb-1,6.68,244994048,45.63,egw-qemu-integrated
2026-10-02T15:31:46Z,egw-ditto-gateway-1,48.11,545660928,67.76,egw-qemu-integrated
2026-10-02T15:31:46Z,egw-controller-1,125.64,70012928,26.08,egw-qemu-integrated
2026-10-02T15:31:47Z,egw-mosquitto-1,1.92,5001216,3.73,egw-qemu-integrated
2026-10-02T15:31:47Z,egw-ditto-things-1,65.60,597860352,74.24,egw-qemu-integrated
2026-10-02T15:31:47Z,egw-ditto-policies-1,11.18,556183552,69.06,egw-qemu-integrated
2026-10-02T15:31:47Z,egw-mongodb-1,7.28,245256192,45.68,egw-qemu-integrated
2026-10-02T15:31:47Z,egw-ditto-gateway-1,54.68,545402880,67.73,egw-qemu-integrated
2026-10-02T15:31:47Z,egw-controller-1,115.11,58204160,21.68,egw-qemu-integrated
2026-10-02T15:31:48Z,egw-mosquitto-1,2.09,5005312,3.73,egw-qemu-integrated
2026-10-02T15:31:48Z,egw-ditto-things-1,65.46,597876736,74.24,egw-qemu-integrated
2026-10-02T15:31:48Z,egw-ditto-policies-1,8.23,556183552,69.06,egw-qemu-integrated
2026-10-02T15:31:48Z,egw-mongodb-1,9.28,244994048,45.63,egw-qemu-integrated
2026-10-02T15:31:48Z,egw-ditto-gateway-1,65.72,545677312,67.76,egw-qemu-integrated
2026-10-02T15:31:48Z,egw-controller-1,28.82,58482688,21.79,egw-qemu-integrated
2026-10-02T15:31:49Z,egw-mosquitto-1,2.48,5017600,3.74,egw-qemu-integrated
2026-10-02T15:31:49Z,egw-ditto-things-1,50.52,598134784,74.27,egw-qemu-integrated
2026-10-02T15:31:49Z,egw-ditto-policies-1,11.80,556208128,69.07,egw-qemu-integrated
2026-10-02T15:31:49Z,egw-mongodb-1,7.21,244994048,45.63,egw-qemu-integrated
2026-10-02T15:31:49Z,egw-ditto-gateway-1,57.97,545419264,67.73,egw-qemu-integrated
2026-10-02T15:31:49Z,egw-controller-1,29.51,58212352,21.69,egw-qemu-integrated
2026-10-02T15:31:50Z,egw-mosquitto-1,2.17,5009408,3.73,egw-qemu-integrated
2026-10-02T15:31:50Z,egw-ditto-things-1,48.59,597876736,74.24,egw-qemu-integrated
2026-10-02T15:31:50Z,egw-ditto-policies-1,34.86,556212224,69.07,egw-qemu-integrated
2026-10-02T15:31:50Z,egw-mongodb-1,10.40,244994048,45.63,egw-qemu-integrated
2026-10-02T15:31:50Z,egw-ditto-gateway-1,50.62,545419264,67.73,egw-qemu-integrated
2026-10-02T15:31:50Z,egw-controller-1,30.81,58224640,21.69,egw-qemu-integrated
2026-10-02T15:31:51Z,egw-mosquitto-1,2.39,5013504,3.74,egw-qemu-integrated
2026-10-02T15:31:51Z,egw-ditto-things-1,123.42,599769088,74.48,egw-qemu-integrated
2026-10-02T15:31:51Z,egw-ditto-policies-1,9.63,556212224,69.07,egw-qemu-integrated
2026-10-02T15:31:51Z,egw-mongodb-1,7.55,245256192,45.68,egw-qemu-integrated
2026-10-02T15:31:51Z,egw-ditto-gateway-1,44.00,545423360,67.73,egw-qemu-integrated
2026-10-02T15:31:51Z,egw-controller-1,27.32,58228736,21.69,egw-qemu-integrated
2026-10-02T15:31:52Z,egw-mosquitto-1,2.28,5025792,3.74,egw-qemu-integrated
2026-10-02T15:31:52Z,egw-ditto-things-1,161.99,597942272,74.25,egw-qemu-integrated
2026-10-02T15:31:52Z,egw-ditto-policies-1,10.75,556216320,69.07,egw-qemu-integrated
2026-10-02T15:31:52Z,egw-mongodb-1,8.04,244998144,45.63,egw-qemu-integrated
2026-10-02T15:31:52Z,egw-ditto-gateway-1,40.84,545681408,67.76,egw-qemu-integrated
2026-10-02T15:31:52Z,egw-controller-1,27.51,58232832,21.69,egw-qemu-integrated
2026-10-02T15:31:53Z,egw-mosquitto-1,2.27,5279744,3.93,egw-qemu-integrated
2026-10-02T15:31:53Z,egw-ditto-things-1,60.44,597934080,74.25,egw-qemu-integrated
2026-10-02T15:31:53Z,egw-ditto-policies-1,27.34,556253184,69.07,egw-qemu-integrated
2026-10-02T15:31:53Z,egw-mongodb-1,11.34,245252096,45.68,egw-qemu-integrated
2026-10-02T15:31:53Z,egw-ditto-gateway-1,53.14,545427456,67.73,egw-qemu-integrated
2026-10-02T15:31:53Z,egw-controller-1,28.45,58490880,21.79,egw-qemu-integrated
2026-10-02T15:31:54Z,egw-mosquitto-1,2.31,5017600,3.74,egw-qemu-integrated
2026-10-02T15:31:54Z,egw-ditto-things-1,92.21,597905408,74.25,egw-qemu-integrated
2026-10-02T15:31:54Z,egw-ditto-policies-1,15.99,556253184,69.07,egw-qemu-integrated
2026-10-02T15:31:54Z,egw-mongodb-1,6.47,244994048,45.63,egw-qemu-integrated
2026-10-02T15:31:54Z,egw-ditto-gateway-1,51.87,545427456,67.73,egw-qemu-integrated
2026-10-02T15:31:54Z,egw-controller-1,30.70,58232832,21.69,egw-qemu-integrated
2026-10-02T15:31:55Z,egw-mosquitto-1,4.69,5275648,3.93,egw-qemu-integrated
2026-10-02T15:31:55Z,egw-ditto-things-1,110.32,597950464,74.25,egw-qemu-integrated
2026-10-02T15:31:55Z,egw-ditto-policies-1,55.97,556253184,69.07,egw-qemu-integrated
2026-10-02T15:31:55Z,egw-mongodb-1,22.91,244994048,45.63,egw-qemu-integrated
2026-10-02T15:31:55Z,egw-ditto-gateway-1,45.82,547155968,67.94,egw-qemu-integrated
2026-10-02T15:31:55Z,egw-controller-1,17.30,58232832,21.69,egw-qemu-integrated
2026-10-02T15:31:56Z,egw-mosquitto-1,2.06,5292032,3.94,egw-qemu-integrated
2026-10-02T15:31:56Z,egw-ditto-things-1,97.21,597827584,74.24,egw-qemu-integrated
2026-10-02T15:31:56Z,egw-ditto-policies-1,82.37,556265472,69.08,egw-qemu-integrated
2026-10-02T15:31:56Z,egw-mongodb-1,3.50,244994048,45.63,egw-qemu-integrated
2026-10-02T15:31:56Z,egw-ditto-gateway-1,104.69,547438592,67.98,egw-qemu-integrated
2026-10-02T15:31:56Z,egw-controller-1,6.42,58232832,21.69,egw-qemu-integrated
2026-10-02T15:31:57Z,egw-mosquitto-1,2.14,5558272,4.14,egw-qemu-integrated
2026-10-02T15:31:57Z,egw-ditto-things-1,59.23,597925888,74.25,egw-qemu-integrated
2026-10-02T15:31:57Z,egw-ditto-policies-1,19.76,556269568,69.08,egw-qemu-integrated
2026-10-02T15:31:57Z,egw-mongodb-1,87.66,315199488,58.71,egw-qemu-integrated
2026-10-02T15:31:57Z,egw-ditto-gateway-1,95.44,545427456,67.73,egw-qemu-integrated
2026-10-02T15:31:57Z,egw-controller-1,16.50,58241024,21.70,egw-qemu-integrated
2026-10-02T15:31:58Z,egw-mosquitto-1,2.08,5038080,3.75,egw-qemu-integrated
2026-10-02T15:31:58Z,egw-ditto-things-1,50.26,597970944,74.25,egw-qemu-integrated
2026-10-02T15:31:58Z,egw-ditto-policies-1,30.87,556269568,69.08,egw-qemu-integrated
2026-10-02T15:31:58Z,egw-mongodb-1,103.74,392892416,73.18,egw-qemu-integrated
2026-10-02T15:31:58Z,egw-ditto-gateway-1,47.71,545689600,67.76,egw-qemu-integrated
2026-10-02T15:31:58Z,egw-controller-1,26.45,58241024,21.70,egw-qemu-integrated
2026-10-02T15:31:59Z,egw-mosquitto-1,2.06,5038080,3.75,egw-qemu-integrated
2026-10-02T15:31:59Z,egw-ditto-things-1,42.46,597925888,74.25,egw-qemu-integrated
2026-10-02T15:31:59Z,egw-ditto-policies-1,17.83,556277760,69.08,egw-qemu-integrated
2026-10-02T15:31:59Z,egw-mongodb-1,122.22,396324864,73.82,egw-qemu-integrated
2026-10-02T15:31:59Z,egw-ditto-gateway-1,66.76,545689600,67.76,egw-qemu-integrated
2026-10-02T15:31:59Z,egw-controller-1,24.60,58261504,21.70,egw-qemu-integrated
2026-10-02T15:32:00Z,egw-mosquitto-1,2.14,5050368,3.76,egw-qemu-integrated
2026-10-02T15:32:00Z,egw-ditto-things-1,52.63,597966848,74.25,egw-qemu-integrated
2026-10-02T15:32:00Z,egw-ditto-policies-1,8.85,556277760,69.08,egw-qemu-integrated
2026-10-02T15:32:00Z,egw-mongodb-1,93.95,397840384,74.10,egw-qemu-integrated
2026-10-02T15:32:00Z,egw-ditto-gateway-1,96.85,545447936,67.73,egw-qemu-integrated
2026-10-02T15:32:00Z,egw-controller-1,26.99,58527744,21.80,egw-qemu-integrated
2026-10-02T15:32:01Z,egw-mosquitto-1,2.70,5058560,3.77,egw-qemu-integrated
2026-10-02T15:32:01Z,egw-ditto-things-1,75.75,597983232,74.26,egw-qemu-integrated
2026-10-02T15:32:01Z,egw-ditto-policies-1,11.74,556277760,69.08,egw-qemu-integrated
2026-10-02T15:32:01Z,egw-mongodb-1,118.64,403197952,75.10,egw-qemu-integrated
2026-10-02T15:32:01Z,egw-ditto-gateway-1,48.47,545705984,67.76,egw-qemu-integrated
2026-10-02T15:32:01Z,egw-controller-1,23.26,58527744,21.80,egw-qemu-integrated
2026-10-02T15:32:02Z,egw-mosquitto-1,2.21,5058560,3.77,egw-qemu-integrated
2026-10-02T15:32:02Z,egw-ditto-things-1,37.81,597983232,74.26,egw-qemu-integrated
2026-10-02T15:32:02Z,egw-ditto-policies-1,16.45,556298240,69.08,egw-qemu-integrated
2026-10-02T15:32:02Z,egw-mongodb-1,128.59,409567232,76.29,egw-qemu-integrated
2026-10-02T15:32:02Z,egw-ditto-gateway-1,64.37,545447936,67.73,egw-qemu-integrated
2026-10-02T15:32:02Z,egw-controller-1,22.92,58277888,21.71,egw-qemu-integrated
2026-10-02T15:32:03Z,egw-mosquitto-1,2.17,5062656,3.77,egw-qemu-integrated
2026-10-02T15:32:03Z,egw-ditto-things-1,45.50,597983232,74.26,egw-qemu-integrated
2026-10-02T15:32:03Z,egw-ditto-policies-1,10.10,556298240,69.08,egw-qemu-integrated
2026-10-02T15:32:03Z,egw-mongodb-1,44.14,245055488,45.65,egw-qemu-integrated
2026-10-02T15:32:03Z,egw-ditto-gateway-1,71.74,545718272,67.77,egw-qemu-integrated
2026-10-02T15:32:03Z,egw-controller-1,30.04,58286080,21.71,egw-qemu-integrated
2026-10-02T15:32:04Z,egw-mosquitto-1,2.17,5328896,3.97,egw-qemu-integrated
2026-10-02T15:32:04Z,egw-ditto-things-1,72.70,597999616,74.26,egw-qemu-integrated
2026-10-02T15:32:04Z,egw-ditto-policies-1,14.41,556298240,69.08,egw-qemu-integrated
2026-10-02T15:32:04Z,egw-mongodb-1,6.36,245055488,45.65,egw-qemu-integrated
2026-10-02T15:32:04Z,egw-ditto-gateway-1,55.73,545472512,67.73,egw-qemu-integrated
2026-10-02T15:32:04Z,egw-controller-1,29.37,58302464,21.72,egw-qemu-integrated
2026-10-02T15:32:05Z,egw-mosquitto-1,2.14,5074944,3.78,egw-qemu-integrated
2026-10-02T15:32:05Z,egw-ditto-things-1,64.53,597958656,74.25,egw-qemu-integrated
2026-10-02T15:32:05Z,egw-ditto-policies-1,8.91,556298240,69.08,egw-qemu-integrated
2026-10-02T15:32:05Z,egw-mongodb-1,12.97,245317632,45.69,egw-qemu-integrated
2026-10-02T15:32:05Z,egw-ditto-gateway-1,64.69,545476608,67.74,egw-qemu-integrated
2026-10-02T15:32:05Z,egw-controller-1,25.96,58302464,21.72,egw-qemu-integrated
2026-10-02T15:32:06Z,egw-mosquitto-1,1.80,5316608,3.96,egw-qemu-integrated
2026-10-02T15:32:06Z,egw-ditto-things-1,61.64,597966848,74.25,egw-qemu-integrated
2026-10-02T15:32:06Z,egw-ditto-policies-1,12.28,556298240,69.08,egw-qemu-integrated
2026-10-02T15:32:06Z,egw-mongodb-1,7.03,245059584,45.65,egw-qemu-integrated
2026-10-02T15:32:06Z,egw-ditto-gateway-1,76.59,545484800,67.74,egw-qemu-integrated
2026-10-02T15:32:06Z,egw-controller-1,30.87,58306560,21.72,egw-qemu-integrated
2026-10-02T15:32:07Z,egw-mosquitto-1,2.55,5079040,3.78,egw-qemu-integrated
2026-10-02T15:32:07Z,egw-ditto-things-1,83.17,597979136,74.25,egw-qemu-integrated
2026-10-02T15:32:07Z,egw-ditto-policies-1,15.23,556298240,69.08,egw-qemu-integrated
2026-10-02T15:32:07Z,egw-mongodb-1,7.28,245055488,45.65,egw-qemu-integrated
2026-10-02T15:32:07Z,egw-ditto-gateway-1,65.12,545746944,67.77,egw-qemu-integrated
2026-10-02T15:32:07Z,egw-controller-1,28.51,58327040,21.73,egw-qemu-integrated
2026-10-02T15:32:08Z,egw-mosquitto-1,2.21,5083136,3.79,egw-qemu-integrated
2026-10-02T15:32:08Z,egw-ditto-things-1,55.86,597979136,74.25,egw-qemu-integrated
2026-10-02T15:32:08Z,egw-ditto-policies-1,12.09,556298240,69.08,egw-qemu-integrated
2026-10-02T15:32:08Z,egw-mongodb-1,9.80,245055488,45.65,egw-qemu-integrated
2026-10-02T15:32:08Z,egw-ditto-gateway-1,50.60,545497088,67.74,egw-qemu-integrated
2026-10-02T15:32:08Z,egw-controller-1,28.93,58585088,21.82,egw-qemu-integrated
2026-10-02T15:32:09Z,egw-mosquitto-1,2.34,5087232,3.79,egw-qemu-integrated
2026-10-02T15:32:09Z,egw-ditto-things-1,50.22,597983232,74.26,egw-qemu-integrated
2026-10-02T15:32:09Z,egw-ditto-policies-1,10.36,556302336,69.08,egw-qemu-integrated
2026-10-02T15:32:09Z,egw-mongodb-1,8.19,245055488,45.65,egw-qemu-integrated
2026-10-02T15:32:09Z,egw-ditto-gateway-1,62.87,545501184,67.74,egw-qemu-integrated
2026-10-02T15:32:09Z,egw-controller-1,30.30,58327040,21.73,egw-qemu-integrated
2026-10-02T15:32:10Z,egw-mosquitto-1,2.80,5091328,3.79,egw-qemu-integrated
2026-10-02T15:32:10Z,egw-ditto-things-1,84.87,597991424,74.26,egw-qemu-integrated
2026-10-02T15:32:10Z,egw-ditto-policies-1,22.32,556302336,69.08,egw-qemu-integrated
2026-10-02T15:32:10Z,egw-mongodb-1,9.54,245125120,45.66,egw-qemu-integrated
2026-10-02T15:32:10Z,egw-ditto-gateway-1,45.09,545501184,67.74,egw-qemu-integrated
2026-10-02T15:32:10Z,egw-controller-1,29.35,58327040,21.73,egw-qemu-integrated
2026-10-02T15:32:11Z,egw-mosquitto-1,56.34,6709248,5.00,egw-qemu-integrated
2026-10-02T15:32:11Z,egw-ditto-things-1,91.59,598011904,74.26,egw-qemu-integrated
2026-10-02T15:32:11Z,egw-ditto-policies-1,19.34,556302336,69.08,egw-qemu-integrated
2026-10-02T15:32:11Z,egw-mongodb-1,6.49,245125120,45.66,egw-qemu-integrated
2026-10-02T15:32:11Z,egw-ditto-gateway-1,31.64,545497088,67.74,egw-qemu-integrated
2026-10-02T15:32:11Z,egw-controller-1,20.34,58589184,21.83,egw-qemu-integrated
2026-10-02T15:32:12Z,egw-mosquitto-1,25.71,5091328,3.79,egw-qemu-integrated
2026-10-02T15:32:12Z,egw-ditto-things-1,165.31,598011904,74.26,egw-qemu-integrated
2026-10-02T15:32:12Z,egw-ditto-policies-1,17.58,556310528,69.08,egw-qemu-integrated
2026-10-02T15:32:12Z,egw-mongodb-1,6.14,245125120,45.66,egw-qemu-integrated
2026-10-02T15:32:12Z,egw-ditto-gateway-1,42.11,545501184,67.74,egw-qemu-integrated
2026-10-02T15:32:12Z,egw-controller-1,23.83,58327040,21.73,egw-qemu-integrated
2026-10-02T15:32:13Z,egw-mosquitto-1,2.40,5103616,3.80,egw-qemu-integrated
2026-10-02T15:32:13Z,egw-ditto-things-1,63.31,598020096,74.26,egw-qemu-integrated
2026-10-02T15:32:13Z,egw-ditto-policies-1,7.22,556306432,69.08,egw-qemu-integrated
2026-10-02T15:32:13Z,egw-mongodb-1,11.56,245538816,45.74,egw-qemu-integrated
2026-10-02T15:32:13Z,egw-ditto-gateway-1,43.35,545501184,67.74,egw-qemu-integrated
2026-10-02T15:32:13Z,egw-controller-1,28.21,58331136,21.73,egw-qemu-integrated
2026-10-02T15:32:14Z,egw-mosquitto-1,3.26,5103616,3.80,egw-qemu-integrated
2026-10-02T15:32:14Z,egw-ditto-things-1,55.42,598011904,74.26,egw-qemu-integrated
2026-10-02T15:32:14Z,egw-ditto-policies-1,103.49,558497792,69.35,egw-qemu-integrated
2026-10-02T15:32:14Z,egw-mongodb-1,15.51,245350400,45.70,egw-qemu-integrated
2026-10-02T15:32:14Z,egw-ditto-gateway-1,41.08,545509376,67.74,egw-qemu-integrated
2026-10-02T15:32:14Z,egw-controller-1,25.14,58331136,21.73,egw-qemu-integrated
2026-10-02T15:32:15Z,egw-mosquitto-1,2.28,5369856,4.00,egw-qemu-integrated
2026-10-02T15:32:15Z,egw-ditto-things-1,71.63,598011904,74.26,egw-qemu-integrated
2026-10-02T15:32:15Z,egw-ditto-policies-1,28.59,556335104,69.08,egw-qemu-integrated
2026-10-02T15:32:15Z,egw-mongodb-1,7.66,245350400,45.70,egw-qemu-integrated
2026-10-02T15:32:15Z,egw-ditto-gateway-1,46.73,545505280,67.74,egw-qemu-integrated
2026-10-02T15:32:15Z,egw-controller-1,26.78,58867712,21.93,egw-qemu-integrated
2026-10-02T15:32:16Z,egw-mosquitto-1,3.02,5124096,3.82,egw-qemu-integrated
2026-10-02T15:32:16Z,egw-ditto-things-1,53.49,598011904,74.26,egw-qemu-integrated
2026-10-02T15:32:16Z,egw-ditto-policies-1,21.28,556343296,69.08,egw-qemu-integrated
2026-10-02T15:32:16Z,egw-mongodb-1,7.32,245350400,45.70,egw-qemu-integrated
2026-10-02T15:32:16Z,egw-ditto-gateway-1,44.19,545505280,67.74,egw-qemu-integrated
2026-10-02T15:32:16Z,egw-controller-1,67.71,60903424,22.69,egw-qemu-integrated
2026-10-02T15:32:17Z,egw-mosquitto-1,2.18,5390336,4.02,egw-qemu-integrated
2026-10-02T15:32:17Z,egw-ditto-things-1,49.99,598269952,74.29,egw-qemu-integrated
2026-10-02T15:32:17Z,egw-ditto-policies-1,8.77,556343296,69.08,egw-qemu-integrated
2026-10-02T15:32:17Z,egw-mongodb-1,7.01,245608448,45.75,egw-qemu-integrated
2026-10-02T15:32:17Z,egw-ditto-gateway-1,43.73,545759232,67.77,egw-qemu-integrated
2026-10-02T15:32:17Z,egw-controller-1,118.32,68288512,25.44,egw-qemu-integrated
2026-10-02T15:32:18Z,egw-mosquitto-1,2.18,5128192,3.82,egw-qemu-integrated
2026-10-02T15:32:18Z,egw-ditto-things-1,56.54,598011904,74.26,egw-qemu-integrated
2026-10-02T15:32:18Z,egw-ditto-policies-1,11.83,556343296,69.08,egw-qemu-integrated
2026-10-02T15:32:18Z,egw-mongodb-1,8.62,245350400,45.70,egw-qemu-integrated
2026-10-02T15:32:18Z,egw-ditto-gateway-1,59.19,545513472,67.74,egw-qemu-integrated
2026-10-02T15:32:18Z,egw-controller-1,126.58,70815744,26.38,egw-qemu-integrated
2026-10-02T15:32:19Z,egw-mosquitto-1,4.55,5128192,3.82,egw-qemu-integrated
2026-10-02T15:32:19Z,egw-ditto-things-1,66.31,598011904,74.26,egw-qemu-integrated
2026-10-02T15:32:19Z,egw-ditto-policies-1,10.20,556343296,69.08,egw-qemu-integrated
2026-10-02T15:32:19Z,egw-mongodb-1,15.37,245354496,45.70,egw-qemu-integrated
2026-10-02T15:32:19Z,egw-ditto-gateway-1,35.51,545509376,67.74,egw-qemu-integrated
2026-10-02T15:32:19Z,egw-controller-1,111.00,58343424,21.73,egw-qemu-integrated
2026-10-02T15:32:20Z,egw-mosquitto-1,1.81,5128192,3.82,egw-qemu-integrated
2026-10-02T15:32:20Z,egw-ditto-things-1,79.17,597975040,74.25,egw-qemu-integrated
2026-10-02T15:32:20Z,egw-ditto-policies-1,28.89,556347392,69.09,egw-qemu-integrated
2026-10-02T15:32:20Z,egw-mongodb-1,15.10,245436416,45.72,egw-qemu-integrated
2026-10-02T15:32:20Z,egw-ditto-gateway-1,78.51,545509376,67.74,egw-qemu-integrated
2026-10-02T15:32:20Z,egw-controller-1,11.54,58347520,21.74,egw-qemu-integrated
2026-10-02T15:32:21Z,egw-mosquitto-1,2.29,5136384,3.83,egw-qemu-integrated
2026-10-02T15:32:21Z,egw-ditto-things-1,107.04,600801280,74.61,egw-qemu-integrated
2026-10-02T15:32:21Z,egw-ditto-policies-1,58.64,556347392,69.09,egw-qemu-integrated
2026-10-02T15:32:21Z,egw-mongodb-1,5.53,245432320,45.72,egw-qemu-integrated
2026-10-02T15:32:21Z,egw-ditto-gateway-1,69.40,545513472,67.74,egw-qemu-integrated
2026-10-02T15:32:21Z,egw-controller-1,17.92,58343424,21.73,egw-qemu-integrated
2026-10-02T15:32:22Z,egw-mosquitto-1,2.15,5410816,4.03,egw-qemu-integrated
2026-10-02T15:32:22Z,egw-ditto-things-1,122.44,598016000,74.26,egw-qemu-integrated
2026-10-02T15:32:22Z,egw-ditto-policies-1,38.08,556355584,69.09,egw-qemu-integrated
2026-10-02T15:32:22Z,egw-mongodb-1,6.56,245440512,45.72,egw-qemu-integrated
2026-10-02T15:32:22Z,egw-ditto-gateway-1,56.64,545513472,67.74,egw-qemu-integrated
2026-10-02T15:32:22Z,egw-controller-1,25.81,58343424,21.73,egw-qemu-integrated
2026-10-02T15:32:23Z,egw-mosquitto-1,2.34,5148672,3.84,egw-qemu-integrated
2026-10-02T15:32:23Z,egw-ditto-things-1,58.62,598056960,74.26,egw-qemu-integrated
2026-10-02T15:32:23Z,egw-ditto-policies-1,7.46,556355584,69.09,egw-qemu-integrated
2026-10-02T15:32:23Z,egw-mongodb-1,8.26,245432320,45.72,egw-qemu-integrated
2026-10-02T15:32:23Z,egw-ditto-gateway-1,57.64,545517568,67.74,egw-qemu-integrated
2026-10-02T15:32:23Z,egw-controller-1,31.69,58617856,21.84,egw-qemu-integrated
2026-10-02T15:32:24Z,egw-mosquitto-1,2.35,5152768,3.84,egw-qemu-integrated
2026-10-02T15:32:24Z,egw-ditto-things-1,61.55,598061056,74.27,egw-qemu-integrated
2026-10-02T15:32:24Z,egw-ditto-policies-1,11.80,556355584,69.09,egw-qemu-integrated
2026-10-02T15:32:24Z,egw-mongodb-1,13.61,245436416,45.72,egw-qemu-integrated
2026-10-02T15:32:24Z,egw-ditto-gateway-1,54.88,545517568,67.74,egw-qemu-integrated
2026-10-02T15:32:24Z,egw-controller-1,28.66,58884096,21.94,egw-qemu-integrated
2026-10-02T15:32:25Z,egw-mosquitto-1,2.54,5152768,3.84,egw-qemu-integrated
2026-10-02T15:32:25Z,egw-ditto-things-1,55.80,598056960,74.26,egw-qemu-integrated
2026-10-02T15:32:25Z,egw-ditto-policies-1,7.66,556355584,69.09,egw-qemu-integrated
2026-10-02T15:32:25Z,egw-mongodb-1,7.82,245448704,45.72,egw-qemu-integrated
2026-10-02T15:32:25Z,egw-ditto-gateway-1,67.65,545529856,67.74,egw-qemu-integrated
2026-10-02T15:32:25Z,egw-controller-1,30.38,58363904,21.74,egw-qemu-integrated
2026-10-02T15:32:26Z,egw-mosquitto-1,2.32,5152768,3.84,egw-qemu-integrated
2026-10-02T15:32:26Z,egw-ditto-things-1,49.15,598056960,74.26,egw-qemu-integrated
2026-10-02T15:32:26Z,egw-ditto-policies-1,45.07,556359680,69.09,egw-qemu-integrated
2026-10-02T15:32:26Z,egw-mongodb-1,7.09,245444608,45.72,egw-qemu-integrated
2026-10-02T15:32:26Z,egw-ditto-gateway-1,108.49,545566720,67.75,egw-qemu-integrated
2026-10-02T15:32:26Z,egw-controller-1,28.48,58372096,21.75,egw-qemu-integrated
2026-10-02T15:32:27Z,egw-mosquitto-1,2.27,5152768,3.84,egw-qemu-integrated
2026-10-02T15:32:27Z,egw-ditto-things-1,58.32,598069248,74.27,egw-qemu-integrated
2026-10-02T15:32:27Z,egw-ditto-policies-1,9.91,556359680,69.09,egw-qemu-integrated
2026-10-02T15:32:27Z,egw-mongodb-1,7.32,245452800,45.72,egw-qemu-integrated
2026-10-02T15:32:27Z,egw-ditto-gateway-1,65.66,545542144,67.74,egw-qemu-integrated
2026-10-02T15:32:27Z,egw-controller-1,28.72,58368000,21.74,egw-qemu-integrated
2026-10-02T15:32:28Z,egw-mosquitto-1,2.01,5156864,3.84,egw-qemu-integrated
2026-10-02T15:32:28Z,egw-ditto-things-1,62.53,598061056,74.27,egw-qemu-integrated
2026-10-02T15:32:28Z,egw-ditto-policies-1,8.93,556359680,69.09,egw-qemu-integrated
2026-10-02T15:32:28Z,egw-mongodb-1,8.20,245448704,45.72,egw-qemu-integrated
2026-10-02T15:32:28Z,egw-ditto-gateway-1,63.94,545816576,67.78,egw-qemu-integrated
2026-10-02T15:32:28Z,egw-controller-1,29.45,58376192,21.75,egw-qemu-integrated
2026-10-02T15:32:29Z,egw-mosquitto-1,2.13,5156864,3.84,egw-qemu-integrated
2026-10-02T15:32:29Z,egw-ditto-things-1,87.84,598061056,74.27,egw-qemu-integrated
2026-10-02T15:32:29Z,egw-ditto-policies-1,10.38,556359680,69.09,egw-qemu-integrated
2026-10-02T15:32:29Z,egw-mongodb-1,8.17,245448704,45.72,egw-qemu-integrated
2026-10-02T15:32:29Z,egw-ditto-gateway-1,109.76,545554432,67.74,egw-qemu-integrated
2026-10-02T15:32:29Z,egw-controller-1,27.99,58380288,21.75,egw-qemu-integrated
2026-10-02T15:32:30Z,egw-mosquitto-1,2.13,5165056,3.85,egw-qemu-integrated
2026-10-02T15:32:30Z,egw-ditto-things-1,129.80,598032384,74.26,egw-qemu-integrated
2026-10-02T15:32:30Z,egw-ditto-policies-1,11.10,556359680,69.09,egw-qemu-integrated
2026-10-02T15:32:30Z,egw-mongodb-1,8.57,245526528,45.73,egw-qemu-integrated
2026-10-02T15:32:30Z,egw-ditto-gateway-1,66.83,545558528,67.75,egw-qemu-integrated
2026-10-02T15:32:30Z,egw-controller-1,26.83,58384384,21.75,egw-qemu-integrated
2026-10-02T15:32:31Z,egw-mosquitto-1,3.89,5173248,3.85,egw-qemu-integrated
2026-10-02T15:32:31Z,egw-ditto-things-1,113.12,598093824,74.27,egw-qemu-integrated
2026-10-02T15:32:31Z,egw-ditto-policies-1,7.72,556359680,69.09,egw-qemu-integrated
2026-10-02T15:32:31Z,egw-mongodb-1,7.05,245526528,45.73,egw-qemu-integrated
2026-10-02T15:32:31Z,egw-ditto-gateway-1,63.32,545570816,67.75,egw-qemu-integrated
2026-10-02T15:32:31Z,egw-controller-1,28.54,58658816,21.85,egw-qemu-integrated
2026-10-02T15:32:32Z,egw-mosquitto-1,2.16,5177344,3.86,egw-qemu-integrated
2026-10-02T15:32:32Z,egw-ditto-things-1,60.65,598089728,74.27,egw-qemu-integrated
2026-10-02T15:32:32Z,egw-ditto-policies-1,17.12,556359680,69.09,egw-qemu-integrated
2026-10-02T15:32:32Z,egw-mongodb-1,92.89,313380864,58.37,egw-qemu-integrated
2026-10-02T15:32:32Z,egw-ditto-gateway-1,50.31,545566720,67.75,egw-qemu-integrated
2026-10-02T15:32:32Z,egw-controller-1,28.62,58396672,21.75,egw-qemu-integrated
2026-10-02T15:32:33Z,egw-mosquitto-1,2.59,5177344,3.86,egw-qemu-integrated
2026-10-02T15:32:33Z,egw-ditto-things-1,51.27,598089728,74.27,egw-qemu-integrated
2026-10-02T15:32:33Z,egw-ditto-policies-1,13.61,556359680,69.09,egw-qemu-integrated
2026-10-02T15:32:33Z,egw-mongodb-1,98.24,393158656,73.23,egw-qemu-integrated
2026-10-02T15:32:33Z,egw-ditto-gateway-1,83.82,545583104,67.75,egw-qemu-integrated
2026-10-02T15:32:33Z,egw-controller-1,25.86,58658816,21.85,egw-qemu-integrated
2026-10-02T15:32:34Z,egw-mosquitto-1,2.31,5177344,3.86,egw-qemu-integrated
2026-10-02T15:32:34Z,egw-ditto-things-1,52.44,598110208,74.27,egw-qemu-integrated
2026-10-02T15:32:34Z,egw-ditto-policies-1,10.56,556367872,69.09,egw-qemu-integrated
2026-10-02T15:32:34Z,egw-mongodb-1,118.67,403718144,75.20,egw-qemu-integrated
2026-10-02T15:32:34Z,egw-ditto-gateway-1,49.12,545591296,67.75,egw-qemu-integrated
2026-10-02T15:32:34Z,egw-controller-1,26.43,58400768,21.76,egw-qemu-integrated
2026-10-02T15:32:35Z,egw-mosquitto-1,2.41,5177344,3.86,egw-qemu-integrated
2026-10-02T15:32:35Z,egw-ditto-things-1,50.05,598376448,74.30,egw-qemu-integrated
2026-10-02T15:32:35Z,egw-ditto-policies-1,7.43,556363776,69.09,egw-qemu-integrated
2026-10-02T15:32:35Z,egw-mongodb-1,147.21,410886144,76.53,egw-qemu-integrated
2026-10-02T15:32:35Z,egw-ditto-gateway-1,47.01,545591296,67.75,egw-qemu-integrated
2026-10-02T15:32:35Z,egw-controller-1,28.24,58404864,21.76,egw-qemu-integrated
2026-10-02T15:32:36Z,egw-mosquitto-1,2.24,5447680,4.06,egw-qemu-integrated
2026-10-02T15:32:36Z,egw-ditto-things-1,50.26,598118400,74.27,egw-qemu-integrated
2026-10-02T15:32:36Z,egw-ditto-policies-1,8.28,556363776,69.09,egw-qemu-integrated
2026-10-02T15:32:36Z,egw-mongodb-1,55.24,245661696,45.76,egw-qemu-integrated
2026-10-02T15:32:36Z,egw-ditto-gateway-1,46.36,545595392,67.75,egw-qemu-integrated
2026-10-02T15:32:36Z,egw-controller-1,29.37,58671104,21.86,egw-qemu-integrated
2026-10-02T15:32:37Z,egw-mosquitto-1,2.21,5447680,4.06,egw-qemu-integrated
2026-10-02T15:32:37Z,egw-ditto-things-1,60.17,598384640,74.31,egw-qemu-integrated
2026-10-02T15:32:37Z,egw-ditto-policies-1,8.29,556363776,69.09,egw-qemu-integrated
2026-10-02T15:32:37Z,egw-mongodb-1,7.59,245665792,45.76,egw-qemu-integrated
2026-10-02T15:32:37Z,egw-ditto-gateway-1,55.36,545591296,67.75,egw-qemu-integrated
2026-10-02T15:32:37Z,egw-controller-1,29.56,58421248,21.76,egw-qemu-integrated
2026-10-02T15:32:38Z,egw-mosquitto-1,2.20,5451776,4.06,egw-qemu-integrated
2026-10-02T15:32:38Z,egw-ditto-things-1,79.99,598138880,74.27,egw-qemu-integrated
2026-10-02T15:32:38Z,egw-ditto-policies-1,9.23,556363776,69.09,egw-qemu-integrated
2026-10-02T15:32:38Z,egw-mongodb-1,17.97,245932032,45.81,egw-qemu-integrated
2026-10-02T15:32:38Z,egw-ditto-gateway-1,65.56,545603584,67.75,egw-qemu-integrated
2026-10-02T15:32:38Z,egw-controller-1,29.89,58687488,21.86,egw-qemu-integrated
2026-10-02T15:32:39Z,egw-mosquitto-1,2.46,5197824,3.87,egw-qemu-integrated
2026-10-02T15:32:39Z,egw-ditto-things-1,65.29,598151168,74.28,egw-qemu-integrated
2026-10-02T15:32:39Z,egw-ditto-policies-1,8.94,556363776,69.09,egw-qemu-integrated
2026-10-02T15:32:39Z,egw-mongodb-1,8.20,245682176,45.76,egw-qemu-integrated
2026-10-02T15:32:39Z,egw-ditto-gateway-1,51.09,545611776,67.75,egw-qemu-integrated
2026-10-02T15:32:39Z,egw-controller-1,28.84,58429440,21.77,egw-qemu-integrated
2026-10-02T15:32:40Z,egw-mosquitto-1,2.14,5193728,3.87,egw-qemu-integrated
2026-10-02T15:32:40Z,egw-ditto-things-1,56.98,598147072,74.28,egw-qemu-integrated
2026-10-02T15:32:40Z,egw-ditto-policies-1,19.09,556363776,69.09,egw-qemu-integrated
2026-10-02T15:32:40Z,egw-mongodb-1,9.57,245714944,45.77,egw-qemu-integrated
2026-10-02T15:32:40Z,egw-ditto-gateway-1,78.27,545865728,67.78,egw-qemu-integrated
2026-10-02T15:32:40Z,egw-controller-1,26.14,58437632,21.77,egw-qemu-integrated
2026-10-02T15:32:41Z,egw-mosquitto-1,71.38,5455872,4.06,egw-qemu-integrated
2026-10-02T15:32:41Z,egw-ditto-things-1,43.95,598159360,74.28,egw-qemu-integrated
2026-10-02T15:32:41Z,egw-ditto-policies-1,10.79,556363776,69.09,egw-qemu-integrated
2026-10-02T15:32:41Z,egw-mongodb-1,7.44,245981184,45.82,egw-qemu-integrated
2026-10-02T15:32:41Z,egw-ditto-gateway-1,65.54,545615872,67.75,egw-qemu-integrated
2026-10-02T15:32:41Z,egw-controller-1,28.64,58437632,21.77,egw-qemu-integrated
2026-10-02T15:32:42Z,egw-mosquitto-1,2.22,5201920,3.88,egw-qemu-integrated
2026-10-02T15:32:42Z,egw-ditto-things-1,71.18,598159360,74.28,egw-qemu-integrated
2026-10-02T15:32:42Z,egw-ditto-policies-1,10.93,556367872,69.09,egw-qemu-integrated
2026-10-02T15:32:42Z,egw-mongodb-1,8.47,245714944,45.77,egw-qemu-integrated
2026-10-02T15:32:42Z,egw-ditto-gateway-1,65.49,545890304,67.79,egw-qemu-integrated
2026-10-02T15:32:42Z,egw-controller-1,27.86,58707968,21.87,egw-qemu-integrated
2026-10-02T15:32:43Z,egw-mosquitto-1,2.57,5189632,3.87,egw-qemu-integrated
2026-10-02T15:32:43Z,egw-ditto-things-1,71.17,598175744,74.28,egw-qemu-integrated
2026-10-02T15:32:43Z,egw-ditto-policies-1,36.92,556752896,69.14,egw-qemu-integrated
2026-10-02T15:32:43Z,egw-mongodb-1,7.75,245714944,45.77,egw-qemu-integrated
2026-10-02T15:32:43Z,egw-ditto-gateway-1,50.24,545624064,67.75,egw-qemu-integrated
2026-10-02T15:32:43Z,egw-controller-1,30.05,58445824,21.77,egw-qemu-integrated
2026-10-02T15:32:44Z,egw-mosquitto-1,2.51,5451776,4.06,egw-qemu-integrated
2026-10-02T15:32:44Z,egw-ditto-things-1,70.88,598167552,74.28,egw-qemu-integrated
2026-10-02T15:32:44Z,egw-ditto-policies-1,66.56,556384256,69.09,egw-qemu-integrated
2026-10-02T15:32:44Z,egw-mongodb-1,7.52,245714944,45.77,egw-qemu-integrated
2026-10-02T15:32:44Z,egw-ditto-gateway-1,38.42,545628160,67.75,egw-qemu-integrated
2026-10-02T15:32:44Z,egw-controller-1,28.13,58974208,21.97,egw-qemu-integrated
2026-10-02T15:32:45Z,egw-mosquitto-1,2.47,5193728,3.87,egw-qemu-integrated
2026-10-02T15:32:45Z,egw-ditto-things-1,54.38,598175744,74.28,egw-qemu-integrated
2026-10-02T15:32:45Z,egw-ditto-policies-1,8.63,556384256,69.09,egw-qemu-integrated
2026-10-02T15:32:45Z,egw-mongodb-1,7.24,245714944,45.77,egw-qemu-integrated
2026-10-02T15:32:45Z,egw-ditto-gateway-1,60.66,545632256,67.75,egw-qemu-integrated
2026-10-02T15:32:45Z,egw-controller-1,30.92,58458112,21.78,egw-qemu-integrated
2026-10-02T15:32:46Z,egw-mosquitto-1,2.55,5201920,3.88,egw-qemu-integrated
2026-10-02T15:32:46Z,egw-ditto-things-1,53.49,598175744,74.28,egw-qemu-integrated
2026-10-02T15:32:46Z,egw-ditto-policies-1,10.10,556384256,69.09,egw-qemu-integrated
2026-10-02T15:32:46Z,egw-mongodb-1,8.34,245719040,45.77,egw-qemu-integrated
2026-10-02T15:32:46Z,egw-ditto-gateway-1,50.68,545636352,67.76,egw-qemu-integrated
2026-10-02T15:32:46Z,egw-controller-1,30.52,58712064,21.87,egw-qemu-integrated
2026-10-02T15:32:47Z,egw-mosquitto-1,2.22,5197824,3.87,egw-qemu-integrated
2026-10-02T15:32:47Z,egw-ditto-things-1,66.42,598183936,74.28,egw-qemu-integrated
2026-10-02T15:32:47Z,egw-ditto-policies-1,8.81,556384256,69.09,egw-qemu-integrated
2026-10-02T15:32:47Z,egw-mongodb-1,7.53,245714944,45.77,egw-qemu-integrated
2026-10-02T15:32:47Z,egw-ditto-gateway-1,56.42,545640448,67.76,egw-qemu-integrated
2026-10-02T15:32:47Z,egw-controller-1,29.47,58716160,21.87,egw-qemu-integrated
2026-10-02T15:32:48Z,egw-mosquitto-1,4.15,5201920,3.88,egw-qemu-integrated
2026-10-02T15:32:48Z,egw-ditto-things-1,53.79,598188032,74.28,egw-qemu-integrated
2026-10-02T15:32:48Z,egw-ditto-policies-1,38.67,556400640,69.09,egw-qemu-integrated
2026-10-02T15:32:48Z,egw-mongodb-1,14.63,245714944,45.77,egw-qemu-integrated
2026-10-02T15:32:48Z,egw-ditto-gateway-1,58.51,545648640,67.76,egw-qemu-integrated
2026-10-02T15:32:48Z,egw-controller-1,49.21,60198912,22.43,egw-qemu-integrated
2026-10-02T15:32:49Z,egw-mosquitto-1,2.26,5206016,3.88,egw-qemu-integrated
2026-10-02T15:32:49Z,egw-ditto-things-1,48.48,598056960,74.26,egw-qemu-integrated
2026-10-02T15:32:49Z,egw-ditto-policies-1,50.44,556396544,69.09,egw-qemu-integrated
2026-10-02T15:32:49Z,egw-mongodb-1,14.95,245714944,45.77,egw-qemu-integrated
2026-10-02T15:32:49Z,egw-ditto-gateway-1,84.41,545800192,67.78,egw-qemu-integrated
2026-10-02T15:32:49Z,egw-controller-1,93.13,63057920,23.49,egw-qemu-integrated
2026-10-02T15:32:50Z,egw-mosquitto-1,2.11,5206016,3.88,egw-qemu-integrated
2026-10-02T15:32:50Z,egw-ditto-things-1,80.71,598142976,74.28,egw-qemu-integrated
2026-10-02T15:32:50Z,egw-ditto-policies-1,85.01,556429312,69.10,egw-qemu-integrated
2026-10-02T15:32:50Z,egw-mongodb-1,18.56,245800960,45.78,egw-qemu-integrated
2026-10-02T15:32:50Z,egw-ditto-gateway-1,30.68,545546240,67.74,egw-qemu-integrated
2026-10-02T15:32:50Z,egw-controller-1,84.57,68395008,25.48,egw-qemu-integrated
2026-10-02T15:32:51Z,egw-mosquitto-1,2.58,5214208,3.88,egw-qemu-integrated
2026-10-02T15:32:51Z,egw-ditto-things-1,73.33,598540288,74.32,egw-qemu-integrated
2026-10-02T15:32:51Z,egw-ditto-policies-1,21.04,556429312,69.10,egw-qemu-integrated
2026-10-02T15:32:51Z,egw-mongodb-1,4.43,245800960,45.78,egw-qemu-integrated
2026-10-02T15:32:51Z,egw-ditto-gateway-1,73.73,545644544,67.76,egw-qemu-integrated
2026-10-02T15:32:51Z,egw-controller-1,99.23,69861376,26.03,egw-qemu-integrated
2026-10-02T15:32:52Z,egw-mosquitto-1,2.80,5218304,3.89,egw-qemu-integrated
2026-10-02T15:32:52Z,egw-ditto-things-1,101.86,598188032,74.28,egw-qemu-integrated
2026-10-02T15:32:52Z,egw-ditto-policies-1,12.81,556429312,69.10,egw-qemu-integrated
2026-10-02T15:32:52Z,egw-mongodb-1,8.86,246059008,45.83,egw-qemu-integrated
2026-10-02T15:32:52Z,egw-ditto-gateway-1,46.87,545644544,67.76,egw-qemu-integrated
2026-10-02T15:32:52Z,egw-controller-1,116.68,72015872,26.83,egw-qemu-integrated
2026-10-02T15:32:53Z,egw-mosquitto-1,2.32,5218304,3.89,egw-qemu-integrated
2026-10-02T15:32:53Z,egw-ditto-things-1,51.10,598450176,74.31,egw-qemu-integrated
2026-10-02T15:32:53Z,egw-ditto-policies-1,24.17,556449792,69.10,egw-qemu-integrated
2026-10-02T15:32:53Z,egw-mongodb-1,13.19,245817344,45.79,egw-qemu-integrated
2026-10-02T15:32:53Z,egw-ditto-gateway-1,56.96,545644544,67.76,egw-qemu-integrated
2026-10-02T15:32:53Z,egw-controller-1,69.39,58724352,21.88,egw-qemu-integrated
2026-10-02T15:32:54Z,egw-mosquitto-1,2.29,5480448,4.08,egw-qemu-integrated
2026-10-02T15:32:54Z,egw-ditto-things-1,80.90,598208512,74.28,egw-qemu-integrated
2026-10-02T15:32:54Z,egw-ditto-policies-1,12.71,556449792,69.10,egw-qemu-integrated
2026-10-02T15:32:54Z,egw-mongodb-1,8.53,245821440,45.79,egw-qemu-integrated
2026-10-02T15:32:54Z,egw-ditto-gateway-1,46.21,545644544,67.76,egw-qemu-integrated
2026-10-02T15:32:54Z,egw-controller-1,32.61,58482688,21.79,egw-qemu-integrated
2026-10-02T15:32:55Z,egw-mosquitto-1,2.51,5218304,3.89,egw-qemu-integrated
2026-10-02T15:32:55Z,egw-ditto-things-1,48.04,598208512,74.28,egw-qemu-integrated
2026-10-02T15:32:55Z,egw-ditto-policies-1,26.53,556453888,69.10,egw-qemu-integrated
2026-10-02T15:32:55Z,egw-mongodb-1,6.70,245833728,45.79,egw-qemu-integrated
2026-10-02T15:32:55Z,egw-ditto-gateway-1,107.83,548052992,68.06,egw-qemu-integrated
2026-10-02T15:32:55Z,egw-controller-1,26.85,58470400,21.78,egw-qemu-integrated
2026-10-02T15:32:56Z,egw-mosquitto-1,2.19,5480448,4.08,egw-qemu-integrated
2026-10-02T15:32:56Z,egw-ditto-things-1,42.66,598171648,74.28,egw-qemu-integrated
2026-10-02T15:32:56Z,egw-ditto-policies-1,17.32,556457984,69.10,egw-qemu-integrated
2026-10-02T15:32:56Z,egw-mongodb-1,6.39,245841920,45.79,egw-qemu-integrated
2026-10-02T15:32:56Z,egw-ditto-gateway-1,153.85,545648640,67.76,egw-qemu-integrated
2026-10-02T15:32:56Z,egw-controller-1,19.43,58474496,21.78,egw-qemu-integrated
2026-10-02T15:32:57Z,egw-mosquitto-1,2.22,5218304,3.89,egw-qemu-integrated
2026-10-02T15:32:57Z,egw-ditto-things-1,60.71,598228992,74.29,egw-qemu-integrated
2026-10-02T15:32:57Z,egw-ditto-policies-1,32.92,556478464,69.10,egw-qemu-integrated
2026-10-02T15:32:57Z,egw-mongodb-1,6.98,245841920,45.79,egw-qemu-integrated
2026-10-02T15:32:57Z,egw-ditto-gateway-1,80.04,528527360,65.63,egw-qemu-integrated
2026-10-02T15:32:57Z,egw-controller-1,27.73,58728448,21.88,egw-qemu-integrated
2026-10-02T15:32:58Z,egw-mosquitto-1,2.39,5222400,3.89,egw-qemu-integrated
2026-10-02T15:32:58Z,egw-ditto-things-1,50.36,598478848,74.32,egw-qemu-integrated
2026-10-02T15:32:58Z,egw-ditto-policies-1,22.42,556482560,69.10,egw-qemu-integrated
2026-10-02T15:32:58Z,egw-mongodb-1,8.26,245841920,45.79,egw-qemu-integrated
2026-10-02T15:32:58Z,egw-ditto-gateway-1,53.14,528535552,65.63,egw-qemu-integrated
2026-10-02T15:32:58Z,egw-controller-1,32.31,58470400,21.78,egw-qemu-integrated
2026-10-02T15:32:59Z,egw-mosquitto-1,3.07,5226496,3.89,egw-qemu-integrated
2026-10-02T15:32:59Z,egw-ditto-things-1,48.75,598224896,74.29,egw-qemu-integrated
2026-10-02T15:32:59Z,egw-ditto-policies-1,20.64,556486656,69.10,egw-qemu-integrated
2026-10-02T15:32:59Z,egw-mongodb-1,8.23,245846016,45.79,egw-qemu-integrated
2026-10-02T15:32:59Z,egw-ditto-gateway-1,75.18,528531456,65.63,egw-qemu-integrated
2026-10-02T15:32:59Z,egw-controller-1,29.58,58470400,21.78,egw-qemu-integrated
2026-10-02T15:33:00Z,egw-mosquitto-1,2.31,5226496,3.89,egw-qemu-integrated
2026-10-02T15:33:00Z,egw-ditto-things-1,61.57,598228992,74.29,egw-qemu-integrated
2026-10-02T15:33:00Z,egw-ditto-policies-1,17.13,556486656,69.10,egw-qemu-integrated
2026-10-02T15:33:00Z,egw-mongodb-1,10.84,245923840,45.81,egw-qemu-integrated
2026-10-02T15:33:00Z,egw-ditto-gateway-1,55.88,528531456,65.63,egw-qemu-integrated
2026-10-02T15:33:00Z,egw-controller-1,30.48,58470400,21.78,egw-qemu-integrated
2026-10-02T15:33:01Z,egw-mosquitto-1,2.13,5488640,4.09,egw-qemu-integrated
2026-10-02T15:33:01Z,egw-ditto-things-1,53.99,598233088,74.29,egw-qemu-integrated
2026-10-02T15:33:01Z,egw-ditto-policies-1,10.89,556490752,69.10,egw-qemu-integrated
2026-10-02T15:33:01Z,egw-mongodb-1,7.28,245927936,45.81,egw-qemu-integrated
2026-10-02T15:33:01Z,egw-ditto-gateway-1,70.53,528527360,65.63,egw-qemu-integrated
2026-10-02T15:33:01Z,egw-controller-1,30.27,58470400,21.78,egw-qemu-integrated
2026-10-02T15:33:02Z,egw-mosquitto-1,2.57,5226496,3.89,egw-qemu-integrated
2026-10-02T15:33:02Z,egw-ditto-things-1,82.60,598241280,74.29,egw-qemu-integrated
2026-10-02T15:33:02Z,egw-ditto-policies-1,11.00,556494848,69.10,egw-qemu-integrated
2026-10-02T15:33:02Z,egw-mongodb-1,9.07,245927936,45.81,egw-qemu-integrated
2026-10-02T15:33:02Z,egw-ditto-gateway-1,49.81,528531456,65.63,egw-qemu-integrated
2026-10-02T15:33:02Z,egw-controller-1,30.57,58466304,21.78,egw-qemu-integrated
2026-10-02T15:33:03Z,egw-mosquitto-1,2.17,5488640,4.09,egw-qemu-integrated
2026-10-02T15:33:03Z,egw-ditto-things-1,96.57,598257664,74.29,egw-qemu-integrated
2026-10-02T15:33:03Z,egw-ditto-policies-1,15.06,556494848,69.10,egw-qemu-integrated
2026-10-02T15:33:03Z,egw-mongodb-1,6.51,245927936,45.81,egw-qemu-integrated
2026-10-02T15:33:03Z,egw-ditto-gateway-1,43.66,528531456,65.63,egw-qemu-integrated
2026-10-02T15:33:03Z,egw-controller-1,27.38,58470400,21.78,egw-qemu-integrated
2026-10-02T15:33:04Z,egw-mosquitto-1,2.15,5226496,3.89,egw-qemu-integrated
2026-10-02T15:33:04Z,egw-ditto-things-1,68.27,598261760,74.29,egw-qemu-integrated
2026-10-02T15:33:04Z,egw-ditto-policies-1,16.03,556494848,69.10,egw-qemu-integrated
2026-10-02T15:33:04Z,egw-mongodb-1,10.26,246190080,45.86,egw-qemu-integrated
2026-10-02T15:33:04Z,egw-ditto-gateway-1,62.78,528793600,65.66,egw-qemu-integrated
2026-10-02T15:33:04Z,egw-controller-1,30.63,58474496,21.78,egw-qemu-integrated
2026-10-02T15:33:05Z,egw-mosquitto-1,2.32,5226496,3.89,egw-qemu-integrated
2026-10-02T15:33:05Z,egw-ditto-things-1,50.38,598515712,74.32,egw-qemu-integrated
2026-10-02T15:33:05Z,egw-ditto-policies-1,10.83,556494848,69.10,egw-qemu-integrated
2026-10-02T15:33:05Z,egw-mongodb-1,36.98,325222400,60.58,egw-qemu-integrated
2026-10-02T15:33:05Z,egw-ditto-gateway-1,55.48,528527360,65.63,egw-qemu-integrated
2026-10-02T15:33:05Z,egw-controller-1,29.96,58474496,21.78,egw-qemu-integrated
2026-10-02T15:33:06Z,egw-mosquitto-1,2.14,5238784,3.90,egw-qemu-integrated
2026-10-02T15:33:06Z,egw-ditto-things-1,54.11,598261760,74.29,egw-qemu-integrated
2026-10-02T15:33:06Z,egw-ditto-policies-1,11.98,556494848,69.10,egw-qemu-integrated
2026-10-02T15:33:06Z,egw-mongodb-1,101.23,394231808,73.43,egw-qemu-integrated
2026-10-02T15:33:06Z,egw-ditto-gateway-1,80.89,528527360,65.63,egw-qemu-integrated
2026-10-02T15:33:06Z,egw-controller-1,28.26,58736640,21.88,egw-qemu-integrated
2026-10-02T15:33:07Z,egw-mosquitto-1,2.45,5238784,3.90,egw-qemu-integrated
2026-10-02T15:33:07Z,egw-ditto-things-1,44.69,598265856,74.29,egw-qemu-integrated
2026-10-02T15:33:07Z,egw-ditto-policies-1,9.65,556494848,69.10,egw-qemu-integrated
2026-10-02T15:33:07Z,egw-mongodb-1,124.43,397303808,74.00,egw-qemu-integrated
2026-10-02T15:33:07Z,egw-ditto-gateway-1,54.40,528531456,65.63,egw-qemu-integrated
2026-10-02T15:33:07Z,egw-controller-1,23.60,58736640,21.88,egw-qemu-integrated
2026-10-02T15:33:08Z,egw-mosquitto-1,2.22,5246976,3.91,egw-qemu-integrated
2026-10-02T15:33:08Z,egw-ditto-things-1,52.03,598274048,74.29,egw-qemu-integrated
2026-10-02T15:33:08Z,egw-ditto-policies-1,10.39,556494848,69.10,egw-qemu-integrated
2026-10-02T15:33:08Z,egw-mongodb-1,94.08,399011840,74.32,egw-qemu-integrated
2026-10-02T15:33:08Z,egw-ditto-gateway-1,46.52,528531456,65.63,egw-qemu-integrated
2026-10-02T15:33:08Z,egw-controller-1,28.65,58478592,21.78,egw-qemu-integrated
2026-10-02T15:33:09Z,egw-mosquitto-1,2.36,5242880,3.91,egw-qemu-integrated
2026-10-02T15:33:09Z,egw-ditto-things-1,59.96,598228992,74.29,egw-qemu-integrated
2026-10-02T15:33:09Z,egw-ditto-policies-1,17.03,556494848,69.10,egw-qemu-integrated
2026-10-02T15:33:09Z,egw-mongodb-1,119.94,405520384,75.53,egw-qemu-integrated
2026-10-02T15:33:09Z,egw-ditto-gateway-1,53.89,528793600,65.66,egw-qemu-integrated
2026-10-02T15:33:09Z,egw-controller-1,29.23,58474496,21.78,egw-qemu-integrated
2026-10-02T15:33:10Z,egw-mosquitto-1,32.58,5693440,4.24,egw-qemu-integrated
2026-10-02T15:33:10Z,egw-ditto-things-1,42.00,598237184,74.29,egw-qemu-integrated
2026-10-02T15:33:10Z,egw-ditto-policies-1,13.63,556503040,69.10,egw-qemu-integrated
2026-10-02T15:33:10Z,egw-mongodb-1,137.42,411099136,76.57,egw-qemu-integrated
2026-10-02T15:33:10Z,egw-ditto-gateway-1,41.38,528527360,65.63,egw-qemu-integrated
2026-10-02T15:33:10Z,egw-controller-1,21.13,58470400,21.78,egw-qemu-integrated
2026-10-02T15:33:11Z,egw-mosquitto-1,41.19,5259264,3.92,egw-qemu-integrated
2026-10-02T15:33:11Z,egw-ditto-things-1,42.52,598269952,74.29,egw-qemu-integrated
2026-10-02T15:33:11Z,egw-ditto-policies-1,35.21,556511232,69.11,egw-qemu-integrated
2026-10-02T15:33:11Z,egw-mongodb-1,48.14,245080064,45.65,egw-qemu-integrated
2026-10-02T15:33:11Z,egw-ditto-gateway-1,42.27,528531456,65.63,egw-qemu-integrated
2026-10-02T15:33:11Z,egw-controller-1,24.33,58736640,21.88,egw-qemu-integrated
2026-10-02T15:33:12Z,egw-mosquitto-1,2.29,5259264,3.92,egw-qemu-integrated
2026-10-02T15:33:12Z,egw-ditto-things-1,55.27,598274048,74.29,egw-qemu-integrated
2026-10-02T15:33:12Z,egw-ditto-policies-1,15.51,556515328,69.11,egw-qemu-integrated
2026-10-02T15:33:12Z,egw-mongodb-1,9.04,245080064,45.65,egw-qemu-integrated
2026-10-02T15:33:12Z,egw-ditto-gateway-1,48.55,528531456,65.63,egw-qemu-integrated
2026-10-02T15:33:12Z,egw-controller-1,30.30,58474496,21.78,egw-qemu-integrated
2026-10-02T15:33:13Z,egw-mosquitto-1,2.79,5255168,3.92,egw-qemu-integrated
2026-10-02T15:33:13Z,egw-ditto-things-1,43.73,598278144,74.29,egw-qemu-integrated
2026-10-02T15:33:13Z,egw-ditto-policies-1,71.64,558440448,69.35,egw-qemu-integrated
2026-10-02T15:33:13Z,egw-mongodb-1,7.19,245100544,45.65,egw-qemu-integrated
2026-10-02T15:33:13Z,egw-ditto-gateway-1,63.91,528785408,65.66,egw-qemu-integrated
2026-10-02T15:33:13Z,egw-controller-1,33.34,58482688,21.79,egw-qemu-integrated
2026-10-02T15:33:14Z,egw-mosquitto-1,2.43,5259264,3.92,egw-qemu-integrated
2026-10-02T15:33:14Z,egw-ditto-things-1,39.85,598253568,74.29,egw-qemu-integrated
2026-10-02T15:33:14Z,egw-ditto-policies-1,41.48,556539904,69.11,egw-qemu-integrated
2026-10-02T15:33:14Z,egw-mongodb-1,6.50,245100544,45.65,egw-qemu-integrated
2026-10-02T15:33:14Z,egw-ditto-gateway-1,148.35,528539648,65.63,egw-qemu-integrated
2026-10-02T15:33:14Z,egw-controller-1,23.66,58732544,21.88,egw-qemu-integrated
2026-10-02T15:33:15Z,egw-mosquitto-1,4.15,5525504,4.12,egw-qemu-integrated
2026-10-02T15:33:15Z,egw-ditto-things-1,66.48,598241280,74.29,egw-qemu-integrated
2026-10-02T15:33:15Z,egw-ditto-policies-1,96.82,556544000,69.11,egw-qemu-integrated
2026-10-02T15:33:15Z,egw-mongodb-1,18.03,245100544,45.65,egw-qemu-integrated
2026-10-02T15:33:15Z,egw-ditto-gateway-1,111.03,528535552,65.63,egw-qemu-integrated
2026-10-02T15:33:15Z,egw-controller-1,25.13,58474496,21.78,egw-qemu-integrated
2026-10-02T15:33:16Z,egw-mosquitto-1,1.91,5525504,4.12,egw-qemu-integrated
2026-10-02T15:33:16Z,egw-ditto-things-1,89.25,598278144,74.29,egw-qemu-integrated
2026-10-02T15:33:16Z,egw-ditto-policies-1,96.54,557539328,69.23,egw-qemu-integrated
2026-10-02T15:33:16Z,egw-mongodb-1,7.52,245100544,45.65,egw-qemu-integrated
2026-10-02T15:33:16Z,egw-ditto-gateway-1,35.76,528539648,65.63,egw-qemu-integrated
2026-10-02T15:33:16Z,egw-controller-1,15.51,58474496,21.78,egw-qemu-integrated
2026-10-02T15:33:17Z,egw-mosquitto-1,2.18,5263360,3.92,egw-qemu-integrated
2026-10-02T15:33:17Z,egw-ditto-things-1,102.40,598278144,74.29,egw-qemu-integrated
2026-10-02T15:33:17Z,egw-ditto-policies-1,8.74,557535232,69.23,egw-qemu-integrated
2026-10-02T15:33:17Z,egw-mongodb-1,7.03,245100544,45.65,egw-qemu-integrated
2026-10-02T15:33:17Z,egw-ditto-gateway-1,72.73,528793600,65.66,egw-qemu-integrated
2026-10-02T15:33:17Z,egw-controller-1,29.35,58486784,21.79,egw-qemu-integrated
2026-10-02T15:33:18Z,egw-mosquitto-1,2.23,5263360,3.92,egw-qemu-integrated
2026-10-02T15:33:18Z,egw-ditto-things-1,109.22,598319104,74.30,egw-qemu-integrated
2026-10-02T15:33:18Z,egw-ditto-policies-1,31.83,557543424,69.23,egw-qemu-integrated
2026-10-02T15:33:18Z,egw-mongodb-1,8.61,245100544,45.65,egw-qemu-integrated
2026-10-02T15:33:18Z,egw-ditto-gateway-1,53.13,528543744,65.63,egw-qemu-integrated
2026-10-02T15:33:18Z,egw-controller-1,25.84,58736640,21.88,egw-qemu-integrated
2026-10-02T15:33:19Z,egw-mosquitto-1,2.41,5267456,3.92,egw-qemu-integrated
2026-10-02T15:33:19Z,egw-ditto-things-1,71.42,598315008,74.30,egw-qemu-integrated
2026-10-02T15:33:19Z,egw-ditto-policies-1,30.23,557543424,69.23,egw-qemu-integrated
2026-10-02T15:33:19Z,egw-mongodb-1,7.34,245100544,45.65,egw-qemu-integrated
2026-10-02T15:33:19Z,egw-ditto-gateway-1,57.64,528543744,65.63,egw-qemu-integrated
2026-10-02T15:33:19Z,egw-controller-1,29.42,58486784,21.79,egw-qemu-integrated
2026-10-02T15:33:20Z,egw-mosquitto-1,2.61,5525504,4.12,egw-qemu-integrated
2026-10-02T15:33:20Z,egw-ditto-things-1,121.08,598327296,74.30,egw-qemu-integrated
2026-10-02T15:33:20Z,egw-ditto-policies-1,17.18,557547520,69.23,egw-qemu-integrated
2026-10-02T15:33:20Z,egw-mongodb-1,14.03,245182464,45.67,egw-qemu-integrated
2026-10-02T15:33:20Z,egw-ditto-gateway-1,53.17,528539648,65.63,egw-qemu-integrated
2026-10-02T15:33:20Z,egw-controller-1,28.61,58482688,21.79,egw-qemu-integrated
2026-10-02T15:33:21Z,egw-mosquitto-1,2.52,5275648,3.93,egw-qemu-integrated
2026-10-02T15:33:21Z,egw-ditto-things-1,136.80,604639232,75.08,egw-qemu-integrated
2026-10-02T15:33:21Z,egw-ditto-policies-1,11.91,557543424,69.23,egw-qemu-integrated
2026-10-02T15:33:21Z,egw-mongodb-1,6.04,245440512,45.72,egw-qemu-integrated
2026-10-02T15:33:21Z,egw-ditto-gateway-1,41.73,528535552,65.63,egw-qemu-integrated
2026-10-02T15:33:21Z,egw-controller-1,21.58,58482688,21.79,egw-qemu-integrated
2026-10-02T15:33:22Z,egw-mosquitto-1,2.96,5271552,3.93,egw-qemu-integrated
2026-10-02T15:33:22Z,egw-ditto-things-1,128.51,602046464,74.76,egw-qemu-integrated
2026-10-02T15:33:22Z,egw-ditto-policies-1,13.31,557543424,69.23,egw-qemu-integrated
2026-10-02T15:33:22Z,egw-mongodb-1,8.10,245186560,45.67,egw-qemu-integrated
2026-10-02T15:33:22Z,egw-ditto-gateway-1,30.96,528539648,65.63,egw-qemu-integrated
2026-10-02T15:33:22Z,egw-controller-1,68.60,60981248,22.72,egw-qemu-integrated
2026-10-02T15:33:23Z,egw-mosquitto-1,2.52,5275648,3.93,egw-qemu-integrated
2026-10-02T15:33:23Z,egw-ditto-things-1,44.79,602042368,74.76,egw-qemu-integrated
2026-10-02T15:33:23Z,egw-ditto-policies-1,19.62,557555712,69.24,egw-qemu-integrated
2026-10-02T15:33:23Z,egw-mongodb-1,6.99,245186560,45.67,egw-qemu-integrated
2026-10-02T15:33:23Z,egw-ditto-gateway-1,68.67,528543744,65.63,egw-qemu-integrated
2026-10-02T15:33:23Z,egw-controller-1,120.28,68440064,25.50,egw-qemu-integrated
2026-10-02T15:33:24Z,egw-mosquitto-1,2.12,5275648,3.93,egw-qemu-integrated
2026-10-02T15:33:24Z,egw-ditto-things-1,64.98,601964544,74.75,egw-qemu-integrated
2026-10-02T15:33:24Z,egw-ditto-policies-1,27.45,557555712,69.24,egw-qemu-integrated
2026-10-02T15:33:24Z,egw-mongodb-1,6.97,245186560,45.67,egw-qemu-integrated
2026-10-02T15:33:24Z,egw-ditto-gateway-1,58.37,528535552,65.63,egw-qemu-integrated
2026-10-02T15:33:24Z,egw-controller-1,109.67,69705728,25.97,egw-qemu-integrated
2026-10-02T15:33:25Z,egw-mosquitto-1,2.42,5279744,3.93,egw-qemu-integrated
2026-10-02T15:33:25Z,egw-ditto-things-1,60.71,602021888,74.76,egw-qemu-integrated
2026-10-02T15:33:25Z,egw-ditto-policies-1,10.23,557555712,69.24,egw-qemu-integrated
2026-10-02T15:33:25Z,egw-mongodb-1,5.80,245190656,45.67,egw-qemu-integrated
2026-10-02T15:33:25Z,egw-ditto-gateway-1,109.43,530456576,65.87,egw-qemu-integrated
2026-10-02T15:33:25Z,egw-controller-1,108.40,71421952,26.61,egw-qemu-integrated
2026-10-02T15:33:26Z,egw-mosquitto-1,2.36,5287936,3.94,egw-qemu-integrated
2026-10-02T15:33:26Z,egw-ditto-things-1,46.69,602025984,74.76,egw-qemu-integrated
2026-10-02T15:33:26Z,egw-ditto-policies-1,14.28,557563904,69.24,egw-qemu-integrated
2026-10-02T15:33:26Z,egw-mongodb-1,7.45,245190656,45.67,egw-qemu-integrated
2026-10-02T15:33:26Z,egw-ditto-gateway-1,58.35,528539648,65.63,egw-qemu-integrated
2026-10-02T15:33:26Z,egw-controller-1,84.79,58503168,21.79,egw-qemu-integrated
2026-10-02T15:33:27Z,egw-mosquitto-1,3.03,5554176,4.14,egw-qemu-integrated
2026-10-02T15:33:27Z,egw-ditto-things-1,68.75,602021888,74.76,egw-qemu-integrated
2026-10-02T15:33:27Z,egw-ditto-policies-1,9.28,557563904,69.24,egw-qemu-integrated
2026-10-02T15:33:27Z,egw-mongodb-1,6.80,245190656,45.67,egw-qemu-integrated
2026-10-02T15:33:27Z,egw-ditto-gateway-1,66.38,528535552,65.63,egw-qemu-integrated
2026-10-02T15:33:27Z,egw-controller-1,31.50,58503168,21.79,egw-qemu-integrated
2026-10-02T15:33:28Z,egw-mosquitto-1,3.77,5525504,4.12,egw-qemu-integrated
2026-10-02T15:33:28Z,egw-ditto-things-1,62.02,602038272,74.76,egw-qemu-integrated
2026-10-02T15:33:28Z,egw-ditto-policies-1,11.66,557563904,69.24,egw-qemu-integrated
2026-10-02T15:33:28Z,egw-mongodb-1,7.83,245198848,45.67,egw-qemu-integrated
2026-10-02T15:33:28Z,egw-ditto-gateway-1,124.53,528539648,65.63,egw-qemu-integrated
2026-10-02T15:33:28Z,egw-controller-1,28.95,58503168,21.79,egw-qemu-integrated
2026-10-02T15:33:29Z,egw-mosquitto-1,2.81,5562368,4.14,egw-qemu-integrated
2026-10-02T15:33:29Z,egw-ditto-things-1,62.39,602300416,74.79,egw-qemu-integrated
2026-10-02T15:33:29Z,egw-ditto-policies-1,17.71,557576192,69.24,egw-qemu-integrated
2026-10-02T15:33:29Z,egw-mongodb-1,7.90,245194752,45.67,egw-qemu-integrated
2026-10-02T15:33:29Z,egw-ditto-gateway-1,128.44,529207296,65.72,egw-qemu-integrated
2026-10-02T15:33:29Z,egw-controller-1,28.18,58503168,21.79,egw-qemu-integrated
2026-10-02T15:33:30Z,egw-mosquitto-1,2.14,5562368,4.14,egw-qemu-integrated
2026-10-02T15:33:30Z,egw-ditto-things-1,62.55,602050560,74.76,egw-qemu-integrated
2026-10-02T15:33:30Z,egw-ditto-policies-1,10.40,557576192,69.24,egw-qemu-integrated
2026-10-02T15:33:30Z,egw-mongodb-1,10.00,245202944,45.67,egw-qemu-integrated
2026-10-02T15:33:30Z,egw-ditto-gateway-1,62.93,528953344,65.68,egw-qemu-integrated
2026-10-02T15:33:30Z,egw-controller-1,31.86,58761216,21.89,egw-qemu-integrated
2026-10-02T15:33:31Z,egw-mosquitto-1,2.24,5308416,3.96,egw-qemu-integrated
2026-10-02T15:33:31Z,egw-ditto-things-1,67.57,602058752,74.76,egw-qemu-integrated
2026-10-02T15:33:31Z,egw-ditto-policies-1,8.71,557576192,69.24,egw-qemu-integrated
2026-10-02T15:33:31Z,egw-mongodb-1,7.66,245202944,45.67,egw-qemu-integrated
2026-10-02T15:33:31Z,egw-ditto-gateway-1,56.11,528957440,65.68,egw-qemu-integrated
2026-10-02T15:33:31Z,egw-controller-1,30.66,58507264,21.80,egw-qemu-integrated
2026-10-02T15:33:32Z,egw-mosquitto-1,2.65,5570560,4.15,egw-qemu-integrated
2026-10-02T15:33:32Z,egw-ditto-things-1,96.62,602320896,74.79,egw-qemu-integrated
2026-10-02T15:33:32Z,egw-ditto-policies-1,9.79,557576192,69.24,egw-qemu-integrated
2026-10-02T15:33:32Z,egw-mongodb-1,8.67,245202944,45.67,egw-qemu-integrated
2026-10-02T15:33:32Z,egw-ditto-gateway-1,139.58,528957440,65.68,egw-qemu-integrated
2026-10-02T15:33:32Z,egw-controller-1,27.24,58511360,21.80,egw-qemu-integrated
2026-10-02T15:33:33Z,egw-mosquitto-1,2.41,5308416,3.96,egw-qemu-integrated
2026-10-02T15:33:33Z,egw-ditto-things-1,76.35,602103808,74.77,egw-qemu-integrated
2026-10-02T15:33:33Z,egw-ditto-policies-1,11.07,557580288,69.24,egw-qemu-integrated
2026-10-02T15:33:33Z,egw-mongodb-1,7.41,245202944,45.67,egw-qemu-integrated
2026-10-02T15:33:33Z,egw-ditto-gateway-1,90.83,528953344,65.68,egw-qemu-integrated
2026-10-02T15:33:33Z,egw-controller-1,29.95,58777600,21.90,egw-qemu-integrated
2026-10-02T15:33:34Z,egw-mosquitto-1,2.43,5312512,3.96,egw-qemu-integrated
2026-10-02T15:33:34Z,egw-ditto-things-1,79.48,602374144,74.80,egw-qemu-integrated
2026-10-02T15:33:34Z,egw-ditto-policies-1,9.39,557576192,69.24,egw-qemu-integrated
2026-10-02T15:33:34Z,egw-mongodb-1,7.12,245202944,45.67,egw-qemu-integrated
2026-10-02T15:33:34Z,egw-ditto-gateway-1,74.81,528957440,65.68,egw-qemu-integrated
2026-10-02T15:33:34Z,egw-controller-1,29.88,58777600,21.90,egw-qemu-integrated
2026-10-02T15:33:35Z,egw-mosquitto-1,2.37,5312512,3.96,egw-qemu-integrated
2026-10-02T15:33:35Z,egw-ditto-things-1,71.69,602431488,74.81,egw-qemu-integrated
2026-10-02T15:33:35Z,egw-ditto-policies-1,14.28,557588480,69.24,egw-qemu-integrated
2026-10-02T15:33:35Z,egw-mongodb-1,7.82,245202944,45.67,egw-qemu-integrated
2026-10-02T15:33:35Z,egw-ditto-gateway-1,49.07,528949248,65.68,egw-qemu-integrated
2026-10-02T15:33:35Z,egw-controller-1,32.08,58523648,21.80,egw-qemu-integrated
2026-10-02T15:33:36Z,egw-mosquitto-1,1.93,5316608,3.96,egw-qemu-integrated
2026-10-02T15:33:36Z,egw-ditto-things-1,166.29,602181632,74.78,egw-qemu-integrated
2026-10-02T15:33:36Z,egw-ditto-policies-1,9.82,557588480,69.24,egw-qemu-integrated
2026-10-02T15:33:36Z,egw-mongodb-1,7.04,245202944,45.67,egw-qemu-integrated
2026-10-02T15:33:36Z,egw-ditto-gateway-1,52.86,528957440,65.68,egw-qemu-integrated
2026-10-02T15:33:36Z,egw-controller-1,24.77,58519552,21.80,egw-qemu-integrated
2026-10-02T15:33:37Z,egw-mosquitto-1,2.37,5324800,3.97,egw-qemu-integrated
2026-10-02T15:33:37Z,egw-ditto-things-1,124.28,602202112,74.78,egw-qemu-integrated
2026-10-02T15:33:37Z,egw-ditto-policies-1,21.72,557604864,69.24,egw-qemu-integrated
2026-10-02T15:33:37Z,egw-mongodb-1,6.80,245202944,45.67,egw-qemu-integrated
2026-10-02T15:33:37Z,egw-ditto-gateway-1,49.49,528961536,65.68,egw-qemu-integrated
2026-10-02T15:33:37Z,egw-controller-1,25.60,58781696,21.90,egw-qemu-integrated
2026-10-02T15:33:38Z,egw-mosquitto-1,2.35,5324800,3.97,egw-qemu-integrated
2026-10-02T15:33:38Z,egw-ditto-things-1,49.11,602202112,74.78,egw-qemu-integrated
2026-10-02T15:33:38Z,egw-ditto-policies-1,11.82,557604864,69.24,egw-qemu-integrated
2026-10-02T15:33:38Z,egw-mongodb-1,8.70,245202944,45.67,egw-qemu-integrated
2026-10-02T15:33:38Z,egw-ditto-gateway-1,86.51,529227776,65.72,egw-qemu-integrated
2026-10-02T15:33:38Z,egw-controller-1,31.36,58527744,21.80,egw-qemu-integrated
2026-10-02T15:33:39Z,egw-mosquitto-1,2.26,5586944,4.16,egw-qemu-integrated
2026-10-02T15:33:39Z,egw-ditto-things-1,61.96,602202112,74.78,egw-qemu-integrated
2026-10-02T15:33:39Z,egw-ditto-policies-1,10.99,557604864,69.24,egw-qemu-integrated
2026-10-02T15:33:39Z,egw-mongodb-1,10.10,245207040,45.67,egw-qemu-integrated
2026-10-02T15:33:39Z,egw-ditto-gateway-1,59.62,528977920,65.69,egw-qemu-integrated
2026-10-02T15:33:39Z,egw-controller-1,29.02,58527744,21.80,egw-qemu-integrated
2026-10-02T15:33:40Z,egw-mosquitto-1,29.50,7966720,5.94,egw-qemu-integrated
2026-10-02T15:33:40Z,egw-ditto-things-1,48.82,602206208,74.78,egw-qemu-integrated
2026-10-02T15:33:40Z,egw-ditto-policies-1,12.61,557608960,69.24,egw-qemu-integrated
2026-10-02T15:33:40Z,egw-mongodb-1,53.94,246325248,45.88,egw-qemu-integrated
2026-10-02T15:33:40Z,egw-ditto-gateway-1,57.97,528977920,65.69,egw-qemu-integrated
2026-10-02T15:33:40Z,egw-controller-1,20.03,58527744,21.80,egw-qemu-integrated
2026-10-02T15:33:41Z,egw-mosquitto-1,56.06,5349376,3.99,egw-qemu-integrated
2026-10-02T15:33:41Z,egw-ditto-things-1,82.78,602202112,74.78,egw-qemu-integrated
2026-10-02T15:33:41Z,egw-ditto-policies-1,15.52,557629440,69.24,egw-qemu-integrated
2026-10-02T15:33:41Z,egw-mongodb-1,78.70,332705792,61.97,egw-qemu-integrated
2026-10-02T15:33:41Z,egw-ditto-gateway-1,58.12,528990208,65.69,egw-qemu-integrated
2026-10-02T15:33:41Z,egw-controller-1,23.07,58531840,21.80,egw-qemu-integrated
2026-10-02T15:33:42Z,egw-mosquitto-1,2.45,5349376,3.99,egw-qemu-integrated
2026-10-02T15:33:42Z,egw-ditto-things-1,66.48,602161152,74.77,egw-qemu-integrated
2026-10-02T15:33:42Z,egw-ditto-policies-1,10.07,557891584,69.28,egw-qemu-integrated
2026-10-02T15:33:42Z,egw-mongodb-1,99.69,393510912,73.30,egw-qemu-integrated
2026-10-02T15:33:42Z,egw-ditto-gateway-1,57.74,528998400,65.69,egw-qemu-integrated
2026-10-02T15:33:42Z,egw-controller-1,27.87,58531840,21.80,egw-qemu-integrated
2026-10-02T15:33:43Z,egw-mosquitto-1,2.51,5349376,3.99,egw-qemu-integrated
2026-10-02T15:33:43Z,egw-ditto-things-1,90.29,602202112,74.78,egw-qemu-integrated
2026-10-02T15:33:43Z,egw-ditto-policies-1,79.24,559550464,69.48,egw-qemu-integrated
2026-10-02T15:33:43Z,egw-mongodb-1,86.99,396009472,73.76,egw-qemu-integrated
2026-10-02T15:33:43Z,egw-ditto-gateway-1,58.08,528998400,65.69,egw-qemu-integrated
2026-10-02T15:33:43Z,egw-controller-1,20.19,58544128,21.81,egw-qemu-integrated
2026-10-02T15:33:44Z,egw-mosquitto-1,2.35,5353472,3.99,egw-qemu-integrated
2026-10-02T15:33:44Z,egw-ditto-things-1,105.39,602202112,74.78,egw-qemu-integrated
2026-10-02T15:33:44Z,egw-ditto-policies-1,21.68,557637632,69.25,egw-qemu-integrated
2026-10-02T15:33:44Z,egw-mongodb-1,105.47,398041088,74.14,egw-qemu-integrated
2026-10-02T15:33:44Z,egw-ditto-gateway-1,70.24,529022976,65.69,egw-qemu-integrated
2026-10-02T15:33:44Z,egw-controller-1,21.82,58548224,21.81,egw-qemu-integrated
2026-10-02T15:33:45Z,egw-mosquitto-1,3.60,5357568,3.99,egw-qemu-integrated
2026-10-02T15:33:45Z,egw-ditto-things-1,87.66,602165248,74.77,egw-qemu-integrated
2026-10-02T15:33:45Z,egw-ditto-policies-1,24.68,557637632,69.25,egw-qemu-integrated
2026-10-02T15:33:45Z,egw-mongodb-1,66.29,398008320,74.13,egw-qemu-integrated
2026-10-02T15:33:45Z,egw-ditto-gateway-1,100.79,529027072,65.69,egw-qemu-integrated
2026-10-02T15:33:45Z,egw-controller-1,12.98,58548224,21.81,egw-qemu-integrated
2026-10-02T15:33:46Z,egw-mosquitto-1,2.09,5357568,3.99,egw-qemu-integrated
2026-10-02T15:33:46Z,egw-ditto-things-1,57.55,602161152,74.77,egw-qemu-integrated
2026-10-02T15:33:46Z,egw-ditto-policies-1,68.01,557916160,69.28,egw-qemu-integrated
2026-10-02T15:33:46Z,egw-mongodb-1,106.42,402173952,74.91,egw-qemu-integrated
2026-10-02T15:33:46Z,egw-ditto-gateway-1,88.80,528916480,65.68,egw-qemu-integrated
2026-10-02T15:33:46Z,egw-controller-1,15.35,58540032,21.81,egw-qemu-integrated
2026-10-02T15:33:47Z,egw-mosquitto-1,2.26,5373952,4.00,egw-qemu-integrated
2026-10-02T15:33:47Z,egw-ditto-things-1,61.32,602169344,74.78,egw-qemu-integrated
2026-10-02T15:33:47Z,egw-ditto-policies-1,40.72,557678592,69.25,egw-qemu-integrated
2026-10-02T15:33:47Z,egw-mongodb-1,101.41,405700608,75.57,egw-qemu-integrated
2026-10-02T15:33:47Z,egw-ditto-gateway-1,74.68,529043456,65.69,egw-qemu-integrated
2026-10-02T15:33:47Z,egw-controller-1,17.84,58810368,21.91,egw-qemu-integrated
2026-10-02T15:33:48Z,egw-mosquitto-1,2.33,5373952,4.00,egw-qemu-integrated
2026-10-02T15:33:48Z,egw-ditto-things-1,57.17,602210304,74.78,egw-qemu-integrated
2026-10-02T15:33:48Z,egw-ditto-policies-1,14.15,557674496,69.25,egw-qemu-integrated
2026-10-02T15:33:48Z,egw-mongodb-1,127.92,245727232,45.77,egw-qemu-integrated
2026-10-02T15:33:48Z,egw-ditto-gateway-1,62.76,529047552,65.70,egw-qemu-integrated
2026-10-02T15:33:48Z,egw-controller-1,24.17,58806272,21.91,egw-qemu-integrated
2026-10-02T15:33:49Z,egw-mosquitto-1,2.08,5382144,4.01,egw-qemu-integrated
2026-10-02T15:33:49Z,egw-ditto-things-1,64.31,602210304,74.78,egw-qemu-integrated
2026-10-02T15:33:49Z,egw-ditto-policies-1,18.17,557674496,69.25,egw-qemu-integrated
2026-10-02T15:33:49Z,egw-mongodb-1,8.23,245465088,45.72,egw-qemu-integrated
2026-10-02T15:33:49Z,egw-ditto-gateway-1,67.46,529059840,65.70,egw-qemu-integrated
2026-10-02T15:33:49Z,egw-controller-1,30.35,58560512,21.82,egw-qemu-integrated
2026-10-02T15:33:50Z,egw-mosquitto-1,2.74,5636096,4.20,egw-qemu-integrated
2026-10-02T15:33:50Z,egw-ditto-things-1,47.91,602210304,74.78,egw-qemu-integrated
2026-10-02T15:33:50Z,egw-ditto-policies-1,26.09,557682688,69.25,egw-qemu-integrated
2026-10-02T15:33:50Z,egw-mongodb-1,13.07,245473280,45.72,egw-qemu-integrated
2026-10-02T15:33:50Z,egw-ditto-gateway-1,115.24,529342464,65.73,egw-qemu-integrated
2026-10-02T15:33:50Z,egw-controller-1,30.05,58830848,21.92,egw-qemu-integrated
2026-10-02T15:33:51Z,egw-mosquitto-1,2.38,5378048,4.01,egw-qemu-integrated
2026-10-02T15:33:51Z,egw-ditto-things-1,83.54,604327936,75.04,egw-qemu-integrated
2026-10-02T15:33:51Z,egw-ditto-policies-1,19.99,557682688,69.25,egw-qemu-integrated
2026-10-02T15:33:51Z,egw-mongodb-1,7.56,245473280,45.72,egw-qemu-integrated
2026-10-02T15:33:51Z,egw-ditto-gateway-1,115.45,529117184,65.70,egw-qemu-integrated
2026-10-02T15:33:51Z,egw-controller-1,25.17,58564608,21.82,egw-qemu-integrated
2026-10-02T15:33:52Z,egw-mosquitto-1,2.34,5382144,4.01,egw-qemu-integrated
2026-10-02T15:33:52Z,egw-ditto-things-1,83.93,602214400,74.78,egw-qemu-integrated
2026-10-02T15:33:52Z,egw-ditto-policies-1,14.26,557686784,69.25,egw-qemu-integrated
2026-10-02T15:33:52Z,egw-mongodb-1,7.09,245473280,45.72,egw-qemu-integrated
2026-10-02T15:33:52Z,egw-ditto-gateway-1,114.86,531787776,66.04,egw-qemu-integrated
2026-10-02T15:33:52Z,egw-controller-1,29.37,58564608,21.82,egw-qemu-integrated
2026-10-02T15:33:53Z,egw-mosquitto-1,2.37,5386240,4.01,egw-qemu-integrated
2026-10-02T15:33:53Z,egw-ditto-things-1,110.95,602476544,74.81,egw-qemu-integrated
2026-10-02T15:33:53Z,egw-ditto-policies-1,22.86,557686784,69.25,egw-qemu-integrated
2026-10-02T15:33:53Z,egw-mongodb-1,7.71,245477376,45.72,egw-qemu-integrated
2026-10-02T15:33:53Z,egw-ditto-gateway-1,50.96,531791872,66.04,egw-qemu-integrated
2026-10-02T15:33:53Z,egw-controller-1,29.33,58568704,21.82,egw-qemu-integrated
2026-10-02T15:33:54Z,egw-mosquitto-1,2.46,5386240,4.01,egw-qemu-integrated
2026-10-02T15:33:54Z,egw-ditto-things-1,86.39,602476544,74.81,egw-qemu-integrated
2026-10-02T15:33:54Z,egw-ditto-policies-1,23.69,557694976,69.25,egw-qemu-integrated
2026-10-02T15:33:54Z,egw-mongodb-1,6.89,245473280,45.72,egw-qemu-integrated
2026-10-02T15:33:54Z,egw-ditto-gateway-1,72.00,534134784,66.33,egw-qemu-integrated
2026-10-02T15:33:54Z,egw-controller-1,26.72,58834944,21.92,egw-qemu-integrated
2026-10-02T15:33:55Z,egw-mosquitto-1,2.84,5664768,4.22,egw-qemu-integrated
2026-10-02T15:33:55Z,egw-ditto-things-1,90.45,602173440,74.78,egw-qemu-integrated
2026-10-02T15:33:55Z,egw-ditto-policies-1,9.04,557694976,69.25,egw-qemu-integrated
2026-10-02T15:33:55Z,egw-mongodb-1,5.60,245473280,45.72,egw-qemu-integrated
2026-10-02T15:33:55Z,egw-ditto-gateway-1,86.92,531804160,66.04,egw-qemu-integrated
2026-10-02T15:33:55Z,egw-controller-1,64.24,61046784,22.74,egw-qemu-integrated
2026-10-02T15:33:56Z,egw-mosquitto-1,2.51,5406720,4.03,egw-qemu-integrated
2026-10-02T15:33:56Z,egw-ditto-things-1,64.20,602214400,74.78,egw-qemu-integrated
2026-10-02T15:33:56Z,egw-ditto-policies-1,19.71,557699072,69.25,egw-qemu-integrated
2026-10-02T15:33:56Z,egw-mongodb-1,7.53,245473280,45.72,egw-qemu-integrated
2026-10-02T15:33:56Z,egw-ditto-gateway-1,42.25,531808256,66.04,egw-qemu-integrated
2026-10-02T15:33:56Z,egw-controller-1,122.35,68780032,25.62,egw-qemu-integrated
2026-10-02T15:33:57Z,egw-mosquitto-1,2.30,5406720,4.03,egw-qemu-integrated
2026-10-02T15:33:57Z,egw-ditto-things-1,60.06,602214400,74.78,egw-qemu-integrated
2026-10-02T15:33:57Z,egw-ditto-policies-1,17.84,557727744,69.26,egw-qemu-integrated
2026-10-02T15:33:57Z,egw-mongodb-1,6.58,245473280,45.72,egw-qemu-integrated
2026-10-02T15:33:57Z,egw-ditto-gateway-1,46.51,531812352,66.04,egw-qemu-integrated
2026-10-02T15:33:57Z,egw-controller-1,121.77,70475776,26.25,egw-qemu-integrated
2026-10-02T15:33:58Z,egw-mosquitto-1,2.17,5410816,4.03,egw-qemu-integrated
2026-10-02T15:33:58Z,egw-ditto-things-1,42.06,602214400,74.78,egw-qemu-integrated
2026-10-02T15:33:58Z,egw-ditto-policies-1,11.51,557731840,69.26,egw-qemu-integrated
2026-10-02T15:33:58Z,egw-mongodb-1,8.14,245473280,45.72,egw-qemu-integrated
2026-10-02T15:33:58Z,egw-ditto-gateway-1,88.45,531824640,66.04,egw-qemu-integrated
2026-10-02T15:33:58Z,egw-controller-1,113.37,58585088,21.82,egw-qemu-integrated
2026-10-02T15:33:59Z,egw-mosquitto-1,2.35,5406720,4.03,egw-qemu-integrated
2026-10-02T15:33:59Z,egw-ditto-things-1,54.13,602218496,74.78,egw-qemu-integrated
2026-10-02T15:33:59Z,egw-ditto-policies-1,8.41,557731840,69.26,egw-qemu-integrated
2026-10-02T15:33:59Z,egw-mongodb-1,9.04,245473280,45.72,egw-qemu-integrated
2026-10-02T15:33:59Z,egw-ditto-gateway-1,59.11,532086784,66.07,egw-qemu-integrated
2026-10-02T15:33:59Z,egw-controller-1,30.87,58576896,21.82,egw-qemu-integrated
2026-10-02T15:34:00Z,egw-mosquitto-1,2.58,5410816,4.03,egw-qemu-integrated
2026-10-02T15:34:00Z,egw-ditto-things-1,100.39,602222592,74.78,egw-qemu-integrated
2026-10-02T15:34:00Z,egw-ditto-policies-1,27.49,557735936,69.26,egw-qemu-integrated
2026-10-02T15:34:00Z,egw-mongodb-1,11.80,245743616,45.77,egw-qemu-integrated
2026-10-02T15:34:00Z,egw-ditto-gateway-1,40.67,531824640,66.04,egw-qemu-integrated
2026-10-02T15:34:00Z,egw-controller-1,28.27,58576896,21.82,egw-qemu-integrated
2026-10-02T15:34:01Z,egw-mosquitto-1,1.97,5414912,4.03,egw-qemu-integrated
2026-10-02T15:34:01Z,egw-ditto-things-1,74.74,602226688,74.78,egw-qemu-integrated
2026-10-02T15:34:01Z,egw-ditto-policies-1,17.69,557780992,69.26,egw-qemu-integrated
2026-10-02T15:34:01Z,egw-mongodb-1,7.04,245481472,45.72,egw-qemu-integrated
2026-10-02T15:34:01Z,egw-ditto-gateway-1,95.68,531853312,66.04,egw-qemu-integrated
2026-10-02T15:34:01Z,egw-controller-1,28.38,58839040,21.92,egw-qemu-integrated
2026-10-02T15:34:02Z,egw-mosquitto-1,2.72,5410816,4.03,egw-qemu-integrated
2026-10-02T15:34:02Z,egw-ditto-things-1,61.62,602230784,74.78,egw-qemu-integrated
2026-10-02T15:34:02Z,egw-ditto-policies-1,8.83,557780992,69.26,egw-qemu-integrated
2026-10-02T15:34:02Z,egw-mongodb-1,8.50,245481472,45.72,egw-qemu-integrated
2026-10-02T15:34:02Z,egw-ditto-gateway-1,49.53,531853312,66.04,egw-qemu-integrated
2026-10-02T15:34:02Z,egw-controller-1,33.44,58585088,21.82,egw-qemu-integrated
2026-10-02T15:34:03Z,egw-mosquitto-1,2.33,5410816,4.03,egw-qemu-integrated
2026-10-02T15:34:03Z,egw-ditto-things-1,55.51,602484736,74.81,egw-qemu-integrated
2026-10-02T15:34:03Z,egw-ditto-policies-1,10.21,557785088,69.26,egw-qemu-integrated
2026-10-02T15:34:03Z,egw-mongodb-1,8.32,245743616,45.77,egw-qemu-integrated
2026-10-02T15:34:03Z,egw-ditto-gateway-1,52.31,531857408,66.04,egw-qemu-integrated
2026-10-02T15:34:03Z,egw-controller-1,32.08,58585088,21.82,egw-qemu-integrated
2026-10-02T15:34:04Z,egw-mosquitto-1,2.45,5660672,4.22,egw-qemu-integrated
2026-10-02T15:34:04Z,egw-ditto-things-1,48.83,602226688,74.78,egw-qemu-integrated
2026-10-02T15:34:04Z,egw-ditto-policies-1,12.41,557785088,69.26,egw-qemu-integrated
2026-10-02T15:34:04Z,egw-mongodb-1,7.29,245485568,45.73,egw-qemu-integrated
2026-10-02T15:34:04Z,egw-ditto-gateway-1,118.74,532135936,66.08,egw-qemu-integrated
2026-10-02T15:34:04Z,egw-controller-1,32.66,58585088,21.82,egw-qemu-integrated
2026-10-02T15:34:05Z,egw-mosquitto-1,2.55,5414912,4.03,egw-qemu-integrated
2026-10-02T15:34:05Z,egw-ditto-things-1,56.51,602484736,74.81,egw-qemu-integrated
2026-10-02T15:34:05Z,egw-ditto-policies-1,9.68,557785088,69.26,egw-qemu-integrated
2026-10-02T15:34:05Z,egw-mongodb-1,7.22,245747712,45.77,egw-qemu-integrated
2026-10-02T15:34:05Z,egw-ditto-gateway-1,65.96,532140032,66.08,egw-qemu-integrated
2026-10-02T15:34:05Z,egw-controller-1,31.45,58585088,21.82,egw-qemu-integrated
2026-10-02T15:34:06Z,egw-mosquitto-1,2.60,5681152,4.23,egw-qemu-integrated
2026-10-02T15:34:06Z,egw-ditto-things-1,60.33,602226688,74.78,egw-qemu-integrated
2026-10-02T15:34:06Z,egw-ditto-policies-1,15.39,557793280,69.26,egw-qemu-integrated
2026-10-02T15:34:06Z,egw-mongodb-1,6.53,245485568,45.73,egw-qemu-integrated
2026-10-02T15:34:06Z,egw-ditto-gateway-1,70.20,531906560,66.05,egw-qemu-integrated
2026-10-02T15:34:06Z,egw-controller-1,31.53,58851328,21.92,egw-qemu-integrated
2026-10-02T15:34:07Z,egw-mosquitto-1,2.29,5423104,4.04,egw-qemu-integrated
2026-10-02T15:34:07Z,egw-ditto-things-1,60.43,602226688,74.78,egw-qemu-integrated
2026-10-02T15:34:07Z,egw-ditto-policies-1,17.94,557797376,69.27,egw-qemu-integrated
2026-10-02T15:34:07Z,egw-mongodb-1,20.64,245493760,45.73,egw-qemu-integrated
2026-10-02T15:34:07Z,egw-ditto-gateway-1,138.18,532180992,66.08,egw-qemu-integrated
2026-10-02T15:34:07Z,egw-controller-1,29.81,58589184,21.83,egw-qemu-integrated
2026-10-02T15:34:08Z,egw-mosquitto-1,2.23,5431296,4.05,egw-qemu-integrated
2026-10-02T15:34:08Z,egw-ditto-things-1,66.42,602243072,74.78,egw-qemu-integrated
2026-10-02T15:34:08Z,egw-ditto-policies-1,14.85,557797376,69.27,egw-qemu-integrated
2026-10-02T15:34:08Z,egw-mongodb-1,7.49,245493760,45.73,egw-qemu-integrated
2026-10-02T15:34:08Z,egw-ditto-gateway-1,154.10,521486336,64.76,egw-qemu-integrated
2026-10-02T15:34:08Z,egw-controller-1,20.57,58855424,21.93,egw-qemu-integrated
2026-10-02T15:34:09Z,egw-mosquitto-1,2.49,5431296,4.05,egw-qemu-integrated
2026-10-02T15:34:09Z,egw-ditto-things-1,52.71,602234880,74.78,egw-qemu-integrated
2026-10-02T15:34:09Z,egw-ditto-policies-1,9.40,557797376,69.27,egw-qemu-integrated
2026-10-02T15:34:09Z,egw-mongodb-1,9.36,245493760,45.73,egw-qemu-integrated
2026-10-02T15:34:09Z,egw-ditto-gateway-1,52.97,521228288,64.72,egw-qemu-integrated
2026-10-02T15:34:09Z,egw-controller-1,33.88,58859520,21.93,egw-qemu-integrated
2026-10-02T15:34:10Z,egw-mosquitto-1,63.99,7417856,5.53,egw-qemu-integrated
2026-10-02T15:34:10Z,egw-ditto-things-1,45.75,602234880,74.78,egw-qemu-integrated
2026-10-02T15:34:10Z,egw-ditto-policies-1,16.79,557797376,69.27,egw-qemu-integrated
2026-10-02T15:34:10Z,egw-mongodb-1,11.39,245501952,45.73,egw-qemu-integrated
2026-10-02T15:34:10Z,egw-ditto-gateway-1,43.65,521232384,64.72,egw-qemu-integrated
2026-10-02T15:34:10Z,egw-controller-1,30.56,58863616,21.93,egw-qemu-integrated
2026-10-02T15:34:11Z,egw-mosquitto-1,11.88,5435392,4.05,egw-qemu-integrated
2026-10-02T15:34:11Z,egw-ditto-things-1,51.15,602234880,74.78,egw-qemu-integrated
2026-10-02T15:34:11Z,egw-ditto-policies-1,13.67,557797376,69.27,egw-qemu-integrated
2026-10-02T15:34:11Z,egw-mongodb-1,8.30,245501952,45.73,egw-qemu-integrated
2026-10-02T15:34:11Z,egw-ditto-gateway-1,50.39,521486336,64.76,egw-qemu-integrated
2026-10-02T15:34:11Z,egw-controller-1,31.78,58875904,21.93,egw-qemu-integrated
2026-10-02T15:34:12Z,egw-mosquitto-1,2.58,5439488,4.05,egw-qemu-integrated
2026-10-02T15:34:12Z,egw-ditto-things-1,47.54,602234880,74.78,egw-qemu-integrated
2026-10-02T15:34:12Z,egw-ditto-policies-1,23.97,559443968,69.47,egw-qemu-integrated
2026-10-02T15:34:12Z,egw-mongodb-1,7.74,245501952,45.73,egw-qemu-integrated
2026-10-02T15:34:12Z,egw-ditto-gateway-1,59.03,521228288,64.72,egw-qemu-integrated
2026-10-02T15:34:12Z,egw-controller-1,28.74,58613760,21.84,egw-qemu-integrated
2026-10-02T15:34:13Z,egw-mosquitto-1,2.42,5443584,4.06,egw-qemu-integrated
2026-10-02T15:34:13Z,egw-ditto-things-1,45.51,602492928,74.82,egw-qemu-integrated
2026-10-02T15:34:13Z,egw-ditto-policies-1,65.61,557805568,69.27,egw-qemu-integrated
2026-10-02T15:34:13Z,egw-mongodb-1,8.05,245764096,45.78,egw-qemu-integrated
2026-10-02T15:34:13Z,egw-ditto-gateway-1,52.35,521228288,64.72,egw-qemu-integrated
2026-10-02T15:34:13Z,egw-controller-1,30.62,58609664,21.83,egw-qemu-integrated
2026-10-02T15:34:14Z,egw-mosquitto-1,3.34,5709824,4.25,egw-qemu-integrated
2026-10-02T15:34:14Z,egw-ditto-things-1,63.15,602234880,74.78,egw-qemu-integrated
2026-10-02T15:34:14Z,egw-ditto-policies-1,13.19,557805568,69.27,egw-qemu-integrated
2026-10-02T15:34:14Z,egw-mongodb-1,10.70,245501952,45.73,egw-qemu-integrated
2026-10-02T15:34:14Z,egw-ditto-gateway-1,54.84,521228288,64.72,egw-qemu-integrated
2026-10-02T15:34:14Z,egw-controller-1,39.60,58617856,21.84,egw-qemu-integrated
2026-10-02T15:34:15Z,egw-mosquitto-1,3.31,5447680,4.06,egw-qemu-integrated
2026-10-02T15:34:15Z,egw-ditto-things-1,80.30,602497024,74.82,egw-qemu-integrated
2026-10-02T15:34:15Z,egw-ditto-policies-1,49.09,557809664,69.27,egw-qemu-integrated
2026-10-02T15:34:15Z,egw-mongodb-1,12.38,245501952,45.73,egw-qemu-integrated
2026-10-02T15:34:15Z,egw-ditto-gateway-1,95.13,521228288,64.72,egw-qemu-integrated
2026-10-02T15:34:15Z,egw-controller-1,14.99,58609664,21.83,egw-qemu-integrated
2026-10-02T15:34:16Z,egw-mosquitto-1,2.51,5459968,4.07,egw-qemu-integrated
2026-10-02T15:34:16Z,egw-ditto-things-1,80.43,602202112,74.78,egw-qemu-integrated
2026-10-02T15:34:16Z,egw-ditto-policies-1,8.28,557805568,69.27,egw-qemu-integrated
2026-10-02T15:34:16Z,egw-mongodb-1,12.11,245760000,45.78,egw-qemu-integrated
2026-10-02T15:34:16Z,egw-ditto-gateway-1,44.11,521228288,64.72,egw-qemu-integrated
2026-10-02T15:34:16Z,egw-controller-1,22.85,58621952,21.84,egw-qemu-integrated
2026-10-02T15:34:17Z,egw-mosquitto-1,2.51,5464064,4.07,egw-qemu-integrated
2026-10-02T15:34:17Z,egw-ditto-things-1,69.11,602234880,74.78,egw-qemu-integrated
2026-10-02T15:34:17Z,egw-ditto-policies-1,35.06,557805568,69.27,egw-qemu-integrated
2026-10-02T15:34:17Z,egw-mongodb-1,8.57,245501952,45.73,egw-qemu-integrated
2026-10-02T15:34:17Z,egw-ditto-gateway-1,63.04,521232384,64.72,egw-qemu-integrated
2026-10-02T15:34:17Z,egw-controller-1,27.59,58621952,21.84,egw-qemu-integrated
2026-10-02T15:34:18Z,egw-mosquitto-1,3.32,5726208,4.27,egw-qemu-integrated
2026-10-02T15:34:18Z,egw-ditto-things-1,60.50,602218496,74.78,egw-qemu-integrated
2026-10-02T15:34:18Z,egw-ditto-policies-1,14.23,557805568,69.27,egw-qemu-integrated
2026-10-02T15:34:18Z,egw-mongodb-1,91.20,313745408,58.44,egw-qemu-integrated
2026-10-02T15:34:18Z,egw-ditto-gateway-1,40.99,521486336,64.76,egw-qemu-integrated
2026-10-02T15:34:18Z,egw-controller-1,30.60,58621952,21.84,egw-qemu-integrated
2026-10-02T15:34:19Z,egw-mosquitto-1,2.47,5464064,4.07,egw-qemu-integrated
2026-10-02T15:34:19Z,egw-ditto-things-1,54.44,602218496,74.78,egw-qemu-integrated
2026-10-02T15:34:19Z,egw-ditto-policies-1,13.76,557805568,69.27,egw-qemu-integrated
2026-10-02T15:34:19Z,egw-mongodb-1,114.70,393289728,73.26,egw-qemu-integrated
2026-10-02T15:34:19Z,egw-ditto-gateway-1,52.94,521224192,64.72,egw-qemu-integrated
2026-10-02T15:34:19Z,egw-controller-1,29.47,58880000,21.93,egw-qemu-integrated
2026-10-02T15:34:20Z,egw-mosquitto-1,2.82,5464064,4.07,egw-qemu-integrated
2026-10-02T15:34:20Z,egw-ditto-things-1,39.04,602218496,74.78,egw-qemu-integrated
2026-10-02T15:34:20Z,egw-ditto-policies-1,12.64,557805568,69.27,egw-qemu-integrated
2026-10-02T15:34:20Z,egw-mongodb-1,129.11,396754944,73.90,egw-qemu-integrated
2026-10-02T15:34:20Z,egw-ditto-gateway-1,54.33,521224192,64.72,egw-qemu-integrated
2026-10-02T15:34:20Z,egw-controller-1,30.29,58621952,21.84,egw-qemu-integrated
2026-10-02T15:34:21Z,egw-mosquitto-1,2.76,5472256,4.08,egw-qemu-integrated
2026-10-02T15:34:21Z,egw-ditto-things-1,105.84,604106752,75.02,egw-qemu-integrated
2026-10-02T15:34:21Z,egw-ditto-policies-1,10.66,557805568,69.27,egw-qemu-integrated
2026-10-02T15:34:21Z,egw-mongodb-1,86.39,398327808,74.19,egw-qemu-integrated
2026-10-02T15:34:21Z,egw-ditto-gateway-1,53.86,521224192,64.72,egw-qemu-integrated
2026-10-02T15:34:21Z,egw-controller-1,26.48,58892288,21.94,egw-qemu-integrated
2026-10-02T15:34:22Z,egw-mosquitto-1,1.94,5476352,4.08,egw-qemu-integrated
2026-10-02T15:34:22Z,egw-ditto-things-1,62.31,602218496,74.78,egw-qemu-integrated
2026-10-02T15:34:22Z,egw-ditto-policies-1,12.75,557805568,69.27,egw-qemu-integrated
2026-10-02T15:34:22Z,egw-mongodb-1,115.58,402661376,75.00,egw-qemu-integrated
2026-10-02T15:34:22Z,egw-ditto-gateway-1,49.70,521228288,64.72,egw-qemu-integrated
2026-10-02T15:34:22Z,egw-controller-1,25.77,58634240,21.84,egw-qemu-integrated
2026-10-02T15:34:23Z,egw-mosquitto-1,2.94,5746688,4.28,egw-qemu-integrated
2026-10-02T15:34:23Z,egw-ditto-things-1,57.83,602222592,74.78,egw-qemu-integrated
2026-10-02T15:34:23Z,egw-ditto-policies-1,46.66,557821952,69.27,egw-qemu-integrated
2026-10-02T15:34:23Z,egw-mongodb-1,119.66,407306240,75.87,egw-qemu-integrated
2026-10-02T15:34:23Z,egw-ditto-gateway-1,45.15,521232384,64.72,egw-qemu-integrated
2026-10-02T15:34:23Z,egw-controller-1,27.98,58638336,21.84,egw-qemu-integrated
2026-10-02T15:34:24Z,egw-mosquitto-1,2.67,5750784,4.28,egw-qemu-integrated
2026-10-02T15:34:24Z,egw-ditto-things-1,74.31,602222592,74.78,egw-qemu-integrated
2026-10-02T15:34:24Z,egw-ditto-policies-1,28.31,557821952,69.27,egw-qemu-integrated
2026-10-02T15:34:24Z,egw-mongodb-1,110.47,410546176,76.47,egw-qemu-integrated
2026-10-02T15:34:24Z,egw-ditto-gateway-1,55.80,523821056,65.05,egw-qemu-integrated
2026-10-02T15:34:24Z,egw-controller-1,22.20,58638336,21.84,egw-qemu-integrated
2026-10-02T15:34:25Z,egw-mosquitto-1,2.19,5488640,4.09,egw-qemu-integrated
2026-10-02T15:34:25Z,egw-ditto-things-1,94.61,602185728,74.78,egw-qemu-integrated
2026-10-02T15:34:25Z,egw-ditto-policies-1,17.63,557826048,69.27,egw-qemu-integrated
2026-10-02T15:34:25Z,egw-mongodb-1,16.26,245514240,45.73,egw-qemu-integrated
2026-10-02T15:34:25Z,egw-ditto-gateway-1,100.67,521232384,64.72,egw-qemu-integrated
2026-10-02T15:34:25Z,egw-controller-1,25.71,58638336,21.84,egw-qemu-integrated
2026-10-02T15:34:26Z,egw-mosquitto-1,4.21,5496832,4.10,egw-qemu-integrated
2026-10-02T15:34:26Z,egw-ditto-things-1,57.42,602480640,74.81,egw-qemu-integrated
2026-10-02T15:34:26Z,egw-ditto-policies-1,9.65,557821952,69.27,egw-qemu-integrated
2026-10-02T15:34:26Z,egw-mongodb-1,7.96,245518336,45.73,egw-qemu-integrated
2026-10-02T15:34:26Z,egw-ditto-gateway-1,50.78,521236480,64.73,egw-qemu-integrated
2026-10-02T15:34:26Z,egw-controller-1,31.54,58642432,21.85,egw-qemu-integrated
2026-10-02T15:34:27Z,egw-mosquitto-1,2.48,5496832,4.10,egw-qemu-integrated
2026-10-02T15:34:27Z,egw-ditto-things-1,47.78,602484736,74.81,egw-qemu-integrated
2026-10-02T15:34:27Z,egw-ditto-policies-1,10.13,557821952,69.27,egw-qemu-integrated
2026-10-02T15:34:27Z,egw-mongodb-1,7.95,245514240,45.73,egw-qemu-integrated
2026-10-02T15:34:27Z,egw-ditto-gateway-1,43.45,521232384,64.72,egw-qemu-integrated
2026-10-02T15:34:27Z,egw-controller-1,70.04,61079552,22.75,egw-qemu-integrated
2026-10-02T15:34:28Z,egw-mosquitto-1,2.31,5496832,4.10,egw-qemu-integrated
2026-10-02T15:34:28Z,egw-ditto-things-1,65.68,602476544,74.81,egw-qemu-integrated
2026-10-02T15:34:28Z,egw-ditto-policies-1,10.07,557826048,69.27,egw-qemu-integrated
2026-10-02T15:34:28Z,egw-mongodb-1,7.75,245514240,45.73,egw-qemu-integrated
2026-10-02T15:34:28Z,egw-ditto-gateway-1,48.21,521236480,64.73,egw-qemu-integrated
2026-10-02T15:34:28Z,egw-controller-1,127.59,68849664,25.65,egw-qemu-integrated
2026-10-02T15:34:29Z,egw-mosquitto-1,2.28,5500928,4.10,egw-qemu-integrated
2026-10-02T15:34:29Z,egw-ditto-things-1,52.53,602484736,74.81,egw-qemu-integrated
2026-10-02T15:34:29Z,egw-ditto-policies-1,11.08,557826048,69.27,egw-qemu-integrated
2026-10-02T15:34:29Z,egw-mongodb-1,9.03,245514240,45.73,egw-qemu-integrated
2026-10-02T15:34:29Z,egw-ditto-gateway-1,48.58,521236480,64.73,egw-qemu-integrated
2026-10-02T15:34:29Z,egw-controller-1,130.17,70803456,26.38,egw-qemu-integrated
2026-10-02T15:34:30Z,egw-mosquitto-1,2.37,5754880,4.29,egw-qemu-integrated
2026-10-02T15:34:30Z,egw-ditto-things-1,49.50,602226688,74.78,egw-qemu-integrated
2026-10-02T15:34:30Z,egw-ditto-policies-1,7.54,557826048,69.27,egw-qemu-integrated
2026-10-02T15:34:30Z,egw-mongodb-1,9.02,245518336,45.73,egw-qemu-integrated
2026-10-02T15:34:30Z,egw-ditto-gateway-1,48.10,521240576,64.73,egw-qemu-integrated
2026-10-02T15:34:30Z,egw-controller-1,107.56,58642432,21.85,egw-qemu-integrated
2026-10-02T15:34:31Z,egw-mosquitto-1,2.24,5492736,4.09,egw-qemu-integrated
2026-10-02T15:34:31Z,egw-ditto-things-1,72.72,602218496,74.78,egw-qemu-integrated
2026-10-02T15:34:31Z,egw-ditto-policies-1,11.90,557826048,69.27,egw-qemu-integrated
2026-10-02T15:34:31Z,egw-mongodb-1,8.36,245518336,45.73,egw-qemu-integrated
2026-10-02T15:34:31Z,egw-ditto-gateway-1,44.14,521240576,64.73,egw-qemu-integrated
2026-10-02T15:34:31Z,egw-controller-1,31.58,58662912,21.85,egw-qemu-integrated
2026-10-02T15:34:32Z,egw-mosquitto-1,2.06,5496832,4.10,egw-qemu-integrated
2026-10-02T15:34:32Z,egw-ditto-things-1,139.26,602222592,74.78,egw-qemu-integrated
2026-10-02T15:34:32Z,egw-ditto-policies-1,12.40,557830144,69.27,egw-qemu-integrated
2026-10-02T15:34:32Z,egw-mongodb-1,7.49,245518336,45.73,egw-qemu-integrated
2026-10-02T15:34:32Z,egw-ditto-gateway-1,50.73,521248768,64.73,egw-qemu-integrated
2026-10-02T15:34:32Z,egw-controller-1,30.82,58662912,21.85,egw-qemu-integrated
2026-10-02T15:34:33Z,egw-mosquitto-1,2.22,5505024,4.10,egw-qemu-integrated
2026-10-02T15:34:33Z,egw-ditto-things-1,118.26,605728768,75.22,egw-qemu-integrated
2026-10-02T15:34:33Z,egw-ditto-policies-1,6.86,557838336,69.27,egw-qemu-integrated
2026-10-02T15:34:33Z,egw-mongodb-1,7.33,245518336,45.73,egw-qemu-integrated
2026-10-02T15:34:33Z,egw-ditto-gateway-1,62.79,521252864,64.73,egw-qemu-integrated
2026-10-02T15:34:33Z,egw-controller-1,28.72,58658816,21.85,egw-qemu-integrated
2026-10-02T15:34:34Z,egw-mosquitto-1,2.60,5509120,4.10,egw-qemu-integrated
2026-10-02T15:34:34Z,egw-ditto-things-1,54.90,605982720,75.25,egw-qemu-integrated
2026-10-02T15:34:34Z,egw-ditto-policies-1,7.72,557826048,69.27,egw-qemu-integrated
2026-10-02T15:34:34Z,egw-mongodb-1,8.23,245522432,45.73,egw-qemu-integrated
2026-10-02T15:34:34Z,egw-ditto-gateway-1,47.35,521502720,64.76,egw-qemu-integrated
2026-10-02T15:34:34Z,egw-controller-1,33.11,58658816,21.85,egw-qemu-integrated
2026-10-02T15:34:35Z,egw-mosquitto-1,2.22,5767168,4.30,egw-qemu-integrated
2026-10-02T15:34:35Z,egw-ditto-things-1,67.71,605683712,75.21,egw-qemu-integrated
2026-10-02T15:34:35Z,egw-ditto-policies-1,17.06,557826048,69.27,egw-qemu-integrated
2026-10-02T15:34:35Z,egw-mongodb-1,7.73,245518336,45.73,egw-qemu-integrated
2026-10-02T15:34:35Z,egw-ditto-gateway-1,60.84,521510912,64.76,egw-qemu-integrated
2026-10-02T15:34:35Z,egw-controller-1,32.35,58671104,21.86,egw-qemu-integrated
2026-10-02T15:34:36Z,egw-mosquitto-1,2.40,5513216,4.11,egw-qemu-integrated
2026-10-02T15:34:36Z,egw-ditto-things-1,70.31,605683712,75.21,egw-qemu-integrated
2026-10-02T15:34:36Z,egw-ditto-policies-1,9.99,557826048,69.27,egw-qemu-integrated
2026-10-02T15:34:36Z,egw-mongodb-1,6.36,245518336,45.73,egw-qemu-integrated
2026-10-02T15:34:36Z,egw-ditto-gateway-1,74.68,521560064,64.77,egw-qemu-integrated
2026-10-02T15:34:36Z,egw-controller-1,31.45,58671104,21.86,egw-qemu-integrated
2026-10-02T15:34:37Z,egw-mosquitto-1,2.46,5517312,4.11,egw-qemu-integrated
2026-10-02T15:34:37Z,egw-ditto-things-1,52.41,605683712,75.21,egw-qemu-integrated
2026-10-02T15:34:37Z,egw-ditto-policies-1,9.94,557826048,69.27,egw-qemu-integrated
2026-10-02T15:34:37Z,egw-mongodb-1,8.74,245518336,45.73,egw-qemu-integrated
2026-10-02T15:34:37Z,egw-ditto-gateway-1,50.79,521306112,64.73,egw-qemu-integrated
2026-10-02T15:34:37Z,egw-controller-1,33.12,58929152,21.95,egw-qemu-integrated
2026-10-02T15:34:38Z,egw-mosquitto-1,2.17,5513216,4.11,egw-qemu-integrated
2026-10-02T15:34:38Z,egw-ditto-things-1,68.63,605683712,75.21,egw-qemu-integrated
2026-10-02T15:34:38Z,egw-ditto-policies-1,8.95,557830144,69.27,egw-qemu-integrated
2026-10-02T15:34:38Z,egw-mongodb-1,8.34,245522432,45.73,egw-qemu-integrated
2026-10-02T15:34:38Z,egw-ditto-gateway-1,74.79,521318400,64.74,egw-qemu-integrated
2026-10-02T15:34:38Z,egw-controller-1,27.47,58662912,21.85,egw-qemu-integrated
2026-10-02T15:34:39Z,egw-mosquitto-1,23.09,5861376,4.37,egw-qemu-integrated
2026-10-02T15:34:39Z,egw-ditto-things-1,53.82,605683712,75.21,egw-qemu-integrated
2026-10-02T15:34:39Z,egw-ditto-policies-1,10.12,557826048,69.27,egw-qemu-integrated
2026-10-02T15:34:39Z,egw-mongodb-1,10.49,245518336,45.73,egw-qemu-integrated
2026-10-02T15:34:39Z,egw-ditto-gateway-1,48.04,521322496,64.74,egw-qemu-integrated
2026-10-02T15:34:39Z,egw-controller-1,31.60,58667008,21.86,egw-qemu-integrated
2026-10-02T15:34:40Z,egw-mosquitto-1,42.12,5529600,4.12,egw-qemu-integrated
2026-10-02T15:34:40Z,egw-ditto-things-1,47.57,605683712,75.21,egw-qemu-integrated
2026-10-02T15:34:40Z,egw-ditto-policies-1,10.66,557826048,69.27,egw-qemu-integrated
2026-10-02T15:34:40Z,egw-mongodb-1,9.71,245522432,45.73,egw-qemu-integrated
2026-10-02T15:34:40Z,egw-ditto-gateway-1,62.52,521584640,64.77,egw-qemu-integrated
2026-10-02T15:34:40Z,egw-controller-1,30.86,58933248,21.95,egw-qemu-integrated
2026-10-02T15:34:41Z,egw-mosquitto-1,2.52,5533696,4.12,egw-qemu-integrated
2026-10-02T15:34:41Z,egw-ditto-things-1,77.28,605687808,75.21,egw-qemu-integrated
2026-10-02T15:34:41Z,egw-ditto-policies-1,9.31,557830144,69.27,egw-qemu-integrated
2026-10-02T15:34:41Z,egw-mongodb-1,8.13,245522432,45.73,egw-qemu-integrated
2026-10-02T15:34:41Z,egw-ditto-gateway-1,59.80,521592832,64.77,egw-qemu-integrated
2026-10-02T15:34:41Z,egw-controller-1,30.08,58929152,21.95,egw-qemu-integrated
2026-10-02T15:34:42Z,egw-mosquitto-1,4.77,5525504,4.12,egw-qemu-integrated
2026-10-02T15:34:42Z,egw-ditto-things-1,71.92,605642752,75.21,egw-qemu-integrated
2026-10-02T15:34:42Z,egw-ditto-policies-1,90.26,558215168,69.32,egw-qemu-integrated
2026-10-02T15:34:42Z,egw-mongodb-1,18.09,245522432,45.73,egw-qemu-integrated
2026-10-02T15:34:42Z,egw-ditto-gateway-1,65.72,521334784,64.74,egw-qemu-integrated
2026-10-02T15:34:42Z,egw-controller-1,27.06,58671104,21.86,egw-qemu-integrated
2026-10-02T15:34:43Z,egw-mosquitto-1,2.52,5804032,4.32,egw-qemu-integrated
2026-10-02T15:34:43Z,egw-ditto-things-1,55.10,605560832,75.20,egw-qemu-integrated
2026-10-02T15:34:43Z,egw-ditto-policies-1,134.21,557854720,69.27,egw-qemu-integrated
2026-10-02T15:34:43Z,egw-mongodb-1,13.97,245522432,45.73,egw-qemu-integrated
2026-10-02T15:34:43Z,egw-ditto-gateway-1,102.47,521236480,64.73,egw-qemu-integrated
2026-10-02T15:34:43Z,egw-controller-1,5.70,58675200,21.86,egw-qemu-integrated
2026-10-02T15:34:44Z,egw-mosquitto-1,2.09,5550080,4.14,egw-qemu-integrated
2026-10-02T15:34:44Z,egw-ditto-things-1,102.97,605687808,75.21,egw-qemu-integrated
2026-10-02T15:34:44Z,egw-ditto-policies-1,13.61,557846528,69.27,egw-qemu-integrated
2026-10-02T15:34:44Z,egw-mongodb-1,5.92,245522432,45.73,egw-qemu-integrated
2026-10-02T15:34:44Z,egw-ditto-gateway-1,92.63,521363456,64.74,egw-qemu-integrated
2026-10-02T15:34:44Z,egw-controller-1,17.10,58683392,21.86,egw-qemu-integrated
2026-10-02T15:34:45Z,egw-mosquitto-1,2.48,5550080,4.14,egw-qemu-integrated
2026-10-02T15:34:45Z,egw-ditto-things-1,108.01,605724672,75.22,egw-qemu-integrated
2026-10-02T15:34:45Z,egw-ditto-policies-1,20.24,557862912,69.27,egw-qemu-integrated
2026-10-02T15:34:45Z,egw-mongodb-1,16.45,245784576,45.78,egw-qemu-integrated
2026-10-02T15:34:45Z,egw-ditto-gateway-1,53.88,521359360,64.74,egw-qemu-integrated
2026-10-02T15:34:45Z,egw-controller-1,28.44,58687488,21.86,egw-qemu-integrated
2026-10-02T15:34:46Z,egw-mosquitto-1,2.78,5545984,4.13,egw-qemu-integrated
2026-10-02T15:34:46Z,egw-ditto-things-1,127.08,605724672,75.22,egw-qemu-integrated
2026-10-02T15:34:46Z,egw-ditto-policies-1,9.05,557862912,69.27,egw-qemu-integrated
2026-10-02T15:34:46Z,egw-mongodb-1,7.84,245526528,45.73,egw-qemu-integrated
2026-10-02T15:34:46Z,egw-ditto-gateway-1,82.00,521379840,64.74,egw-qemu-integrated
2026-10-02T15:34:46Z,egw-controller-1,29.43,58949632,21.96,egw-qemu-integrated
2026-10-02T15:34:47Z,egw-mosquitto-1,2.59,5550080,4.14,egw-qemu-integrated
2026-10-02T15:34:47Z,egw-ditto-things-1,105.30,605724672,75.22,egw-qemu-integrated
2026-10-02T15:34:47Z,egw-ditto-policies-1,40.21,558125056,69.31,egw-qemu-integrated
2026-10-02T15:34:47Z,egw-mongodb-1,7.54,245522432,45.73,egw-qemu-integrated
2026-10-02T15:34:47Z,egw-ditto-gateway-1,66.57,521641984,64.78,egw-qemu-integrated
2026-10-02T15:34:47Z,egw-controller-1,29.66,58703872,21.87,egw-qemu-integrated
2026-10-02T15:34:48Z,egw-mosquitto-1,2.37,5550080,4.14,egw-qemu-integrated
2026-10-02T15:34:48Z,egw-ditto-things-1,54.24,605724672,75.22,egw-qemu-integrated
2026-10-02T15:34:48Z,egw-ditto-policies-1,22.63,557875200,69.27,egw-qemu-integrated
2026-10-02T15:34:48Z,egw-mongodb-1,8.50,245522432,45.73,egw-qemu-integrated
2026-10-02T15:34:48Z,egw-ditto-gateway-1,56.58,521641984,64.78,egw-qemu-integrated
2026-10-02T15:34:48Z,egw-controller-1,30.85,58703872,21.87,egw-qemu-integrated
2026-10-02T15:34:49Z,egw-mosquitto-1,2.78,5550080,4.14,egw-qemu-integrated
2026-10-02T15:34:49Z,egw-ditto-things-1,53.36,605724672,75.22,egw-qemu-integrated
2026-10-02T15:34:49Z,egw-ditto-policies-1,9.78,557871104,69.27,egw-qemu-integrated
2026-10-02T15:34:49Z,egw-mongodb-1,9.90,245522432,45.73,egw-qemu-integrated
2026-10-02T15:34:49Z,egw-ditto-gateway-1,51.46,521392128,64.74,egw-qemu-integrated
2026-10-02T15:34:49Z,egw-controller-1,35.25,58695680,21.87,egw-qemu-integrated
2026-10-02T15:34:50Z,egw-mosquitto-1,2.26,5550080,4.14,egw-qemu-integrated
2026-10-02T15:34:50Z,egw-ditto-things-1,52.74,606060544,75.26,egw-qemu-integrated
2026-10-02T15:34:50Z,egw-ditto-policies-1,15.00,557883392,69.28,egw-qemu-integrated
2026-10-02T15:34:50Z,egw-mongodb-1,11.12,245522432,45.73,egw-qemu-integrated
2026-10-02T15:34:50Z,egw-ditto-gateway-1,82.63,521404416,64.75,egw-qemu-integrated
2026-10-02T15:34:50Z,egw-controller-1,28.56,58699776,21.87,egw-qemu-integrated
2026-10-02T15:34:51Z,egw-mosquitto-1,2.66,5554176,4.14,egw-qemu-integrated
2026-10-02T15:34:51Z,egw-ditto-things-1,112.63,605724672,75.22,egw-qemu-integrated
2026-10-02T15:34:51Z,egw-ditto-policies-1,14.20,557907968,69.28,egw-qemu-integrated
2026-10-02T15:34:51Z,egw-mongodb-1,7.90,245522432,45.73,egw-qemu-integrated
2026-10-02T15:34:51Z,egw-ditto-gateway-1,73.91,521674752,64.78,egw-qemu-integrated
2026-10-02T15:34:51Z,egw-controller-1,28.15,58957824,21.96,egw-qemu-integrated
2026-10-02T15:34:52Z,egw-mosquitto-1,2.24,5558272,4.14,egw-qemu-integrated
2026-10-02T15:34:52Z,egw-ditto-things-1,57.21,605982720,75.25,egw-qemu-integrated
2026-10-02T15:34:52Z,egw-ditto-policies-1,11.45,557907968,69.28,egw-qemu-integrated
2026-10-02T15:34:52Z,egw-mongodb-1,8.07,245522432,45.73,egw-qemu-integrated
2026-10-02T15:34:52Z,egw-ditto-gateway-1,71.60,521416704,64.75,egw-qemu-integrated
2026-10-02T15:34:52Z,egw-controller-1,31.61,58966016,21.97,egw-qemu-integrated
2026-10-02T15:34:53Z,egw-mosquitto-1,2.86,5570560,4.15,egw-qemu-integrated
2026-10-02T15:34:53Z,egw-ditto-things-1,55.19,605728768,75.22,egw-qemu-integrated
2026-10-02T15:34:53Z,egw-ditto-policies-1,20.36,557912064,69.28,egw-qemu-integrated
2026-10-02T15:34:53Z,egw-mongodb-1,18.87,246804480,45.97,egw-qemu-integrated
2026-10-02T15:34:53Z,egw-ditto-gateway-1,94.97,521437184,64.75,egw-qemu-integrated
2026-10-02T15:34:53Z,egw-controller-1,22.63,58703872,21.87,egw-qemu-integrated
2026-10-02T15:34:54Z,egw-mosquitto-1,2.63,5562368,4.14,egw-qemu-integrated
2026-10-02T15:34:54Z,egw-ditto-things-1,73.74,605732864,75.22,egw-qemu-integrated
2026-10-02T15:34:54Z,egw-ditto-policies-1,13.18,557912064,69.28,egw-qemu-integrated
2026-10-02T15:34:54Z,egw-mongodb-1,89.74,312524800,58.21,egw-qemu-integrated
2026-10-02T15:34:54Z,egw-ditto-gateway-1,76.87,522969088,64.94,egw-qemu-integrated
2026-10-02T15:34:54Z,egw-controller-1,18.66,58720256,21.88,egw-qemu-integrated
2026-10-02T15:34:55Z,egw-mosquitto-1,2.45,5562368,4.14,egw-qemu-integrated
2026-10-02T15:34:55Z,egw-ditto-things-1,69.37,605700096,75.21,egw-qemu-integrated
2026-10-02T15:34:55Z,egw-ditto-policies-1,11.23,557912064,69.28,egw-qemu-integrated
2026-10-02T15:34:55Z,egw-mongodb-1,100.45,392896512,73.18,egw-qemu-integrated
2026-10-02T15:34:55Z,egw-ditto-gateway-1,63.20,521441280,64.75,egw-qemu-integrated
2026-10-02T15:34:55Z,egw-controller-1,28.64,58978304,21.97,egw-qemu-integrated
2026-10-02T15:34:56Z,egw-mosquitto-1,2.50,5566464,4.15,egw-qemu-integrated
2026-10-02T15:34:56Z,egw-ditto-things-1,49.33,605732864,75.22,egw-qemu-integrated
2026-10-02T15:34:56Z,egw-ditto-policies-1,11.15,557916160,69.28,egw-qemu-integrated
2026-10-02T15:34:56Z,egw-mongodb-1,140.58,397352960,74.01,egw-qemu-integrated
2026-10-02T15:34:56Z,egw-ditto-gateway-1,42.11,521441280,64.75,egw-qemu-integrated
2026-10-02T15:34:56Z,egw-controller-1,29.49,58720256,21.88,egw-qemu-integrated
2026-10-02T15:34:57Z,egw-mosquitto-1,2.37,5566464,4.15,egw-qemu-integrated
2026-10-02T15:34:57Z,egw-ditto-things-1,92.80,605736960,75.22,egw-qemu-integrated
2026-10-02T15:34:57Z,egw-ditto-policies-1,12.89,557912064,69.28,egw-qemu-integrated
2026-10-02T15:34:57Z,egw-mongodb-1,93.22,398438400,74.21,egw-qemu-integrated
2026-10-02T15:34:57Z,egw-ditto-gateway-1,47.32,521445376,64.75,egw-qemu-integrated
2026-10-02T15:34:57Z,egw-controller-1,24.64,58974208,21.97,egw-qemu-integrated
2026-10-02T15:34:58Z,egw-mosquitto-1,2.29,5574656,4.15,egw-qemu-integrated
2026-10-02T15:34:58Z,egw-ditto-things-1,47.01,605732864,75.22,egw-qemu-integrated
2026-10-02T15:34:58Z,egw-ditto-policies-1,12.74,557912064,69.28,egw-qemu-integrated
2026-10-02T15:34:58Z,egw-mongodb-1,119.45,402640896,75.00,egw-qemu-integrated
2026-10-02T15:34:58Z,egw-ditto-gateway-1,53.42,521445376,64.75,egw-qemu-integrated
2026-10-02T15:34:58Z,egw-controller-1,30.08,58720256,21.88,egw-qemu-integrated
2026-10-02T15:34:59Z,egw-mosquitto-1,2.19,5578752,4.16,egw-qemu-integrated
2026-10-02T15:34:59Z,egw-ditto-things-1,44.49,605745152,75.22,egw-qemu-integrated
2026-10-02T15:34:59Z,egw-ditto-policies-1,12.48,557924352,69.28,egw-qemu-integrated
2026-10-02T15:34:59Z,egw-mongodb-1,93.50,405610496,75.55,egw-qemu-integrated
2026-10-02T15:34:59Z,egw-ditto-gateway-1,44.47,521449472,64.75,egw-qemu-integrated
2026-10-02T15:34:59Z,egw-controller-1,69.29,61149184,22.78,egw-qemu-integrated
2026-10-02T15:35:00Z,egw-mosquitto-1,2.17,5574656,4.15,egw-qemu-integrated
2026-10-02T15:35:00Z,egw-ditto-things-1,44.28,605696000,75.21,egw-qemu-integrated
2026-10-02T15:35:00Z,egw-ditto-policies-1,10.17,557924352,69.28,egw-qemu-integrated
2026-10-02T15:35:00Z,egw-mongodb-1,127.48,410656768,76.49,egw-qemu-integrated
2026-10-02T15:35:00Z,egw-ditto-gateway-1,37.48,521437184,64.75,egw-qemu-integrated
2026-10-02T15:35:00Z,egw-controller-1,109.28,68489216,25.51,egw-qemu-integrated
2026-10-02T15:35:01Z,egw-mosquitto-1,2.30,5586944,4.16,egw-qemu-integrated
2026-10-02T15:35:01Z,egw-ditto-things-1,43.16,605999104,75.25,egw-qemu-integrated
2026-10-02T15:35:01Z,egw-ditto-policies-1,10.67,557924352,69.28,egw-qemu-integrated
2026-10-02T15:35:01Z,egw-mongodb-1,32.57,245063680,45.65,egw-qemu-integrated
2026-10-02T15:35:01Z,egw-ditto-gateway-1,67.16,521465856,64.75,egw-qemu-integrated
2026-10-02T15:35:01Z,egw-controller-1,118.88,69812224,26.01,egw-qemu-integrated
2026-10-02T15:35:02Z,egw-mosquitto-1,2.73,5586944,4.16,egw-qemu-integrated
2026-10-02T15:35:02Z,egw-ditto-things-1,48.69,605736960,75.22,egw-qemu-integrated
2026-10-02T15:35:02Z,egw-ditto-policies-1,10.31,557928448,69.28,egw-qemu-integrated
2026-10-02T15:35:02Z,egw-mongodb-1,8.85,245063680,45.65,egw-qemu-integrated
2026-10-02T15:35:02Z,egw-ditto-gateway-1,43.12,521465856,64.75,egw-qemu-integrated
2026-10-02T15:35:02Z,egw-controller-1,128.39,72531968,27.02,egw-qemu-integrated
2026-10-02T15:35:03Z,egw-mosquitto-1,2.23,5591040,4.17,egw-qemu-integrated
2026-10-02T15:35:03Z,egw-ditto-things-1,54.99,605745152,75.22,egw-qemu-integrated
2026-10-02T15:35:03Z,egw-ditto-policies-1,20.68,557924352,69.28,egw-qemu-integrated
2026-10-02T15:35:03Z,egw-mongodb-1,8.65,245063680,45.65,egw-qemu-integrated
2026-10-02T15:35:03Z,egw-ditto-gateway-1,59.51,521461760,64.75,egw-qemu-integrated
2026-10-02T15:35:03Z,egw-controller-1,73.99,58724352,21.88,egw-qemu-integrated
2026-10-02T15:35:04Z,egw-mosquitto-1,2.24,5591040,4.17,egw-qemu-integrated
2026-10-02T15:35:04Z,egw-ditto-things-1,57.82,605736960,75.22,egw-qemu-integrated
2026-10-02T15:35:04Z,egw-ditto-policies-1,9.82,557924352,69.28,egw-qemu-integrated
2026-10-02T15:35:04Z,egw-mongodb-1,7.81,245063680,45.65,egw-qemu-integrated
2026-10-02T15:35:04Z,egw-ditto-gateway-1,47.10,521461760,64.75,egw-qemu-integrated
2026-10-02T15:35:04Z,egw-controller-1,33.83,58998784,21.98,egw-qemu-integrated
2026-10-02T15:35:05Z,egw-mosquitto-1,2.52,5595136,4.17,egw-qemu-integrated
2026-10-02T15:35:05Z,egw-ditto-things-1,53.04,605741056,75.22,egw-qemu-integrated
2026-10-02T15:35:05Z,egw-ditto-policies-1,31.17,557924352,69.28,egw-qemu-integrated
2026-10-02T15:35:05Z,egw-mongodb-1,8.87,245063680,45.65,egw-qemu-integrated
2026-10-02T15:35:05Z,egw-ditto-gateway-1,53.83,521478144,64.76,egw-qemu-integrated
2026-10-02T15:35:05Z,egw-controller-1,30.50,58994688,21.98,egw-qemu-integrated
2026-10-02T15:35:06Z,egw-mosquitto-1,2.39,5595136,4.17,egw-qemu-integrated
2026-10-02T15:35:06Z,egw-ditto-things-1,63.37,605736960,75.22,egw-qemu-integrated
2026-10-02T15:35:06Z,egw-ditto-policies-1,10.44,557924352,69.28,egw-qemu-integrated
2026-10-02T15:35:06Z,egw-mongodb-1,19.29,245075968,45.65,egw-qemu-integrated
2026-10-02T15:35:06Z,egw-ditto-gateway-1,50.78,521478144,64.76,egw-qemu-integrated
2026-10-02T15:35:06Z,egw-controller-1,34.11,58744832,21.88,egw-qemu-integrated
2026-10-02T15:35:07Z,egw-mosquitto-1,3.14,5861376,4.37,egw-qemu-integrated
2026-10-02T15:35:07Z,egw-ditto-things-1,58.41,605736960,75.22,egw-qemu-integrated
2026-10-02T15:35:07Z,egw-ditto-policies-1,16.22,557924352,69.28,egw-qemu-integrated
2026-10-02T15:35:07Z,egw-mongodb-1,11.05,245075968,45.65,egw-qemu-integrated
2026-10-02T15:35:07Z,egw-ditto-gateway-1,57.03,521474048,64.75,egw-qemu-integrated
2026-10-02T15:35:07Z,egw-controller-1,26.27,58744832,21.88,egw-qemu-integrated
2026-10-02T15:35:08Z,egw-mosquitto-1,2.32,5619712,4.19,egw-qemu-integrated
2026-10-02T15:35:08Z,egw-ditto-things-1,54.88,605696000,75.21,egw-qemu-integrated
2026-10-02T15:35:08Z,egw-ditto-policies-1,34.93,557924352,69.28,egw-qemu-integrated
2026-10-02T15:35:08Z,egw-mongodb-1,7.88,245075968,45.65,egw-qemu-integrated
2026-10-02T15:35:08Z,egw-ditto-gateway-1,80.92,521478144,64.76,egw-qemu-integrated
2026-10-02T15:35:08Z,egw-controller-1,25.93,58744832,21.88,egw-qemu-integrated
2026-10-02T15:35:09Z,egw-mosquitto-1,65.46,7729152,5.76,egw-qemu-integrated
2026-10-02T15:35:09Z,egw-ditto-things-1,60.68,605741056,75.22,egw-qemu-integrated
2026-10-02T15:35:09Z,egw-ditto-policies-1,32.38,557924352,69.28,egw-qemu-integrated
2026-10-02T15:35:09Z,egw-mongodb-1,7.28,245075968,45.65,egw-qemu-integrated
2026-10-02T15:35:09Z,egw-ditto-gateway-1,38.92,521478144,64.76,egw-qemu-integrated
2026-10-02T15:35:09Z,egw-controller-1,26.84,58740736,21.88,egw-qemu-integrated
2026-10-02T15:35:10Z,egw-mosquitto-1,7.36,5627904,4.19,egw-qemu-integrated
2026-10-02T15:35:10Z,egw-ditto-things-1,70.52,605749248,75.22,egw-qemu-integrated
2026-10-02T15:35:10Z,egw-ditto-policies-1,10.41,557924352,69.28,egw-qemu-integrated
2026-10-02T15:35:10Z,egw-mongodb-1,10.98,245080064,45.65,egw-qemu-integrated
2026-10-02T15:35:10Z,egw-ditto-gateway-1,43.40,521474048,64.75,egw-qemu-integrated
2026-10-02T15:35:10Z,egw-controller-1,30.03,58753024,21.89,egw-qemu-integrated
2026-10-02T15:35:11Z,egw-mosquitto-1,2.32,5632000,4.20,egw-qemu-integrated
2026-10-02T15:35:11Z,egw-ditto-things-1,109.85,605999104,75.25,egw-qemu-integrated
2026-10-02T15:35:11Z,egw-ditto-policies-1,26.00,557932544,69.28,egw-qemu-integrated
2026-10-02T15:35:11Z,egw-mongodb-1,8.55,245075968,45.65,egw-qemu-integrated
2026-10-02T15:35:11Z,egw-ditto-gateway-1,67.58,521736192,64.79,egw-qemu-integrated
2026-10-02T15:35:11Z,egw-controller-1,29.76,58748928,21.89,egw-qemu-integrated
2026-10-02T15:35:12Z,egw-mosquitto-1,3.44,5636096,4.20,egw-qemu-integrated
2026-10-02T15:35:12Z,egw-ditto-things-1,62.16,605741056,75.22,egw-qemu-integrated
2026-10-02T15:35:12Z,egw-ditto-policies-1,60.91,558411776,69.34,egw-qemu-integrated
2026-10-02T15:35:12Z,egw-mongodb-1,7.33,245075968,45.65,egw-qemu-integrated
2026-10-02T15:35:12Z,egw-ditto-gateway-1,49.63,521482240,64.76,egw-qemu-integrated
2026-10-02T15:35:12Z,egw-controller-1,29.54,59006976,21.98,egw-qemu-integrated
2026-10-02T15:35:13Z,egw-mosquitto-1,2.34,5640192,4.20,egw-qemu-integrated
2026-10-02T15:35:13Z,egw-ditto-things-1,44.04,605696000,75.21,egw-qemu-integrated
2026-10-02T15:35:13Z,egw-ditto-policies-1,99.81,557965312,69.29,egw-qemu-integrated
2026-10-02T15:35:13Z,egw-mongodb-1,8.19,245075968,45.65,egw-qemu-integrated
2026-10-02T15:35:13Z,egw-ditto-gateway-1,66.73,521486336,64.76,egw-qemu-integrated
2026-10-02T15:35:13Z,egw-controller-1,31.01,59019264,21.99,egw-qemu-integrated
2026-10-02T15:35:14Z,egw-mosquitto-1,2.31,5640192,4.20,egw-qemu-integrated
2026-10-02T15:35:14Z,egw-ditto-things-1,54.92,605736960,75.22,egw-qemu-integrated
2026-10-02T15:35:14Z,egw-ditto-policies-1,23.15,557969408,69.29,egw-qemu-integrated
2026-10-02T15:35:14Z,egw-mongodb-1,8.69,245342208,45.70,egw-qemu-integrated
2026-10-02T15:35:14Z,egw-ditto-gateway-1,53.23,521486336,64.76,egw-qemu-integrated
2026-10-02T15:35:14Z,egw-controller-1,31.62,59019264,21.99,egw-qemu-integrated
2026-10-02T15:35:15Z,egw-mosquitto-1,2.57,5640192,4.20,egw-qemu-integrated
2026-10-02T15:35:15Z,egw-ditto-things-1,55.62,605741056,75.22,egw-qemu-integrated
2026-10-02T15:35:15Z,egw-ditto-policies-1,11.76,557969408,69.29,egw-qemu-integrated
2026-10-02T15:35:15Z,egw-mongodb-1,8.61,245080064,45.65,egw-qemu-integrated
2026-10-02T15:35:15Z,egw-ditto-gateway-1,47.64,521744384,64.79,egw-qemu-integrated
2026-10-02T15:35:15Z,egw-controller-1,32.78,58765312,21.89,egw-qemu-integrated
2026-10-02T15:35:16Z,egw-mosquitto-1,2.45,5644288,4.21,egw-qemu-integrated
2026-10-02T15:35:16Z,egw-ditto-things-1,35.48,605736960,75.22,egw-qemu-integrated
2026-10-02T15:35:16Z,egw-ditto-policies-1,9.73,557973504,69.29,egw-qemu-integrated
2026-10-02T15:35:16Z,egw-mongodb-1,6.29,245075968,45.65,egw-qemu-integrated
2026-10-02T15:35:16Z,egw-ditto-gateway-1,136.75,511053824,63.46,egw-qemu-integrated
2026-10-02T15:35:16Z,egw-controller-1,25.79,58765312,21.89,egw-qemu-integrated
2026-10-02T15:35:17Z,egw-mosquitto-1,2.88,5644288,4.21,egw-qemu-integrated
2026-10-02T15:35:17Z,egw-ditto-things-1,49.61,605741056,75.22,egw-qemu-integrated
2026-10-02T15:35:17Z,egw-ditto-policies-1,12.59,557977600,69.29,egw-qemu-integrated
2026-10-02T15:35:17Z,egw-mongodb-1,8.35,245080064,45.65,egw-qemu-integrated
2026-10-02T15:35:17Z,egw-ditto-gateway-1,50.23,510787584,63.43,egw-qemu-integrated
2026-10-02T15:35:17Z,egw-controller-1,33.83,58765312,21.89,egw-qemu-integrated
2026-10-02T15:35:18Z,egw-mosquitto-1,2.84,5648384,4.21,egw-qemu-integrated
2026-10-02T15:35:18Z,egw-ditto-things-1,49.41,605736960,75.22,egw-qemu-integrated
2026-10-02T15:35:18Z,egw-ditto-policies-1,12.88,557973504,69.29,egw-qemu-integrated
2026-10-02T15:35:18Z,egw-mongodb-1,8.67,245075968,45.65,egw-qemu-integrated
2026-10-02T15:35:18Z,egw-ditto-gateway-1,46.95,511053824,63.46,egw-qemu-integrated
2026-10-02T15:35:18Z,egw-controller-1,35.63,58761216,21.89,egw-qemu-integrated
2026-10-02T15:35:19Z,egw-mosquitto-1,2.46,5644288,4.21,egw-qemu-integrated
2026-10-02T15:35:19Z,egw-ditto-things-1,55.60,605736960,75.22,egw-qemu-integrated
2026-10-02T15:35:19Z,egw-ditto-policies-1,12.00,557973504,69.29,egw-qemu-integrated
2026-10-02T15:35:19Z,egw-mongodb-1,9.53,245075968,45.65,egw-qemu-integrated
2026-10-02T15:35:19Z,egw-ditto-gateway-1,51.26,510799872,63.43,egw-qemu-integrated
2026-10-02T15:35:19Z,egw-controller-1,33.97,58773504,21.89,egw-qemu-integrated
2026-10-02T15:35:20Z,egw-mosquitto-1,3.11,5644288,4.21,egw-qemu-integrated
2026-10-02T15:35:20Z,egw-ditto-things-1,101.64,608083968,75.51,egw-qemu-integrated
2026-10-02T15:35:20Z,egw-ditto-policies-1,13.01,557973504,69.29,egw-qemu-integrated
2026-10-02T15:35:20Z,egw-mongodb-1,10.22,245075968,45.65,egw-qemu-integrated
2026-10-02T15:35:20Z,egw-ditto-gateway-1,47.49,510791680,63.43,egw-qemu-integrated
2026-10-02T15:35:20Z,egw-controller-1,32.83,58769408,21.89,egw-qemu-integrated
2026-10-02T15:35:21Z,egw-mosquitto-1,2.52,5644288,4.21,egw-qemu-integrated
2026-10-02T15:35:21Z,egw-ditto-things-1,68.47,605741056,75.22,egw-qemu-integrated
2026-10-02T15:35:21Z,egw-ditto-policies-1,9.39,557973504,69.29,egw-qemu-integrated
2026-10-02T15:35:21Z,egw-mongodb-1,9.10,245080064,45.65,egw-qemu-integrated
2026-10-02T15:35:21Z,egw-ditto-gateway-1,57.60,510795776,63.43,egw-qemu-integrated
2026-10-02T15:35:21Z,egw-controller-1,32.59,58769408,21.89,egw-qemu-integrated
2026-10-02T15:35:22Z,egw-mosquitto-1,2.69,5902336,4.40,egw-qemu-integrated
2026-10-02T15:35:22Z,egw-ditto-things-1,61.81,605736960,75.22,egw-qemu-integrated
2026-10-02T15:35:22Z,egw-ditto-policies-1,15.90,557973504,69.29,egw-qemu-integrated
2026-10-02T15:35:22Z,egw-mongodb-1,8.09,245075968,45.65,egw-qemu-integrated
2026-10-02T15:35:22Z,egw-ditto-gateway-1,55.14,511053824,63.46,egw-qemu-integrated
2026-10-02T15:35:22Z,egw-controller-1,32.66,58765312,21.89,egw-qemu-integrated
2026-10-02T15:35:23Z,egw-mosquitto-1,2.48,5648384,4.21,egw-qemu-integrated
2026-10-02T15:35:23Z,egw-ditto-things-1,55.84,605736960,75.22,egw-qemu-integrated
2026-10-02T15:35:23Z,egw-ditto-policies-1,12.16,557973504,69.29,egw-qemu-integrated
2026-10-02T15:35:23Z,egw-mongodb-1,7.96,245075968,45.65,egw-qemu-integrated
2026-10-02T15:35:23Z,egw-ditto-gateway-1,50.55,511668224,63.54,egw-qemu-integrated
2026-10-02T15:35:23Z,egw-controller-1,32.39,58773504,21.89,egw-qemu-integrated
2026-10-02T15:35:24Z,egw-mosquitto-1,5.76,5644288,4.21,egw-qemu-integrated
2026-10-02T15:35:24Z,egw-ditto-things-1,50.25,605745152,75.22,egw-qemu-integrated
2026-10-02T15:35:24Z,egw-ditto-policies-1,10.10,557973504,69.29,egw-qemu-integrated
2026-10-02T15:35:24Z,egw-mongodb-1,8.35,245075968,45.65,egw-qemu-integrated
2026-10-02T15:35:24Z,egw-ditto-gateway-1,101.38,510799872,63.43,egw-qemu-integrated
2026-10-02T15:35:24Z,egw-controller-1,26.35,59035648,21.99,egw-qemu-integrated
2026-10-02T15:35:25Z,egw-mosquitto-1,2.51,5652480,4.21,egw-qemu-integrated
2026-10-02T15:35:25Z,egw-ditto-things-1,54.16,605999104,75.25,egw-qemu-integrated
2026-10-02T15:35:25Z,egw-ditto-policies-1,9.43,557973504,69.29,egw-qemu-integrated
2026-10-02T15:35:25Z,egw-mongodb-1,8.11,245075968,45.65,egw-qemu-integrated
2026-10-02T15:35:25Z,egw-ditto-gateway-1,47.73,510795776,63.43,egw-qemu-integrated
2026-10-02T15:35:25Z,egw-controller-1,37.33,58777600,21.90,egw-qemu-integrated
2026-10-02T15:35:26Z,egw-mosquitto-1,2.43,5914624,4.41,egw-qemu-integrated
2026-10-02T15:35:26Z,egw-ditto-things-1,118.49,606023680,75.25,egw-qemu-integrated
2026-10-02T15:35:26Z,egw-ditto-policies-1,10.33,557973504,69.29,egw-qemu-integrated
2026-10-02T15:35:26Z,egw-mongodb-1,6.96,245080064,45.65,egw-qemu-integrated
2026-10-02T15:35:26Z,egw-ditto-gateway-1,42.01,510795776,63.43,egw-qemu-integrated
2026-10-02T15:35:26Z,egw-controller-1,25.50,58773504,21.89,egw-qemu-integrated
2026-10-02T15:35:27Z,egw-mosquitto-1,1.98,5656576,4.21,egw-qemu-integrated
2026-10-02T15:35:27Z,egw-ditto-things-1,148.17,605757440,75.22,egw-qemu-integrated
2026-10-02T15:35:27Z,egw-ditto-policies-1,8.39,557977600,69.29,egw-qemu-integrated
2026-10-02T15:35:27Z,egw-mongodb-1,6.06,245075968,45.65,egw-qemu-integrated
2026-10-02T15:35:27Z,egw-ditto-gateway-1,37.05,510799872,63.43,egw-qemu-integrated
2026-10-02T15:35:27Z,egw-controller-1,27.27,59039744,21.99,egw-qemu-integrated
2026-10-02T15:35:28Z,egw-mosquitto-1,2.00,5660672,4.22,egw-qemu-integrated
2026-10-02T15:35:28Z,egw-ditto-things-1,53.63,605761536,75.22,egw-qemu-integrated
2026-10-02T15:35:28Z,egw-ditto-policies-1,9.96,557973504,69.29,egw-qemu-integrated
2026-10-02T15:35:28Z,egw-mongodb-1,9.56,245342208,45.70,egw-qemu-integrated
2026-10-02T15:35:28Z,egw-ditto-gateway-1,53.98,510791680,63.43,egw-qemu-integrated
2026-10-02T15:35:28Z,egw-controller-1,35.03,58777600,21.90,egw-qemu-integrated
2026-10-02T15:35:29Z,egw-mosquitto-1,2.38,5660672,4.22,egw-qemu-integrated
2026-10-02T15:35:29Z,egw-ditto-things-1,49.51,606015488,75.25,egw-qemu-integrated
2026-10-02T15:35:29Z,egw-ditto-policies-1,35.53,557973504,69.29,egw-qemu-integrated
2026-10-02T15:35:29Z,egw-mongodb-1,8.94,245075968,45.65,egw-qemu-integrated
2026-10-02T15:35:29Z,egw-ditto-gateway-1,48.97,510791680,63.43,egw-qemu-integrated
2026-10-02T15:35:29Z,egw-controller-1,32.97,58773504,21.89,egw-qemu-integrated
2026-10-02T15:35:30Z,egw-mosquitto-1,2.53,5660672,4.22,egw-qemu-integrated
2026-10-02T15:35:30Z,egw-ditto-things-1,38.87,605757440,75.22,egw-qemu-integrated
2026-10-02T15:35:30Z,egw-ditto-policies-1,83.97,557973504,69.29,egw-qemu-integrated
2026-10-02T15:35:30Z,egw-mongodb-1,73.21,248344576,46.26,egw-qemu-integrated
2026-10-02T15:35:30Z,egw-ditto-gateway-1,36.35,511049728,63.46,egw-qemu-integrated
2026-10-02T15:35:30Z,egw-controller-1,34.48,58785792,21.90,egw-qemu-integrated
2026-10-02T15:35:31Z,egw-mosquitto-1,3.32,5664768,4.22,egw-qemu-integrated
2026-10-02T15:35:31Z,egw-ditto-things-1,46.57,605757440,75.22,egw-qemu-integrated
2026-10-02T15:35:31Z,egw-ditto-policies-1,64.32,558010368,69.29,egw-qemu-integrated
2026-10-02T15:35:31Z,egw-mongodb-1,91.78,380362752,70.85,egw-qemu-integrated
2026-10-02T15:35:31Z,egw-ditto-gateway-1,41.03,510791680,63.43,egw-qemu-integrated
2026-10-02T15:35:31Z,egw-controller-1,24.83,58781696,21.90,egw-qemu-integrated
2026-10-02T15:35:32Z,egw-mosquitto-1,2.10,5926912,4.42,egw-qemu-integrated
2026-10-02T15:35:32Z,egw-ditto-things-1,51.16,605761536,75.22,egw-qemu-integrated
2026-10-02T15:35:32Z,egw-ditto-policies-1,21.14,558010368,69.29,egw-qemu-integrated
2026-10-02T15:35:32Z,egw-mongodb-1,92.75,393609216,73.32,egw-qemu-integrated
2026-10-02T15:35:32Z,egw-ditto-gateway-1,46.22,511053824,63.46,egw-qemu-integrated
2026-10-02T15:35:32Z,egw-controller-1,73.42,61100032,22.76,egw-qemu-integrated
2026-10-02T15:35:33Z,egw-mosquitto-1,3.02,5677056,4.23,egw-qemu-integrated
2026-10-02T15:35:33Z,egw-ditto-things-1,44.97,605720576,75.22,egw-qemu-integrated
2026-10-02T15:35:33Z,egw-ditto-policies-1,10.63,558010368,69.29,egw-qemu-integrated
2026-10-02T15:35:33Z,egw-mongodb-1,127.68,396546048,73.86,egw-qemu-integrated
2026-10-02T15:35:33Z,egw-ditto-gateway-1,44.69,510799872,63.43,egw-qemu-integrated
2026-10-02T15:35:33Z,egw-controller-1,106.09,68554752,25.54,egw-qemu-integrated
2026-10-02T15:35:34Z,egw-mosquitto-1,3.11,5685248,4.24,egw-qemu-integrated
2026-10-02T15:35:34Z,egw-ditto-things-1,43.42,605761536,75.22,egw-qemu-integrated
2026-10-02T15:35:34Z,egw-ditto-policies-1,20.83,558039040,69.30,egw-qemu-integrated
2026-10-02T15:35:34Z,egw-mongodb-1,86.03,397922304,74.12,egw-qemu-integrated
2026-10-02T15:35:34Z,egw-ditto-gateway-1,37.82,510791680,63.43,egw-qemu-integrated
2026-10-02T15:35:34Z,egw-controller-1,114.34,69656576,25.95,egw-qemu-integrated
2026-10-02T15:35:35Z,egw-mosquitto-1,2.43,5685248,4.24,egw-qemu-integrated
2026-10-02T15:35:35Z,egw-ditto-things-1,42.36,606023680,75.25,egw-qemu-integrated
2026-10-02T15:35:35Z,egw-ditto-policies-1,10.38,558030848,69.29,egw-qemu-integrated
2026-10-02T15:35:35Z,egw-mongodb-1,114.74,402464768,74.96,egw-qemu-integrated
2026-10-02T15:35:35Z,egw-ditto-gateway-1,36.22,510795776,63.43,egw-qemu-integrated
2026-10-02T15:35:35Z,egw-controller-1,111.65,71102464,26.49,egw-qemu-integrated
2026-10-02T15:35:36Z,egw-mosquitto-1,2.36,5685248,4.24,egw-qemu-integrated
2026-10-02T15:35:36Z,egw-ditto-things-1,39.07,605724672,75.22,egw-qemu-integrated
2026-10-02T15:35:36Z,egw-ditto-policies-1,9.09,558030848,69.29,egw-qemu-integrated
2026-10-02T15:35:36Z,egw-mongodb-1,114.18,406765568,75.77,egw-qemu-integrated
2026-10-02T15:35:36Z,egw-ditto-gateway-1,40.13,510791680,63.43,egw-qemu-integrated
2026-10-02T15:35:36Z,egw-controller-1,95.14,59064320,22.00,egw-qemu-integrated
2026-10-02T15:35:37Z,egw-mosquitto-1,2.33,5689344,4.24,egw-qemu-integrated
2026-10-02T15:35:37Z,egw-ditto-things-1,56.65,606281728,75.29,egw-qemu-integrated
2026-10-02T15:35:37Z,egw-ditto-policies-1,8.99,558034944,69.29,egw-qemu-integrated
2026-10-02T15:35:37Z,egw-mongodb-1,40.82,244170752,45.48,egw-qemu-integrated
2026-10-02T15:35:37Z,egw-ditto-gateway-1,46.11,510791680,63.43,egw-qemu-integrated
2026-10-02T15:35:37Z,egw-controller-1,30.48,59072512,22.01,egw-qemu-integrated
2026-10-02T15:35:38Z,egw-mosquitto-1,3.57,5693440,4.24,egw-qemu-integrated
2026-10-02T15:35:38Z,egw-ditto-things-1,38.30,605761536,75.22,egw-qemu-integrated
2026-10-02T15:35:38Z,egw-ditto-policies-1,16.19,558034944,69.29,egw-qemu-integrated
2026-10-02T15:35:38Z,egw-mongodb-1,9.70,244432896,45.53,egw-qemu-integrated
2026-10-02T15:35:38Z,egw-ditto-gateway-1,55.00,510791680,63.43,egw-qemu-integrated
2026-10-02T15:35:38Z,egw-controller-1,41.36,58810368,21.91,egw-qemu-integrated
2026-10-02T15:35:39Z,egw-mosquitto-1,64.99,5705728,4.25,egw-qemu-integrated
2026-10-02T15:35:39Z,egw-ditto-things-1,69.86,605720576,75.22,egw-qemu-integrated
2026-10-02T15:35:39Z,egw-ditto-policies-1,92.46,558055424,69.30,egw-qemu-integrated
2026-10-02T15:35:39Z,egw-mongodb-1,22.25,244170752,45.48,egw-qemu-integrated
2026-10-02T15:35:39Z,egw-ditto-gateway-1,61.67,510697472,63.42,egw-qemu-integrated
2026-10-02T15:35:39Z,egw-controller-1,7.23,58814464,21.91,egw-qemu-integrated
2026-10-02T15:35:40Z,egw-mosquitto-1,2.10,5713920,4.26,egw-qemu-integrated
2026-10-02T15:35:40Z,egw-ditto-things-1,82.87,605773824,75.22,egw-qemu-integrated
2026-10-02T15:35:40Z,egw-ditto-policies-1,65.40,558067712,69.30,egw-qemu-integrated
2026-10-02T15:35:40Z,egw-mongodb-1,11.26,244174848,45.48,egw-qemu-integrated
2026-10-02T15:35:40Z,egw-ditto-gateway-1,50.30,510791680,63.43,egw-qemu-integrated
2026-10-02T15:35:40Z,egw-controller-1,17.78,58814464,21.91,egw-qemu-integrated
2026-10-02T15:35:41Z,egw-mosquitto-1,1.95,5718016,4.26,egw-qemu-integrated
2026-10-02T15:35:41Z,egw-ditto-things-1,50.00,605765632,75.22,egw-qemu-integrated
2026-10-02T15:35:41Z,egw-ditto-policies-1,7.73,558067712,69.30,egw-qemu-integrated
2026-10-02T15:35:41Z,egw-mongodb-1,7.94,244170752,45.48,egw-qemu-integrated
2026-10-02T15:35:41Z,egw-ditto-gateway-1,45.40,511053824,63.46,egw-qemu-integrated
2026-10-02T15:35:41Z,egw-controller-1,32.86,58818560,21.91,egw-qemu-integrated
2026-10-02T15:35:42Z,egw-mosquitto-1,2.13,5713920,4.26,egw-qemu-integrated
2026-10-02T15:35:42Z,egw-ditto-things-1,49.31,605765632,75.22,egw-qemu-integrated
2026-10-02T15:35:42Z,egw-ditto-policies-1,78.28,558100480,69.30,egw-qemu-integrated
2026-10-02T15:35:42Z,egw-mongodb-1,8.08,244174848,45.48,egw-qemu-integrated
2026-10-02T15:35:42Z,egw-ditto-gateway-1,49.68,510795776,63.43,egw-qemu-integrated
2026-10-02T15:35:42Z,egw-controller-1,26.38,58830848,21.92,egw-qemu-integrated
2026-10-02T15:35:43Z,egw-mosquitto-1,2.16,5713920,4.26,egw-qemu-integrated
2026-10-02T15:35:43Z,egw-ditto-things-1,64.43,606023680,75.25,egw-qemu-integrated
2026-10-02T15:35:43Z,egw-ditto-policies-1,7.35,558075904,69.30,egw-qemu-integrated
2026-10-02T15:35:43Z,egw-mongodb-1,9.85,244436992,45.53,egw-qemu-integrated
2026-10-02T15:35:43Z,egw-ditto-gateway-1,43.88,510791680,63.43,egw-qemu-integrated
2026-10-02T15:35:43Z,egw-controller-1,32.75,58826752,21.91,egw-qemu-integrated
2026-10-02T15:35:44Z,egw-mosquitto-1,2.38,5718016,4.26,egw-qemu-integrated
2026-10-02T15:35:44Z,egw-ditto-things-1,61.84,605765632,75.22,egw-qemu-integrated
2026-10-02T15:35:44Z,egw-ditto-policies-1,11.81,558075904,69.30,egw-qemu-integrated
2026-10-02T15:35:44Z,egw-mongodb-1,8.35,244174848,45.48,egw-qemu-integrated
2026-10-02T15:35:44Z,egw-ditto-gateway-1,46.45,511057920,63.46,egw-qemu-integrated
2026-10-02T15:35:44Z,egw-controller-1,33.83,59101184,22.02,egw-qemu-integrated
2026-10-02T15:35:45Z,egw-mosquitto-1,2.28,5718016,4.26,egw-qemu-integrated
2026-10-02T15:35:45Z,egw-ditto-things-1,52.49,605986816,75.25,egw-qemu-integrated
2026-10-02T15:35:45Z,egw-ditto-policies-1,27.49,558084096,69.30,egw-qemu-integrated
2026-10-02T15:35:45Z,egw-mongodb-1,9.13,244178944,45.48,egw-qemu-integrated
2026-10-02T15:35:45Z,egw-ditto-gateway-1,72.42,511053824,63.46,egw-qemu-integrated
2026-10-02T15:35:45Z,egw-controller-1,31.15,58834944,21.92,egw-qemu-integrated
2026-10-02T15:35:46Z,egw-mosquitto-1,2.74,5718016,4.26,egw-qemu-integrated
2026-10-02T15:35:46Z,egw-ditto-things-1,51.09,605732864,75.22,egw-qemu-integrated
2026-10-02T15:35:46Z,egw-ditto-policies-1,8.51,558080000,69.30,egw-qemu-integrated
2026-10-02T15:35:46Z,egw-mongodb-1,7.96,244174848,45.48,egw-qemu-integrated
2026-10-02T15:35:46Z,egw-ditto-gateway-1,47.74,511311872,63.49,egw-qemu-integrated
2026-10-02T15:35:46Z,egw-controller-1,34.68,58843136,21.92,egw-qemu-integrated
2026-10-02T15:35:47Z,egw-mosquitto-1,2.70,5718016,4.26,egw-qemu-integrated
2026-10-02T15:35:47Z,egw-ditto-things-1,56.19,605724672,75.22,egw-qemu-integrated
2026-10-02T15:35:47Z,egw-ditto-policies-1,19.16,558084096,69.30,egw-qemu-integrated
2026-10-02T15:35:47Z,egw-mongodb-1,8.76,244178944,45.48,egw-qemu-integrated
2026-10-02T15:35:47Z,egw-ditto-gateway-1,61.98,511315968,63.49,egw-qemu-integrated
2026-10-02T15:35:47Z,egw-controller-1,31.94,58834944,21.92,egw-qemu-integrated
2026-10-02T15:35:48Z,egw-mosquitto-1,2.46,5718016,4.26,egw-qemu-integrated
2026-10-02T15:35:48Z,egw-ditto-things-1,48.60,605724672,75.22,egw-qemu-integrated
2026-10-02T15:35:48Z,egw-ditto-policies-1,10.36,558084096,69.30,egw-qemu-integrated
2026-10-02T15:35:48Z,egw-mongodb-1,8.32,244174848,45.48,egw-qemu-integrated
2026-10-02T15:35:48Z,egw-ditto-gateway-1,86.71,511324160,63.49,egw-qemu-integrated
2026-10-02T15:35:48Z,egw-controller-1,34.96,58834944,21.92,egw-qemu-integrated
2026-10-02T15:35:49Z,egw-mosquitto-1,3.00,5718016,4.26,egw-qemu-integrated
2026-10-02T15:35:49Z,egw-ditto-things-1,60.92,606851072,75.36,egw-qemu-integrated
2026-10-02T15:35:49Z,egw-ditto-policies-1,10.09,558084096,69.30,egw-qemu-integrated
2026-10-02T15:35:49Z,egw-mongodb-1,10.33,244174848,45.48,egw-qemu-integrated
2026-10-02T15:35:49Z,egw-ditto-gateway-1,54.28,510803968,63.43,egw-qemu-integrated
2026-10-02T15:35:49Z,egw-controller-1,30.86,58839040,21.92,egw-qemu-integrated
2026-10-02T15:35:50Z,egw-mosquitto-1,2.72,5718016,4.26,egw-qemu-integrated
2026-10-02T15:35:50Z,egw-ditto-things-1,135.48,605736960,75.22,egw-qemu-integrated
2026-10-02T15:35:50Z,egw-ditto-policies-1,19.95,558084096,69.30,egw-qemu-integrated
2026-10-02T15:35:50Z,egw-mongodb-1,9.89,244477952,45.54,egw-qemu-integrated
2026-10-02T15:35:50Z,egw-ditto-gateway-1,59.29,510812160,63.43,egw-qemu-integrated
2026-10-02T15:35:50Z,egw-controller-1,27.51,58839040,21.92,egw-qemu-integrated
2026-10-02T15:35:51Z,egw-mosquitto-1,2.20,5726208,4.27,egw-qemu-integrated
2026-10-02T15:35:51Z,egw-ditto-things-1,62.98,605728768,75.22,egw-qemu-integrated
2026-10-02T15:35:51Z,egw-ditto-policies-1,9.76,558084096,69.30,egw-qemu-integrated
2026-10-02T15:35:51Z,egw-mongodb-1,8.21,244215808,45.49,egw-qemu-integrated
2026-10-02T15:35:51Z,egw-ditto-gateway-1,49.46,511328256,63.49,egw-qemu-integrated
2026-10-02T15:35:51Z,egw-controller-1,34.23,58839040,21.92,egw-qemu-integrated
2026-10-02T15:35:52Z,egw-mosquitto-1,2.44,5726208,4.27,egw-qemu-integrated
2026-10-02T15:35:52Z,egw-ditto-things-1,52.40,605765632,75.22,egw-qemu-integrated
2026-10-02T15:35:52Z,egw-ditto-policies-1,10.40,558084096,69.30,egw-qemu-integrated
2026-10-02T15:35:52Z,egw-mongodb-1,12.48,244477952,45.54,egw-qemu-integrated
2026-10-02T15:35:52Z,egw-ditto-gateway-1,65.48,510816256,63.43,egw-qemu-integrated
2026-10-02T15:35:52Z,egw-controller-1,30.47,58839040,21.92,egw-qemu-integrated
2026-10-02T15:35:53Z,egw-mosquitto-1,2.71,5722112,4.26,egw-qemu-integrated
2026-10-02T15:35:53Z,egw-ditto-things-1,58.04,605773824,75.22,egw-qemu-integrated
2026-10-02T15:35:53Z,egw-ditto-policies-1,9.39,558084096,69.30,egw-qemu-integrated
2026-10-02T15:35:53Z,egw-mongodb-1,12.01,244224000,45.49,egw-qemu-integrated
2026-10-02T15:35:53Z,egw-ditto-gateway-1,97.57,513032192,63.71,egw-qemu-integrated
2026-10-02T15:35:53Z,egw-controller-1,30.89,58847232,21.92,egw-qemu-integrated
2026-10-02T15:35:54Z,egw-mosquitto-1,2.24,5734400,4.27,egw-qemu-integrated
2026-10-02T15:35:54Z,egw-ditto-things-1,55.46,605765632,75.22,egw-qemu-integrated
2026-10-02T15:35:54Z,egw-ditto-policies-1,14.37,558088192,69.30,egw-qemu-integrated
2026-10-02T15:35:54Z,egw-mongodb-1,7.50,244224000,45.49,egw-qemu-integrated
2026-10-02T15:35:54Z,egw-ditto-gateway-1,64.93,510820352,63.43,egw-qemu-integrated
2026-10-02T15:35:54Z,egw-controller-1,32.87,58843136,21.92,egw-qemu-integrated
2026-10-02T15:35:55Z,egw-mosquitto-1,2.20,5734400,4.27,egw-qemu-integrated
2026-10-02T15:35:55Z,egw-ditto-things-1,66.32,606027776,75.25,egw-qemu-integrated
2026-10-02T15:35:55Z,egw-ditto-policies-1,8.28,558084096,69.30,egw-qemu-integrated
2026-10-02T15:35:55Z,egw-mongodb-1,7.80,244224000,45.49,egw-qemu-integrated
2026-10-02T15:35:55Z,egw-ditto-gateway-1,55.41,510820352,63.43,egw-qemu-integrated
2026-10-02T15:35:55Z,egw-controller-1,33.27,58851328,21.92,egw-qemu-integrated
2026-10-02T15:35:56Z,egw-mosquitto-1,2.45,5734400,4.27,egw-qemu-integrated
2026-10-02T15:35:56Z,egw-ditto-things-1,127.58,606035968,75.26,egw-qemu-integrated
2026-10-02T15:35:56Z,egw-ditto-policies-1,9.30,558084096,69.30,egw-qemu-integrated
2026-10-02T15:35:56Z,egw-mongodb-1,8.25,244224000,45.49,egw-qemu-integrated
2026-10-02T15:35:56Z,egw-ditto-gateway-1,78.58,510836736,63.43,egw-qemu-integrated
2026-10-02T15:35:56Z,egw-controller-1,30.23,59109376,22.02,egw-qemu-integrated
2026-10-02T15:35:57Z,egw-mosquitto-1,2.08,5734400,4.27,egw-qemu-integrated
2026-10-02T15:35:57Z,egw-ditto-things-1,54.58,605798400,75.23,egw-qemu-integrated
2026-10-02T15:35:57Z,egw-ditto-policies-1,12.96,558088192,69.30,egw-qemu-integrated
2026-10-02T15:35:57Z,egw-mongodb-1,7.33,244224000,45.49,egw-qemu-integrated
2026-10-02T15:35:57Z,egw-ditto-gateway-1,61.45,511090688,63.47,egw-qemu-integrated
2026-10-02T15:35:57Z,egw-controller-1,33.55,59109376,22.02,egw-qemu-integrated
2026-10-02T15:35:58Z,egw-mosquitto-1,1.99,5734400,4.27,egw-qemu-integrated
2026-10-02T15:35:58Z,egw-ditto-things-1,113.70,605802496,75.23,egw-qemu-integrated
2026-10-02T15:35:58Z,egw-ditto-policies-1,10.32,558084096,69.30,egw-qemu-integrated
2026-10-02T15:35:58Z,egw-mongodb-1,7.81,244224000,45.49,egw-qemu-integrated
2026-10-02T15:35:58Z,egw-ditto-gateway-1,51.02,511090688,63.47,egw-qemu-integrated
2026-10-02T15:35:58Z,egw-controller-1,27.28,59113472,22.02,egw-qemu-integrated
2026-10-02T15:35:59Z,egw-mosquitto-1,2.34,5742592,4.28,egw-qemu-integrated
2026-10-02T15:35:59Z,egw-ditto-things-1,54.58,605798400,75.23,egw-qemu-integrated
2026-10-02T15:35:59Z,egw-ditto-policies-1,10.05,558084096,69.30,egw-qemu-integrated
2026-10-02T15:35:59Z,egw-mongodb-1,8.83,244224000,45.49,egw-qemu-integrated
2026-10-02T15:35:59Z,egw-ditto-gateway-1,48.72,511094784,63.47,egw-qemu-integrated
2026-10-02T15:35:59Z,egw-controller-1,36.72,58851328,21.92,egw-qemu-integrated
2026-10-02T15:36:00Z,egw-mosquitto-1,2.45,5738496,4.28,egw-qemu-integrated
2026-10-02T15:36:00Z,egw-ditto-things-1,63.64,605798400,75.23,egw-qemu-integrated
2026-10-02T15:36:00Z,egw-ditto-policies-1,18.04,558084096,69.30,egw-qemu-integrated
2026-10-02T15:36:00Z,egw-mongodb-1,10.82,244232192,45.49,egw-qemu-integrated
2026-10-02T15:36:00Z,egw-ditto-gateway-1,55.89,510836736,63.43,egw-qemu-integrated
2026-10-02T15:36:00Z,egw-controller-1,32.47,59113472,22.02,egw-qemu-integrated
2026-10-02T15:36:01Z,egw-mosquitto-1,2.39,5742592,4.28,egw-qemu-integrated
2026-10-02T15:36:01Z,egw-ditto-things-1,48.90,605798400,75.23,egw-qemu-integrated
2026-10-02T15:36:01Z,egw-ditto-policies-1,9.00,558084096,69.30,egw-qemu-integrated
2026-10-02T15:36:01Z,egw-mongodb-1,8.40,244228096,45.49,egw-qemu-integrated
2026-10-02T15:36:01Z,egw-ditto-gateway-1,108.21,511094784,63.47,egw-qemu-integrated
2026-10-02T15:36:01Z,egw-controller-1,33.95,59109376,22.02,egw-qemu-integrated
2026-10-02T15:36:02Z,egw-mosquitto-1,2.26,6000640,4.47,egw-qemu-integrated
2026-10-02T15:36:02Z,egw-ditto-things-1,51.60,605798400,75.23,egw-qemu-integrated
2026-10-02T15:36:02Z,egw-ditto-policies-1,12.01,558084096,69.30,egw-qemu-integrated
2026-10-02T15:36:02Z,egw-mongodb-1,21.19,244465664,45.54,egw-qemu-integrated
2026-10-02T15:36:02Z,egw-ditto-gateway-1,54.72,510853120,63.44,egw-qemu-integrated
2026-10-02T15:36:02Z,egw-controller-1,33.96,58855424,21.93,egw-qemu-integrated
2026-10-02T15:36:03Z,egw-mosquitto-1,2.32,6004736,4.47,egw-qemu-integrated
2026-10-02T15:36:03Z,egw-ditto-things-1,57.60,605802496,75.23,egw-qemu-integrated
2026-10-02T15:36:03Z,egw-ditto-policies-1,10.68,558084096,69.30,egw-qemu-integrated
2026-10-02T15:36:03Z,egw-mongodb-1,11.47,244244480,45.49,egw-qemu-integrated
2026-10-02T15:36:03Z,egw-ditto-gateway-1,54.31,511115264,63.47,egw-qemu-integrated
2026-10-02T15:36:03Z,egw-controller-1,33.75,58855424,21.93,egw-qemu-integrated
2026-10-02T15:36:04Z,egw-mosquitto-1,2.31,5742592,4.28,egw-qemu-integrated
2026-10-02T15:36:04Z,egw-ditto-things-1,47.12,605798400,75.23,egw-qemu-integrated
2026-10-02T15:36:04Z,egw-ditto-policies-1,9.88,558084096,69.30,egw-qemu-integrated
2026-10-02T15:36:04Z,egw-mongodb-1,7.54,244310016,45.51,egw-qemu-integrated
2026-10-02T15:36:04Z,egw-ditto-gateway-1,63.35,510853120,63.44,egw-qemu-integrated
2026-10-02T15:36:04Z,egw-controller-1,28.13,58851328,21.92,egw-qemu-integrated
2026-10-02T15:36:05Z,egw-mosquitto-1,2.24,5746688,4.28,egw-qemu-integrated
2026-10-02T15:36:05Z,egw-ditto-things-1,45.83,605798400,75.23,egw-qemu-integrated
2026-10-02T15:36:05Z,egw-ditto-policies-1,19.76,558088192,69.30,egw-qemu-integrated
2026-10-02T15:36:05Z,egw-mongodb-1,8.70,244310016,45.51,egw-qemu-integrated
2026-10-02T15:36:05Z,egw-ditto-gateway-1,38.19,510857216,63.44,egw-qemu-integrated
2026-10-02T15:36:05Z,egw-controller-1,83.49,62193664,23.17,egw-qemu-integrated
2026-10-02T15:36:06Z,egw-mosquitto-1,2.39,5750784,4.28,egw-qemu-integrated
2026-10-02T15:36:06Z,egw-ditto-things-1,39.89,605798400,75.23,egw-qemu-integrated
2026-10-02T15:36:06Z,egw-ditto-policies-1,10.45,558088192,69.30,egw-qemu-integrated
2026-10-02T15:36:06Z,egw-mongodb-1,56.84,247578624,46.12,egw-qemu-integrated
2026-10-02T15:36:06Z,egw-ditto-gateway-1,39.46,510853120,63.44,egw-qemu-integrated
2026-10-02T15:36:06Z,egw-controller-1,111.58,69074944,25.73,egw-qemu-integrated
2026-10-02T15:36:07Z,egw-mosquitto-1,2.76,5754880,4.29,egw-qemu-integrated
2026-10-02T15:36:07Z,egw-ditto-things-1,43.17,606056448,75.26,egw-qemu-integrated
2026-10-02T15:36:07Z,egw-ditto-policies-1,11.22,558088192,69.30,egw-qemu-integrated
2026-10-02T15:36:07Z,egw-mongodb-1,98.16,389947392,72.63,egw-qemu-integrated
2026-10-02T15:36:07Z,egw-ditto-gateway-1,39.09,510853120,63.44,egw-qemu-integrated
2026-10-02T15:36:07Z,egw-controller-1,123.00,70815744,26.38,egw-qemu-integrated
2026-10-02T15:36:08Z,egw-mosquitto-1,3.83,6397952,4.77,egw-qemu-integrated
2026-10-02T15:36:08Z,egw-ditto-things-1,59.70,605757440,75.22,egw-qemu-integrated
2026-10-02T15:36:08Z,egw-ditto-policies-1,33.29,558092288,69.30,egw-qemu-integrated
2026-10-02T15:36:08Z,egw-mongodb-1,96.30,396963840,73.94,egw-qemu-integrated
2026-10-02T15:36:08Z,egw-ditto-gateway-1,55.41,510754816,63.42,egw-qemu-integrated
2026-10-02T15:36:08Z,egw-controller-1,62.55,58875904,21.93,egw-qemu-integrated
2026-10-02T15:36:09Z,egw-mosquitto-1,69.28,5791744,4.32,egw-qemu-integrated
2026-10-02T15:36:09Z,egw-ditto-things-1,47.52,605757440,75.22,egw-qemu-integrated
2026-10-02T15:36:09Z,egw-ditto-policies-1,9.78,558092288,69.30,egw-qemu-integrated
2026-10-02T15:36:09Z,egw-mongodb-1,116.98,401424384,74.77,egw-qemu-integrated
2026-10-02T15:36:09Z,egw-ditto-gateway-1,37.86,510861312,63.44,egw-qemu-integrated
2026-10-02T15:36:09Z,egw-controller-1,17.02,58875904,21.93,egw-qemu-integrated
2026-10-02T15:36:10Z,egw-mosquitto-1,2.21,5791744,4.32,egw-qemu-integrated
2026-10-02T15:36:10Z,egw-ditto-things-1,58.79,605798400,75.23,egw-qemu-integrated
2026-10-02T15:36:10Z,egw-ditto-policies-1,22.04,558100480,69.30,egw-qemu-integrated
2026-10-02T15:36:10Z,egw-mongodb-1,101.31,404406272,75.33,egw-qemu-integrated
2026-10-02T15:36:10Z,egw-ditto-gateway-1,61.97,510853120,63.44,egw-qemu-integrated
2026-10-02T15:36:10Z,egw-controller-1,29.60,58892288,21.94,egw-qemu-integrated
2026-10-02T15:36:11Z,egw-mosquitto-1,2.25,5791744,4.32,egw-qemu-integrated
2026-10-02T15:36:11Z,egw-ditto-things-1,76.09,605798400,75.23,egw-qemu-integrated
2026-10-02T15:36:11Z,egw-ditto-policies-1,31.66,560611328,69.61,egw-qemu-integrated
2026-10-02T15:36:11Z,egw-mongodb-1,113.06,410443776,76.45,egw-qemu-integrated
2026-10-02T15:36:11Z,egw-ditto-gateway-1,38.94,510857216,63.44,egw-qemu-integrated
2026-10-02T15:36:11Z,egw-controller-1,24.61,58888192,21.94,egw-qemu-integrated
2026-10-02T15:36:12Z,egw-mosquitto-1,2.74,5799936,4.32,egw-qemu-integrated
2026-10-02T15:36:12Z,egw-ditto-things-1,66.85,606089216,75.26,egw-qemu-integrated
2026-10-02T15:36:12Z,egw-ditto-policies-1,70.11,558096384,69.30,egw-qemu-integrated
2026-10-02T15:36:12Z,egw-mongodb-1,52.21,243851264,45.42,egw-qemu-integrated
2026-10-02T15:36:12Z,egw-ditto-gateway-1,34.76,510861312,63.44,egw-qemu-integrated
2026-10-02T15:36:12Z,egw-controller-1,25.08,59158528,22.04,egw-qemu-integrated
2026-10-02T15:36:13Z,egw-mosquitto-1,2.37,5795840,4.32,egw-qemu-integrated
2026-10-02T15:36:13Z,egw-ditto-things-1,56.35,605818880,75.23,egw-qemu-integrated
2026-10-02T15:36:13Z,egw-ditto-policies-1,10.31,558100480,69.30,egw-qemu-integrated
2026-10-02T15:36:13Z,egw-mongodb-1,12.11,243851264,45.42,egw-qemu-integrated
2026-10-02T15:36:13Z,egw-ditto-gateway-1,51.67,510861312,63.44,egw-qemu-integrated
2026-10-02T15:36:13Z,egw-controller-1,34.53,59150336,22.04,egw-qemu-integrated
2026-10-02T15:36:14Z,egw-mosquitto-1,2.65,5799936,4.32,egw-qemu-integrated
2026-10-02T15:36:14Z,egw-ditto-things-1,52.11,605818880,75.23,egw-qemu-integrated
2026-10-02T15:36:14Z,egw-ditto-policies-1,7.63,558096384,69.30,egw-qemu-integrated
2026-10-02T15:36:14Z,egw-mongodb-1,13.55,243941376,45.44,egw-qemu-integrated
2026-10-02T15:36:14Z,egw-ditto-gateway-1,45.27,511115264,63.47,egw-qemu-integrated
2026-10-02T15:36:14Z,egw-controller-1,35.29,59154432,22.04,egw-qemu-integrated
2026-10-02T15:36:15Z,egw-mosquitto-1,2.20,5799936,4.32,egw-qemu-integrated
2026-10-02T15:36:15Z,egw-ditto-things-1,54.20,605818880,75.23,egw-qemu-integrated
2026-10-02T15:36:15Z,egw-ditto-policies-1,10.08,558096384,69.30,egw-qemu-integrated
2026-10-02T15:36:15Z,egw-mongodb-1,8.03,243945472,45.44,egw-qemu-integrated
2026-10-02T15:36:15Z,egw-ditto-gateway-1,54.96,510861312,63.44,egw-qemu-integrated
2026-10-02T15:36:15Z,egw-controller-1,34.11,59420672,22.14,egw-qemu-integrated
2026-10-02T15:36:16Z,egw-mosquitto-1,2.62,5799936,4.32,egw-qemu-integrated
2026-10-02T15:36:16Z,egw-ditto-things-1,51.84,605818880,75.23,egw-qemu-integrated
2026-10-02T15:36:16Z,egw-ditto-policies-1,11.24,558096384,69.30,egw-qemu-integrated
2026-10-02T15:36:16Z,egw-mongodb-1,7.79,243945472,45.44,egw-qemu-integrated
2026-10-02T15:36:16Z,egw-ditto-gateway-1,50.91,510861312,63.44,egw-qemu-integrated
2026-10-02T15:36:16Z,egw-controller-1,34.39,59166720,22.04,egw-qemu-integrated
2026-10-02T15:36:17Z,egw-mosquitto-1,2.24,5795840,4.32,egw-qemu-integrated
2026-10-02T15:36:17Z,egw-ditto-things-1,52.32,605818880,75.23,egw-qemu-integrated
2026-10-02T15:36:17Z,egw-ditto-policies-1,9.03,558096384,69.30,egw-qemu-integrated
2026-10-02T15:36:17Z,egw-mongodb-1,8.72,243945472,45.44,egw-qemu-integrated
2026-10-02T15:36:17Z,egw-ditto-gateway-1,47.83,511123456,63.47,egw-qemu-integrated
2026-10-02T15:36:17Z,egw-controller-1,31.50,58896384,21.94,egw-qemu-integrated
2026-10-02T15:36:18Z,egw-mosquitto-1,2.15,5795840,4.32,egw-qemu-integrated
2026-10-02T15:36:18Z,egw-ditto-things-1,52.14,606085120,75.26,egw-qemu-integrated
2026-10-02T15:36:18Z,egw-ditto-policies-1,46.25,558096384,69.30,egw-qemu-integrated
2026-10-02T15:36:18Z,egw-mongodb-1,8.31,243957760,45.44,egw-qemu-integrated
2026-10-02T15:36:18Z,egw-ditto-gateway-1,84.89,510857216,63.44,egw-qemu-integrated
2026-10-02T15:36:18Z,egw-controller-1,28.00,58900480,21.94,egw-qemu-integrated
2026-10-02T15:36:19Z,egw-mosquitto-1,2.50,5808128,4.33,egw-qemu-integrated
2026-10-02T15:36:19Z,egw-ditto-things-1,80.76,606429184,75.30,egw-qemu-integrated
2026-10-02T15:36:19Z,egw-ditto-policies-1,86.98,558125056,69.31,egw-qemu-integrated
2026-10-02T15:36:19Z,egw-mongodb-1,7.39,243945472,45.44,egw-qemu-integrated
2026-10-02T15:36:19Z,egw-ditto-gateway-1,99.87,503369728,62.51,egw-qemu-integrated
2026-10-02T15:36:19Z,egw-controller-1,20.95,58904576,21.94,egw-qemu-integrated
2026-10-02T15:36:20Z,egw-mosquitto-1,2.79,5812224,4.33,egw-qemu-integrated
2026-10-02T15:36:20Z,egw-ditto-things-1,84.25,605827072,75.23,egw-qemu-integrated
2026-10-02T15:36:20Z,egw-ditto-policies-1,28.38,558133248,69.31,egw-qemu-integrated
2026-10-02T15:36:20Z,egw-mongodb-1,10.55,243953664,45.44,egw-qemu-integrated
2026-10-02T15:36:20Z,egw-ditto-gateway-1,44.84,503373824,62.51,egw-qemu-integrated
2026-10-02T15:36:20Z,egw-controller-1,28.77,59170816,22.04,egw-qemu-integrated
2026-10-02T15:36:21Z,egw-mosquitto-1,5.78,5816320,4.33,egw-qemu-integrated
2026-10-02T15:36:21Z,egw-ditto-things-1,50.37,606085120,75.26,egw-qemu-integrated
2026-10-02T15:36:21Z,egw-ditto-policies-1,8.82,558133248,69.31,egw-qemu-integrated
2026-10-02T15:36:21Z,egw-mongodb-1,7.55,243949568,45.44,egw-qemu-integrated
2026-10-02T15:36:21Z,egw-ditto-gateway-1,55.78,503369728,62.51,egw-qemu-integrated
2026-10-02T15:36:21Z,egw-controller-1,34.33,59170816,22.04,egw-qemu-integrated
2026-10-02T15:36:22Z,egw-mosquitto-1,2.68,5812224,4.33,egw-qemu-integrated
2026-10-02T15:36:22Z,egw-ditto-things-1,51.65,605827072,75.23,egw-qemu-integrated
2026-10-02T15:36:22Z,egw-ditto-policies-1,12.06,558133248,69.31,egw-qemu-integrated
2026-10-02T15:36:22Z,egw-mongodb-1,9.14,243949568,45.44,egw-qemu-integrated
2026-10-02T15:36:22Z,egw-ditto-gateway-1,87.18,503771136,62.56,egw-qemu-integrated
2026-10-02T15:36:22Z,egw-controller-1,29.28,59174912,22.04,egw-qemu-integrated
2026-10-02T15:36:23Z,egw-mosquitto-1,3.86,5816320,4.33,egw-qemu-integrated
2026-10-02T15:36:23Z,egw-ditto-things-1,69.12,605843456,75.23,egw-qemu-integrated
2026-10-02T15:36:23Z,egw-ditto-policies-1,10.15,558133248,69.31,egw-qemu-integrated
2026-10-02T15:36:23Z,egw-mongodb-1,6.89,243949568,45.44,egw-qemu-integrated
2026-10-02T15:36:23Z,egw-ditto-gateway-1,86.71,503373824,62.51,egw-qemu-integrated
2026-10-02T15:36:23Z,egw-controller-1,24.43,59437056,22.14,egw-qemu-integrated
2026-10-02T15:36:24Z,egw-mosquitto-1,2.42,5816320,4.33,egw-qemu-integrated
2026-10-02T15:36:24Z,egw-ditto-things-1,68.03,605843456,75.23,egw-qemu-integrated
2026-10-02T15:36:24Z,egw-ditto-policies-1,7.22,558133248,69.31,egw-qemu-integrated
2026-10-02T15:36:24Z,egw-mongodb-1,8.05,243949568,45.44,egw-qemu-integrated
2026-10-02T15:36:24Z,egw-ditto-gateway-1,55.88,503373824,62.51,egw-qemu-integrated
2026-10-02T15:36:24Z,egw-controller-1,34.00,58920960,21.95,egw-qemu-integrated
2026-10-02T15:36:25Z,egw-mosquitto-1,3.15,6070272,4.52,egw-qemu-integrated
2026-10-02T15:36:25Z,egw-ditto-things-1,50.90,605843456,75.23,egw-qemu-integrated
2026-10-02T15:36:25Z,egw-ditto-policies-1,11.30,558133248,69.31,egw-qemu-integrated
2026-10-02T15:36:25Z,egw-mongodb-1,8.06,243949568,45.44,egw-qemu-integrated
2026-10-02T15:36:25Z,egw-ditto-gateway-1,53.23,503369728,62.51,egw-qemu-integrated
2026-10-02T15:36:25Z,egw-controller-1,32.74,59195392,22.05,egw-qemu-integrated
2026-10-02T15:36:26Z,egw-mosquitto-1,2.82,5820416,4.34,egw-qemu-integrated
2026-10-02T15:36:26Z,egw-ditto-things-1,50.42,605843456,75.23,egw-qemu-integrated
2026-10-02T15:36:26Z,egw-ditto-policies-1,8.28,558133248,69.31,egw-qemu-integrated
2026-10-02T15:36:26Z,egw-mongodb-1,7.91,244207616,45.49,egw-qemu-integrated
2026-10-02T15:36:26Z,egw-ditto-gateway-1,49.26,503369728,62.51,egw-qemu-integrated
2026-10-02T15:36:26Z,egw-controller-1,35.08,58920960,21.95,egw-qemu-integrated
2026-10-02T15:36:27Z,egw-mosquitto-1,2.67,5820416,4.34,egw-qemu-integrated
2026-10-02T15:36:27Z,egw-ditto-things-1,68.56,605855744,75.23,egw-qemu-integrated
2026-10-02T15:36:27Z,egw-ditto-policies-1,8.67,558133248,69.31,egw-qemu-integrated
2026-10-02T15:36:27Z,egw-mongodb-1,7.76,243949568,45.44,egw-qemu-integrated
2026-10-02T15:36:27Z,egw-ditto-gateway-1,47.02,503631872,62.54,egw-qemu-integrated
2026-10-02T15:36:27Z,egw-controller-1,31.98,59183104,22.05,egw-qemu-integrated
2026-10-02T15:36:28Z,egw-mosquitto-1,2.47,5828608,4.34,egw-qemu-integrated
2026-10-02T15:36:28Z,egw-ditto-things-1,60.93,605859840,75.23,egw-qemu-integrated
2026-10-02T15:36:28Z,egw-ditto-policies-1,25.57,558133248,69.31,egw-qemu-integrated
2026-10-02T15:36:28Z,egw-mongodb-1,8.42,243949568,45.44,egw-qemu-integrated
2026-10-02T15:36:28Z,egw-ditto-gateway-1,72.36,503377920,62.51,egw-qemu-integrated
2026-10-02T15:36:28Z,egw-controller-1,31.37,59183104,22.05,egw-qemu-integrated
2026-10-02T15:36:29Z,egw-mosquitto-1,2.94,5824512,4.34,egw-qemu-integrated
2026-10-02T15:36:29Z,egw-ditto-things-1,88.03,606109696,75.26,egw-qemu-integrated
2026-10-02T15:36:29Z,egw-ditto-policies-1,9.10,558133248,69.31,egw-qemu-integrated
2026-10-02T15:36:29Z,egw-mongodb-1,8.54,243949568,45.44,egw-qemu-integrated
2026-10-02T15:36:29Z,egw-ditto-gateway-1,52.48,503382016,62.51,egw-qemu-integrated
2026-10-02T15:36:29Z,egw-controller-1,33.54,58920960,21.95,egw-qemu-integrated
2026-10-02T15:36:30Z,egw-mosquitto-1,2.72,5828608,4.34,egw-qemu-integrated
2026-10-02T15:36:30Z,egw-ditto-things-1,91.78,605880320,75.24,egw-qemu-integrated
2026-10-02T15:36:30Z,egw-ditto-policies-1,10.87,558137344,69.31,egw-qemu-integrated
2026-10-02T15:36:30Z,egw-mongodb-1,10.84,243953664,45.44,egw-qemu-integrated
2026-10-02T15:36:30Z,egw-ditto-gateway-1,47.53,503640064,62.54,egw-qemu-integrated
2026-10-02T15:36:30Z,egw-controller-1,34.13,58925056,21.95,egw-qemu-integrated
2026-10-02T15:36:31Z,egw-mosquitto-1,2.79,5824512,4.34,egw-qemu-integrated
2026-10-02T15:36:31Z,egw-ditto-things-1,57.07,606138368,75.27,egw-qemu-integrated
2026-10-02T15:36:31Z,egw-ditto-policies-1,11.01,558137344,69.31,egw-qemu-integrated
2026-10-02T15:36:31Z,egw-mongodb-1,8.26,243957760,45.44,egw-qemu-integrated
2026-10-02T15:36:31Z,egw-ditto-gateway-1,50.49,503377920,62.51,egw-qemu-integrated
2026-10-02T15:36:31Z,egw-controller-1,33.40,58925056,21.95,egw-qemu-integrated
2026-10-02T15:36:32Z,egw-mosquitto-1,1.96,5828608,4.34,egw-qemu-integrated
2026-10-02T15:36:32Z,egw-ditto-things-1,60.76,606138368,75.27,egw-qemu-integrated
2026-10-02T15:36:32Z,egw-ditto-policies-1,8.95,558137344,69.31,egw-qemu-integrated
2026-10-02T15:36:32Z,egw-mongodb-1,9.31,243957760,45.44,egw-qemu-integrated
2026-10-02T15:36:32Z,egw-ditto-gateway-1,49.08,503640064,62.54,egw-qemu-integrated
2026-10-02T15:36:32Z,egw-controller-1,33.67,59191296,22.05,egw-qemu-integrated
2026-10-02T15:36:33Z,egw-mosquitto-1,2.17,5828608,4.34,egw-qemu-integrated
2026-10-02T15:36:33Z,egw-ditto-things-1,65.13,605880320,75.24,egw-qemu-integrated
2026-10-02T15:36:33Z,egw-ditto-policies-1,11.20,558137344,69.31,egw-qemu-integrated
2026-10-02T15:36:33Z,egw-mongodb-1,7.35,243953664,45.44,egw-qemu-integrated
2026-10-02T15:36:33Z,egw-ditto-gateway-1,44.54,503640064,62.54,egw-qemu-integrated
2026-10-02T15:36:33Z,egw-controller-1,32.82,59195392,22.05,egw-qemu-integrated
2026-10-02T15:36:34Z,egw-mosquitto-1,2.21,5828608,4.34,egw-qemu-integrated
2026-10-02T15:36:34Z,egw-ditto-things-1,61.00,605876224,75.24,egw-qemu-integrated
2026-10-02T15:36:34Z,egw-ditto-policies-1,9.76,558137344,69.31,egw-qemu-integrated
2026-10-02T15:36:34Z,egw-mongodb-1,8.75,243953664,45.44,egw-qemu-integrated
2026-10-02T15:36:34Z,egw-ditto-gateway-1,50.95,503644160,62.54,egw-qemu-integrated
2026-10-02T15:36:34Z,egw-controller-1,35.99,58941440,21.96,egw-qemu-integrated
2026-10-02T15:36:35Z,egw-mosquitto-1,2.44,5832704,4.35,egw-qemu-integrated
2026-10-02T15:36:35Z,egw-ditto-things-1,58.25,605876224,75.24,egw-qemu-integrated
2026-10-02T15:36:35Z,egw-ditto-policies-1,9.33,558141440,69.31,egw-qemu-integrated
2026-10-02T15:36:35Z,egw-mongodb-1,8.56,243953664,45.44,egw-qemu-integrated
2026-10-02T15:36:35Z,egw-ditto-gateway-1,45.98,503377920,62.51,egw-qemu-integrated
2026-10-02T15:36:35Z,egw-controller-1,35.17,59195392,22.05,egw-qemu-integrated
2026-10-02T15:36:36Z,egw-mosquitto-1,2.69,5832704,4.35,egw-qemu-integrated
2026-10-02T15:36:36Z,egw-ditto-things-1,59.79,606134272,75.27,egw-qemu-integrated
2026-10-02T15:36:36Z,egw-ditto-policies-1,10.52,558137344,69.31,egw-qemu-integrated
2026-10-02T15:36:36Z,egw-mongodb-1,8.21,243953664,45.44,egw-qemu-integrated
2026-10-02T15:36:36Z,egw-ditto-gateway-1,46.49,503386112,62.51,egw-qemu-integrated
2026-10-02T15:36:36Z,egw-controller-1,33.66,59187200,22.05,egw-qemu-integrated
2026-10-02T15:36:37Z,egw-mosquitto-1,2.09,5832704,4.35,egw-qemu-integrated
2026-10-02T15:36:37Z,egw-ditto-things-1,53.99,605880320,75.24,egw-qemu-integrated
2026-10-02T15:36:37Z,egw-ditto-policies-1,23.07,558149632,69.31,egw-qemu-integrated
2026-10-02T15:36:37Z,egw-mongodb-1,7.05,243957760,45.44,egw-qemu-integrated
2026-10-02T15:36:37Z,egw-ditto-gateway-1,54.96,503382016,62.51,egw-qemu-integrated
2026-10-02T15:36:37Z,egw-controller-1,31.81,59191296,22.05,egw-qemu-integrated
2026-10-02T15:36:38Z,egw-mosquitto-1,8.64,6926336,5.16,egw-qemu-integrated
2026-10-02T15:36:38Z,egw-ditto-things-1,55.18,605839360,75.23,egw-qemu-integrated
2026-10-02T15:36:38Z,egw-ditto-policies-1,23.32,558157824,69.31,egw-qemu-integrated
2026-10-02T15:36:38Z,egw-mongodb-1,8.79,243953664,45.44,egw-qemu-integrated
2026-10-02T15:36:38Z,egw-ditto-gateway-1,47.20,503382016,62.51,egw-qemu-integrated
2026-10-02T15:36:38Z,egw-controller-1,80.47,68952064,25.69,egw-qemu-integrated
2026-10-02T15:36:39Z,egw-mosquitto-1,61.20,8044544,5.99,egw-qemu-integrated
2026-10-02T15:36:39Z,egw-ditto-things-1,84.91,606060544,75.26,egw-qemu-integrated
2026-10-02T15:36:39Z,egw-ditto-policies-1,41.72,558157824,69.31,egw-qemu-integrated
2026-10-02T15:36:39Z,egw-mongodb-1,23.86,244121600,45.47,egw-qemu-integrated
2026-10-02T15:36:39Z,egw-ditto-gateway-1,42.96,503377920,62.51,egw-qemu-integrated
2026-10-02T15:36:39Z,egw-controller-1,69.69,69152768,25.76,egw-qemu-integrated
2026-10-02T15:36:40Z,egw-mosquitto-1,19.50,5865472,4.37,egw-qemu-integrated
2026-10-02T15:36:40Z,egw-ditto-things-1,54.61,605802496,75.23,egw-qemu-integrated
2026-10-02T15:36:40Z,egw-ditto-policies-1,14.27,558157824,69.31,egw-qemu-integrated
2026-10-02T15:36:40Z,egw-mongodb-1,10.05,244121600,45.47,egw-qemu-integrated
2026-10-02T15:36:40Z,egw-ditto-gateway-1,47.78,503361536,62.51,egw-qemu-integrated
2026-10-02T15:36:40Z,egw-controller-1,95.34,70094848,26.11,egw-qemu-integrated
2026-10-02T15:36:41Z,egw-mosquitto-1,1.89,5869568,4.37,egw-qemu-integrated
2026-10-02T15:36:41Z,egw-ditto-things-1,29.29,605839360,75.23,egw-qemu-integrated
2026-10-02T15:36:41Z,egw-ditto-policies-1,38.19,560324608,69.58,egw-qemu-integrated
2026-10-02T15:36:41Z,egw-mongodb-1,30.02,246718464,45.95,egw-qemu-integrated
2026-10-02T15:36:41Z,egw-ditto-gateway-1,71.27,503382016,62.51,egw-qemu-integrated
2026-10-02T15:36:41Z,egw-controller-1,92.37,72396800,26.97,egw-qemu-integrated
2026-10-02T15:36:42Z,egw-mosquitto-1,2.43,5869568,4.37,egw-qemu-integrated
2026-10-02T15:36:42Z,egw-ditto-things-1,37.06,605880320,75.24,egw-qemu-integrated
2026-10-02T15:36:42Z,egw-ditto-policies-1,73.53,558161920,69.31,egw-qemu-integrated
2026-10-02T15:36:42Z,egw-mongodb-1,67.31,311238656,57.97,egw-qemu-integrated
2026-10-02T15:36:42Z,egw-ditto-gateway-1,36.98,503644160,62.54,egw-qemu-integrated
2026-10-02T15:36:42Z,egw-controller-1,84.04,59228160,22.06,egw-qemu-integrated
2026-10-02T15:36:43Z,egw-mosquitto-1,3.27,5877760,4.38,egw-qemu-integrated
2026-10-02T15:36:43Z,egw-ditto-things-1,53.53,605880320,75.24,egw-qemu-integrated
2026-10-02T15:36:43Z,egw-ditto-policies-1,14.10,558161920,69.31,egw-qemu-integrated
2026-10-02T15:36:43Z,egw-mongodb-1,104.11,391565312,72.93,egw-qemu-integrated
2026-10-02T15:36:43Z,egw-ditto-gateway-1,46.42,503390208,62.51,egw-qemu-integrated
2026-10-02T15:36:43Z,egw-controller-1,29.73,58970112,21.97,egw-qemu-integrated
2026-10-02T15:36:44Z,egw-mosquitto-1,2.30,5881856,4.38,egw-qemu-integrated
2026-10-02T15:36:44Z,egw-ditto-things-1,50.38,605884416,75.24,egw-qemu-integrated
2026-10-02T15:36:44Z,egw-ditto-policies-1,9.59,558161920,69.31,egw-qemu-integrated
2026-10-02T15:36:44Z,egw-mongodb-1,139.86,395829248,73.73,egw-qemu-integrated
2026-10-02T15:36:44Z,egw-ditto-gateway-1,45.05,503648256,62.54,egw-qemu-integrated
2026-10-02T15:36:44Z,egw-controller-1,29.53,58966016,21.97,egw-qemu-integrated
2026-10-02T15:36:45Z,egw-mosquitto-1,2.57,5885952,4.39,egw-qemu-integrated
2026-10-02T15:36:45Z,egw-ditto-things-1,47.81,605884416,75.24,egw-qemu-integrated
2026-10-02T15:36:45Z,egw-ditto-policies-1,13.97,558166016,69.31,egw-qemu-integrated
2026-10-02T15:36:45Z,egw-mongodb-1,95.24,396824576,73.91,egw-qemu-integrated
2026-10-02T15:36:45Z,egw-ditto-gateway-1,48.70,503390208,62.51,egw-qemu-integrated
2026-10-02T15:36:45Z,egw-controller-1,31.79,58970112,21.97,egw-qemu-integrated
2026-10-02T15:36:46Z,egw-mosquitto-1,2.45,6148096,4.58,egw-qemu-integrated
2026-10-02T15:36:46Z,egw-ditto-things-1,54.53,605839360,75.23,egw-qemu-integrated
2026-10-02T15:36:46Z,egw-ditto-policies-1,19.05,558174208,69.31,egw-qemu-integrated
2026-10-02T15:36:46Z,egw-mongodb-1,117.64,402112512,74.90,egw-qemu-integrated
2026-10-02T15:36:46Z,egw-ditto-gateway-1,61.04,503394304,62.51,egw-qemu-integrated
2026-10-02T15:36:46Z,egw-controller-1,30.68,58974208,21.97,egw-qemu-integrated
2026-10-02T15:36:47Z,egw-mosquitto-1,2.21,5894144,4.39,egw-qemu-integrated
2026-10-02T15:36:47Z,egw-ditto-things-1,48.02,605888512,75.24,egw-qemu-integrated
2026-10-02T15:36:47Z,egw-ditto-policies-1,15.05,558166016,69.31,egw-qemu-integrated
2026-10-02T15:36:47Z,egw-mongodb-1,124.24,408014848,76.00,egw-qemu-integrated
2026-10-02T15:36:47Z,egw-ditto-gateway-1,42.64,503390208,62.51,egw-qemu-integrated
2026-10-02T15:36:47Z,egw-controller-1,25.72,58982400,21.97,egw-qemu-integrated
2026-10-02T15:36:48Z,egw-mosquitto-1,2.09,5890048,4.39,egw-qemu-integrated
2026-10-02T15:36:48Z,egw-ditto-things-1,44.22,605880320,75.24,egw-qemu-integrated
2026-10-02T15:36:48Z,egw-ditto-policies-1,9.62,558166016,69.31,egw-qemu-integrated
2026-10-02T15:36:48Z,egw-mongodb-1,72.65,244125696,45.47,egw-qemu-integrated
2026-10-02T15:36:48Z,egw-ditto-gateway-1,42.82,503390208,62.51,egw-qemu-integrated
2026-10-02T15:36:48Z,egw-controller-1,31.15,58982400,21.97,egw-qemu-integrated
2026-10-02T15:36:49Z,egw-mosquitto-1,2.09,6156288,4.59,egw-qemu-integrated
2026-10-02T15:36:49Z,egw-ditto-things-1,108.22,605880320,75.24,egw-qemu-integrated
2026-10-02T15:36:49Z,egw-ditto-policies-1,12.40,558166016,69.31,egw-qemu-integrated
2026-10-02T15:36:49Z,egw-mongodb-1,9.94,244129792,45.47,egw-qemu-integrated
2026-10-02T15:36:49Z,egw-ditto-gateway-1,42.72,503390208,62.51,egw-qemu-integrated
2026-10-02T15:36:49Z,egw-controller-1,30.39,59248640,22.07,egw-qemu-integrated
2026-10-02T15:36:50Z,egw-mosquitto-1,2.24,6152192,4.58,egw-qemu-integrated
2026-10-02T15:36:50Z,egw-ditto-things-1,61.42,605880320,75.24,egw-qemu-integrated
2026-10-02T15:36:50Z,egw-ditto-policies-1,11.01,558166016,69.31,egw-qemu-integrated
2026-10-02T15:36:50Z,egw-mongodb-1,14.21,244129792,45.47,egw-qemu-integrated
2026-10-02T15:36:50Z,egw-ditto-gateway-1,51.54,503394304,62.51,egw-qemu-integrated
2026-10-02T15:36:50Z,egw-controller-1,32.14,59002880,21.98,egw-qemu-integrated
2026-10-02T15:36:51Z,egw-mosquitto-1,2.27,5898240,4.39,egw-qemu-integrated
2026-10-02T15:36:51Z,egw-ditto-things-1,54.87,606142464,75.27,egw-qemu-integrated
2026-10-02T15:36:51Z,egw-ditto-policies-1,10.18,558166016,69.31,egw-qemu-integrated
2026-10-02T15:36:51Z,egw-mongodb-1,8.23,244137984,45.47,egw-qemu-integrated
2026-10-02T15:36:51Z,egw-ditto-gateway-1,48.62,503394304,62.51,egw-qemu-integrated
2026-10-02T15:36:51Z,egw-controller-1,31.82,58990592,21.98,egw-qemu-integrated
2026-10-02T15:36:52Z,egw-mosquitto-1,2.54,5898240,4.39,egw-qemu-integrated
2026-10-02T15:36:52Z,egw-ditto-things-1,46.72,605843456,75.23,egw-qemu-integrated
2026-10-02T15:36:52Z,egw-ditto-policies-1,10.52,558166016,69.31,egw-qemu-integrated
2026-10-02T15:36:52Z,egw-mongodb-1,9.74,244133888,45.47,egw-qemu-integrated
2026-10-02T15:36:52Z,egw-ditto-gateway-1,109.80,503402496,62.51,egw-qemu-integrated
2026-10-02T15:36:52Z,egw-controller-1,29.39,58990592,21.98,egw-qemu-integrated
2026-10-02T15:36:53Z,egw-mosquitto-1,2.72,6164480,4.59,egw-qemu-integrated
2026-10-02T15:36:53Z,egw-ditto-things-1,56.82,605843456,75.23,egw-qemu-integrated
2026-10-02T15:36:53Z,egw-ditto-policies-1,9.96,558166016,69.31,egw-qemu-integrated
2026-10-02T15:36:53Z,egw-mongodb-1,7.98,244142080,45.48,egw-qemu-integrated
2026-10-02T15:36:53Z,egw-ditto-gateway-1,67.84,503398400,62.51,egw-qemu-integrated
2026-10-02T15:36:53Z,egw-controller-1,31.55,58990592,21.98,egw-qemu-integrated
2026-10-02T15:36:54Z,egw-mosquitto-1,1.98,5898240,4.39,egw-qemu-integrated
2026-10-02T15:36:54Z,egw-ditto-things-1,53.29,605839360,75.23,egw-qemu-integrated
2026-10-02T15:36:54Z,egw-ditto-policies-1,9.66,558166016,69.31,egw-qemu-integrated
2026-10-02T15:36:54Z,egw-mongodb-1,9.06,244129792,45.47,egw-qemu-integrated
2026-10-02T15:36:54Z,egw-ditto-gateway-1,63.82,503414784,62.51,egw-qemu-integrated
2026-10-02T15:36:54Z,egw-controller-1,34.15,58994688,21.98,egw-qemu-integrated
2026-10-02T15:36:55Z,egw-mosquitto-1,2.66,5902336,4.40,egw-qemu-integrated
2026-10-02T15:36:55Z,egw-ditto-things-1,58.75,605843456,75.23,egw-qemu-integrated
2026-10-02T15:36:55Z,egw-ditto-policies-1,9.28,558166016,69.31,egw-qemu-integrated
2026-10-02T15:36:55Z,egw-mongodb-1,7.61,244129792,45.47,egw-qemu-integrated
2026-10-02T15:36:55Z,egw-ditto-gateway-1,47.12,503406592,62.51,egw-qemu-integrated
2026-10-02T15:36:55Z,egw-controller-1,34.42,58998784,21.98,egw-qemu-integrated
2026-10-02T15:36:56Z,egw-mosquitto-1,2.65,6164480,4.59,egw-qemu-integrated
2026-10-02T15:36:56Z,egw-ditto-things-1,62.80,605839360,75.23,egw-qemu-integrated
2026-10-02T15:36:56Z,egw-ditto-policies-1,23.88,558170112,69.31,egw-qemu-integrated
2026-10-02T15:36:56Z,egw-mongodb-1,7.83,244129792,45.47,egw-qemu-integrated
2026-10-02T15:36:56Z,egw-ditto-gateway-1,58.23,503410688,62.51,egw-qemu-integrated
2026-10-02T15:36:56Z,egw-controller-1,31.61,58990592,21.98,egw-qemu-integrated
2026-10-02T15:36:57Z,egw-mosquitto-1,2.43,6160384,4.59,egw-qemu-integrated
2026-10-02T15:36:57Z,egw-ditto-things-1,54.51,605843456,75.23,egw-qemu-integrated
2026-10-02T15:36:57Z,egw-ditto-policies-1,14.84,558166016,69.31,egw-qemu-integrated
2026-10-02T15:36:57Z,egw-mongodb-1,7.86,244129792,45.47,egw-qemu-integrated
2026-10-02T15:36:57Z,egw-ditto-gateway-1,58.38,503422976,62.51,egw-qemu-integrated
2026-10-02T15:36:57Z,egw-controller-1,32.87,59260928,22.08,egw-qemu-integrated
2026-10-02T15:36:58Z,egw-mosquitto-1,2.19,5902336,4.40,egw-qemu-integrated
2026-10-02T15:36:58Z,egw-ditto-things-1,51.23,606097408,75.26,egw-qemu-integrated
2026-10-02T15:36:58Z,egw-ditto-policies-1,13.99,558198784,69.32,egw-qemu-integrated
2026-10-02T15:36:58Z,egw-mongodb-1,7.87,244391936,45.52,egw-qemu-integrated
2026-10-02T15:36:58Z,egw-ditto-gateway-1,47.97,503418880,62.51,egw-qemu-integrated
2026-10-02T15:36:58Z,egw-controller-1,34.41,58998784,21.98,egw-qemu-integrated
2026-10-02T15:36:59Z,egw-mosquitto-1,2.15,5906432,4.40,egw-qemu-integrated
2026-10-02T15:36:59Z,egw-ditto-things-1,58.63,605892608,75.24,egw-qemu-integrated
2026-10-02T15:36:59Z,egw-ditto-policies-1,14.04,558198784,69.32,egw-qemu-integrated
2026-10-02T15:36:59Z,egw-mongodb-1,23.87,244137984,45.47,egw-qemu-integrated
2026-10-02T15:36:59Z,egw-ditto-gateway-1,65.84,503427072,62.51,egw-qemu-integrated
2026-10-02T15:36:59Z,egw-controller-1,28.35,59256832,22.07,egw-qemu-integrated
2026-10-02T15:37:00Z,egw-mosquitto-1,2.59,6426624,4.79,egw-qemu-integrated
2026-10-02T15:37:00Z,egw-ditto-things-1,51.61,605884416,75.24,egw-qemu-integrated
2026-10-02T15:37:00Z,egw-ditto-policies-1,40.48,558206976,69.32,egw-qemu-integrated
2026-10-02T15:37:00Z,egw-mongodb-1,12.08,244400128,45.52,egw-qemu-integrated
2026-10-02T15:37:00Z,egw-ditto-gateway-1,50.11,503418880,62.51,egw-qemu-integrated
2026-10-02T15:37:00Z,egw-controller-1,34.65,58998784,21.98,egw-qemu-integrated
2026-10-02T15:37:01Z,egw-mosquitto-1,1.94,6168576,4.60,egw-qemu-integrated
2026-10-02T15:37:01Z,egw-ditto-things-1,52.04,606150656,75.27,egw-qemu-integrated
2026-10-02T15:37:01Z,egw-ditto-policies-1,8.61,558206976,69.32,egw-qemu-integrated
2026-10-02T15:37:01Z,egw-mongodb-1,8.85,244142080,45.48,egw-qemu-integrated
2026-10-02T15:37:01Z,egw-ditto-gateway-1,45.53,503422976,62.51,egw-qemu-integrated
2026-10-02T15:37:01Z,egw-controller-1,34.63,59265024,22.08,egw-qemu-integrated
2026-10-02T15:37:02Z,egw-mosquitto-1,2.39,5906432,4.40,egw-qemu-integrated
2026-10-02T15:37:02Z,egw-ditto-things-1,110.24,605913088,75.24,egw-qemu-integrated
2026-10-02T15:37:02Z,egw-ditto-policies-1,10.08,558211072,69.32,egw-qemu-integrated
2026-10-02T15:37:02Z,egw-mongodb-1,22.10,244146176,45.48,egw-qemu-integrated
2026-10-02T15:37:02Z,egw-ditto-gateway-1,59.43,503427072,62.51,egw-qemu-integrated
2026-10-02T15:37:02Z,egw-controller-1,29.81,59002880,21.98,egw-qemu-integrated
2026-10-02T15:37:03Z,egw-mosquitto-1,2.42,6168576,4.60,egw-qemu-integrated
2026-10-02T15:37:03Z,egw-ditto-things-1,130.92,605925376,75.24,egw-qemu-integrated
2026-10-02T15:37:03Z,egw-ditto-policies-1,8.94,558206976,69.32,egw-qemu-integrated
2026-10-02T15:37:03Z,egw-mongodb-1,23.89,244412416,45.53,egw-qemu-integrated
2026-10-02T15:37:03Z,egw-ditto-gateway-1,45.03,503427072,62.51,egw-qemu-integrated
2026-10-02T15:37:03Z,egw-controller-1,31.79,59006976,21.98,egw-qemu-integrated
2026-10-02T15:37:04Z,egw-mosquitto-1,2.03,6172672,4.60,egw-qemu-integrated
2026-10-02T15:37:04Z,egw-ditto-things-1,88.45,605929472,75.24,egw-qemu-integrated
2026-10-02T15:37:04Z,egw-ditto-policies-1,8.82,558206976,69.32,egw-qemu-integrated
2026-10-02T15:37:04Z,egw-mongodb-1,7.34,244146176,45.48,egw-qemu-integrated
2026-10-02T15:37:04Z,egw-ditto-gateway-1,39.02,503427072,62.51,egw-qemu-integrated
2026-10-02T15:37:04Z,egw-controller-1,28.01,59011072,21.98,egw-qemu-integrated
2026-10-02T15:37:05Z,egw-mosquitto-1,2.32,5910528,4.40,egw-qemu-integrated
2026-10-02T15:37:05Z,egw-ditto-things-1,148.70,605933568,75.24,egw-qemu-integrated
2026-10-02T15:37:05Z,egw-ditto-policies-1,16.16,558206976,69.32,egw-qemu-integrated
2026-10-02T15:37:05Z,egw-mongodb-1,6.94,244146176,45.48,egw-qemu-integrated
2026-10-02T15:37:05Z,egw-ditto-gateway-1,39.86,503435264,62.51,egw-qemu-integrated
2026-10-02T15:37:05Z,egw-controller-1,29.04,59269120,22.08,egw-qemu-integrated
2026-10-02T15:37:06Z,egw-mosquitto-1,2.24,5910528,4.40,egw-qemu-integrated
2026-10-02T15:37:06Z,egw-ditto-things-1,69.24,605929472,75.24,egw-qemu-integrated
2026-10-02T15:37:06Z,egw-ditto-policies-1,18.86,558206976,69.32,egw-qemu-integrated
2026-10-02T15:37:06Z,egw-mongodb-1,7.54,244146176,45.48,egw-qemu-integrated
2026-10-02T15:37:06Z,egw-ditto-gateway-1,52.06,503435264,62.51,egw-qemu-integrated
2026-10-02T15:37:06Z,egw-controller-1,31.87,59531264,22.18,egw-qemu-integrated
2026-10-02T15:37:07Z,egw-mosquitto-1,1.99,6164480,4.59,egw-qemu-integrated
2026-10-02T15:37:07Z,egw-ditto-things-1,60.74,605929472,75.24,egw-qemu-integrated
2026-10-02T15:37:07Z,egw-ditto-policies-1,8.57,558211072,69.32,egw-qemu-integrated
2026-10-02T15:37:07Z,egw-mongodb-1,7.36,244408320,45.52,egw-qemu-integrated
2026-10-02T15:37:07Z,egw-ditto-gateway-1,48.72,503427072,62.51,egw-qemu-integrated
2026-10-02T15:37:07Z,egw-controller-1,35.27,59011072,21.98,egw-qemu-integrated
2026-10-02T15:37:08Z,egw-mosquitto-1,2.27,6164480,4.59,egw-qemu-integrated
2026-10-02T15:37:08Z,egw-ditto-things-1,53.16,605929472,75.24,egw-qemu-integrated
2026-10-02T15:37:08Z,egw-ditto-policies-1,12.18,558211072,69.32,egw-qemu-integrated
2026-10-02T15:37:08Z,egw-mongodb-1,8.48,244408320,45.52,egw-qemu-integrated
2026-10-02T15:37:08Z,egw-ditto-gateway-1,52.47,503435264,62.51,egw-qemu-integrated
2026-10-02T15:37:08Z,egw-controller-1,35.70,59006976,21.98,egw-qemu-integrated
2026-10-02T15:37:09Z,egw-mosquitto-1,19.47,7565312,5.64,egw-qemu-integrated
2026-10-02T15:37:09Z,egw-ditto-things-1,72.08,605827072,75.23,egw-qemu-integrated
2026-10-02T15:37:09Z,egw-ditto-policies-1,33.99,558219264,69.32,egw-qemu-integrated
2026-10-02T15:37:09Z,egw-mongodb-1,10.51,244146176,45.48,egw-qemu-integrated
2026-10-02T15:37:09Z,egw-ditto-gateway-1,79.93,503459840,62.52,egw-qemu-integrated
2026-10-02T15:37:09Z,egw-controller-1,24.72,59011072,21.98,egw-qemu-integrated
2026-10-02T15:37:10Z,egw-mosquitto-1,26.78,6197248,4.62,egw-qemu-integrated
2026-10-02T15:37:10Z,egw-ditto-things-1,95.50,605908992,75.24,egw-qemu-integrated
2026-10-02T15:37:10Z,egw-ditto-policies-1,23.56,558215168,69.32,egw-qemu-integrated
2026-10-02T15:37:10Z,egw-mongodb-1,12.70,244150272,45.48,egw-qemu-integrated
2026-10-02T15:37:10Z,egw-ditto-gateway-1,65.18,503353344,62.50,egw-qemu-integrated
2026-10-02T15:37:10Z,egw-controller-1,5.66,59015168,21.98,egw-qemu-integrated
2026-10-02T15:37:11Z,egw-mosquitto-1,2.90,5939200,4.43,egw-qemu-integrated
2026-10-02T15:37:11Z,egw-ditto-things-1,38.33,605904896,75.24,egw-qemu-integrated
2026-10-02T15:37:11Z,egw-ditto-policies-1,26.85,560369664,69.58,egw-qemu-integrated
2026-10-02T15:37:11Z,egw-mongodb-1,7.76,244146176,45.48,egw-qemu-integrated
2026-10-02T15:37:11Z,egw-ditto-gateway-1,44.85,503455744,62.52,egw-qemu-integrated
2026-10-02T15:37:11Z,egw-controller-1,50.55,62140416,23.15,egw-qemu-integrated
2026-10-02T15:37:12Z,egw-mosquitto-1,2.26,5943296,4.43,egw-qemu-integrated
2026-10-02T15:37:12Z,egw-ditto-things-1,46.91,605945856,75.24,egw-qemu-integrated
2026-10-02T15:37:12Z,egw-ditto-policies-1,89.71,558247936,69.32,egw-qemu-integrated
2026-10-02T15:37:12Z,egw-mongodb-1,7.00,244146176,45.48,egw-qemu-integrated
2026-10-02T15:37:12Z,egw-ditto-gateway-1,44.81,503451648,62.52,egw-qemu-integrated
2026-10-02T15:37:12Z,egw-controller-1,99.62,68734976,25.61,egw-qemu-integrated
2026-10-02T15:37:13Z,egw-mosquitto-1,2.41,5947392,4.43,egw-qemu-integrated
2026-10-02T15:37:13Z,egw-ditto-things-1,57.46,605945856,75.24,egw-qemu-integrated
2026-10-02T15:37:13Z,egw-ditto-policies-1,10.96,558247936,69.32,egw-qemu-integrated
2026-10-02T15:37:13Z,egw-mongodb-1,7.49,244146176,45.48,egw-qemu-integrated
2026-10-02T15:37:13Z,egw-ditto-gateway-1,43.47,503455744,62.52,egw-qemu-integrated
2026-10-02T15:37:13Z,egw-controller-1,125.88,70144000,26.13,egw-qemu-integrated
2026-10-02T15:37:14Z,egw-mosquitto-1,1.95,5951488,4.43,egw-qemu-integrated
2026-10-02T15:37:14Z,egw-ditto-things-1,62.25,605954048,75.25,egw-qemu-integrated
2026-10-02T15:37:14Z,egw-ditto-policies-1,8.41,558247936,69.32,egw-qemu-integrated
2026-10-02T15:37:14Z,egw-mongodb-1,7.44,244146176,45.48,egw-qemu-integrated
2026-10-02T15:37:14Z,egw-ditto-gateway-1,43.48,503455744,62.52,egw-qemu-integrated
2026-10-02T15:37:14Z,egw-controller-1,130.20,72777728,27.11,egw-qemu-integrated
2026-10-02T15:37:15Z,egw-mosquitto-1,2.18,5951488,4.43,egw-qemu-integrated
2026-10-02T15:37:15Z,egw-ditto-things-1,61.93,605970432,75.25,egw-qemu-integrated
2026-10-02T15:37:15Z,egw-ditto-policies-1,22.05,558247936,69.32,egw-qemu-integrated
2026-10-02T15:37:15Z,egw-mongodb-1,7.56,244150272,45.48,egw-qemu-integrated
2026-10-02T15:37:15Z,egw-ditto-gateway-1,78.03,503717888,62.55,egw-qemu-integrated
2026-10-02T15:37:15Z,egw-controller-1,69.98,59039744,21.99,egw-qemu-integrated
2026-10-02T15:37:16Z,egw-mosquitto-1,2.37,5951488,4.43,egw-qemu-integrated
2026-10-02T15:37:16Z,egw-ditto-things-1,66.34,605954048,75.25,egw-qemu-integrated
2026-10-02T15:37:16Z,egw-ditto-policies-1,10.46,558247936,69.32,egw-qemu-integrated
2026-10-02T15:37:16Z,egw-mongodb-1,7.34,244146176,45.48,egw-qemu-integrated
2026-10-02T15:37:16Z,egw-ditto-gateway-1,50.12,503459840,62.52,egw-qemu-integrated
2026-10-02T15:37:16Z,egw-controller-1,32.72,59297792,22.09,egw-qemu-integrated
2026-10-02T15:37:17Z,egw-mosquitto-1,2.45,5951488,4.43,egw-qemu-integrated
2026-10-02T15:37:17Z,egw-ditto-things-1,49.24,605954048,75.25,egw-qemu-integrated
2026-10-02T15:37:17Z,egw-ditto-policies-1,10.36,558247936,69.32,egw-qemu-integrated
2026-10-02T15:37:17Z,egw-mongodb-1,79.49,311873536,58.09,egw-qemu-integrated
2026-10-02T15:37:17Z,egw-ditto-gateway-1,47.59,503463936,62.52,egw-qemu-integrated
2026-10-02T15:37:17Z,egw-controller-1,28.67,59035648,21.99,egw-qemu-integrated
2026-10-02T15:37:18Z,egw-mosquitto-1,4.36,6242304,4.65,egw-qemu-integrated
2026-10-02T15:37:18Z,egw-ditto-things-1,92.18,607887360,75.49,egw-qemu-integrated
2026-10-02T15:37:18Z,egw-ditto-policies-1,12.51,558247936,69.32,egw-qemu-integrated
2026-10-02T15:37:18Z,egw-mongodb-1,90.22,393093120,73.22,egw-qemu-integrated
2026-10-02T15:37:18Z,egw-ditto-gateway-1,33.75,503463936,62.52,egw-qemu-integrated
2026-10-02T15:37:18Z,egw-controller-1,32.19,59035648,21.99,egw-qemu-integrated
2026-10-02T15:37:19Z,egw-mosquitto-1,3.66,5959680,4.44,egw-qemu-integrated
2026-10-02T15:37:19Z,egw-ditto-things-1,81.94,605913088,75.24,egw-qemu-integrated
2026-10-02T15:37:19Z,egw-ditto-policies-1,9.01,558247936,69.32,egw-qemu-integrated
2026-10-02T15:37:19Z,egw-mongodb-1,109.25,394260480,73.44,egw-qemu-integrated
2026-10-02T15:37:19Z,egw-ditto-gateway-1,35.35,503463936,62.52,egw-qemu-integrated
2026-10-02T15:37:19Z,egw-controller-1,27.90,59052032,22.00,egw-qemu-integrated
2026-10-02T15:37:20Z,egw-mosquitto-1,1.97,5971968,4.45,egw-qemu-integrated
2026-10-02T15:37:20Z,egw-ditto-things-1,46.89,605958144,75.25,egw-qemu-integrated
2026-10-02T15:37:20Z,egw-ditto-policies-1,8.76,558247936,69.32,egw-qemu-integrated
2026-10-02T15:37:20Z,egw-mongodb-1,124.41,396668928,73.89,egw-qemu-integrated
2026-10-02T15:37:20Z,egw-ditto-gateway-1,88.82,503721984,62.55,egw-qemu-integrated
2026-10-02T15:37:20Z,egw-controller-1,21.63,59060224,22.00,egw-qemu-integrated
2026-10-02T15:37:21Z,egw-mosquitto-1,2.08,5976064,4.45,egw-qemu-integrated
2026-10-02T15:37:21Z,egw-ditto-things-1,33.46,605954048,75.25,egw-qemu-integrated
2026-10-02T15:37:21Z,egw-ditto-policies-1,9.36,558247936,69.32,egw-qemu-integrated
2026-10-02T15:37:21Z,egw-mongodb-1,99.61,401027072,74.70,egw-qemu-integrated
2026-10-02T15:37:21Z,egw-ditto-gateway-1,99.10,503201792,62.49,egw-qemu-integrated
2026-10-02T15:37:21Z,egw-controller-1,23.09,59064320,22.00,egw-qemu-integrated
2026-10-02T15:37:22Z,egw-mosquitto-1,2.18,5980160,4.46,egw-qemu-integrated
2026-10-02T15:37:22Z,egw-ditto-things-1,44.89,606212096,75.28,egw-qemu-integrated
2026-10-02T15:37:22Z,egw-ditto-policies-1,10.69,558247936,69.32,egw-qemu-integrated
2026-10-02T15:37:22Z,egw-mongodb-1,102.09,404312064,75.31,egw-qemu-integrated
2026-10-02T15:37:22Z,egw-ditto-gateway-1,82.01,500240384,62.12,egw-qemu-integrated
2026-10-02T15:37:22Z,egw-controller-1,30.17,59064320,22.00,egw-qemu-integrated
2026-10-02T15:37:23Z,egw-mosquitto-1,2.17,5980160,4.46,egw-qemu-integrated
2026-10-02T15:37:23Z,egw-ditto-things-1,44.19,606441472,75.31,egw-qemu-integrated
2026-10-02T15:37:23Z,egw-ditto-policies-1,7.85,558247936,69.32,egw-qemu-integrated
2026-10-02T15:37:23Z,egw-mongodb-1,133.99,244150272,45.48,egw-qemu-integrated
2026-10-02T15:37:23Z,egw-ditto-gateway-1,38.56,500244480,62.12,egw-qemu-integrated
2026-10-02T15:37:23Z,egw-controller-1,31.88,59068416,22.00,egw-qemu-integrated
2026-10-02T15:37:24Z,egw-mosquitto-1,2.17,6250496,4.66,egw-qemu-integrated
2026-10-02T15:37:24Z,egw-ditto-things-1,56.81,605954048,75.25,egw-qemu-integrated
2026-10-02T15:37:24Z,egw-ditto-policies-1,8.74,558252032,69.32,egw-qemu-integrated
2026-10-02T15:37:24Z,egw-mongodb-1,7.53,244150272,45.48,egw-qemu-integrated
2026-10-02T15:37:24Z,egw-ditto-gateway-1,44.35,500240384,62.12,egw-qemu-integrated
2026-10-02T15:37:24Z,egw-controller-1,35.77,59322368,22.10,egw-qemu-integrated
2026-10-02T15:37:25Z,egw-mosquitto-1,2.67,5984256,4.46,egw-qemu-integrated
2026-10-02T15:37:25Z,egw-ditto-things-1,72.49,606216192,75.28,egw-qemu-integrated
2026-10-02T15:37:25Z,egw-ditto-policies-1,16.50,558247936,69.32,egw-qemu-integrated
2026-10-02T15:37:25Z,egw-mongodb-1,7.92,244150272,45.48,egw-qemu-integrated
2026-10-02T15:37:25Z,egw-ditto-gateway-1,56.40,500248576,62.12,egw-qemu-integrated
2026-10-02T15:37:25Z,egw-controller-1,32.05,59068416,22.00,egw-qemu-integrated
2026-10-02T15:37:26Z,egw-mosquitto-1,2.15,5984256,4.46,egw-qemu-integrated
2026-10-02T15:37:26Z,egw-ditto-things-1,51.85,605962240,75.25,egw-qemu-integrated
2026-10-02T15:37:26Z,egw-ditto-policies-1,8.98,558247936,69.32,egw-qemu-integrated
2026-10-02T15:37:26Z,egw-mongodb-1,8.58,244150272,45.48,egw-qemu-integrated
2026-10-02T15:37:26Z,egw-ditto-gateway-1,46.69,500506624,62.15,egw-qemu-integrated
2026-10-02T15:37:26Z,egw-controller-1,34.88,59326464,22.10,egw-qemu-integrated
2026-10-02T15:37:27Z,egw-mosquitto-1,2.58,5984256,4.46,egw-qemu-integrated
2026-10-02T15:37:27Z,egw-ditto-things-1,50.38,605958144,75.25,egw-qemu-integrated
2026-10-02T15:37:27Z,egw-ditto-policies-1,25.38,558252032,69.32,egw-qemu-integrated
2026-10-02T15:37:27Z,egw-mongodb-1,8.55,244150272,45.48,egw-qemu-integrated
2026-10-02T15:37:27Z,egw-ditto-gateway-1,48.19,500244480,62.12,egw-qemu-integrated
2026-10-02T15:37:27Z,egw-controller-1,35.48,59342848,22.11,egw-qemu-integrated
2026-10-02T15:37:28Z,egw-mosquitto-1,2.30,5984256,4.46,egw-qemu-integrated
2026-10-02T15:37:28Z,egw-ditto-things-1,55.49,605958144,75.25,egw-qemu-integrated
2026-10-02T15:37:28Z,egw-ditto-policies-1,11.66,558252032,69.32,egw-qemu-integrated
2026-10-02T15:37:28Z,egw-mongodb-1,8.50,244150272,45.48,egw-qemu-integrated
2026-10-02T15:37:28Z,egw-ditto-gateway-1,50.18,500760576,62.18,egw-qemu-integrated
2026-10-02T15:37:28Z,egw-controller-1,33.56,59072512,22.01,egw-qemu-integrated
2026-10-02T15:37:29Z,egw-mosquitto-1,1.98,5992448,4.46,egw-qemu-integrated
2026-10-02T15:37:29Z,egw-ditto-things-1,58.79,605962240,75.25,egw-qemu-integrated
2026-10-02T15:37:29Z,egw-ditto-policies-1,8.81,558252032,69.32,egw-qemu-integrated
2026-10-02T15:37:29Z,egw-mongodb-1,9.82,244150272,45.48,egw-qemu-integrated
2026-10-02T15:37:29Z,egw-ditto-gateway-1,47.23,500506624,62.15,egw-qemu-integrated
2026-10-02T15:37:29Z,egw-controller-1,34.55,59072512,22.01,egw-qemu-integrated
2026-10-02T15:37:30Z,egw-mosquitto-1,2.35,6250496,4.66,egw-qemu-integrated
2026-10-02T15:37:30Z,egw-ditto-things-1,54.21,605962240,75.25,egw-qemu-integrated
2026-10-02T15:37:30Z,egw-ditto-policies-1,8.22,558252032,69.32,egw-qemu-integrated
2026-10-02T15:37:30Z,egw-mongodb-1,10.39,244150272,45.48,egw-qemu-integrated
2026-10-02T15:37:30Z,egw-ditto-gateway-1,46.54,500244480,62.12,egw-qemu-integrated
2026-10-02T15:37:30Z,egw-controller-1,35.04,59338752,22.11,egw-qemu-integrated
2026-10-02T15:37:31Z,egw-mosquitto-1,2.19,5988352,4.46,egw-qemu-integrated
2026-10-02T15:37:31Z,egw-ditto-things-1,56.81,605966336,75.25,egw-qemu-integrated
2026-10-02T15:37:31Z,egw-ditto-policies-1,9.88,558252032,69.32,egw-qemu-integrated
2026-10-02T15:37:31Z,egw-mongodb-1,8.52,244154368,45.48,egw-qemu-integrated
2026-10-02T15:37:31Z,egw-ditto-gateway-1,50.60,500244480,62.12,egw-qemu-integrated
2026-10-02T15:37:31Z,egw-controller-1,34.21,59330560,22.10,egw-qemu-integrated
2026-10-02T15:37:32Z,egw-mosquitto-1,2.55,5984256,4.46,egw-qemu-integrated
2026-10-02T15:37:32Z,egw-ditto-things-1,78.97,605982720,75.25,egw-qemu-integrated
2026-10-02T15:37:32Z,egw-ditto-policies-1,9.70,558252032,69.32,egw-qemu-integrated
2026-10-02T15:37:32Z,egw-mongodb-1,8.94,244154368,45.48,egw-qemu-integrated
2026-10-02T15:37:32Z,egw-ditto-gateway-1,48.22,500502528,62.15,egw-qemu-integrated
2026-10-02T15:37:32Z,egw-controller-1,33.07,59072512,22.01,egw-qemu-integrated
2026-10-02T15:37:33Z,egw-mosquitto-1,2.29,5988352,4.46,egw-qemu-integrated
2026-10-02T15:37:33Z,egw-ditto-things-1,51.02,605974528,75.25,egw-qemu-integrated
2026-10-02T15:37:33Z,egw-ditto-policies-1,8.83,558252032,69.32,egw-qemu-integrated
2026-10-02T15:37:33Z,egw-mongodb-1,7.80,244154368,45.48,egw-qemu-integrated
2026-10-02T15:37:33Z,egw-ditto-gateway-1,47.42,500502528,62.15,egw-qemu-integrated
2026-10-02T15:37:33Z,egw-controller-1,37.35,59338752,22.11,egw-qemu-integrated
2026-10-02T15:37:34Z,egw-mosquitto-1,2.33,5988352,4.46,egw-qemu-integrated
2026-10-02T15:37:34Z,egw-ditto-things-1,52.44,605974528,75.25,egw-qemu-integrated
2026-10-02T15:37:34Z,egw-ditto-policies-1,52.80,570064896,70.79,egw-qemu-integrated
2026-10-02T15:37:34Z,egw-mongodb-1,11.13,244154368,45.48,egw-qemu-integrated
2026-10-02T15:37:34Z,egw-ditto-gateway-1,51.12,501022720,62.22,egw-qemu-integrated
2026-10-02T15:37:34Z,egw-controller-1,30.35,59334656,22.10,egw-qemu-integrated
2026-10-02T15:37:35Z,egw-mosquitto-1,2.38,5996544,4.47,egw-qemu-integrated
2026-10-02T15:37:35Z,egw-ditto-things-1,77.38,605974528,75.25,egw-qemu-integrated
2026-10-02T15:37:35Z,egw-ditto-policies-1,16.06,570097664,70.79,egw-qemu-integrated
2026-10-02T15:37:35Z,egw-mongodb-1,6.86,244154368,45.48,egw-qemu-integrated
2026-10-02T15:37:35Z,egw-ditto-gateway-1,57.63,500510720,62.15,egw-qemu-integrated
2026-10-02T15:37:35Z,egw-controller-1,32.34,59097088,22.02,egw-qemu-integrated
2026-10-02T15:37:36Z,egw-mosquitto-1,2.08,6258688,4.66,egw-qemu-integrated
2026-10-02T15:37:36Z,egw-ditto-things-1,52.79,605974528,75.25,egw-qemu-integrated
2026-10-02T15:37:36Z,egw-ditto-policies-1,9.04,570097664,70.79,egw-qemu-integrated
2026-10-02T15:37:36Z,egw-mongodb-1,8.24,244154368,45.48,egw-qemu-integrated
2026-10-02T15:37:36Z,egw-ditto-gateway-1,74.29,500244480,62.12,egw-qemu-integrated
2026-10-02T15:37:36Z,egw-controller-1,33.73,59600896,22.20,egw-qemu-integrated
2026-10-02T15:37:37Z,egw-mosquitto-1,2.62,5992448,4.46,egw-qemu-integrated
2026-10-02T15:37:37Z,egw-ditto-things-1,58.50,605974528,75.25,egw-qemu-integrated
2026-10-02T15:37:37Z,egw-ditto-policies-1,11.60,570118144,70.80,egw-qemu-integrated
2026-10-02T15:37:37Z,egw-mongodb-1,8.96,244154368,45.48,egw-qemu-integrated
2026-10-02T15:37:37Z,egw-ditto-gateway-1,68.29,500502528,62.15,egw-qemu-integrated
2026-10-02T15:37:37Z,egw-controller-1,36.76,59338752,22.11,egw-qemu-integrated
2026-10-02T15:37:38Z,egw-mosquitto-1,2.80,6000640,4.47,egw-qemu-integrated
2026-10-02T15:37:38Z,egw-ditto-things-1,54.10,605978624,75.25,egw-qemu-integrated
2026-10-02T15:37:38Z,egw-ditto-policies-1,9.92,560939008,69.66,egw-qemu-integrated
2026-10-02T15:37:38Z,egw-mongodb-1,18.77,244166656,45.48,egw-qemu-integrated
2026-10-02T15:37:38Z,egw-ditto-gateway-1,56.47,500506624,62.15,egw-qemu-integrated
2026-10-02T15:37:38Z,egw-controller-1,32.12,59342848,22.11,egw-qemu-integrated
2026-10-02T15:37:39Z,egw-mosquitto-1,18.69,7172096,5.34,egw-qemu-integrated
2026-10-02T15:37:39Z,egw-ditto-things-1,73.16,606195712,75.28,egw-qemu-integrated
2026-10-02T15:37:39Z,egw-ditto-policies-1,24.19,560943104,69.66,egw-qemu-integrated
2026-10-02T15:37:39Z,egw-mongodb-1,10.76,244322304,45.51,egw-qemu-integrated
2026-10-02T15:37:39Z,egw-ditto-gateway-1,61.36,500150272,62.11,egw-qemu-integrated
2026-10-02T15:37:39Z,egw-controller-1,24.05,59084800,22.01,egw-qemu-integrated
2026-10-02T15:37:40Z,egw-mosquitto-1,37.94,6025216,4.49,egw-qemu-integrated
2026-10-02T15:37:40Z,egw-ditto-things-1,71.24,605982720,75.25,egw-qemu-integrated
2026-10-02T15:37:40Z,egw-ditto-policies-1,22.97,560943104,69.66,egw-qemu-integrated
2026-10-02T15:37:40Z,egw-mongodb-1,20.01,244588544,45.56,egw-qemu-integrated
2026-10-02T15:37:40Z,egw-ditto-gateway-1,61.55,500244480,62.12,egw-qemu-integrated
2026-10-02T15:37:40Z,egw-controller-1,25.66,59355136,22.11,egw-qemu-integrated
2026-10-02T15:37:41Z,egw-mosquitto-1,2.29,6033408,4.50,egw-qemu-integrated
2026-10-02T15:37:41Z,egw-ditto-things-1,99.91,605978624,75.25,egw-qemu-integrated
2026-10-02T15:37:41Z,egw-ditto-policies-1,49.00,563011584,69.91,egw-qemu-integrated
2026-10-02T15:37:41Z,egw-mongodb-1,6.62,244322304,45.51,egw-qemu-integrated
2026-10-02T15:37:41Z,egw-ditto-gateway-1,43.66,500244480,62.12,egw-qemu-integrated
2026-10-02T15:37:41Z,egw-controller-1,30.10,59097088,22.02,egw-qemu-integrated
2026-10-02T15:37:42Z,egw-mosquitto-1,2.15,6295552,4.69,egw-qemu-integrated
2026-10-02T15:37:42Z,egw-ditto-things-1,123.22,605974528,75.25,egw-qemu-integrated
2026-10-02T15:37:42Z,egw-ditto-policies-1,78.91,560963584,69.66,egw-qemu-integrated
2026-10-02T15:37:42Z,egw-mongodb-1,6.62,244322304,45.51,egw-qemu-integrated
2026-10-02T15:37:42Z,egw-ditto-gateway-1,53.88,500240384,62.12,egw-qemu-integrated
2026-10-02T15:37:42Z,egw-controller-1,25.64,59101184,22.02,egw-qemu-integrated
2026-10-02T15:37:43Z,egw-mosquitto-1,2.40,6037504,4.50,egw-qemu-integrated
2026-10-02T15:37:43Z,egw-ditto-things-1,126.16,606040064,75.26,egw-qemu-integrated
2026-10-02T15:37:43Z,egw-ditto-policies-1,23.21,560963584,69.66,egw-qemu-integrated
2026-10-02T15:37:43Z,egw-mongodb-1,7.74,244322304,45.51,egw-qemu-integrated
2026-10-02T15:37:43Z,egw-ditto-gateway-1,59.87,500502528,62.15,egw-qemu-integrated
2026-10-02T15:37:43Z,egw-controller-1,30.38,59113472,22.02,egw-qemu-integrated
2026-10-02T15:37:44Z,egw-mosquitto-1,2.34,6037504,4.50,egw-qemu-integrated
2026-10-02T15:37:44Z,egw-ditto-things-1,68.49,606044160,75.26,egw-qemu-integrated
2026-10-02T15:37:44Z,egw-ditto-policies-1,9.96,560963584,69.66,egw-qemu-integrated
2026-10-02T15:37:44Z,egw-mongodb-1,7.47,244330496,45.51,egw-qemu-integrated
2026-10-02T15:37:44Z,egw-ditto-gateway-1,44.93,500252672,62.12,egw-qemu-integrated
2026-10-02T15:37:44Z,egw-controller-1,100.29,65781760,24.51,egw-qemu-integrated
2026-10-02T15:37:45Z,egw-mosquitto-1,2.23,6041600,4.50,egw-qemu-integrated
2026-10-02T15:37:45Z,egw-ditto-things-1,65.99,606056448,75.26,egw-qemu-integrated
2026-10-02T15:37:45Z,egw-ditto-policies-1,9.23,560963584,69.66,egw-qemu-integrated
2026-10-02T15:37:45Z,egw-mongodb-1,7.33,244322304,45.51,egw-qemu-integrated
2026-10-02T15:37:45Z,egw-ditto-gateway-1,48.07,500248576,62.12,egw-qemu-integrated
2026-10-02T15:37:45Z,egw-controller-1,130.97,69849088,26.02,egw-qemu-integrated
2026-10-02T15:37:46Z,egw-mosquitto-1,2.31,6299648,4.69,egw-qemu-integrated
2026-10-02T15:37:46Z,egw-ditto-things-1,74.36,606060544,75.26,egw-qemu-integrated
2026-10-02T15:37:46Z,egw-ditto-policies-1,9.10,560963584,69.66,egw-qemu-integrated
2026-10-02T15:37:46Z,egw-mongodb-1,14.49,244322304,45.51,egw-qemu-integrated
2026-10-02T15:37:46Z,egw-ditto-gateway-1,38.77,500506624,62.15,egw-qemu-integrated
2026-10-02T15:37:46Z,egw-controller-1,123.58,71335936,26.57,egw-qemu-integrated
2026-10-02T15:37:47Z,egw-mosquitto-1,2.24,6041600,4.50,egw-qemu-integrated
2026-10-02T15:37:47Z,egw-ditto-things-1,62.27,606060544,75.26,egw-qemu-integrated
2026-10-02T15:37:47Z,egw-ditto-policies-1,16.95,560963584,69.66,egw-qemu-integrated
2026-10-02T15:37:47Z,egw-mongodb-1,8.24,244326400,45.51,egw-qemu-integrated
2026-10-02T15:37:47Z,egw-ditto-gateway-1,46.99,500256768,62.12,egw-qemu-integrated
2026-10-02T15:37:47Z,egw-controller-1,108.06,59113472,22.02,egw-qemu-integrated
2026-10-02T15:37:48Z,egw-mosquitto-1,2.20,6041600,4.50,egw-qemu-integrated
2026-10-02T15:37:48Z,egw-ditto-things-1,109.28,606334976,75.29,egw-qemu-integrated
2026-10-02T15:37:48Z,egw-ditto-policies-1,10.61,560963584,69.66,egw-qemu-integrated
2026-10-02T15:37:48Z,egw-mongodb-1,7.76,244322304,45.51,egw-qemu-integrated
2026-10-02T15:37:48Z,egw-ditto-gateway-1,49.31,500244480,62.12,egw-qemu-integrated
2026-10-02T15:37:48Z,egw-controller-1,27.40,59113472,22.02,egw-qemu-integrated
2026-10-02T15:37:49Z,egw-mosquitto-1,2.40,6041600,4.50,egw-qemu-integrated
2026-10-02T15:37:49Z,egw-ditto-things-1,51.86,606068736,75.26,egw-qemu-integrated
2026-10-02T15:37:49Z,egw-ditto-policies-1,9.43,560963584,69.66,egw-qemu-integrated
2026-10-02T15:37:49Z,egw-mongodb-1,9.70,244322304,45.51,egw-qemu-integrated
2026-10-02T15:37:49Z,egw-ditto-gateway-1,45.88,500256768,62.12,egw-qemu-integrated
2026-10-02T15:37:49Z,egw-controller-1,34.80,59379712,22.12,egw-qemu-integrated
2026-10-02T15:37:50Z,egw-mosquitto-1,1.99,6045696,4.50,egw-qemu-integrated
2026-10-02T15:37:50Z,egw-ditto-things-1,84.44,606089216,75.26,egw-qemu-integrated
2026-10-02T15:37:50Z,egw-ditto-policies-1,21.26,560963584,69.66,egw-qemu-integrated
2026-10-02T15:37:50Z,egw-mongodb-1,9.41,244322304,45.51,egw-qemu-integrated
2026-10-02T15:37:50Z,egw-ditto-gateway-1,45.34,500248576,62.12,egw-qemu-integrated
2026-10-02T15:37:50Z,egw-controller-1,25.28,59113472,22.02,egw-qemu-integrated
2026-10-02T15:37:51Z,egw-mosquitto-1,2.44,6057984,4.51,egw-qemu-integrated
2026-10-02T15:37:51Z,egw-ditto-things-1,48.15,606089216,75.26,egw-qemu-integrated
2026-10-02T15:37:51Z,egw-ditto-policies-1,9.94,560967680,69.66,egw-qemu-integrated
2026-10-02T15:37:51Z,egw-mongodb-1,7.84,244322304,45.51,egw-qemu-integrated
2026-10-02T15:37:51Z,egw-ditto-gateway-1,108.01,502194176,62.36,egw-qemu-integrated
2026-10-02T15:37:51Z,egw-controller-1,30.49,59117568,22.02,egw-qemu-integrated
2026-10-02T15:37:52Z,egw-mosquitto-1,2.44,6062080,4.52,egw-qemu-integrated
2026-10-02T15:37:52Z,egw-ditto-things-1,44.48,606093312,75.26,egw-qemu-integrated
2026-10-02T15:37:52Z,egw-ditto-policies-1,10.11,560963584,69.66,egw-qemu-integrated
2026-10-02T15:37:52Z,egw-mongodb-1,49.61,245415936,45.71,egw-qemu-integrated
2026-10-02T15:37:52Z,egw-ditto-gateway-1,49.69,500260864,62.12,egw-qemu-integrated
2026-10-02T15:37:52Z,egw-controller-1,32.02,59117568,22.02,egw-qemu-integrated
2026-10-02T15:37:53Z,egw-mosquitto-1,2.14,6057984,4.51,egw-qemu-integrated
2026-10-02T15:37:53Z,egw-ditto-things-1,81.91,606044160,75.26,egw-qemu-integrated
2026-10-02T15:37:53Z,egw-ditto-policies-1,19.12,560963584,69.66,egw-qemu-integrated
2026-10-02T15:37:53Z,egw-mongodb-1,101.52,359981056,67.05,egw-qemu-integrated
2026-10-02T15:37:53Z,egw-ditto-gateway-1,46.74,500252672,62.12,egw-qemu-integrated
2026-10-02T15:37:53Z,egw-controller-1,27.15,59129856,22.03,egw-qemu-integrated
2026-10-02T15:37:54Z,egw-mosquitto-1,2.08,6057984,4.51,egw-qemu-integrated
2026-10-02T15:37:54Z,egw-ditto-things-1,48.94,606089216,75.26,egw-qemu-integrated
2026-10-02T15:37:54Z,egw-ditto-policies-1,10.65,560967680,69.66,egw-qemu-integrated
2026-10-02T15:37:54Z,egw-mongodb-1,110.99,393940992,73.38,egw-qemu-integrated
2026-10-02T15:37:54Z,egw-ditto-gateway-1,58.56,500264960,62.12,egw-qemu-integrated
2026-10-02T15:37:54Z,egw-controller-1,31.90,59129856,22.03,egw-qemu-integrated
2026-10-02T15:37:55Z,egw-mosquitto-1,3.37,6062080,4.52,egw-qemu-integrated
2026-10-02T15:37:55Z,egw-ditto-things-1,45.44,606085120,75.26,egw-qemu-integrated
2026-10-02T15:37:55Z,egw-ditto-policies-1,9.53,560963584,69.66,egw-qemu-integrated
2026-10-02T15:37:55Z,egw-mongodb-1,128.30,397258752,74.00,egw-qemu-integrated
2026-10-02T15:37:55Z,egw-ditto-gateway-1,45.74,500273152,62.12,egw-qemu-integrated
2026-10-02T15:37:55Z,egw-controller-1,30.05,59125760,22.03,egw-qemu-integrated
2026-10-02T15:37:56Z,egw-mosquitto-1,2.41,6057984,4.51,egw-qemu-integrated
2026-10-02T15:37:56Z,egw-ditto-things-1,51.69,606085120,75.26,egw-qemu-integrated
2026-10-02T15:37:56Z,egw-ditto-policies-1,12.74,560967680,69.66,egw-qemu-integrated
2026-10-02T15:37:56Z,egw-mongodb-1,108.51,401494016,74.78,egw-qemu-integrated
2026-10-02T15:37:56Z,egw-ditto-gateway-1,49.84,500277248,62.12,egw-qemu-integrated
2026-10-02T15:37:56Z,egw-controller-1,31.45,59138048,22.03,egw-qemu-integrated
2026-10-02T15:37:57Z,egw-mosquitto-1,2.31,6049792,4.51,egw-qemu-integrated
2026-10-02T15:37:57Z,egw-ditto-things-1,45.18,606085120,75.26,egw-qemu-integrated
2026-10-02T15:37:57Z,egw-ditto-policies-1,7.37,560963584,69.66,egw-qemu-integrated
2026-10-02T15:37:57Z,egw-mongodb-1,125.39,406368256,75.69,egw-qemu-integrated
2026-10-02T15:37:57Z,egw-ditto-gateway-1,44.70,500531200,62.15,egw-qemu-integrated
2026-10-02T15:37:57Z,egw-controller-1,31.02,59129856,22.03,egw-qemu-integrated
2026-10-02T15:37:58Z,egw-mosquitto-1,2.01,6582272,4.90,egw-qemu-integrated
2026-10-02T15:37:58Z,egw-ditto-things-1,43.43,606085120,75.26,egw-qemu-integrated
2026-10-02T15:37:58Z,egw-ditto-policies-1,9.65,560963584,69.66,egw-qemu-integrated
2026-10-02T15:37:58Z,egw-mongodb-1,105.23,244133888,45.47,egw-qemu-integrated
2026-10-02T15:37:58Z,egw-ditto-gateway-1,41.76,500273152,62.12,egw-qemu-integrated
2026-10-02T15:37:58Z,egw-controller-1,28.78,59129856,22.03,egw-qemu-integrated
2026-10-02T15:37:59Z,egw-mosquitto-1,2.31,6070272,4.52,egw-qemu-integrated
2026-10-02T15:37:59Z,egw-ditto-things-1,60.05,606031872,75.25,egw-qemu-integrated
2026-10-02T15:37:59Z,egw-ditto-policies-1,10.48,560963584,69.66,egw-qemu-integrated
2026-10-02T15:37:59Z,egw-mongodb-1,9.21,244129792,45.47,egw-qemu-integrated
2026-10-02T15:37:59Z,egw-ditto-gateway-1,75.01,500273152,62.12,egw-qemu-integrated
2026-10-02T15:37:59Z,egw-controller-1,30.94,59400192,22.13,egw-qemu-integrated
2026-10-02T15:38:00Z,egw-mosquitto-1,1.98,6336512,4.72,egw-qemu-integrated
2026-10-02T15:38:00Z,egw-ditto-things-1,120.07,623869952,77.47,egw-qemu-integrated
2026-10-02T15:38:00Z,egw-ditto-policies-1,8.43,560963584,69.66,egw-qemu-integrated
2026-10-02T15:38:00Z,egw-mongodb-1,9.15,243867648,45.42,egw-qemu-integrated
2026-10-02T15:38:00Z,egw-ditto-gateway-1,53.08,500301824,62.13,egw-qemu-integrated
2026-10-02T15:38:00Z,egw-controller-1,22.94,59142144,22.03,egw-qemu-integrated
2026-10-02T15:38:01Z,egw-mosquitto-1,2.07,6074368,4.53,egw-qemu-integrated
2026-10-02T15:38:01Z,egw-ditto-things-1,114.26,623874048,77.47,egw-qemu-integrated
2026-10-02T15:38:01Z,egw-ditto-policies-1,8.99,560963584,69.66,egw-qemu-integrated
2026-10-02T15:38:01Z,egw-mongodb-1,7.89,243867648,45.42,egw-qemu-integrated
2026-10-02T15:38:01Z,egw-ditto-gateway-1,42.86,500289536,62.12,egw-qemu-integrated
2026-10-02T15:38:01Z,egw-controller-1,31.74,59142144,22.03,egw-qemu-integrated
2026-10-02T15:38:02Z,egw-mosquitto-1,2.42,6590464,4.91,egw-qemu-integrated
2026-10-02T15:38:02Z,egw-ditto-things-1,58.54,623882240,77.47,egw-qemu-integrated
2026-10-02T15:38:02Z,egw-ditto-policies-1,48.84,560975872,69.66,egw-qemu-integrated
2026-10-02T15:38:02Z,egw-mongodb-1,8.40,243871744,45.42,egw-qemu-integrated
2026-10-02T15:38:02Z,egw-ditto-gateway-1,113.19,500563968,62.16,egw-qemu-integrated
2026-10-02T15:38:02Z,egw-controller-1,29.81,59146240,22.03,egw-qemu-integrated
2026-10-02T15:38:03Z,egw-mosquitto-1,2.00,6078464,4.53,egw-qemu-integrated
2026-10-02T15:38:03Z,egw-ditto-things-1,64.08,623882240,77.47,egw-qemu-integrated
2026-10-02T15:38:03Z,egw-ditto-policies-1,26.48,560971776,69.66,egw-qemu-integrated
2026-10-02T15:38:03Z,egw-mongodb-1,8.41,243867648,45.42,egw-qemu-integrated
2026-10-02T15:38:03Z,egw-ditto-gateway-1,50.10,500310016,62.13,egw-qemu-integrated
2026-10-02T15:38:03Z,egw-controller-1,31.54,59150336,22.04,egw-qemu-integrated
2026-10-02T15:38:04Z,egw-mosquitto-1,2.17,6078464,4.53,egw-qemu-integrated
2026-10-02T15:38:04Z,egw-ditto-things-1,90.25,624160768,77.51,egw-qemu-integrated
2026-10-02T15:38:04Z,egw-ditto-policies-1,8.43,560971776,69.66,egw-qemu-integrated
2026-10-02T15:38:04Z,egw-mongodb-1,8.04,243867648,45.42,egw-qemu-integrated
2026-10-02T15:38:04Z,egw-ditto-gateway-1,47.40,500305920,62.13,egw-qemu-integrated
2026-10-02T15:38:04Z,egw-controller-1,33.51,59416576,22.13,egw-qemu-integrated
2026-10-02T15:38:05Z,egw-mosquitto-1,3.71,6082560,4.53,egw-qemu-integrated
2026-10-02T15:38:05Z,egw-ditto-things-1,78.67,623915008,77.48,egw-qemu-integrated
2026-10-02T15:38:05Z,egw-ditto-policies-1,17.65,560979968,69.66,egw-qemu-integrated
2026-10-02T15:38:05Z,egw-mongodb-1,8.49,244391936,45.52,egw-qemu-integrated
2026-10-02T15:38:05Z,egw-ditto-gateway-1,53.47,500314112,62.13,egw-qemu-integrated
2026-10-02T15:38:05Z,egw-controller-1,31.27,59158528,22.04,egw-qemu-integrated
2026-10-02T15:38:06Z,egw-mosquitto-1,2.61,6602752,4.92,egw-qemu-integrated
2026-10-02T15:38:06Z,egw-ditto-things-1,93.79,623915008,77.48,egw-qemu-integrated
2026-10-02T15:38:06Z,egw-ditto-policies-1,32.70,560971776,69.66,egw-qemu-integrated
2026-10-02T15:38:06Z,egw-mongodb-1,28.08,243867648,45.42,egw-qemu-integrated
2026-10-02T15:38:06Z,egw-ditto-gateway-1,55.27,500314112,62.13,egw-qemu-integrated
2026-10-02T15:38:06Z,egw-controller-1,21.96,59416576,22.13,egw-qemu-integrated
2026-10-02T15:38:07Z,egw-mosquitto-1,1.79,6602752,4.92,egw-qemu-integrated
2026-10-02T15:38:07Z,egw-ditto-things-1,49.46,623955968,77.48,egw-qemu-integrated
2026-10-02T15:38:07Z,egw-ditto-policies-1,15.60,560971776,69.66,egw-qemu-integrated
2026-10-02T15:38:07Z,egw-mongodb-1,7.14,243871744,45.42,egw-qemu-integrated
2026-10-02T15:38:07Z,egw-ditto-gateway-1,81.00,500318208,62.13,egw-qemu-integrated
2026-10-02T15:38:07Z,egw-controller-1,25.17,59424768,22.14,egw-qemu-integrated
2026-10-02T15:38:08Z,egw-mosquitto-1,2.16,6098944,4.54,egw-qemu-integrated
2026-10-02T15:38:08Z,egw-ditto-things-1,78.23,623955968,77.48,egw-qemu-integrated
2026-10-02T15:38:08Z,egw-ditto-policies-1,26.73,560975872,69.66,egw-qemu-integrated
2026-10-02T15:38:08Z,egw-mongodb-1,8.40,243871744,45.42,egw-qemu-integrated
2026-10-02T15:38:08Z,egw-ditto-gateway-1,132.58,500588544,62.16,egw-qemu-integrated
2026-10-02T15:38:08Z,egw-controller-1,28.98,59162624,22.04,egw-qemu-integrated
2026-10-02T15:38:09Z,egw-mosquitto-1,2.06,6094848,4.54,egw-qemu-integrated
2026-10-02T15:38:09Z,egw-ditto-things-1,89.09,623972352,77.48,egw-qemu-integrated
2026-10-02T15:38:09Z,egw-ditto-policies-1,9.71,560971776,69.66,egw-qemu-integrated
2026-10-02T15:38:09Z,egw-mongodb-1,9.38,243871744,45.42,egw-qemu-integrated
2026-10-02T15:38:09Z,egw-ditto-gateway-1,66.14,500342784,62.13,egw-qemu-integrated
2026-10-02T15:38:09Z,egw-controller-1,29.92,59166720,22.04,egw-qemu-integrated
2026-10-02T15:38:10Z,egw-mosquitto-1,29.45,6373376,4.75,egw-qemu-integrated
2026-10-02T15:38:10Z,egw-ditto-things-1,63.49,623992832,77.49,egw-qemu-integrated
2026-10-02T15:38:10Z,egw-ditto-policies-1,12.48,560971776,69.66,egw-qemu-integrated
2026-10-02T15:38:10Z,egw-mongodb-1,7.91,243871744,45.42,egw-qemu-integrated
2026-10-02T15:38:10Z,egw-ditto-gateway-1,48.23,500342784,62.13,egw-qemu-integrated
2026-10-02T15:38:10Z,egw-controller-1,29.97,59170816,22.04,egw-qemu-integrated
2026-10-02T15:38:11Z,egw-mosquitto-1,2.15,6115328,4.56,egw-qemu-integrated
2026-10-02T15:38:11Z,egw-ditto-things-1,97.64,623951872,77.48,egw-qemu-integrated
2026-10-02T15:38:11Z,egw-ditto-policies-1,96.44,563068928,69.92,egw-qemu-integrated
2026-10-02T15:38:11Z,egw-mongodb-1,6.93,243871744,45.42,egw-qemu-integrated
2026-10-02T15:38:11Z,egw-ditto-gateway-1,44.87,500596736,62.16,egw-qemu-integrated
2026-10-02T15:38:11Z,egw-controller-1,22.03,59170816,22.04,egw-qemu-integrated
2026-10-02T15:38:12Z,egw-mosquitto-1,2.12,6115328,4.56,egw-qemu-integrated
2026-10-02T15:38:12Z,egw-ditto-things-1,54.95,623996928,77.49,egw-qemu-integrated
2026-10-02T15:38:12Z,egw-ditto-policies-1,44.33,561004544,69.66,egw-qemu-integrated
2026-10-02T15:38:12Z,egw-mongodb-1,7.58,243871744,45.42,egw-qemu-integrated
2026-10-02T15:38:12Z,egw-ditto-gateway-1,69.11,500346880,62.13,egw-qemu-integrated
2026-10-02T15:38:12Z,egw-controller-1,31.69,59174912,22.04,egw-qemu-integrated
2026-10-02T15:38:13Z,egw-mosquitto-1,2.07,6111232,4.55,egw-qemu-integrated
2026-10-02T15:38:13Z,egw-ditto-things-1,64.67,624001024,77.49,egw-qemu-integrated
2026-10-02T15:38:13Z,egw-ditto-policies-1,11.19,561008640,69.66,egw-qemu-integrated
2026-10-02T15:38:13Z,egw-mongodb-1,8.55,243875840,45.43,egw-qemu-integrated
2026-10-02T15:38:13Z,egw-ditto-gateway-1,98.20,500609024,62.16,egw-qemu-integrated
2026-10-02T15:38:13Z,egw-controller-1,32.04,59179008,22.05,egw-qemu-integrated
2026-10-02T15:38:14Z,egw-mosquitto-1,2.81,6635520,4.94,egw-qemu-integrated
2026-10-02T15:38:14Z,egw-ditto-things-1,65.67,624250880,77.52,egw-qemu-integrated
2026-10-02T15:38:14Z,egw-ditto-policies-1,9.77,561004544,69.66,egw-qemu-integrated
2026-10-02T15:38:14Z,egw-mongodb-1,7.60,243871744,45.42,egw-qemu-integrated
2026-10-02T15:38:14Z,egw-ditto-gateway-1,67.17,500371456,62.13,egw-qemu-integrated
2026-10-02T15:38:14Z,egw-controller-1,34.09,59445248,22.15,egw-qemu-integrated
2026-10-02T15:38:15Z,egw-mosquitto-1,2.68,6111232,4.55,egw-qemu-integrated
2026-10-02T15:38:15Z,egw-ditto-things-1,55.14,623996928,77.49,egw-qemu-integrated
2026-10-02T15:38:15Z,egw-ditto-policies-1,14.14,561004544,69.66,egw-qemu-integrated
2026-10-02T15:38:15Z,egw-mongodb-1,9.52,244129792,45.47,egw-qemu-integrated
2026-10-02T15:38:15Z,egw-ditto-gateway-1,58.68,500379648,62.14,egw-qemu-integrated
2026-10-02T15:38:15Z,egw-controller-1,33.77,59187200,22.05,egw-qemu-integrated
2026-10-02T15:38:16Z,egw-mosquitto-1,5.65,6119424,4.56,egw-qemu-integrated
2026-10-02T15:38:16Z,egw-ditto-things-1,66.04,624254976,77.52,egw-qemu-integrated
2026-10-02T15:38:16Z,egw-ditto-policies-1,9.27,561004544,69.66,egw-qemu-integrated
2026-10-02T15:38:16Z,egw-mongodb-1,7.90,243871744,45.42,egw-qemu-integrated
2026-10-02T15:38:16Z,egw-ditto-gateway-1,40.38,500387840,62.14,egw-qemu-integrated
2026-10-02T15:38:16Z,egw-controller-1,82.72,62283776,23.20,egw-qemu-integrated
2026-10-02T15:38:17Z,egw-mosquitto-1,2.44,6385664,4.76,egw-qemu-integrated
2026-10-02T15:38:17Z,egw-ditto-things-1,85.90,624541696,77.55,egw-qemu-integrated
2026-10-02T15:38:17Z,egw-ditto-policies-1,11.21,561004544,69.66,egw-qemu-integrated
2026-10-02T15:38:17Z,egw-mongodb-1,7.48,243871744,45.42,egw-qemu-integrated
2026-10-02T15:38:17Z,egw-ditto-gateway-1,34.83,500383744,62.14,egw-qemu-integrated
2026-10-02T15:38:17Z,egw-controller-1,115.00,69390336,25.85,egw-qemu-integrated
2026-10-02T15:38:18Z,egw-mosquitto-1,2.03,6127616,4.57,egw-qemu-integrated
2026-10-02T15:38:18Z,egw-ditto-things-1,77.85,624263168,77.52,egw-qemu-integrated
2026-10-02T15:38:18Z,egw-ditto-policies-1,10.99,561004544,69.66,egw-qemu-integrated
2026-10-02T15:38:18Z,egw-mongodb-1,8.00,243871744,45.42,egw-qemu-integrated
2026-10-02T15:38:18Z,egw-ditto-gateway-1,43.72,500383744,62.14,egw-qemu-integrated
2026-10-02T15:38:18Z,egw-controller-1,122.39,71258112,26.55,egw-qemu-integrated
2026-10-02T15:38:19Z,egw-mosquitto-1,2.07,6389760,4.76,egw-qemu-integrated
2026-10-02T15:38:19Z,egw-ditto-things-1,108.43,624283648,77.52,egw-qemu-integrated
2026-10-02T15:38:19Z,egw-ditto-policies-1,10.70,561008640,69.66,egw-qemu-integrated
2026-10-02T15:38:19Z,egw-mongodb-1,8.09,243875840,45.43,egw-qemu-integrated
2026-10-02T15:38:19Z,egw-ditto-gateway-1,70.40,500391936,62.14,egw-qemu-integrated
2026-10-02T15:38:19Z,egw-controller-1,121.04,72482816,27.00,egw-qemu-integrated
2026-10-02T15:38:20Z,egw-mosquitto-1,2.00,6131712,4.57,egw-qemu-integrated
2026-10-02T15:38:20Z,egw-ditto-things-1,31.59,624025600,77.49,egw-qemu-integrated
2026-10-02T15:38:20Z,egw-ditto-policies-1,9.32,561004544,69.66,egw-qemu-integrated
2026-10-02T15:38:20Z,egw-mongodb-1,9.31,243871744,45.42,egw-qemu-integrated
2026-10-02T15:38:20Z,egw-ditto-gateway-1,152.09,500822016,62.19,egw-qemu-integrated
2026-10-02T15:38:20Z,egw-controller-1,38.71,59191296,22.05,egw-qemu-integrated
2026-10-02T15:38:21Z,egw-mosquitto-1,2.17,6135808,4.57,egw-qemu-integrated
2026-10-02T15:38:21Z,egw-ditto-things-1,62.94,624029696,77.49,egw-qemu-integrated
2026-10-02T15:38:21Z,egw-ditto-policies-1,17.61,561004544,69.66,egw-qemu-integrated
2026-10-02T15:38:21Z,egw-mongodb-1,7.52,243871744,45.42,egw-qemu-integrated
2026-10-02T15:38:21Z,egw-ditto-gateway-1,107.89,500658176,62.17,egw-qemu-integrated
2026-10-02T15:38:21Z,egw-controller-1,29.45,59199488,22.05,egw-qemu-integrated
2026-10-02T15:38:22Z,egw-mosquitto-1,2.37,6131712,4.57,egw-qemu-integrated
2026-10-02T15:38:22Z,egw-ditto-things-1,105.34,624046080,77.49,egw-qemu-integrated
2026-10-02T15:38:22Z,egw-ditto-policies-1,8.48,561004544,69.66,egw-qemu-integrated
2026-10-02T15:38:22Z,egw-mongodb-1,8.29,243871744,45.42,egw-qemu-integrated
2026-10-02T15:38:22Z,egw-ditto-gateway-1,47.90,500404224,62.14,egw-qemu-integrated
2026-10-02T15:38:22Z,egw-controller-1,34.19,59207680,22.06,egw-qemu-integrated
2026-10-02T15:38:23Z,egw-mosquitto-1,2.09,6135808,4.57,egw-qemu-integrated
2026-10-02T15:38:23Z,egw-ditto-things-1,85.67,624058368,77.49,egw-qemu-integrated
2026-10-02T15:38:23Z,egw-ditto-policies-1,11.01,561008640,69.66,egw-qemu-integrated
2026-10-02T15:38:23Z,egw-mongodb-1,8.45,243875840,45.43,egw-qemu-integrated
2026-10-02T15:38:23Z,egw-ditto-gateway-1,50.79,500916224,62.20,egw-qemu-integrated
2026-10-02T15:38:23Z,egw-controller-1,34.24,59207680,22.06,egw-qemu-integrated
2026-10-02T15:38:24Z,egw-mosquitto-1,2.19,6393856,4.76,egw-qemu-integrated
2026-10-02T15:38:24Z,egw-ditto-things-1,56.53,624054272,77.49,egw-qemu-integrated
2026-10-02T15:38:24Z,egw-ditto-policies-1,9.82,561004544,69.66,egw-qemu-integrated
2026-10-02T15:38:24Z,egw-mongodb-1,7.78,243871744,45.42,egw-qemu-integrated
2026-10-02T15:38:24Z,egw-ditto-gateway-1,77.50,500400128,62.14,egw-qemu-integrated
2026-10-02T15:38:24Z,egw-controller-1,33.17,59207680,22.06,egw-qemu-integrated
2026-10-02T15:38:25Z,egw-mosquitto-1,2.41,6135808,4.57,egw-qemu-integrated
2026-10-02T15:38:25Z,egw-ditto-things-1,92.87,624058368,77.49,egw-qemu-integrated
2026-10-02T15:38:25Z,egw-ditto-policies-1,9.96,561012736,69.66,egw-qemu-integrated
2026-10-02T15:38:25Z,egw-mongodb-1,8.55,243871744,45.42,egw-qemu-integrated
2026-10-02T15:38:25Z,egw-ditto-gateway-1,82.27,500396032,62.14,egw-qemu-integrated
2026-10-02T15:38:25Z,egw-controller-1,32.50,59211776,22.06,egw-qemu-integrated
2026-10-02T15:38:26Z,egw-mosquitto-1,2.08,6135808,4.57,egw-qemu-integrated
2026-10-02T15:38:26Z,egw-ditto-things-1,71.90,624074752,77.50,egw-qemu-integrated
2026-10-02T15:38:26Z,egw-ditto-policies-1,11.64,561004544,69.66,egw-qemu-integrated
2026-10-02T15:38:26Z,egw-mongodb-1,7.63,243871744,45.42,egw-qemu-integrated
2026-10-02T15:38:26Z,egw-ditto-gateway-1,45.30,500400128,62.14,egw-qemu-integrated
2026-10-02T15:38:26Z,egw-controller-1,32.05,59207680,22.06,egw-qemu-integrated
2026-10-02T15:38:27Z,egw-mosquitto-1,2.72,6144000,4.58,egw-qemu-integrated
2026-10-02T15:38:27Z,egw-ditto-things-1,102.31,624103424,77.50,egw-qemu-integrated
2026-10-02T15:38:27Z,egw-ditto-policies-1,13.85,561004544,69.66,egw-qemu-integrated
2026-10-02T15:38:27Z,egw-mongodb-1,71.89,262574080,48.91,egw-qemu-integrated
2026-10-02T15:38:27Z,egw-ditto-gateway-1,42.04,500400128,62.14,egw-qemu-integrated
2026-10-02T15:38:27Z,egw-controller-1,26.98,59207680,22.06,egw-qemu-integrated
2026-10-02T15:38:28Z,egw-mosquitto-1,2.37,6152192,4.58,egw-qemu-integrated
2026-10-02T15:38:28Z,egw-ditto-things-1,45.37,624103424,77.50,egw-qemu-integrated
2026-10-02T15:38:28Z,egw-ditto-policies-1,12.40,561004544,69.66,egw-qemu-integrated
2026-10-02T15:38:28Z,egw-mongodb-1,108.19,393945088,73.38,egw-qemu-integrated
2026-10-02T15:38:28Z,egw-ditto-gateway-1,80.86,500920320,62.20,egw-qemu-integrated
2026-10-02T15:38:28Z,egw-controller-1,32.39,59203584,22.06,egw-qemu-integrated
2026-10-02T15:38:29Z,egw-mosquitto-1,2.27,6152192,4.58,egw-qemu-integrated
2026-10-02T15:38:29Z,egw-ditto-things-1,41.46,624103424,77.50,egw-qemu-integrated
2026-10-02T15:38:29Z,egw-ditto-policies-1,31.96,561008640,69.66,egw-qemu-integrated
2026-10-02T15:38:29Z,egw-mongodb-1,126.63,394907648,73.56,egw-qemu-integrated
2026-10-02T15:38:29Z,egw-ditto-gateway-1,63.68,500420608,62.14,egw-qemu-integrated
2026-10-02T15:38:29Z,egw-controller-1,27.82,59207680,22.06,egw-qemu-integrated
2026-10-02T15:38:30Z,egw-mosquitto-1,2.13,6148096,4.58,egw-qemu-integrated
2026-10-02T15:38:30Z,egw-ditto-things-1,47.18,624107520,77.50,egw-qemu-integrated
2026-10-02T15:38:30Z,egw-ditto-policies-1,21.90,561012736,69.66,egw-qemu-integrated
2026-10-02T15:38:30Z,egw-mongodb-1,115.22,396730368,73.90,egw-qemu-integrated
2026-10-02T15:38:30Z,egw-ditto-gateway-1,69.51,500690944,62.17,egw-qemu-integrated
2026-10-02T15:38:30Z,egw-controller-1,27.96,59207680,22.06,egw-qemu-integrated
2026-10-02T15:38:31Z,egw-mosquitto-1,4.19,6148096,4.58,egw-qemu-integrated
2026-10-02T15:38:31Z,egw-ditto-things-1,65.04,624062464,77.49,egw-qemu-integrated
2026-10-02T15:38:31Z,egw-ditto-policies-1,41.10,561291264,69.70,egw-qemu-integrated
2026-10-02T15:38:31Z,egw-mongodb-1,122.75,400576512,74.61,egw-qemu-integrated
2026-10-02T15:38:31Z,egw-ditto-gateway-1,45.48,500436992,62.14,egw-qemu-integrated
2026-10-02T15:38:31Z,egw-controller-1,24.70,59211776,22.06,egw-qemu-integrated
2026-10-02T15:38:32Z,egw-mosquitto-1,2.12,6426624,4.79,egw-qemu-integrated
2026-10-02T15:38:32Z,egw-ditto-things-1,126.83,624062464,77.49,egw-qemu-integrated
2026-10-02T15:38:32Z,egw-ditto-policies-1,13.96,561033216,69.67,egw-qemu-integrated
2026-10-02T15:38:32Z,egw-mongodb-1,103.61,401031168,74.70,egw-qemu-integrated
2026-10-02T15:38:32Z,egw-ditto-gateway-1,58.76,500432896,62.14,egw-qemu-integrated
2026-10-02T15:38:32Z,egw-controller-1,19.47,59478016,22.16,egw-qemu-integrated
2026-10-02T15:38:33Z,egw-mosquitto-1,2.15,6430720,4.79,egw-qemu-integrated
2026-10-02T15:38:33Z,egw-ditto-things-1,90.44,624123904,77.50,egw-qemu-integrated
2026-10-02T15:38:33Z,egw-ditto-policies-1,29.59,561025024,69.67,egw-qemu-integrated
2026-10-02T15:38:33Z,egw-mongodb-1,116.80,405520384,75.53,egw-qemu-integrated
2026-10-02T15:38:33Z,egw-ditto-gateway-1,60.26,500695040,62.17,egw-qemu-integrated
2026-10-02T15:38:33Z,egw-controller-1,16.80,59224064,22.06,egw-qemu-integrated
2026-10-02T15:38:34Z,egw-mosquitto-1,1.94,6172672,4.60,egw-qemu-integrated
2026-10-02T15:38:34Z,egw-ditto-things-1,59.98,624386048,77.53,egw-qemu-integrated
2026-10-02T15:38:34Z,egw-ditto-policies-1,10.86,561025024,69.67,egw-qemu-integrated
2026-10-02T15:38:34Z,egw-mongodb-1,108.35,243970048,45.44,egw-qemu-integrated
2026-10-02T15:38:34Z,egw-ditto-gateway-1,35.52,500703232,62.18,egw-qemu-integrated
2026-10-02T15:38:34Z,egw-controller-1,26.18,59494400,22.16,egw-qemu-integrated
2026-10-02T15:38:35Z,egw-mosquitto-1,1.95,6172672,4.60,egw-qemu-integrated
2026-10-02T15:38:35Z,egw-ditto-things-1,78.22,624173056,77.51,egw-qemu-integrated
2026-10-02T15:38:35Z,egw-ditto-policies-1,23.06,561029120,69.67,egw-qemu-integrated
2026-10-02T15:38:35Z,egw-mongodb-1,7.72,243970048,45.44,egw-qemu-integrated
2026-10-02T15:38:35Z,egw-ditto-gateway-1,64.65,500432896,62.14,egw-qemu-integrated
2026-10-02T15:38:35Z,egw-controller-1,36.07,59236352,22.07,egw-qemu-integrated
2026-10-02T15:38:36Z,egw-mosquitto-1,2.64,6176768,4.60,egw-qemu-integrated
2026-10-02T15:38:36Z,egw-ditto-things-1,68.27,624185344,77.51,egw-qemu-integrated
2026-10-02T15:38:36Z,egw-ditto-policies-1,16.91,561033216,69.67,egw-qemu-integrated
2026-10-02T15:38:36Z,egw-mongodb-1,7.30,243970048,45.44,egw-qemu-integrated
2026-10-02T15:38:36Z,egw-ditto-gateway-1,66.40,500445184,62.14,egw-qemu-integrated
2026-10-02T15:38:36Z,egw-controller-1,34.76,59240448,22.07,egw-qemu-integrated
2026-10-02T15:38:37Z,egw-mosquitto-1,2.08,6176768,4.60,egw-qemu-integrated
2026-10-02T15:38:37Z,egw-ditto-things-1,63.42,624185344,77.51,egw-qemu-integrated
2026-10-02T15:38:37Z,egw-ditto-policies-1,10.15,561033216,69.67,egw-qemu-integrated
2026-10-02T15:38:37Z,egw-mongodb-1,8.00,243970048,45.44,egw-qemu-integrated
2026-10-02T15:38:37Z,egw-ditto-gateway-1,71.51,500445184,62.14,egw-qemu-integrated
2026-10-02T15:38:37Z,egw-controller-1,33.30,59244544,22.07,egw-qemu-integrated
2026-10-02T15:38:38Z,egw-mosquitto-1,2.49,6180864,4.61,egw-qemu-integrated
2026-10-02T15:38:38Z,egw-ditto-things-1,105.32,624205824,77.51,egw-qemu-integrated
2026-10-02T15:38:38Z,egw-ditto-policies-1,18.73,561025024,69.67,egw-qemu-integrated
2026-10-02T15:38:38Z,egw-mongodb-1,8.33,243970048,45.44,egw-qemu-integrated
2026-10-02T15:38:38Z,egw-ditto-gateway-1,102.87,500477952,62.15,egw-qemu-integrated
2026-10-02T15:38:38Z,egw-controller-1,33.03,59490304,22.16,egw-qemu-integrated
2026-10-02T15:38:39Z,egw-mosquitto-1,2.13,6180864,4.61,egw-qemu-integrated
2026-10-02T15:38:39Z,egw-ditto-things-1,86.72,624222208,77.51,egw-qemu-integrated
2026-10-02T15:38:39Z,egw-ditto-policies-1,12.51,561025024,69.67,egw-qemu-integrated
2026-10-02T15:38:39Z,egw-mongodb-1,11.08,243970048,45.44,egw-qemu-integrated
2026-10-02T15:38:39Z,egw-ditto-gateway-1,52.91,500482048,62.15,egw-qemu-integrated
2026-10-02T15:38:39Z,egw-controller-1,29.95,59252736,22.07,egw-qemu-integrated
2026-10-02T15:38:40Z,egw-mosquitto-1,25.90,6201344,4.62,egw-qemu-integrated
2026-10-02T15:38:40Z,egw-ditto-things-1,58.70,624226304,77.51,egw-qemu-integrated
2026-10-02T15:38:40Z,egw-ditto-policies-1,16.59,562114560,69.80,egw-qemu-integrated
2026-10-02T15:38:40Z,egw-mongodb-1,7.53,243970048,45.44,egw-qemu-integrated
2026-10-02T15:38:40Z,egw-ditto-gateway-1,54.49,500477952,62.15,egw-qemu-integrated
2026-10-02T15:38:40Z,egw-controller-1,29.81,59240448,22.07,egw-qemu-integrated
2026-10-02T15:38:41Z,egw-mosquitto-1,2.44,6459392,4.81,egw-qemu-integrated
2026-10-02T15:38:41Z,egw-ditto-things-1,53.55,624488448,77.55,egw-qemu-integrated
2026-10-02T15:38:41Z,egw-ditto-policies-1,85.05,561045504,69.67,egw-qemu-integrated
2026-10-02T15:38:41Z,egw-mongodb-1,7.05,243970048,45.44,egw-qemu-integrated
2026-10-02T15:38:41Z,egw-ditto-gateway-1,78.15,500494336,62.15,egw-qemu-integrated
2026-10-02T15:38:41Z,egw-controller-1,26.76,59252736,22.07,egw-qemu-integrated
2026-10-02T15:38:42Z,egw-mosquitto-1,2.32,6197248,4.62,egw-qemu-integrated
2026-10-02T15:38:42Z,egw-ditto-things-1,82.70,624500736,77.55,egw-qemu-integrated
2026-10-02T15:38:42Z,egw-ditto-policies-1,11.19,561045504,69.67,egw-qemu-integrated
2026-10-02T15:38:42Z,egw-mongodb-1,9.40,243970048,45.44,egw-qemu-integrated
2026-10-02T15:38:42Z,egw-ditto-gateway-1,51.76,500506624,62.15,egw-qemu-integrated
2026-10-02T15:38:42Z,egw-controller-1,34.84,59252736,22.07,egw-qemu-integrated
2026-10-02T15:38:43Z,egw-mosquitto-1,2.64,6205440,4.62,egw-qemu-integrated
2026-10-02T15:38:43Z,egw-ditto-things-1,70.07,624259072,77.52,egw-qemu-integrated
2026-10-02T15:38:43Z,egw-ditto-policies-1,25.18,561045504,69.67,egw-qemu-integrated
2026-10-02T15:38:43Z,egw-mongodb-1,12.44,243974144,45.44,egw-qemu-integrated
2026-10-02T15:38:43Z,egw-ditto-gateway-1,66.78,500772864,62.18,egw-qemu-integrated
2026-10-02T15:38:43Z,egw-controller-1,32.36,59256832,22.07,egw-qemu-integrated
2026-10-02T15:38:44Z,egw-mosquitto-1,2.50,6205440,4.62,egw-qemu-integrated
2026-10-02T15:38:44Z,egw-ditto-things-1,56.98,624271360,77.52,egw-qemu-integrated
2026-10-02T15:38:44Z,egw-ditto-policies-1,16.16,561049600,69.67,egw-qemu-integrated
2026-10-02T15:38:44Z,egw-mongodb-1,8.22,243974144,45.44,egw-qemu-integrated
2026-10-02T15:38:44Z,egw-ditto-gateway-1,63.41,500518912,62.15,egw-qemu-integrated
2026-10-02T15:38:44Z,egw-controller-1,34.21,59252736,22.07,egw-qemu-integrated
2026-10-02T15:38:45Z,egw-mosquitto-1,2.31,6205440,4.62,egw-qemu-integrated
2026-10-02T15:38:45Z,egw-ditto-things-1,59.56,624263168,77.52,egw-qemu-integrated
2026-10-02T15:38:45Z,egw-ditto-policies-1,9.92,561053696,69.67,egw-qemu-integrated
2026-10-02T15:38:45Z,egw-mongodb-1,8.22,243974144,45.44,egw-qemu-integrated
2026-10-02T15:38:45Z,egw-ditto-gateway-1,68.69,500531200,62.15,egw-qemu-integrated
2026-10-02T15:38:45Z,egw-controller-1,32.59,59514880,22.17,egw-qemu-integrated
2026-10-02T15:38:46Z,egw-mosquitto-1,2.12,6209536,4.63,egw-qemu-integrated
2026-10-02T15:38:46Z,egw-ditto-things-1,55.59,624263168,77.52,egw-qemu-integrated
2026-10-02T15:38:46Z,egw-ditto-policies-1,10.96,561049600,69.67,egw-qemu-integrated
2026-10-02T15:38:46Z,egw-mongodb-1,7.67,243974144,45.44,egw-qemu-integrated
2026-10-02T15:38:46Z,egw-ditto-gateway-1,80.05,500543488,62.16,egw-qemu-integrated
2026-10-02T15:38:46Z,egw-controller-1,31.67,59256832,22.07,egw-qemu-integrated
2026-10-02T15:38:47Z,egw-mosquitto-1,2.25,6205440,4.62,egw-qemu-integrated
2026-10-02T15:38:47Z,egw-ditto-things-1,124.62,626196480,77.76,egw-qemu-integrated
2026-10-02T15:38:47Z,egw-ditto-policies-1,92.34,561065984,69.67,egw-qemu-integrated
2026-10-02T15:38:47Z,egw-mongodb-1,7.89,243974144,45.44,egw-qemu-integrated
2026-10-02T15:38:47Z,egw-ditto-gateway-1,49.14,500551680,62.16,egw-qemu-integrated
2026-10-02T15:38:47Z,egw-controller-1,26.38,59256832,22.07,egw-qemu-integrated
2026-10-02T15:38:48Z,egw-mosquitto-1,2.00,6205440,4.62,egw-qemu-integrated
2026-10-02T15:38:48Z,egw-ditto-things-1,101.84,624537600,77.55,egw-qemu-integrated
2026-10-02T15:38:48Z,egw-ditto-policies-1,22.78,561074176,69.67,egw-qemu-integrated
2026-10-02T15:38:48Z,egw-mongodb-1,7.28,243974144,45.44,egw-qemu-integrated
2026-10-02T15:38:48Z,egw-ditto-gateway-1,37.80,500547584,62.16,egw-qemu-integrated
2026-10-02T15:38:48Z,egw-controller-1,30.17,59260928,22.08,egw-qemu-integrated
2026-10-02T15:38:49Z,egw-mosquitto-1,2.19,6467584,4.82,egw-qemu-integrated
2026-10-02T15:38:49Z,egw-ditto-things-1,53.58,624304128,77.52,egw-qemu-integrated
2026-10-02T15:38:49Z,egw-ditto-policies-1,21.39,561074176,69.67,egw-qemu-integrated
2026-10-02T15:38:49Z,egw-mongodb-1,8.58,243974144,45.44,egw-qemu-integrated
2026-10-02T15:38:49Z,egw-ditto-gateway-1,66.01,500547584,62.16,egw-qemu-integrated
2026-10-02T15:38:49Z,egw-controller-1,103.85,66682880,24.84,egw-qemu-integrated
2026-10-02T15:38:50Z,egw-mosquitto-1,2.53,6483968,4.83,egw-qemu-integrated
2026-10-02T15:38:50Z,egw-ditto-things-1,61.32,624300032,77.52,egw-qemu-integrated
2026-10-02T15:38:50Z,egw-ditto-policies-1,75.41,561086464,69.67,egw-qemu-integrated
2026-10-02T15:38:50Z,egw-mongodb-1,8.54,243974144,45.44,egw-qemu-integrated
2026-10-02T15:38:50Z,egw-ditto-gateway-1,78.57,502632448,62.42,egw-qemu-integrated
2026-10-02T15:38:50Z,egw-controller-1,77.15,69038080,25.72,egw-qemu-integrated
2026-10-02T15:38:51Z,egw-mosquitto-1,1.73,6225920,4.64,egw-qemu-integrated
2026-10-02T15:38:51Z,egw-ditto-things-1,66.27,624271360,77.52,egw-qemu-integrated
2026-10-02T15:38:51Z,egw-ditto-policies-1,70.56,561094656,69.67,egw-qemu-integrated
2026-10-02T15:38:51Z,egw-mongodb-1,6.58,243974144,45.44,egw-qemu-integrated
2026-10-02T15:38:51Z,egw-ditto-gateway-1,56.33,500568064,62.16,egw-qemu-integrated
2026-10-02T15:38:51Z,egw-controller-1,104.98,70131712,26.13,egw-qemu-integrated
2026-10-02T15:38:52Z,egw-mosquitto-1,2.18,6221824,4.64,egw-qemu-integrated
2026-10-02T15:38:52Z,egw-ditto-things-1,47.12,624308224,77.52,egw-qemu-integrated
2026-10-02T15:38:52Z,egw-ditto-policies-1,10.61,561094656,69.67,egw-qemu-integrated
2026-10-02T15:38:52Z,egw-mongodb-1,13.97,243982336,45.45,egw-qemu-integrated
2026-10-02T15:38:52Z,egw-ditto-gateway-1,75.99,500834304,62.19,egw-qemu-integrated
2026-10-02T15:38:52Z,egw-controller-1,126.82,72548352,27.03,egw-qemu-integrated
2026-10-02T15:38:53Z,egw-mosquitto-1,1.91,6225920,4.64,egw-qemu-integrated
2026-10-02T15:38:53Z,egw-ditto-things-1,59.17,624308224,77.52,egw-qemu-integrated
2026-10-02T15:38:53Z,egw-ditto-policies-1,11.57,561094656,69.67,egw-qemu-integrated
2026-10-02T15:38:53Z,egw-mongodb-1,15.71,243982336,45.45,egw-qemu-integrated
2026-10-02T15:38:53Z,egw-ditto-gateway-1,68.55,500596736,62.16,egw-qemu-integrated
2026-10-02T15:38:53Z,egw-controller-1,85.15,59281408,22.08,egw-qemu-integrated
2026-10-02T15:38:54Z,egw-mosquitto-1,1.97,6230016,4.64,egw-qemu-integrated
2026-10-02T15:38:54Z,egw-ditto-things-1,96.01,624324608,77.53,egw-qemu-integrated
2026-10-02T15:38:54Z,egw-ditto-policies-1,16.46,561094656,69.67,egw-qemu-integrated
2026-10-02T15:38:54Z,egw-mongodb-1,6.95,244240384,45.49,egw-qemu-integrated
2026-10-02T15:38:54Z,egw-ditto-gateway-1,52.88,500592640,62.16,egw-qemu-integrated
2026-10-02T15:38:54Z,egw-controller-1,31.61,59273216,22.08,egw-qemu-integrated
2026-10-02T15:38:55Z,egw-mosquitto-1,2.71,6230016,4.64,egw-qemu-integrated
2026-10-02T15:38:55Z,egw-ditto-things-1,98.02,624353280,77.53,egw-qemu-integrated
2026-10-02T15:38:55Z,egw-ditto-policies-1,8.73,561094656,69.67,egw-qemu-integrated
2026-10-02T15:38:55Z,egw-mongodb-1,6.95,243978240,45.44,egw-qemu-integrated
2026-10-02T15:38:55Z,egw-ditto-gateway-1,114.11,500621312,62.17,egw-qemu-integrated
2026-10-02T15:38:55Z,egw-controller-1,32.54,59273216,22.08,egw-qemu-integrated
2026-10-02T15:38:56Z,egw-mosquitto-1,2.22,6234112,4.64,egw-qemu-integrated
2026-10-02T15:38:56Z,egw-ditto-things-1,65.53,624345088,77.53,egw-qemu-integrated
2026-10-02T15:38:56Z,egw-ditto-policies-1,9.03,561094656,69.67,egw-qemu-integrated
2026-10-02T15:38:56Z,egw-mongodb-1,8.02,244236288,45.49,egw-qemu-integrated
2026-10-02T15:38:56Z,egw-ditto-gateway-1,114.71,500637696,62.17,egw-qemu-integrated
2026-10-02T15:38:56Z,egw-controller-1,28.93,59535360,22.18,egw-qemu-integrated
2026-10-02T15:38:57Z,egw-mosquitto-1,2.11,6234112,4.64,egw-qemu-integrated
2026-10-02T15:38:57Z,egw-ditto-things-1,89.61,624877568,77.60,egw-qemu-integrated
2026-10-02T15:38:57Z,egw-ditto-policies-1,8.45,561094656,69.67,egw-qemu-integrated
2026-10-02T15:38:57Z,egw-mongodb-1,7.75,243982336,45.45,egw-qemu-integrated
2026-10-02T15:38:57Z,egw-ditto-gateway-1,57.79,500654080,62.17,egw-qemu-integrated
2026-10-02T15:38:57Z,egw-controller-1,34.53,59277312,22.08,egw-qemu-integrated
2026-10-02T15:38:58Z,egw-mosquitto-1,2.11,6230016,4.64,egw-qemu-integrated
2026-10-02T15:38:58Z,egw-ditto-things-1,73.83,624365568,77.53,egw-qemu-integrated
2026-10-02T15:38:58Z,egw-ditto-policies-1,17.05,561098752,69.68,egw-qemu-integrated
2026-10-02T15:38:58Z,egw-mongodb-1,7.58,243978240,45.44,egw-qemu-integrated
2026-10-02T15:38:58Z,egw-ditto-gateway-1,120.29,500674560,62.17,egw-qemu-integrated
2026-10-02T15:38:58Z,egw-controller-1,30.86,59277312,22.08,egw-qemu-integrated
2026-10-02T15:38:59Z,egw-mosquitto-1,2.19,6246400,4.65,egw-qemu-integrated
2026-10-02T15:38:59Z,egw-ditto-things-1,133.58,624361472,77.53,egw-qemu-integrated
2026-10-02T15:38:59Z,egw-ditto-policies-1,16.69,561094656,69.67,egw-qemu-integrated
2026-10-02T15:38:59Z,egw-mongodb-1,8.69,243978240,45.44,egw-qemu-integrated
2026-10-02T15:38:59Z,egw-ditto-gateway-1,88.75,500953088,62.21,egw-qemu-integrated
2026-10-02T15:38:59Z,egw-controller-1,31.53,59293696,22.09,egw-qemu-integrated
2026-10-02T15:39:00Z,egw-mosquitto-1,2.03,6246400,4.65,egw-qemu-integrated
2026-10-02T15:39:00Z,egw-ditto-things-1,103.07,624410624,77.54,egw-qemu-integrated
2026-10-02T15:39:00Z,egw-ditto-policies-1,7.40,561102848,69.68,egw-qemu-integrated
2026-10-02T15:39:00Z,egw-mongodb-1,10.19,243982336,45.45,egw-qemu-integrated
2026-10-02T15:39:00Z,egw-ditto-gateway-1,119.81,500699136,62.17,egw-qemu-integrated
2026-10-02T15:39:00Z,egw-controller-1,29.54,59289600,22.09,egw-qemu-integrated
2026-10-02T15:39:01Z,egw-mosquitto-1,1.97,6246400,4.65,egw-qemu-integrated
2026-10-02T15:39:01Z,egw-ditto-things-1,45.03,624414720,77.54,egw-qemu-integrated
2026-10-02T15:39:01Z,egw-ditto-policies-1,8.97,561094656,69.67,egw-qemu-integrated
2026-10-02T15:39:01Z,egw-mongodb-1,8.36,243978240,45.44,egw-qemu-integrated
2026-10-02T15:39:01Z,egw-ditto-gateway-1,120.89,501706752,62.30,egw-qemu-integrated
2026-10-02T15:39:01Z,egw-controller-1,34.21,59551744,22.18,egw-qemu-integrated
2026-10-02T15:39:02Z,egw-mosquitto-1,2.20,6246400,4.65,egw-qemu-integrated
2026-10-02T15:39:02Z,egw-ditto-things-1,61.21,624406528,77.54,egw-qemu-integrated
2026-10-02T15:39:02Z,egw-ditto-policies-1,9.33,561094656,69.67,egw-qemu-integrated
2026-10-02T15:39:02Z,egw-mongodb-1,9.54,243982336,45.45,egw-qemu-integrated
2026-10-02T15:39:02Z,egw-ditto-gateway-1,56.98,501465088,62.27,egw-qemu-integrated
2026-10-02T15:39:02Z,egw-controller-1,32.43,59289600,22.09,egw-qemu-integrated
2026-10-02T15:39:03Z,egw-mosquitto-1,4.45,6246400,4.65,egw-qemu-integrated
2026-10-02T15:39:03Z,egw-ditto-things-1,82.52,624422912,77.54,egw-qemu-integrated
2026-10-02T15:39:03Z,egw-ditto-policies-1,25.00,561094656,69.67,egw-qemu-integrated
2026-10-02T15:39:03Z,egw-mongodb-1,49.97,244367360,45.52,egw-qemu-integrated
2026-10-02T15:39:03Z,egw-ditto-gateway-1,43.01,501460992,62.27,egw-qemu-integrated
2026-10-02T15:39:03Z,egw-controller-1,37.99,59289600,22.09,egw-qemu-integrated
2026-10-02T15:39:04Z,egw-mosquitto-1,1.51,6250496,4.66,egw-qemu-integrated
2026-10-02T15:39:04Z,egw-ditto-things-1,61.42,624431104,77.54,egw-qemu-integrated
2026-10-02T15:39:04Z,egw-ditto-policies-1,20.73,561098752,69.68,egw-qemu-integrated
2026-10-02T15:39:04Z,egw-mongodb-1,95.50,328900608,61.26,egw-qemu-integrated
2026-10-02T15:39:04Z,egw-ditto-gateway-1,81.42,501460992,62.27,egw-qemu-integrated
2026-10-02T15:39:04Z,egw-controller-1,5.36,59297792,22.09,egw-qemu-integrated
2026-10-02T15:39:05Z,egw-mosquitto-1,2.52,6258688,4.66,egw-qemu-integrated
2026-10-02T15:39:05Z,egw-ditto-things-1,55.68,624381952,77.53,egw-qemu-integrated
2026-10-02T15:39:05Z,egw-ditto-policies-1,21.95,561094656,69.67,egw-qemu-integrated
2026-10-02T15:39:05Z,egw-mongodb-1,96.62,391880704,72.99,egw-qemu-integrated
2026-10-02T15:39:05Z,egw-ditto-gateway-1,69.86,501465088,62.27,egw-qemu-integrated
2026-10-02T15:39:05Z,egw-controller-1,24.79,59293696,22.09,egw-qemu-integrated
2026-10-02T15:39:06Z,egw-mosquitto-1,2.37,6266880,4.67,egw-qemu-integrated
2026-10-02T15:39:06Z,egw-ditto-things-1,113.48,624390144,77.53,egw-qemu-integrated
2026-10-02T15:39:06Z,egw-ditto-policies-1,16.67,561094656,69.67,egw-qemu-integrated
2026-10-02T15:39:06Z,egw-mongodb-1,126.17,395431936,73.65,egw-qemu-integrated
2026-10-02T15:39:06Z,egw-ditto-gateway-1,40.52,501469184,62.27,egw-qemu-integrated
2026-10-02T15:39:06Z,egw-controller-1,24.36,59301888,22.09,egw-qemu-integrated
2026-10-02T15:39:07Z,egw-mosquitto-1,2.49,6279168,4.68,egw-qemu-integrated
2026-10-02T15:39:07Z,egw-ditto-things-1,104.72,624402432,77.54,egw-qemu-integrated
2026-10-02T15:39:07Z,egw-ditto-policies-1,18.57,561147904,69.68,egw-qemu-integrated
2026-10-02T15:39:07Z,egw-mongodb-1,91.30,396500992,73.85,egw-qemu-integrated
2026-10-02T15:39:07Z,egw-ditto-gateway-1,46.08,501465088,62.27,egw-qemu-integrated
2026-10-02T15:39:07Z,egw-controller-1,31.52,59301888,22.09,egw-qemu-integrated
2026-10-02T15:39:08Z,egw-mosquitto-1,2.09,6275072,4.68,egw-qemu-integrated
2026-10-02T15:39:08Z,egw-ditto-things-1,68.94,624369664,77.53,egw-qemu-integrated
2026-10-02T15:39:08Z,egw-ditto-policies-1,17.45,561152000,69.68,egw-qemu-integrated
2026-10-02T15:39:08Z,egw-mongodb-1,113.24,401412096,74.77,egw-qemu-integrated
2026-10-02T15:39:08Z,egw-ditto-gateway-1,48.61,501469184,62.27,egw-qemu-integrated
2026-10-02T15:39:08Z,egw-controller-1,27.89,59301888,22.09,egw-qemu-integrated
2026-10-02T15:39:09Z,egw-mosquitto-1,1.98,6795264,5.06,egw-qemu-integrated
2026-10-02T15:39:09Z,egw-ditto-things-1,85.71,624422912,77.54,egw-qemu-integrated
2026-10-02T15:39:09Z,egw-ditto-policies-1,41.69,561147904,69.68,egw-qemu-integrated
2026-10-02T15:39:09Z,egw-mongodb-1,87.07,403701760,75.20,egw-qemu-integrated
2026-10-02T15:39:09Z,egw-ditto-gateway-1,43.72,501469184,62.27,egw-qemu-integrated
2026-10-02T15:39:09Z,egw-controller-1,23.13,59310080,22.09,egw-qemu-integrated
2026-10-02T15:39:10Z,egw-mosquitto-1,55.76,8245248,6.14,egw-qemu-integrated
2026-10-02T15:39:10Z,egw-ditto-things-1,61.31,624431104,77.54,egw-qemu-integrated
2026-10-02T15:39:10Z,egw-ditto-policies-1,11.19,561147904,69.68,egw-qemu-integrated
2026-10-02T15:39:10Z,egw-mongodb-1,112.97,410181632,76.40,egw-qemu-integrated
2026-10-02T15:39:10Z,egw-ditto-gateway-1,74.62,501501952,62.27,egw-qemu-integrated
2026-10-02T15:39:10Z,egw-controller-1,18.39,59314176,22.10,egw-qemu-integrated
2026-10-02T15:39:11Z,egw-mosquitto-1,7.68,6299648,4.69,egw-qemu-integrated
2026-10-02T15:39:11Z,egw-ditto-things-1,61.31,624435200,77.54,egw-qemu-integrated
2026-10-02T15:39:11Z,egw-ditto-policies-1,42.80,561147904,69.68,egw-qemu-integrated
2026-10-02T15:39:11Z,egw-mongodb-1,27.10,243068928,45.28,egw-qemu-integrated
2026-10-02T15:39:11Z,egw-ditto-gateway-1,43.57,501506048,62.28,egw-qemu-integrated
2026-10-02T15:39:11Z,egw-controller-1,29.25,59334656,22.10,egw-qemu-integrated
2026-10-02T15:39:12Z,egw-mosquitto-1,1.96,6299648,4.69,egw-qemu-integrated
2026-10-02T15:39:12Z,egw-ditto-things-1,74.06,624447488,77.54,egw-qemu-integrated
2026-10-02T15:39:12Z,egw-ditto-policies-1,8.88,561147904,69.68,egw-qemu-integrated
2026-10-02T15:39:12Z,egw-mongodb-1,8.55,243068928,45.28,egw-qemu-integrated
2026-10-02T15:39:12Z,egw-ditto-gateway-1,82.16,501514240,62.28,egw-qemu-integrated
2026-10-02T15:39:12Z,egw-controller-1,30.67,59334656,22.10,egw-qemu-integrated
2026-10-02T15:39:13Z,egw-mosquitto-1,2.32,6299648,4.69,egw-qemu-integrated
2026-10-02T15:39:13Z,egw-ditto-things-1,69.58,624459776,77.54,egw-qemu-integrated
2026-10-02T15:39:13Z,egw-ditto-policies-1,7.74,561147904,69.68,egw-qemu-integrated
2026-10-02T15:39:13Z,egw-mongodb-1,7.81,243073024,45.28,egw-qemu-integrated
2026-10-02T15:39:13Z,egw-ditto-gateway-1,136.14,501510144,62.28,egw-qemu-integrated
2026-10-02T15:39:13Z,egw-controller-1,33.60,59588608,22.20,egw-qemu-integrated
2026-10-02T15:39:14Z,egw-mosquitto-1,5.07,6303744,4.70,egw-qemu-integrated
2026-10-02T15:39:14Z,egw-ditto-things-1,114.81,624463872,77.54,egw-qemu-integrated
2026-10-02T15:39:14Z,egw-ditto-policies-1,8.65,561147904,69.68,egw-qemu-integrated
2026-10-02T15:39:14Z,egw-mongodb-1,5.49,243073024,45.28,egw-qemu-integrated
2026-10-02T15:39:14Z,egw-ditto-gateway-1,128.46,501809152,62.31,egw-qemu-integrated
2026-10-02T15:39:14Z,egw-controller-1,16.67,59334656,22.10,egw-qemu-integrated
2026-10-02T15:39:15Z,egw-mosquitto-1,2.25,6569984,4.90,egw-qemu-integrated
2026-10-02T15:39:15Z,egw-ditto-things-1,128.01,624513024,77.55,egw-qemu-integrated
2026-10-02T15:39:15Z,egw-ditto-policies-1,9.43,561147904,69.68,egw-qemu-integrated
2026-10-02T15:39:15Z,egw-mongodb-1,10.63,243326976,45.32,egw-qemu-integrated
2026-10-02T15:39:15Z,egw-ditto-gateway-1,91.23,501579776,62.28,egw-qemu-integrated
2026-10-02T15:39:15Z,egw-controller-1,27.60,59338752,22.11,egw-qemu-integrated
2026-10-02T15:39:16Z,egw-mosquitto-1,2.39,6569984,4.90,egw-qemu-integrated
2026-10-02T15:39:16Z,egw-ditto-things-1,88.65,626372608,77.78,egw-qemu-integrated
2026-10-02T15:39:16Z,egw-ditto-policies-1,8.89,561147904,69.68,egw-qemu-integrated
2026-10-02T15:39:16Z,egw-mongodb-1,6.71,243068928,45.28,egw-qemu-integrated
2026-10-02T15:39:16Z,egw-ditto-gateway-1,117.68,501841920,62.32,egw-qemu-integrated
2026-10-02T15:39:16Z,egw-controller-1,29.64,59342848,22.11,egw-qemu-integrated
2026-10-02T15:39:17Z,egw-mosquitto-1,2.50,6565888,4.89,egw-qemu-integrated
2026-10-02T15:39:17Z,egw-ditto-things-1,145.74,624517120,77.55,egw-qemu-integrated
2026-10-02T15:39:17Z,egw-ditto-policies-1,28.81,561147904,69.68,egw-qemu-integrated
2026-10-02T15:39:17Z,egw-mongodb-1,6.33,243068928,45.28,egw-qemu-integrated
2026-10-02T15:39:17Z,egw-ditto-gateway-1,107.44,501579776,62.28,egw-qemu-integrated
2026-10-02T15:39:17Z,egw-controller-1,21.19,59342848,22.11,egw-qemu-integrated
2026-10-02T15:39:18Z,egw-mosquitto-1,2.13,6316032,4.71,egw-qemu-integrated
2026-10-02T15:39:18Z,egw-ditto-things-1,124.08,624558080,77.56,egw-qemu-integrated
2026-10-02T15:39:18Z,egw-ditto-policies-1,24.40,561147904,69.68,egw-qemu-integrated
2026-10-02T15:39:18Z,egw-mongodb-1,7.51,243068928,45.28,egw-qemu-integrated
2026-10-02T15:39:18Z,egw-ditto-gateway-1,122.19,501583872,62.28,egw-qemu-integrated
2026-10-02T15:39:18Z,egw-controller-1,26.39,59351040,22.11,egw-qemu-integrated
2026-10-02T15:39:19Z,egw-mosquitto-1,2.11,6316032,4.71,egw-qemu-integrated
2026-10-02T15:39:19Z,egw-ditto-things-1,112.60,624558080,77.56,egw-qemu-integrated
2026-10-02T15:39:19Z,egw-ditto-policies-1,10.90,561147904,69.68,egw-qemu-integrated
2026-10-02T15:39:19Z,egw-mongodb-1,10.81,243077120,45.28,egw-qemu-integrated
2026-10-02T15:39:19Z,egw-ditto-gateway-1,128.77,501878784,62.32,egw-qemu-integrated
2026-10-02T15:39:19Z,egw-controller-1,28.97,59351040,22.11,egw-qemu-integrated
2026-10-02T15:39:20Z,egw-mosquitto-1,2.36,6320128,4.71,egw-qemu-integrated
2026-10-02T15:39:20Z,egw-ditto-things-1,117.56,624578560,77.56,egw-qemu-integrated
2026-10-02T15:39:20Z,egw-ditto-policies-1,12.62,561147904,69.68,egw-qemu-integrated
2026-10-02T15:39:20Z,egw-mongodb-1,8.25,243081216,45.28,egw-qemu-integrated
2026-10-02T15:39:20Z,egw-ditto-gateway-1,117.11,502140928,62.35,egw-qemu-integrated
2026-10-02T15:39:20Z,egw-controller-1,24.48,59351040,22.11,egw-qemu-integrated
2026-10-02T15:39:21Z,egw-mosquitto-1,2.08,6332416,4.72,egw-qemu-integrated
2026-10-02T15:39:21Z,egw-ditto-things-1,128.88,624582656,77.56,egw-qemu-integrated
2026-10-02T15:39:21Z,egw-ditto-policies-1,10.09,561147904,69.68,egw-qemu-integrated
2026-10-02T15:39:21Z,egw-mongodb-1,7.53,243077120,45.28,egw-qemu-integrated
2026-10-02T15:39:21Z,egw-ditto-gateway-1,40.05,502140928,62.35,egw-qemu-integrated
2026-10-02T15:39:21Z,egw-controller-1,29.86,59351040,22.11,egw-qemu-integrated
2026-10-02T15:39:22Z,egw-mosquitto-1,2.64,6324224,4.71,egw-qemu-integrated
2026-10-02T15:39:22Z,egw-ditto-things-1,95.31,624599040,77.56,egw-qemu-integrated
2026-10-02T15:39:22Z,egw-ditto-policies-1,7.96,561147904,69.68,egw-qemu-integrated
2026-10-02T15:39:22Z,egw-mongodb-1,7.24,243077120,45.28,egw-qemu-integrated
2026-10-02T15:39:22Z,egw-ditto-gateway-1,38.86,502145024,62.35,egw-qemu-integrated
2026-10-02T15:39:22Z,egw-controller-1,95.04,65654784,24.46,egw-qemu-integrated
2026-10-02T15:39:23Z,egw-mosquitto-1,2.52,6582272,4.90,egw-qemu-integrated
2026-10-02T15:39:23Z,egw-ditto-things-1,140.31,624631808,77.56,egw-qemu-integrated
2026-10-02T15:39:23Z,egw-ditto-policies-1,8.38,561147904,69.68,egw-qemu-integrated
2026-10-02T15:39:23Z,egw-mongodb-1,6.33,243077120,45.28,egw-qemu-integrated
2026-10-02T15:39:23Z,egw-ditto-gateway-1,33.82,502140928,62.35,egw-qemu-integrated
2026-10-02T15:39:23Z,egw-controller-1,121.38,70172672,26.14,egw-qemu-integrated
2026-10-02T15:39:24Z,egw-mosquitto-1,1.96,6328320,4.71,egw-qemu-integrated
2026-10-02T15:39:24Z,egw-ditto-things-1,104.42,624889856,77.60,egw-qemu-integrated
2026-10-02T15:39:24Z,egw-ditto-policies-1,10.46,561147904,69.68,egw-qemu-integrated
2026-10-02T15:39:24Z,egw-mongodb-1,6.94,243077120,45.28,egw-qemu-integrated
2026-10-02T15:39:24Z,egw-ditto-gateway-1,36.11,502149120,62.36,egw-qemu-integrated
2026-10-02T15:39:24Z,egw-controller-1,125.66,72630272,27.06,egw-qemu-integrated
2026-10-02T15:39:25Z,egw-mosquitto-1,1.94,6328320,4.71,egw-qemu-integrated
2026-10-02T15:39:25Z,egw-ditto-things-1,50.31,624893952,77.60,egw-qemu-integrated
2026-10-02T15:39:25Z,egw-ditto-policies-1,12.76,561188864,69.69,egw-qemu-integrated
2026-10-02T15:39:25Z,egw-mongodb-1,8.20,243077120,45.28,egw-qemu-integrated
2026-10-02T15:39:25Z,egw-ditto-gateway-1,44.72,502403072,62.39,egw-qemu-integrated
2026-10-02T15:39:25Z,egw-controller-1,77.66,59891712,22.31,egw-qemu-integrated
2026-10-02T15:39:26Z,egw-mosquitto-1,2.26,6328320,4.71,egw-qemu-integrated
2026-10-02T15:39:26Z,egw-ditto-things-1,47.32,624889856,77.60,egw-qemu-integrated
2026-10-02T15:39:26Z,egw-ditto-policies-1,8.99,561147904,69.68,egw-qemu-integrated
2026-10-02T15:39:26Z,egw-mongodb-1,8.00,243077120,45.28,egw-qemu-integrated
2026-10-02T15:39:26Z,egw-ditto-gateway-1,45.80,502149120,62.36,egw-qemu-integrated
2026-10-02T15:39:26Z,egw-controller-1,36.98,59637760,22.22,egw-qemu-integrated
2026-10-02T15:39:27Z,egw-mosquitto-1,2.39,6328320,4.71,egw-qemu-integrated
2026-10-02T15:39:27Z,egw-ditto-things-1,53.06,624889856,77.60,egw-qemu-integrated
2026-10-02T15:39:27Z,egw-ditto-policies-1,27.97,561188864,69.69,egw-qemu-integrated
2026-10-02T15:39:27Z,egw-mongodb-1,10.56,243077120,45.28,egw-qemu-integrated
2026-10-02T15:39:27Z,egw-ditto-gateway-1,64.44,502407168,62.39,egw-qemu-integrated
2026-10-02T15:39:27Z,egw-controller-1,33.05,59629568,22.21,egw-qemu-integrated
2026-10-02T15:39:28Z,egw-mosquitto-1,3.84,6336512,4.72,egw-qemu-integrated
2026-10-02T15:39:28Z,egw-ditto-things-1,78.33,624889856,77.60,egw-qemu-integrated
2026-10-02T15:39:28Z,egw-ditto-policies-1,20.43,561201152,69.69,egw-qemu-integrated
2026-10-02T15:39:28Z,egw-mongodb-1,8.68,243335168,45.32,egw-qemu-integrated
2026-10-02T15:39:28Z,egw-ditto-gateway-1,103.22,502140928,62.35,egw-qemu-integrated
2026-10-02T15:39:28Z,egw-controller-1,29.61,59641856,22.22,egw-qemu-integrated
2026-10-02T15:39:29Z,egw-mosquitto-1,3.16,6336512,4.72,egw-qemu-integrated
2026-10-02T15:39:29Z,egw-ditto-things-1,140.05,624889856,77.60,egw-qemu-integrated
2026-10-02T15:39:29Z,egw-ditto-policies-1,40.93,561160192,69.68,egw-qemu-integrated
2026-10-02T15:39:29Z,egw-mongodb-1,24.25,243077120,45.28,egw-qemu-integrated
2026-10-02T15:39:29Z,egw-ditto-gateway-1,89.37,502161408,62.36,egw-qemu-integrated
2026-10-02T15:39:29Z,egw-controller-1,15.76,59379712,22.12,egw-qemu-integrated
2026-10-02T15:39:30Z,egw-mosquitto-1,1.89,6344704,4.73,egw-qemu-integrated
2026-10-02T15:39:30Z,egw-ditto-things-1,146.65,624889856,77.60,egw-qemu-integrated
2026-10-02T15:39:30Z,egw-ditto-policies-1,27.47,561180672,69.69,egw-qemu-integrated
2026-10-02T15:39:30Z,egw-mongodb-1,7.55,243081216,45.28,egw-qemu-integrated
2026-10-02T15:39:30Z,egw-ditto-gateway-1,91.58,502411264,62.39,egw-qemu-integrated
2026-10-02T15:39:30Z,egw-controller-1,20.51,59379712,22.12,egw-qemu-integrated
2026-10-02T15:39:31Z,egw-mosquitto-1,2.32,6344704,4.73,egw-qemu-integrated
2026-10-02T15:39:31Z,egw-ditto-things-1,81.74,624873472,77.59,egw-qemu-integrated
2026-10-02T15:39:31Z,egw-ditto-policies-1,21.93,561180672,69.69,egw-qemu-integrated
2026-10-02T15:39:31Z,egw-mongodb-1,8.04,243081216,45.28,egw-qemu-integrated
2026-10-02T15:39:31Z,egw-ditto-gateway-1,72.70,502501376,62.40,egw-qemu-integrated
2026-10-02T15:39:31Z,egw-controller-1,29.19,59387904,22.12,egw-qemu-integrated
2026-10-02T15:39:32Z,egw-mosquitto-1,2.22,6344704,4.73,egw-qemu-integrated
2026-10-02T15:39:32Z,egw-ditto-things-1,58.18,625139712,77.63,egw-qemu-integrated
2026-10-02T15:39:32Z,egw-ditto-policies-1,20.31,561442816,69.72,egw-qemu-integrated
2026-10-02T15:39:32Z,egw-mongodb-1,9.47,243085312,45.28,egw-qemu-integrated
2026-10-02T15:39:32Z,egw-ditto-gateway-1,65.11,502497280,62.40,egw-qemu-integrated
2026-10-02T15:39:32Z,egw-controller-1,31.53,59379712,22.12,egw-qemu-integrated
2026-10-02T15:39:33Z,egw-mosquitto-1,2.19,6348800,4.73,egw-qemu-integrated
2026-10-02T15:39:33Z,egw-ditto-things-1,53.25,624881664,77.60,egw-qemu-integrated
2026-10-02T15:39:33Z,egw-ditto-policies-1,36.83,561180672,69.69,egw-qemu-integrated
2026-10-02T15:39:33Z,egw-mongodb-1,8.21,243081216,45.28,egw-qemu-integrated
2026-10-02T15:39:33Z,egw-ditto-gateway-1,75.92,502755328,62.43,egw-qemu-integrated
2026-10-02T15:39:33Z,egw-controller-1,32.96,59383808,22.12,egw-qemu-integrated
2026-10-02T15:39:34Z,egw-mosquitto-1,2.13,6348800,4.73,egw-qemu-integrated
2026-10-02T15:39:34Z,egw-ditto-things-1,110.93,625156096,77.63,egw-qemu-integrated
2026-10-02T15:39:34Z,egw-ditto-policies-1,8.40,561180672,69.69,egw-qemu-integrated
2026-10-02T15:39:34Z,egw-mongodb-1,7.94,243081216,45.28,egw-qemu-integrated
2026-10-02T15:39:34Z,egw-ditto-gateway-1,106.22,502501376,62.40,egw-qemu-integrated
2026-10-02T15:39:34Z,egw-controller-1,33.78,59908096,22.32,egw-qemu-integrated
2026-10-02T15:39:35Z,egw-mosquitto-1,1.93,6348800,4.73,egw-qemu-integrated
2026-10-02T15:39:35Z,egw-ditto-things-1,73.84,624889856,77.60,egw-qemu-integrated
2026-10-02T15:39:35Z,egw-ditto-policies-1,13.74,561184768,69.69,egw-qemu-integrated
2026-10-02T15:39:35Z,egw-mongodb-1,7.36,243081216,45.28,egw-qemu-integrated
2026-10-02T15:39:35Z,egw-ditto-gateway-1,42.71,502501376,62.40,egw-qemu-integrated
2026-10-02T15:39:35Z,egw-controller-1,31.15,59645952,22.22,egw-qemu-integrated
2026-10-02T15:39:36Z,egw-mosquitto-1,2.46,6356992,4.74,egw-qemu-integrated
2026-10-02T15:39:36Z,egw-ditto-things-1,49.66,625152000,77.63,egw-qemu-integrated
2026-10-02T15:39:36Z,egw-ditto-policies-1,9.67,561180672,69.69,egw-qemu-integrated
2026-10-02T15:39:36Z,egw-mongodb-1,8.26,243339264,45.33,egw-qemu-integrated
2026-10-02T15:39:36Z,egw-ditto-gateway-1,49.78,502755328,62.43,egw-qemu-integrated
2026-10-02T15:39:36Z,egw-controller-1,34.63,59387904,22.12,egw-qemu-integrated
2026-10-02T15:39:37Z,egw-mosquitto-1,2.16,6352896,4.73,egw-qemu-integrated
2026-10-02T15:39:37Z,egw-ditto-things-1,49.72,624898048,77.60,egw-qemu-integrated
2026-10-02T15:39:37Z,egw-ditto-policies-1,9.29,561180672,69.69,egw-qemu-integrated
2026-10-02T15:39:37Z,egw-mongodb-1,8.54,243081216,45.28,egw-qemu-integrated
2026-10-02T15:39:37Z,egw-ditto-gateway-1,46.93,502501376,62.40,egw-qemu-integrated
2026-10-02T15:39:37Z,egw-controller-1,37.05,59396096,22.13,egw-qemu-integrated
2026-10-02T15:39:38Z,egw-mosquitto-1,2.99,6352896,4.73,egw-qemu-integrated
2026-10-02T15:39:38Z,egw-ditto-things-1,66.82,624889856,77.60,egw-qemu-integrated
2026-10-02T15:39:38Z,egw-ditto-policies-1,28.71,561180672,69.69,egw-qemu-integrated
2026-10-02T15:39:38Z,egw-mongodb-1,9.78,243081216,45.28,egw-qemu-integrated
2026-10-02T15:39:38Z,egw-ditto-gateway-1,57.05,502763520,62.43,egw-qemu-integrated
2026-10-02T15:39:38Z,egw-controller-1,35.02,59392000,22.13,egw-qemu-integrated
2026-10-02T15:39:39Z,egw-mosquitto-1,3.50,6352896,4.73,egw-qemu-integrated
2026-10-02T15:39:39Z,egw-ditto-things-1,51.04,624889856,77.60,egw-qemu-integrated
2026-10-02T15:39:39Z,egw-ditto-policies-1,11.56,561180672,69.69,egw-qemu-integrated
2026-10-02T15:39:39Z,egw-mongodb-1,12.30,243089408,45.28,egw-qemu-integrated
2026-10-02T15:39:39Z,egw-ditto-gateway-1,50.33,502501376,62.40,egw-qemu-integrated
2026-10-02T15:39:39Z,egw-controller-1,31.24,59392000,22.13,egw-qemu-integrated
2026-10-02T15:39:40Z,egw-mosquitto-1,66.43,8138752,6.06,egw-qemu-integrated
2026-10-02T15:39:40Z,egw-ditto-things-1,39.56,625115136,77.62,egw-qemu-integrated
2026-10-02T15:39:40Z,egw-ditto-policies-1,10.72,561180672,69.69,egw-qemu-integrated
2026-10-02T15:39:40Z,egw-mongodb-1,52.66,244244480,45.49,egw-qemu-integrated
2026-10-02T15:39:40Z,egw-ditto-gateway-1,35.11,502759424,62.43,egw-qemu-integrated
2026-10-02T15:39:40Z,egw-controller-1,28.74,59392000,22.13,egw-qemu-integrated
2026-10-02T15:39:41Z,egw-mosquitto-1,7.16,6381568,4.75,egw-qemu-integrated
2026-10-02T15:39:41Z,egw-ditto-things-1,58.06,624934912,77.60,egw-qemu-integrated
2026-10-02T15:39:41Z,egw-ditto-policies-1,48.69,561184768,69.69,egw-qemu-integrated
2026-10-02T15:39:41Z,egw-mongodb-1,90.68,391442432,72.91,egw-qemu-integrated
2026-10-02T15:39:41Z,egw-ditto-gateway-1,42.60,502497280,62.40,egw-qemu-integrated
2026-10-02T15:39:41Z,egw-controller-1,24.49,59404288,22.13,egw-qemu-integrated
2026-10-02T15:39:42Z,egw-mosquitto-1,2.15,6381568,4.75,egw-qemu-integrated
2026-10-02T15:39:42Z,egw-ditto-things-1,47.39,624930816,77.60,egw-qemu-integrated
2026-10-02T15:39:42Z,egw-ditto-policies-1,9.11,561184768,69.69,egw-qemu-integrated
2026-10-02T15:39:42Z,egw-mongodb-1,139.72,396083200,73.78,egw-qemu-integrated
2026-10-02T15:39:42Z,egw-ditto-gateway-1,40.67,502501376,62.40,egw-qemu-integrated
2026-10-02T15:39:42Z,egw-controller-1,32.54,59674624,22.23,egw-qemu-integrated
2026-10-02T15:39:43Z,egw-mosquitto-1,3.39,6373376,4.75,egw-qemu-integrated
2026-10-02T15:39:43Z,egw-ditto-things-1,43.80,624930816,77.60,egw-qemu-integrated
2026-10-02T15:39:43Z,egw-ditto-policies-1,11.47,561184768,69.69,egw-qemu-integrated
2026-10-02T15:39:43Z,egw-mongodb-1,101.69,398532608,74.23,egw-qemu-integrated
2026-10-02T15:39:43Z,egw-ditto-gateway-1,45.14,502759424,62.43,egw-qemu-integrated
2026-10-02T15:39:43Z,egw-controller-1,33.17,59678720,22.23,egw-qemu-integrated
2026-10-02T15:39:44Z,egw-mosquitto-1,2.35,6385664,4.76,egw-qemu-integrated
2026-10-02T15:39:44Z,egw-ditto-things-1,57.24,624934912,77.60,egw-qemu-integrated
2026-10-02T15:39:44Z,egw-ditto-policies-1,9.56,561446912,69.72,egw-qemu-integrated
2026-10-02T15:39:44Z,egw-mongodb-1,120.94,402771968,75.02,egw-qemu-integrated
2026-10-02T15:39:44Z,egw-ditto-gateway-1,44.36,502759424,62.43,egw-qemu-integrated
2026-10-02T15:39:44Z,egw-controller-1,32.90,59420672,22.14,egw-qemu-integrated
2026-10-02T15:39:45Z,egw-mosquitto-1,2.78,6397952,4.77,egw-qemu-integrated
2026-10-02T15:39:45Z,egw-ditto-things-1,40.83,624934912,77.60,egw-qemu-integrated
2026-10-02T15:39:45Z,egw-ditto-policies-1,8.85,561184768,69.69,egw-qemu-integrated
2026-10-02T15:39:45Z,egw-mongodb-1,156.97,408240128,76.04,egw-qemu-integrated
2026-10-02T15:39:45Z,egw-ditto-gateway-1,34.18,502497280,62.40,egw-qemu-integrated
2026-10-02T15:39:45Z,egw-controller-1,31.03,59416576,22.13,egw-qemu-integrated
2026-10-02T15:39:46Z,egw-mosquitto-1,2.81,6397952,4.77,egw-qemu-integrated
2026-10-02T15:39:46Z,egw-ditto-things-1,89.81,625426432,77.66,egw-qemu-integrated
2026-10-02T15:39:46Z,egw-ditto-policies-1,20.49,561184768,69.69,egw-qemu-integrated
2026-10-02T15:39:46Z,egw-mongodb-1,13.77,243146752,45.29,egw-qemu-integrated
2026-10-02T15:39:46Z,egw-ditto-gateway-1,48.52,502501376,62.40,egw-qemu-integrated
2026-10-02T15:39:46Z,egw-controller-1,28.73,59424768,22.14,egw-qemu-integrated
2026-10-02T15:39:47Z,egw-mosquitto-1,2.35,6397952,4.77,egw-qemu-integrated
2026-10-02T15:39:47Z,egw-ditto-things-1,67.46,625197056,77.63,egw-qemu-integrated
2026-10-02T15:39:47Z,egw-ditto-policies-1,9.84,561184768,69.69,egw-qemu-integrated
2026-10-02T15:39:47Z,egw-mongodb-1,6.96,243146752,45.29,egw-qemu-integrated
2026-10-02T15:39:47Z,egw-ditto-gateway-1,78.82,503103488,62.47,egw-qemu-integrated
2026-10-02T15:39:47Z,egw-controller-1,30.84,59428864,22.14,egw-qemu-integrated
2026-10-02T15:39:48Z,egw-mosquitto-1,2.19,6389760,4.76,egw-qemu-integrated
2026-10-02T15:39:48Z,egw-ditto-things-1,52.61,624939008,77.60,egw-qemu-integrated
2026-10-02T15:39:48Z,egw-ditto-policies-1,10.38,561184768,69.69,egw-qemu-integrated
2026-10-02T15:39:48Z,egw-mongodb-1,9.44,243146752,45.29,egw-qemu-integrated
2026-10-02T15:39:48Z,egw-ditto-gateway-1,47.47,503103488,62.47,egw-qemu-integrated
2026-10-02T15:39:48Z,egw-controller-1,36.33,59420672,22.14,egw-qemu-integrated
2026-10-02T15:39:49Z,egw-mosquitto-1,2.83,6410240,4.78,egw-qemu-integrated
2026-10-02T15:39:49Z,egw-ditto-things-1,47.95,624934912,77.60,egw-qemu-integrated
2026-10-02T15:39:49Z,egw-ditto-policies-1,12.81,561184768,69.69,egw-qemu-integrated
2026-10-02T15:39:49Z,egw-mongodb-1,21.41,243412992,45.34,egw-qemu-integrated
2026-10-02T15:39:49Z,egw-ditto-gateway-1,104.61,504848384,62.69,egw-qemu-integrated
2026-10-02T15:39:49Z,egw-controller-1,29.92,59682816,22.23,egw-qemu-integrated
2026-10-02T15:39:50Z,egw-mosquitto-1,2.43,6402048,4.77,egw-qemu-integrated
2026-10-02T15:39:50Z,egw-ditto-things-1,49.84,624955392,77.60,egw-qemu-integrated
2026-10-02T15:39:50Z,egw-ditto-policies-1,12.55,561184768,69.69,egw-qemu-integrated
2026-10-02T15:39:50Z,egw-mongodb-1,11.28,243154944,45.29,egw-qemu-integrated
2026-10-02T15:39:50Z,egw-ditto-gateway-1,111.68,503119872,62.48,egw-qemu-integrated
2026-10-02T15:39:50Z,egw-controller-1,30.79,59432960,22.14,egw-qemu-integrated
2026-10-02T15:39:51Z,egw-mosquitto-1,2.31,6402048,4.77,egw-qemu-integrated
2026-10-02T15:39:51Z,egw-ditto-things-1,48.98,625192960,77.63,egw-qemu-integrated
2026-10-02T15:39:51Z,egw-ditto-policies-1,9.83,561184768,69.69,egw-qemu-integrated
2026-10-02T15:39:51Z,egw-mongodb-1,9.13,243154944,45.29,egw-qemu-integrated
2026-10-02T15:39:51Z,egw-ditto-gateway-1,46.78,503119872,62.48,egw-qemu-integrated
2026-10-02T15:39:51Z,egw-controller-1,36.97,59699200,22.24,egw-qemu-integrated
2026-10-02T15:39:52Z,egw-mosquitto-1,2.53,6402048,4.77,egw-qemu-integrated
2026-10-02T15:39:52Z,egw-ditto-things-1,52.82,625455104,77.67,egw-qemu-integrated
2026-10-02T15:39:52Z,egw-ditto-policies-1,10.11,561184768,69.69,egw-qemu-integrated
2026-10-02T15:39:52Z,egw-mongodb-1,9.62,243408896,45.34,egw-qemu-integrated
2026-10-02T15:39:52Z,egw-ditto-gateway-1,51.57,503373824,62.51,egw-qemu-integrated
2026-10-02T15:39:52Z,egw-controller-1,35.43,59695104,22.24,egw-qemu-integrated
2026-10-02T15:39:53Z,egw-mosquitto-1,2.44,6402048,4.77,egw-qemu-integrated
2026-10-02T15:39:53Z,egw-ditto-things-1,48.77,624939008,77.60,egw-qemu-integrated
2026-10-02T15:39:53Z,egw-ditto-policies-1,9.17,561184768,69.69,egw-qemu-integrated
2026-10-02T15:39:53Z,egw-mongodb-1,9.41,243412992,45.34,egw-qemu-integrated
2026-10-02T15:39:53Z,egw-ditto-gateway-1,62.48,503115776,62.48,egw-qemu-integrated
2026-10-02T15:39:53Z,egw-controller-1,36.56,59428864,22.14,egw-qemu-integrated
2026-10-02T15:39:54Z,egw-mosquitto-1,2.78,6402048,4.77,egw-qemu-integrated
2026-10-02T15:39:54Z,egw-ditto-things-1,45.06,624934912,77.60,egw-qemu-integrated
2026-10-02T15:39:54Z,egw-ditto-policies-1,10.72,561188864,69.69,egw-qemu-integrated
2026-10-02T15:39:54Z,egw-mongodb-1,7.64,243150848,45.29,egw-qemu-integrated
2026-10-02T15:39:54Z,egw-ditto-gateway-1,51.74,503119872,62.48,egw-qemu-integrated
2026-10-02T15:39:54Z,egw-controller-1,108.04,67104768,25.00,egw-qemu-integrated
2026-10-02T15:39:55Z,egw-mosquitto-1,2.39,6402048,4.77,egw-qemu-integrated
2026-10-02T15:39:55Z,egw-ditto-things-1,48.14,624934912,77.60,egw-qemu-integrated
2026-10-02T15:39:55Z,egw-ditto-policies-1,15.10,561184768,69.69,egw-qemu-integrated
2026-10-02T15:39:55Z,egw-mongodb-1,7.55,243154944,45.29,egw-qemu-integrated
2026-10-02T15:39:55Z,egw-ditto-gateway-1,44.83,503119872,62.48,egw-qemu-integrated
2026-10-02T15:39:55Z,egw-controller-1,128.52,70168576,26.14,egw-qemu-integrated
2026-10-02T15:39:56Z,egw-mosquitto-1,2.19,6406144,4.77,egw-qemu-integrated
2026-10-02T15:39:56Z,egw-ditto-things-1,63.41,625418240,77.66,egw-qemu-integrated
2026-10-02T15:39:56Z,egw-ditto-policies-1,15.47,561184768,69.69,egw-qemu-integrated
2026-10-02T15:39:56Z,egw-mongodb-1,7.02,243150848,45.29,egw-qemu-integrated
2026-10-02T15:39:56Z,egw-ditto-gateway-1,44.34,503119872,62.48,egw-qemu-integrated
2026-10-02T15:39:56Z,egw-controller-1,125.58,71671808,26.70,egw-qemu-integrated
2026-10-02T15:39:57Z,egw-mosquitto-1,5.97,6406144,4.77,egw-qemu-integrated
2026-10-02T15:39:57Z,egw-ditto-things-1,67.11,625164288,77.63,egw-qemu-integrated
2026-10-02T15:39:57Z,egw-ditto-policies-1,27.66,561184768,69.69,egw-qemu-integrated
2026-10-02T15:39:57Z,egw-mongodb-1,23.77,243150848,45.29,egw-qemu-integrated
2026-10-02T15:39:57Z,egw-ditto-gateway-1,42.96,503119872,62.48,egw-qemu-integrated
2026-10-02T15:39:57Z,egw-controller-1,103.74,72994816,27.19,egw-qemu-integrated
2026-10-02T15:39:58Z,egw-mosquitto-1,1.83,6410240,4.78,egw-qemu-integrated
2026-10-02T15:39:58Z,egw-ditto-things-1,57.91,625123328,77.63,egw-qemu-integrated
2026-10-02T15:39:58Z,egw-ditto-policies-1,37.38,561188864,69.69,egw-qemu-integrated
2026-10-02T15:39:58Z,egw-mongodb-1,6.47,243150848,45.29,egw-qemu-integrated
2026-10-02T15:39:58Z,egw-ditto-gateway-1,82.68,503119872,62.48,egw-qemu-integrated
2026-10-02T15:39:58Z,egw-controller-1,32.48,59703296,22.24,egw-qemu-integrated
2026-10-02T15:39:59Z,egw-mosquitto-1,2.91,6680576,4.98,egw-qemu-integrated
2026-10-02T15:39:59Z,egw-ditto-things-1,53.98,625160192,77.63,egw-qemu-integrated
2026-10-02T15:39:59Z,egw-ditto-policies-1,10.05,561184768,69.69,egw-qemu-integrated
2026-10-02T15:39:59Z,egw-mongodb-1,9.55,243150848,45.29,egw-qemu-integrated
2026-10-02T15:39:59Z,egw-ditto-gateway-1,73.85,503123968,62.48,egw-qemu-integrated
2026-10-02T15:39:59Z,egw-controller-1,35.00,59449344,22.15,egw-qemu-integrated
2026-10-02T15:40:00Z,egw-mosquitto-1,2.29,6418432,4.78,egw-qemu-integrated
2026-10-02T15:40:00Z,egw-ditto-things-1,62.60,625164288,77.63,egw-qemu-integrated
2026-10-02T15:40:00Z,egw-ditto-policies-1,17.45,561184768,69.69,egw-qemu-integrated
2026-10-02T15:40:00Z,egw-mongodb-1,11.02,243150848,45.29,egw-qemu-integrated
2026-10-02T15:40:00Z,egw-ditto-gateway-1,64.15,503119872,62.48,egw-qemu-integrated
2026-10-02T15:40:00Z,egw-controller-1,32.71,59711488,22.24,egw-qemu-integrated
2026-10-02T15:40:01Z,egw-mosquitto-1,2.14,6418432,4.78,egw-qemu-integrated
2026-10-02T15:40:01Z,egw-ditto-things-1,51.45,625422336,77.66,egw-qemu-integrated
2026-10-02T15:40:01Z,egw-ditto-policies-1,11.43,561184768,69.69,egw-qemu-integrated
2026-10-02T15:40:01Z,egw-mongodb-1,8.65,243150848,45.29,egw-qemu-integrated
2026-10-02T15:40:01Z,egw-ditto-gateway-1,49.14,503377920,62.51,egw-qemu-integrated
2026-10-02T15:40:01Z,egw-controller-1,34.98,59445248,22.15,egw-qemu-integrated
2026-10-02T15:40:02Z,egw-mosquitto-1,2.17,6418432,4.78,egw-qemu-integrated
2026-10-02T15:40:02Z,egw-ditto-things-1,50.07,625422336,77.66,egw-qemu-integrated
2026-10-02T15:40:02Z,egw-ditto-policies-1,8.66,561188864,69.69,egw-qemu-integrated
2026-10-02T15:40:02Z,egw-mongodb-1,9.29,243150848,45.29,egw-qemu-integrated
2026-10-02T15:40:02Z,egw-ditto-gateway-1,47.86,503119872,62.48,egw-qemu-integrated
2026-10-02T15:40:02Z,egw-controller-1,34.97,59453440,22.15,egw-qemu-integrated
2026-10-02T15:40:03Z,egw-mosquitto-1,2.51,6418432,4.78,egw-qemu-integrated
2026-10-02T15:40:03Z,egw-ditto-things-1,54.65,625426432,77.66,egw-qemu-integrated
2026-10-02T15:40:03Z,egw-ditto-policies-1,32.07,561184768,69.69,egw-qemu-integrated
2026-10-02T15:40:03Z,egw-mongodb-1,9.41,243154944,45.29,egw-qemu-integrated
2026-10-02T15:40:03Z,egw-ditto-gateway-1,47.77,503119872,62.48,egw-qemu-integrated
2026-10-02T15:40:03Z,egw-controller-1,36.29,59453440,22.15,egw-qemu-integrated
2026-10-02T15:40:04Z,egw-mosquitto-1,2.30,6418432,4.78,egw-qemu-integrated
2026-10-02T15:40:04Z,egw-ditto-things-1,67.15,625164288,77.63,egw-qemu-integrated
2026-10-02T15:40:04Z,egw-ditto-policies-1,12.21,561184768,69.69,egw-qemu-integrated
2026-10-02T15:40:04Z,egw-mongodb-1,7.65,243150848,45.29,egw-qemu-integrated
2026-10-02T15:40:04Z,egw-ditto-gateway-1,60.14,503119872,62.48,egw-qemu-integrated
2026-10-02T15:40:04Z,egw-controller-1,34.01,59453440,22.15,egw-qemu-integrated
2026-10-02T15:40:05Z,egw-mosquitto-1,2.56,6672384,4.97,egw-qemu-integrated
2026-10-02T15:40:05Z,egw-ditto-things-1,70.40,625176576,77.63,egw-qemu-integrated
2026-10-02T15:40:05Z,egw-ditto-policies-1,15.10,561188864,69.69,egw-qemu-integrated
2026-10-02T15:40:05Z,egw-mongodb-1,8.32,243150848,45.29,egw-qemu-integrated
2026-10-02T15:40:05Z,egw-ditto-gateway-1,57.69,503115776,62.48,egw-qemu-integrated
2026-10-02T15:40:05Z,egw-controller-1,35.29,59461632,22.15,egw-qemu-integrated
2026-10-02T15:40:06Z,egw-mosquitto-1,2.45,6418432,4.78,egw-qemu-integrated
2026-10-02T15:40:06Z,egw-ditto-things-1,69.89,625172480,77.63,egw-qemu-integrated
2026-10-02T15:40:06Z,egw-ditto-policies-1,26.51,561184768,69.69,egw-qemu-integrated
2026-10-02T15:40:06Z,egw-mongodb-1,8.10,243150848,45.29,egw-qemu-integrated
2026-10-02T15:40:06Z,egw-ditto-gateway-1,52.85,503377920,62.51,egw-qemu-integrated
2026-10-02T15:40:06Z,egw-controller-1,39.64,59719680,22.25,egw-qemu-integrated
2026-10-02T15:40:07Z,egw-mosquitto-1,2.43,6426624,4.79,egw-qemu-integrated
2026-10-02T15:40:07Z,egw-ditto-things-1,69.98,625467392,77.67,egw-qemu-integrated
2026-10-02T15:40:07Z,egw-ditto-policies-1,10.48,561184768,69.69,egw-qemu-integrated
2026-10-02T15:40:07Z,egw-mongodb-1,7.49,243412992,45.34,egw-qemu-integrated
2026-10-02T15:40:07Z,egw-ditto-gateway-1,43.73,503115776,62.48,egw-qemu-integrated
2026-10-02T15:40:07Z,egw-controller-1,33.13,59461632,22.15,egw-qemu-integrated
2026-10-02T15:40:08Z,egw-mosquitto-1,2.35,6430720,4.79,egw-qemu-integrated
2026-10-02T15:40:08Z,egw-ditto-things-1,56.97,625459200,77.67,egw-qemu-integrated
2026-10-02T15:40:08Z,egw-ditto-policies-1,11.34,561188864,69.69,egw-qemu-integrated
2026-10-02T15:40:08Z,egw-mongodb-1,10.05,243154944,45.29,egw-qemu-integrated
2026-10-02T15:40:08Z,egw-ditto-gateway-1,46.30,503115776,62.48,egw-qemu-integrated
2026-10-02T15:40:08Z,egw-controller-1,35.01,59719680,22.25,egw-qemu-integrated
2026-10-02T15:40:09Z,egw-mosquitto-1,2.61,6430720,4.79,egw-qemu-integrated
2026-10-02T15:40:09Z,egw-ditto-things-1,78.28,625213440,77.64,egw-qemu-integrated
2026-10-02T15:40:09Z,egw-ditto-policies-1,9.57,561184768,69.69,egw-qemu-integrated
2026-10-02T15:40:09Z,egw-mongodb-1,9.23,243154944,45.29,egw-qemu-integrated
2026-10-02T15:40:09Z,egw-ditto-gateway-1,40.10,503115776,62.48,egw-qemu-integrated
2026-10-02T15:40:09Z,egw-controller-1,35.54,59461632,22.15,egw-qemu-integrated
2026-10-02T15:40:10Z,egw-mosquitto-1,69.21,6438912,4.80,egw-qemu-integrated
2026-10-02T15:40:10Z,egw-ditto-things-1,65.52,625479680,77.67,egw-qemu-integrated
2026-10-02T15:40:10Z,egw-ditto-policies-1,12.41,561184768,69.69,egw-qemu-integrated
2026-10-02T15:40:10Z,egw-mongodb-1,9.67,243150848,45.29,egw-qemu-integrated
2026-10-02T15:40:10Z,egw-ditto-gateway-1,39.70,503115776,62.48,egw-qemu-integrated
2026-10-02T15:40:10Z,egw-controller-1,27.58,59715584,22.25,egw-qemu-integrated
2026-10-02T15:40:11Z,egw-mosquitto-1,2.22,6438912,4.80,egw-qemu-integrated
2026-10-02T15:40:11Z,egw-ditto-things-1,80.25,625229824,77.64,egw-qemu-integrated
2026-10-02T15:40:11Z,egw-ditto-policies-1,9.71,561184768,69.69,egw-qemu-integrated
2026-10-02T15:40:11Z,egw-mongodb-1,7.72,243150848,45.29,egw-qemu-integrated
2026-10-02T15:40:11Z,egw-ditto-gateway-1,44.34,503115776,62.48,egw-qemu-integrated
2026-10-02T15:40:11Z,egw-controller-1,33.58,59457536,22.15,egw-qemu-integrated
2026-10-02T15:40:12Z,egw-mosquitto-1,4.35,6451200,4.81,egw-qemu-integrated
2026-10-02T15:40:12Z,egw-ditto-things-1,47.88,625229824,77.64,egw-qemu-integrated
2026-10-02T15:40:12Z,egw-ditto-policies-1,43.15,561188864,69.69,egw-qemu-integrated
2026-10-02T15:40:12Z,egw-mongodb-1,6.61,243154944,45.29,egw-qemu-integrated
2026-10-02T15:40:12Z,egw-ditto-gateway-1,44.81,503123968,62.48,egw-qemu-integrated
2026-10-02T15:40:12Z,egw-controller-1,33.24,59469824,22.15,egw-qemu-integrated
2026-10-02T15:40:13Z,egw-mosquitto-1,2.22,6709248,5.00,egw-qemu-integrated
2026-10-02T15:40:13Z,egw-ditto-things-1,50.22,625233920,77.64,egw-qemu-integrated
2026-10-02T15:40:13Z,egw-ditto-policies-1,7.85,561188864,69.69,egw-qemu-integrated
2026-10-02T15:40:13Z,egw-mongodb-1,8.62,243150848,45.29,egw-qemu-integrated
2026-10-02T15:40:13Z,egw-ditto-gateway-1,50.33,503132160,62.48,egw-qemu-integrated
2026-10-02T15:40:13Z,egw-controller-1,34.93,59723776,22.25,egw-qemu-integrated
2026-10-02T15:40:14Z,egw-mosquitto-1,2.25,6447104,4.80,egw-qemu-integrated
2026-10-02T15:40:14Z,egw-ditto-things-1,56.78,625233920,77.64,egw-qemu-integrated
2026-10-02T15:40:14Z,egw-ditto-policies-1,26.08,561188864,69.69,egw-qemu-integrated
2026-10-02T15:40:14Z,egw-mongodb-1,34.19,246718464,45.95,egw-qemu-integrated
2026-10-02T15:40:14Z,egw-ditto-gateway-1,51.50,503123968,62.48,egw-qemu-integrated
2026-10-02T15:40:14Z,egw-controller-1,30.35,59461632,22.15,egw-qemu-integrated
2026-10-02T15:40:15Z,egw-mosquitto-1,3.11,6451200,4.81,egw-qemu-integrated
2026-10-02T15:40:15Z,egw-ditto-things-1,41.36,625766400,77.71,egw-qemu-integrated
2026-10-02T15:40:15Z,egw-ditto-policies-1,10.15,561188864,69.69,egw-qemu-integrated
2026-10-02T15:40:15Z,egw-mongodb-1,99.98,355454976,66.21,egw-qemu-integrated
2026-10-02T15:40:15Z,egw-ditto-gateway-1,39.39,503123968,62.48,egw-qemu-integrated
2026-10-02T15:40:15Z,egw-controller-1,31.93,59465728,22.15,egw-qemu-integrated
2026-10-02T15:40:16Z,egw-mosquitto-1,2.15,6451200,4.81,egw-qemu-integrated
2026-10-02T15:40:16Z,egw-ditto-things-1,111.52,625188864,77.63,egw-qemu-integrated
2026-10-02T15:40:16Z,egw-ditto-policies-1,11.81,561188864,69.69,egw-qemu-integrated
2026-10-02T15:40:16Z,egw-mongodb-1,108.50,391680000,72.96,egw-qemu-integrated
2026-10-02T15:40:16Z,egw-ditto-gateway-1,36.29,503123968,62.48,egw-qemu-integrated
2026-10-02T15:40:16Z,egw-controller-1,29.60,59473920,22.16,egw-qemu-integrated
2026-10-02T15:40:17Z,egw-mosquitto-1,2.21,6459392,4.81,egw-qemu-integrated
2026-10-02T15:40:17Z,egw-ditto-things-1,45.81,625188864,77.63,egw-qemu-integrated
2026-10-02T15:40:17Z,egw-ditto-policies-1,13.31,561188864,69.69,egw-qemu-integrated
2026-10-02T15:40:17Z,egw-mongodb-1,139.62,395792384,73.72,egw-qemu-integrated
2026-10-02T15:40:17Z,egw-ditto-gateway-1,42.85,503123968,62.48,egw-qemu-integrated
2026-10-02T15:40:17Z,egw-controller-1,30.44,59473920,22.16,egw-qemu-integrated
2026-10-02T15:40:18Z,egw-mosquitto-1,2.53,6459392,4.81,egw-qemu-integrated
2026-10-02T15:40:18Z,egw-ditto-things-1,48.06,625229824,77.64,egw-qemu-integrated
2026-10-02T15:40:18Z,egw-ditto-policies-1,8.87,561188864,69.69,egw-qemu-integrated
2026-10-02T15:40:18Z,egw-mongodb-1,81.95,396070912,73.77,egw-qemu-integrated
2026-10-02T15:40:18Z,egw-ditto-gateway-1,37.01,503123968,62.48,egw-qemu-integrated
2026-10-02T15:40:18Z,egw-controller-1,33.01,59723776,22.25,egw-qemu-integrated
2026-10-02T15:40:19Z,egw-mosquitto-1,2.42,6459392,4.81,egw-qemu-integrated
2026-10-02T15:40:19Z,egw-ditto-things-1,38.60,625229824,77.64,egw-qemu-integrated
2026-10-02T15:40:19Z,egw-ditto-policies-1,9.46,561188864,69.69,egw-qemu-integrated
2026-10-02T15:40:19Z,egw-mongodb-1,117.73,400842752,74.66,egw-qemu-integrated
2026-10-02T15:40:19Z,egw-ditto-gateway-1,83.83,505151488,62.73,egw-qemu-integrated
2026-10-02T15:40:19Z,egw-controller-1,24.64,59736064,22.25,egw-qemu-integrated
2026-10-02T15:40:20Z,egw-mosquitto-1,2.37,6459392,4.81,egw-qemu-integrated
2026-10-02T15:40:20Z,egw-ditto-things-1,60.53,625496064,77.67,egw-qemu-integrated
2026-10-02T15:40:20Z,egw-ditto-policies-1,11.72,561188864,69.69,egw-qemu-integrated
2026-10-02T15:40:20Z,egw-mongodb-1,115.25,404807680,75.40,egw-qemu-integrated
2026-10-02T15:40:20Z,egw-ditto-gateway-1,58.21,503123968,62.48,egw-qemu-integrated
2026-10-02T15:40:20Z,egw-controller-1,31.15,59478016,22.16,egw-qemu-integrated
2026-10-02T15:40:21Z,egw-mosquitto-1,2.14,6725632,5.01,egw-qemu-integrated
2026-10-02T15:40:21Z,egw-ditto-things-1,42.64,625233920,77.64,egw-qemu-integrated
2026-10-02T15:40:21Z,egw-ditto-policies-1,8.14,561188864,69.69,egw-qemu-integrated
2026-10-02T15:40:21Z,egw-mongodb-1,101.24,243159040,45.29,egw-qemu-integrated
2026-10-02T15:40:21Z,egw-ditto-gateway-1,73.61,503132160,62.48,egw-qemu-integrated
2026-10-02T15:40:21Z,egw-controller-1,29.52,59482112,22.16,egw-qemu-integrated
2026-10-02T15:40:22Z,egw-mosquitto-1,2.21,6471680,4.82,egw-qemu-integrated
2026-10-02T15:40:22Z,egw-ditto-things-1,43.46,625192960,77.63,egw-qemu-integrated
2026-10-02T15:40:22Z,egw-ditto-policies-1,9.57,561188864,69.69,egw-qemu-integrated
2026-10-02T15:40:22Z,egw-mongodb-1,8.89,243163136,45.29,egw-qemu-integrated
2026-10-02T15:40:22Z,egw-ditto-gateway-1,124.24,503144448,62.48,egw-qemu-integrated
2026-10-02T15:40:22Z,egw-controller-1,30.27,59478016,22.16,egw-qemu-integrated
2026-10-02T15:40:23Z,egw-mosquitto-1,2.35,6479872,4.83,egw-qemu-integrated
2026-10-02T15:40:23Z,egw-ditto-things-1,60.52,625238016,77.64,egw-qemu-integrated
2026-10-02T15:40:23Z,egw-ditto-policies-1,21.36,561192960,69.69,egw-qemu-integrated
2026-10-02T15:40:23Z,egw-mongodb-1,9.16,243421184,45.34,egw-qemu-integrated
2026-10-02T15:40:23Z,egw-ditto-gateway-1,49.03,503140352,62.48,egw-qemu-integrated
2026-10-02T15:40:23Z,egw-controller-1,33.34,59478016,22.16,egw-qemu-integrated
2026-10-02T15:40:24Z,egw-mosquitto-1,2.23,6479872,4.83,egw-qemu-integrated
2026-10-02T15:40:24Z,egw-ditto-things-1,58.88,625500160,77.67,egw-qemu-integrated
2026-10-02T15:40:24Z,egw-ditto-policies-1,20.59,561188864,69.69,egw-qemu-integrated
2026-10-02T15:40:24Z,egw-mongodb-1,10.97,243163136,45.29,egw-qemu-integrated
2026-10-02T15:40:24Z,egw-ditto-gateway-1,47.62,503140352,62.48,egw-qemu-integrated
2026-10-02T15:40:24Z,egw-controller-1,32.84,59482112,22.16,egw-qemu-integrated
2026-10-02T15:40:25Z,egw-mosquitto-1,2.65,6479872,4.83,egw-qemu-integrated
2026-10-02T15:40:25Z,egw-ditto-things-1,48.01,625242112,77.64,egw-qemu-integrated
2026-10-02T15:40:25Z,egw-ditto-policies-1,7.07,561192960,69.69,egw-qemu-integrated
2026-10-02T15:40:25Z,egw-mongodb-1,8.17,243159040,45.29,egw-qemu-integrated
2026-10-02T15:40:25Z,egw-ditto-gateway-1,45.74,503144448,62.48,egw-qemu-integrated
2026-10-02T15:40:25Z,egw-controller-1,36.44,59478016,22.16,egw-qemu-integrated
2026-10-02T15:40:26Z,egw-mosquitto-1,2.32,6475776,4.82,egw-qemu-integrated
2026-10-02T15:40:26Z,egw-ditto-things-1,48.88,625242112,77.64,egw-qemu-integrated
2026-10-02T15:40:26Z,egw-ditto-policies-1,13.11,561192960,69.69,egw-qemu-integrated
2026-10-02T15:40:26Z,egw-mongodb-1,8.52,243159040,45.29,egw-qemu-integrated
2026-10-02T15:40:26Z,egw-ditto-gateway-1,47.37,503144448,62.48,egw-qemu-integrated
2026-10-02T15:40:26Z,egw-controller-1,37.19,60485632,22.53,egw-qemu-integrated
2026-10-02T15:40:27Z,egw-mosquitto-1,3.62,6479872,4.83,egw-qemu-integrated
2026-10-02T15:40:27Z,egw-ditto-things-1,48.25,625242112,77.64,egw-qemu-integrated
2026-10-02T15:40:27Z,egw-ditto-policies-1,19.90,561192960,69.69,egw-qemu-integrated
2026-10-02T15:40:27Z,egw-mongodb-1,8.85,243163136,45.29,egw-qemu-integrated
2026-10-02T15:40:27Z,egw-ditto-gateway-1,53.85,503140352,62.48,egw-qemu-integrated
2026-10-02T15:40:27Z,egw-controller-1,121.34,65142784,24.27,egw-qemu-integrated
2026-10-02T15:40:28Z,egw-mosquitto-1,2.15,6483968,4.83,egw-qemu-integrated
2026-10-02T15:40:28Z,egw-ditto-things-1,66.90,625242112,77.64,egw-qemu-integrated
2026-10-02T15:40:28Z,egw-ditto-policies-1,52.81,561188864,69.69,egw-qemu-integrated
2026-10-02T15:40:28Z,egw-mongodb-1,23.71,243159040,45.29,egw-qemu-integrated
2026-10-02T15:40:28Z,egw-ditto-gateway-1,48.26,503140352,62.48,egw-qemu-integrated
2026-10-02T15:40:28Z,egw-controller-1,101.89,70516736,26.27,egw-qemu-integrated
2026-10-02T15:40:29Z,egw-mosquitto-1,2.28,6750208,5.03,egw-qemu-integrated
2026-10-02T15:40:29Z,egw-ditto-things-1,66.06,625242112,77.64,egw-qemu-integrated
2026-10-02T15:40:29Z,egw-ditto-policies-1,28.48,561188864,69.69,egw-qemu-integrated
2026-10-02T15:40:29Z,egw-mongodb-1,7.91,243159040,45.29,egw-qemu-integrated
2026-10-02T15:40:29Z,egw-ditto-gateway-1,54.22,503140352,62.48,egw-qemu-integrated
2026-10-02T15:40:29Z,egw-controller-1,120.61,71708672,26.71,egw-qemu-integrated
2026-10-02T15:40:30Z,egw-mosquitto-1,2.68,6475776,4.82,egw-qemu-integrated
2026-10-02T15:40:30Z,egw-ditto-things-1,64.67,625250304,77.64,egw-qemu-integrated
2026-10-02T15:40:30Z,egw-ditto-policies-1,9.01,561188864,69.69,egw-qemu-integrated
2026-10-02T15:40:30Z,egw-mongodb-1,11.28,243163136,45.29,egw-qemu-integrated
2026-10-02T15:40:30Z,egw-ditto-gateway-1,38.91,503140352,62.48,egw-qemu-integrated
2026-10-02T15:40:30Z,egw-controller-1,100.10,59498496,22.16,egw-qemu-integrated
2026-10-02T15:40:31Z,egw-mosquitto-1,2.50,6492160,4.84,egw-qemu-integrated
2026-10-02T15:40:31Z,egw-ditto-things-1,49.05,625512448,77.67,egw-qemu-integrated
2026-10-02T15:40:31Z,egw-ditto-policies-1,19.18,561192960,69.69,egw-qemu-integrated
2026-10-02T15:40:31Z,egw-mongodb-1,8.35,243421184,45.34,egw-qemu-integrated
2026-10-02T15:40:31Z,egw-ditto-gateway-1,47.48,503140352,62.48,egw-qemu-integrated
2026-10-02T15:40:31Z,egw-controller-1,37.86,59502592,22.17,egw-qemu-integrated
2026-10-02T15:40:32Z,egw-mosquitto-1,2.47,6746112,5.03,egw-qemu-integrated
2026-10-02T15:40:32Z,egw-ditto-things-1,48.92,625250304,77.64,egw-qemu-integrated
2026-10-02T15:40:32Z,egw-ditto-policies-1,26.56,561192960,69.69,egw-qemu-integrated
2026-10-02T15:40:32Z,egw-mongodb-1,9.79,243159040,45.29,egw-qemu-integrated
2026-10-02T15:40:32Z,egw-ditto-gateway-1,47.66,503140352,62.48,egw-qemu-integrated
2026-10-02T15:40:32Z,egw-controller-1,34.68,59768832,22.27,egw-qemu-integrated
2026-10-02T15:40:33Z,egw-mosquitto-1,2.43,6488064,4.83,egw-qemu-integrated
2026-10-02T15:40:33Z,egw-ditto-things-1,66.94,625254400,77.64,egw-qemu-integrated
2026-10-02T15:40:33Z,egw-ditto-policies-1,7.50,561192960,69.69,egw-qemu-integrated
2026-10-02T15:40:33Z,egw-mongodb-1,8.31,243163136,45.29,egw-qemu-integrated
2026-10-02T15:40:33Z,egw-ditto-gateway-1,54.27,503148544,62.48,egw-qemu-integrated
2026-10-02T15:40:33Z,egw-controller-1,34.53,59752448,22.26,egw-qemu-integrated
2026-10-02T15:40:34Z,egw-mosquitto-1,2.62,6750208,5.03,egw-qemu-integrated
2026-10-02T15:40:34Z,egw-ditto-things-1,68.97,625254400,77.64,egw-qemu-integrated
2026-10-02T15:40:34Z,egw-ditto-policies-1,29.17,561192960,69.69,egw-qemu-integrated
2026-10-02T15:40:34Z,egw-mongodb-1,7.49,243159040,45.29,egw-qemu-integrated
2026-10-02T15:40:34Z,egw-ditto-gateway-1,65.14,503148544,62.48,egw-qemu-integrated
2026-10-02T15:40:34Z,egw-controller-1,30.74,60018688,22.36,egw-qemu-integrated
2026-10-02T15:40:35Z,egw-mosquitto-1,2.52,6488064,4.83,egw-qemu-integrated
2026-10-02T15:40:35Z,egw-ditto-things-1,67.53,625266688,77.64,egw-qemu-integrated
2026-10-02T15:40:35Z,egw-ditto-policies-1,8.85,561192960,69.69,egw-qemu-integrated
2026-10-02T15:40:35Z,egw-mongodb-1,7.77,243159040,45.29,egw-qemu-integrated
2026-10-02T15:40:35Z,egw-ditto-gateway-1,46.18,503144448,62.48,egw-qemu-integrated
2026-10-02T15:40:35Z,egw-controller-1,33.51,59494400,22.16,egw-qemu-integrated
2026-10-02T15:40:36Z,egw-mosquitto-1,2.44,6496256,4.84,egw-qemu-integrated
2026-10-02T15:40:36Z,egw-ditto-things-1,50.81,625258496,77.64,egw-qemu-integrated
2026-10-02T15:40:36Z,egw-ditto-policies-1,8.89,561192960,69.69,egw-qemu-integrated
2026-10-02T15:40:36Z,egw-mongodb-1,8.72,243159040,45.29,egw-qemu-integrated
2026-10-02T15:40:36Z,egw-ditto-gateway-1,52.78,503144448,62.48,egw-qemu-integrated
2026-10-02T15:40:36Z,egw-controller-1,37.27,59764736,22.26,egw-qemu-integrated
2026-10-02T15:40:37Z,egw-mosquitto-1,2.45,6496256,4.84,egw-qemu-integrated
2026-10-02T15:40:37Z,egw-ditto-things-1,69.45,625262592,77.64,egw-qemu-integrated
2026-10-02T15:40:37Z,egw-ditto-policies-1,10.70,561192960,69.69,egw-qemu-integrated
2026-10-02T15:40:37Z,egw-mongodb-1,14.72,243417088,45.34,egw-qemu-integrated
2026-10-02T15:40:37Z,egw-ditto-gateway-1,45.57,503398400,62.51,egw-qemu-integrated
2026-10-02T15:40:37Z,egw-controller-1,32.78,59494400,22.16,egw-qemu-integrated
2026-10-02T15:40:38Z,egw-mosquitto-1,3.14,6500352,4.84,egw-qemu-integrated
2026-10-02T15:40:38Z,egw-ditto-things-1,51.87,625238016,77.64,egw-qemu-integrated
2026-10-02T15:40:38Z,egw-ditto-policies-1,26.63,561192960,69.69,egw-qemu-integrated
2026-10-02T15:40:38Z,egw-mongodb-1,9.98,243159040,45.29,egw-qemu-integrated
2026-10-02T15:40:38Z,egw-ditto-gateway-1,51.76,503144448,62.48,egw-qemu-integrated
2026-10-02T15:40:38Z,egw-controller-1,36.03,59760640,22.26,egw-qemu-integrated
2026-10-02T15:40:39Z,egw-mosquitto-1,40.81,8060928,6.01,egw-qemu-integrated
2026-10-02T15:40:39Z,egw-ditto-things-1,46.07,625242112,77.64,egw-qemu-integrated
2026-10-02T15:40:39Z,egw-ditto-policies-1,19.11,561192960,69.69,egw-qemu-integrated
2026-10-02T15:40:39Z,egw-mongodb-1,11.89,243159040,45.29,egw-qemu-integrated
2026-10-02T15:40:39Z,egw-ditto-gateway-1,59.92,503144448,62.48,egw-qemu-integrated
2026-10-02T15:40:39Z,egw-controller-1,25.98,59764736,22.26,egw-qemu-integrated
2026-10-02T15:40:40Z,egw-mosquitto-1,29.03,6512640,4.85,egw-qemu-integrated
2026-10-02T15:40:40Z,egw-ditto-things-1,47.45,625242112,77.64,egw-qemu-integrated
2026-10-02T15:40:40Z,egw-ditto-policies-1,10.12,561192960,69.69,egw-qemu-integrated
2026-10-02T15:40:40Z,egw-mongodb-1,9.54,243163136,45.29,egw-qemu-integrated
2026-10-02T15:40:40Z,egw-ditto-gateway-1,48.79,503140352,62.48,egw-qemu-integrated
2026-10-02T15:40:40Z,egw-controller-1,36.33,59506688,22.17,egw-qemu-integrated
2026-10-02T15:40:41Z,egw-mosquitto-1,2.32,6512640,4.85,egw-qemu-integrated
2026-10-02T15:40:41Z,egw-ditto-things-1,51.71,625242112,77.64,egw-qemu-integrated
2026-10-02T15:40:41Z,egw-ditto-policies-1,26.08,562466816,69.85,egw-qemu-integrated
2026-10-02T15:40:41Z,egw-mongodb-1,9.62,243159040,45.29,egw-qemu-integrated
2026-10-02T15:40:41Z,egw-ditto-gateway-1,62.30,503144448,62.48,egw-qemu-integrated
2026-10-02T15:40:41Z,egw-controller-1,31.57,59502592,22.17,egw-qemu-integrated
2026-10-02T15:40:42Z,egw-mosquitto-1,2.43,6766592,5.04,egw-qemu-integrated
2026-10-02T15:40:42Z,egw-ditto-things-1,50.10,625238016,77.64,egw-qemu-integrated
2026-10-02T15:40:42Z,egw-ditto-policies-1,36.60,561201152,69.69,egw-qemu-integrated
2026-10-02T15:40:42Z,egw-mongodb-1,6.66,243159040,45.29,egw-qemu-integrated
2026-10-02T15:40:42Z,egw-ditto-gateway-1,49.82,503140352,62.48,egw-qemu-integrated
2026-10-02T15:40:42Z,egw-controller-1,33.05,59768832,22.27,egw-qemu-integrated
2026-10-02T15:40:43Z,egw-mosquitto-1,2.26,6512640,4.85,egw-qemu-integrated
2026-10-02T15:40:43Z,egw-ditto-things-1,55.21,625242112,77.64,egw-qemu-integrated
2026-10-02T15:40:43Z,egw-ditto-policies-1,15.44,561205248,69.69,egw-qemu-integrated
2026-10-02T15:40:43Z,egw-mongodb-1,8.69,243163136,45.29,egw-qemu-integrated
2026-10-02T15:40:43Z,egw-ditto-gateway-1,59.16,503144448,62.48,egw-qemu-integrated
2026-10-02T15:40:43Z,egw-controller-1,33.42,59772928,22.27,egw-qemu-integrated
2026-10-02T15:40:44Z,egw-mosquitto-1,2.53,6512640,4.85,egw-qemu-integrated
2026-10-02T15:40:44Z,egw-ditto-things-1,46.89,625246208,77.64,egw-qemu-integrated
2026-10-02T15:40:44Z,egw-ditto-policies-1,10.27,561201152,69.69,egw-qemu-integrated
2026-10-02T15:40:44Z,egw-mongodb-1,7.88,243425280,45.34,egw-qemu-integrated
2026-10-02T15:40:44Z,egw-ditto-gateway-1,66.83,503148544,62.48,egw-qemu-integrated
2026-10-02T15:40:44Z,egw-controller-1,36.51,59510784,22.17,egw-qemu-integrated
2026-10-02T15:40:45Z,egw-mosquitto-1,2.83,6516736,4.86,egw-qemu-integrated
2026-10-02T15:40:45Z,egw-ditto-things-1,86.78,627269632,77.89,egw-qemu-integrated
2026-10-02T15:40:45Z,egw-ditto-policies-1,12.47,561201152,69.69,egw-qemu-integrated
2026-10-02T15:40:45Z,egw-mongodb-1,8.20,243163136,45.29,egw-qemu-integrated
2026-10-02T15:40:45Z,egw-ditto-gateway-1,42.71,503140352,62.48,egw-qemu-integrated
2026-10-02T15:40:45Z,egw-controller-1,33.41,59518976,22.17,egw-qemu-integrated
2026-10-02T15:40:46Z,egw-mosquitto-1,2.69,6520832,4.86,egw-qemu-integrated
2026-10-02T15:40:46Z,egw-ditto-things-1,89.13,625242112,77.64,egw-qemu-integrated
2026-10-02T15:40:46Z,egw-ditto-policies-1,11.64,561201152,69.69,egw-qemu-integrated
2026-10-02T15:40:46Z,egw-mongodb-1,21.30,243163136,45.29,egw-qemu-integrated
2026-10-02T15:40:46Z,egw-ditto-gateway-1,41.17,503144448,62.48,egw-qemu-integrated
2026-10-02T15:40:46Z,egw-controller-1,28.81,59523072,22.17,egw-qemu-integrated
2026-10-02T15:40:47Z,egw-mosquitto-1,2.06,6774784,5.05,egw-qemu-integrated
2026-10-02T15:40:47Z,egw-ditto-things-1,48.35,625254400,77.64,egw-qemu-integrated
2026-10-02T15:40:47Z,egw-ditto-policies-1,7.12,561201152,69.69,egw-qemu-integrated
2026-10-02T15:40:47Z,egw-mongodb-1,8.53,243163136,45.29,egw-qemu-integrated
2026-10-02T15:40:47Z,egw-ditto-gateway-1,45.08,503140352,62.48,egw-qemu-integrated
2026-10-02T15:40:47Z,egw-controller-1,38.10,59518976,22.17,egw-qemu-integrated
2026-10-02T15:40:48Z,egw-mosquitto-1,2.37,6512640,4.85,egw-qemu-integrated
2026-10-02T15:40:48Z,egw-ditto-things-1,46.93,625246208,77.64,egw-qemu-integrated
2026-10-02T15:40:48Z,egw-ditto-policies-1,12.16,561201152,69.69,egw-qemu-integrated
2026-10-02T15:40:48Z,egw-mongodb-1,8.31,243163136,45.29,egw-qemu-integrated
2026-10-02T15:40:48Z,egw-ditto-gateway-1,55.55,504066048,62.59,egw-qemu-integrated
2026-10-02T15:40:48Z,egw-controller-1,34.03,59523072,22.17,egw-qemu-integrated
2026-10-02T15:40:49Z,egw-mosquitto-1,2.96,6524928,4.86,egw-qemu-integrated
2026-10-02T15:40:49Z,egw-ditto-things-1,66.37,625242112,77.64,egw-qemu-integrated
2026-10-02T15:40:49Z,egw-ditto-policies-1,14.52,561205248,69.69,egw-qemu-integrated
2026-10-02T15:40:49Z,egw-mongodb-1,10.69,243163136,45.29,egw-qemu-integrated
2026-10-02T15:40:49Z,egw-ditto-gateway-1,103.27,503377920,62.51,egw-qemu-integrated
2026-10-02T15:40:49Z,egw-controller-1,32.53,59518976,22.17,egw-qemu-integrated
2026-10-02T15:40:50Z,egw-mosquitto-1,2.66,6524928,4.86,egw-qemu-integrated
2026-10-02T15:40:50Z,egw-ditto-things-1,69.41,625524736,77.68,egw-qemu-integrated
2026-10-02T15:40:50Z,egw-ditto-policies-1,10.63,561205248,69.69,egw-qemu-integrated
2026-10-02T15:40:50Z,egw-mongodb-1,64.75,244686848,45.58,egw-qemu-integrated
2026-10-02T15:40:50Z,egw-ditto-gateway-1,38.34,503140352,62.48,egw-qemu-integrated
2026-10-02T15:40:50Z,egw-controller-1,32.56,59518976,22.17,egw-qemu-integrated
2026-10-02T15:40:51Z,egw-mosquitto-1,3.23,6787072,5.06,egw-qemu-integrated
2026-10-02T15:40:51Z,egw-ditto-things-1,83.49,625262592,77.64,egw-qemu-integrated
2026-10-02T15:40:51Z,egw-ditto-policies-1,16.27,561209344,69.69,egw-qemu-integrated
2026-10-02T15:40:51Z,egw-mongodb-1,102.67,382001152,71.15,egw-qemu-integrated
2026-10-02T15:40:51Z,egw-ditto-gateway-1,48.24,503140352,62.48,egw-qemu-integrated
2026-10-02T15:40:51Z,egw-controller-1,31.03,59523072,22.17,egw-qemu-integrated
2026-10-02T15:40:52Z,egw-mosquitto-1,2.61,6524928,4.86,egw-qemu-integrated
2026-10-02T15:40:52Z,egw-ditto-things-1,106.09,625262592,77.64,egw-qemu-integrated
2026-10-02T15:40:52Z,egw-ditto-policies-1,18.18,561205248,69.69,egw-qemu-integrated
2026-10-02T15:40:52Z,egw-mongodb-1,99.74,392216576,73.06,egw-qemu-integrated
2026-10-02T15:40:52Z,egw-ditto-gateway-1,49.99,503148544,62.48,egw-qemu-integrated
2026-10-02T15:40:52Z,egw-controller-1,27.24,59523072,22.17,egw-qemu-integrated
2026-10-02T15:40:53Z,egw-mosquitto-1,2.43,6533120,4.87,egw-qemu-integrated
2026-10-02T15:40:53Z,egw-ditto-things-1,101.82,625283072,77.65,egw-qemu-integrated
2026-10-02T15:40:53Z,egw-ditto-policies-1,8.38,561205248,69.69,egw-qemu-integrated
2026-10-02T15:40:53Z,egw-mongodb-1,126.71,395923456,73.75,egw-qemu-integrated
2026-10-02T15:40:53Z,egw-ditto-gateway-1,73.26,503402496,62.51,egw-qemu-integrated
2026-10-02T15:40:53Z,egw-controller-1,25.26,59527168,22.18,egw-qemu-integrated
2026-10-02T15:40:54Z,egw-mosquitto-1,1.88,6537216,4.87,egw-qemu-integrated
2026-10-02T15:40:54Z,egw-ditto-things-1,78.42,625295360,77.65,egw-qemu-integrated
2026-10-02T15:40:54Z,egw-ditto-policies-1,11.10,561205248,69.69,egw-qemu-integrated
2026-10-02T15:40:54Z,egw-mongodb-1,71.23,396009472,73.76,egw-qemu-integrated
2026-10-02T15:40:54Z,egw-ditto-gateway-1,118.34,503152640,62.48,egw-qemu-integrated
2026-10-02T15:40:54Z,egw-controller-1,26.57,60051456,22.37,egw-qemu-integrated
2026-10-02T15:40:55Z,egw-mosquitto-1,2.52,6541312,4.87,egw-qemu-integrated
2026-10-02T15:40:55Z,egw-ditto-things-1,51.90,625258496,77.64,egw-qemu-integrated
2026-10-02T15:40:55Z,egw-ditto-policies-1,10.30,561205248,69.69,egw-qemu-integrated
2026-10-02T15:40:55Z,egw-mongodb-1,111.86,401108992,74.71,egw-qemu-integrated
2026-10-02T15:40:55Z,egw-ditto-gateway-1,125.20,503144448,62.48,egw-qemu-integrated
2026-10-02T15:40:55Z,egw-controller-1,27.61,59535360,22.18,egw-qemu-integrated
2026-10-02T15:40:56Z,egw-mosquitto-1,1.20,6512640,4.85,egw-qemu-integrated
2026-10-02T15:40:56Z,egw-ditto-things-1,35.68,625295360,77.65,egw-qemu-integrated
2026-10-02T15:40:56Z,egw-ditto-policies-1,10.57,561205248,69.69,egw-qemu-integrated
2026-10-02T15:40:56Z,egw-mongodb-1,107.58,405217280,75.48,egw-qemu-integrated
2026-10-02T15:40:56Z,egw-ditto-gateway-1,103.31,503988224,62.58,egw-qemu-integrated
2026-10-02T15:40:56Z,egw-controller-1,21.71,59793408,22.27,egw-qemu-integrated
