ts_utc,container,cpu_pct,mem_bytes,mem_pct,host
2026-09-28T21:10:25Z,egw-mosquitto-1,0.17,4370432,3.26,egw-qemu-integrated
2026-09-28T21:10:25Z,egw-ditto-things-1,146.73,554397696,68.84,egw-qemu-integrated
2026-09-28T21:10:25Z,egw-ditto-policies-1,53.61,566726656,70.37,egw-qemu-integrated
2026-09-28T21:10:25Z,egw-mongodb-1,6.72,248897536,46.36,egw-qemu-integrated
2026-09-28T21:10:25Z,egw-ditto-gateway-1,68.36,532414464,66.11,egw-qemu-integrated
2026-09-28T21:10:25Z,egw-controller-1,1.88,57475072,21.41,egw-qemu-integrated
2026-09-28T21:10:26Z,egw-mosquitto-1,5.54,4653056,3.47,egw-qemu-integrated
2026-09-28T21:10:26Z,egw-ditto-things-1,79.35,554455040,68.85,egw-qemu-integrated
2026-09-28T21:10:26Z,egw-ditto-policies-1,20.14,566730752,70.37,egw-qemu-integrated
2026-09-28T21:10:26Z,egw-mongodb-1,29.94,250724352,46.70,egw-qemu-integrated
2026-09-28T21:10:26Z,egw-ditto-gateway-1,82.72,532226048,66.09,egw-qemu-integrated
2026-09-28T21:10:26Z,egw-controller-1,26.54,58306560,21.72,egw-qemu-integrated
2026-09-28T21:10:27Z,egw-mosquitto-1,2.31,4395008,3.27,egw-qemu-integrated
2026-09-28T21:10:27Z,egw-ditto-things-1,43.55,554459136,68.85,egw-qemu-integrated
2026-09-28T21:10:27Z,egw-ditto-policies-1,77.40,566734848,70.38,egw-qemu-integrated
2026-09-28T21:10:27Z,egw-mongodb-1,58.48,260796416,48.58,egw-qemu-integrated
2026-09-28T21:10:27Z,egw-ditto-gateway-1,124.33,532774912,66.16,egw-qemu-integrated
2026-09-28T21:10:27Z,egw-controller-1,12.83,58314752,21.72,egw-qemu-integrated
2026-09-28T21:10:28Z,egw-mosquitto-1,2.48,4407296,3.28,egw-qemu-integrated
2026-09-28T21:10:28Z,egw-ditto-things-1,45.65,554446848,68.85,egw-qemu-integrated
2026-09-28T21:10:28Z,egw-ditto-policies-1,53.89,567504896,70.47,egw-qemu-integrated
2026-09-28T21:10:28Z,egw-mongodb-1,95.15,399310848,74.38,egw-qemu-integrated
2026-09-28T21:10:28Z,egw-ditto-gateway-1,107.67,532766720,66.16,egw-qemu-integrated
2026-09-28T21:10:28Z,egw-controller-1,4.48,58314752,21.72,egw-qemu-integrated
2026-09-28T21:10:29Z,egw-mosquitto-1,2.13,4411392,3.29,egw-qemu-integrated
2026-09-28T21:10:29Z,egw-ditto-things-1,8.91,554446848,68.85,egw-qemu-integrated
2026-09-28T21:10:29Z,egw-ditto-policies-1,122.18,567783424,70.51,egw-qemu-integrated
2026-09-28T21:10:29Z,egw-mongodb-1,98.76,399499264,74.41,egw-qemu-integrated
2026-09-28T21:10:29Z,egw-ditto-gateway-1,23.23,532766720,66.16,egw-qemu-integrated
2026-09-28T21:10:29Z,egw-controller-1,40.44,60891136,22.68,egw-qemu-integrated
2026-09-28T21:10:30Z,egw-mosquitto-1,1.73,4681728,3.49,egw-qemu-integrated
2026-09-28T21:10:30Z,egw-ditto-things-1,17.33,554446848,68.85,egw-qemu-integrated
2026-09-28T21:10:30Z,egw-ditto-policies-1,149.06,567660544,70.49,egw-qemu-integrated
2026-09-28T21:10:30Z,egw-mongodb-1,93.24,401670144,74.82,egw-qemu-integrated
2026-09-28T21:10:30Z,egw-ditto-gateway-1,20.28,532766720,66.16,egw-qemu-integrated
2026-09-28T21:10:30Z,egw-controller-1,88.45,68501504,25.52,egw-qemu-integrated
2026-09-28T21:10:31Z,egw-mosquitto-1,2.05,4431872,3.30,egw-qemu-integrated
2026-09-28T21:10:31Z,egw-ditto-things-1,9.92,554446848,68.85,egw-qemu-integrated
2026-09-28T21:10:31Z,egw-ditto-policies-1,157.42,568320000,70.57,egw-qemu-integrated
2026-09-28T21:10:31Z,egw-mongodb-1,85.99,405602304,75.55,egw-qemu-integrated
2026-09-28T21:10:31Z,egw-ditto-gateway-1,17.88,532770816,66.16,egw-qemu-integrated
2026-09-28T21:10:31Z,egw-controller-1,99.87,70336512,26.20,egw-qemu-integrated
2026-09-28T21:10:32Z,egw-mosquitto-1,1.89,4440064,3.31,egw-qemu-integrated
2026-09-28T21:10:32Z,egw-ditto-things-1,46.43,554483712,68.85,egw-qemu-integrated
2026-09-28T21:10:32Z,egw-ditto-policies-1,139.38,568737792,70.62,egw-qemu-integrated
2026-09-28T21:10:32Z,egw-mongodb-1,85.04,408453120,76.08,egw-qemu-integrated
2026-09-28T21:10:32Z,egw-ditto-gateway-1,9.82,532770816,66.16,egw-qemu-integrated
2026-09-28T21:10:32Z,egw-controller-1,94.80,71618560,26.68,egw-qemu-integrated
2026-09-28T21:10:33Z,egw-mosquitto-1,2.24,4722688,3.52,egw-qemu-integrated
2026-09-28T21:10:33Z,egw-ditto-things-1,23.53,554467328,68.85,egw-qemu-integrated
2026-09-28T21:10:33Z,egw-ditto-policies-1,180.48,587026432,72.89,egw-qemu-integrated
2026-09-28T21:10:33Z,egw-mongodb-1,83.65,248971264,46.37,egw-qemu-integrated
2026-09-28T21:10:33Z,egw-ditto-gateway-1,13.85,532770816,66.16,egw-qemu-integrated
2026-09-28T21:10:33Z,egw-controller-1,14.46,58327040,21.73,egw-qemu-integrated
2026-09-28T21:10:34Z,egw-mosquitto-1,1.53,4464640,3.33,egw-qemu-integrated
2026-09-28T21:10:34Z,egw-ditto-things-1,8.71,554467328,68.85,egw-qemu-integrated
2026-09-28T21:10:34Z,egw-ditto-policies-1,188.62,592461824,73.57,egw-qemu-integrated
2026-09-28T21:10:34Z,egw-mongodb-1,10.56,249077760,46.39,egw-qemu-integrated
2026-09-28T21:10:34Z,egw-ditto-gateway-1,8.51,532770816,66.16,egw-qemu-integrated
2026-09-28T21:10:34Z,egw-controller-1,4.85,58327040,21.73,egw-qemu-integrated
2026-09-28T21:10:35Z,egw-mosquitto-1,2.40,4485120,3.34,egw-qemu-integrated
2026-09-28T21:10:35Z,egw-ditto-things-1,56.39,556306432,69.08,egw-qemu-integrated
2026-09-28T21:10:35Z,egw-ditto-policies-1,130.71,601305088,74.67,egw-qemu-integrated
2026-09-28T21:10:35Z,egw-mongodb-1,8.68,249094144,46.40,egw-qemu-integrated
2026-09-28T21:10:35Z,egw-ditto-gateway-1,31.90,534147072,66.33,egw-qemu-integrated
2026-09-28T21:10:35Z,egw-controller-1,9.45,58585088,21.82,egw-qemu-integrated
2026-09-28T21:10:36Z,egw-mosquitto-1,2.60,4493312,3.35,egw-qemu-integrated
2026-09-28T21:10:36Z,egw-ditto-things-1,78.54,554520576,68.86,egw-qemu-integrated
2026-09-28T21:10:36Z,egw-ditto-policies-1,109.44,602746880,74.85,egw-qemu-integrated
2026-09-28T21:10:36Z,egw-mongodb-1,7.39,249094144,46.40,egw-qemu-integrated
2026-09-28T21:10:36Z,egw-ditto-gateway-1,133.69,535519232,66.50,egw-qemu-integrated
2026-09-28T21:10:36Z,egw-controller-1,8.65,58331136,21.73,egw-qemu-integrated
2026-09-28T21:10:37Z,egw-mosquitto-1,2.08,4501504,3.35,egw-qemu-integrated
2026-09-28T21:10:37Z,egw-ditto-things-1,49.37,555536384,68.98,egw-qemu-integrated
2026-09-28T21:10:37Z,egw-ditto-policies-1,78.21,603131904,74.89,egw-qemu-integrated
2026-09-28T21:10:37Z,egw-mongodb-1,4.30,249102336,46.40,egw-qemu-integrated
2026-09-28T21:10:37Z,egw-ditto-gateway-1,92.47,534343680,66.35,egw-qemu-integrated
2026-09-28T21:10:37Z,egw-controller-1,7.21,58331136,21.73,egw-qemu-integrated
2026-09-28T21:10:38Z,egw-mosquitto-1,1.98,4513792,3.36,egw-qemu-integrated
2026-09-28T21:10:38Z,egw-ditto-things-1,157.41,557608960,69.24,egw-qemu-integrated
2026-09-28T21:10:38Z,egw-ditto-policies-1,44.00,603328512,74.92,egw-qemu-integrated
2026-09-28T21:10:38Z,egw-mongodb-1,2.41,249102336,46.40,egw-qemu-integrated
2026-09-28T21:10:38Z,egw-ditto-gateway-1,20.15,534212608,66.34,egw-qemu-integrated
2026-09-28T21:10:38Z,egw-controller-1,5.45,58335232,21.73,egw-qemu-integrated
2026-09-28T21:10:39Z,egw-mosquitto-1,2.32,4521984,3.37,egw-qemu-integrated
2026-09-28T21:10:39Z,egw-ditto-things-1,182.99,561512448,69.73,egw-qemu-integrated
2026-09-28T21:10:39Z,egw-ditto-policies-1,24.83,603209728,74.90,egw-qemu-integrated
2026-09-28T21:10:39Z,egw-mongodb-1,6.32,249147392,46.41,egw-qemu-integrated
2026-09-28T21:10:39Z,egw-ditto-gateway-1,50.82,535224320,66.46,egw-qemu-integrated
2026-09-28T21:10:39Z,egw-controller-1,7.37,58335232,21.73,egw-qemu-integrated
2026-09-28T21:10:40Z,egw-mosquitto-1,2.41,4530176,3.38,egw-qemu-integrated
2026-09-28T21:10:40Z,egw-ditto-things-1,100.68,561897472,69.77,egw-qemu-integrated
2026-09-28T21:10:40Z,egw-ditto-policies-1,43.20,604114944,75.02,egw-qemu-integrated
2026-09-28T21:10:40Z,egw-mongodb-1,5.11,249151488,46.41,egw-qemu-integrated
2026-09-28T21:10:40Z,egw-ditto-gateway-1,90.65,535035904,66.44,egw-qemu-integrated
2026-09-28T21:10:40Z,egw-controller-1,11.52,58339328,21.73,egw-qemu-integrated
2026-09-28T21:10:41Z,egw-mosquitto-1,1.97,4538368,3.38,egw-qemu-integrated
2026-09-28T21:10:41Z,egw-ditto-things-1,81.12,562683904,69.87,egw-qemu-integrated
2026-09-28T21:10:41Z,egw-ditto-policies-1,79.02,604446720,75.06,egw-qemu-integrated
2026-09-28T21:10:41Z,egw-mongodb-1,3.88,249176064,46.41,egw-qemu-integrated
2026-09-28T21:10:41Z,egw-ditto-gateway-1,140.96,535392256,66.48,egw-qemu-integrated
2026-09-28T21:10:41Z,egw-controller-1,8.84,58343424,21.73,egw-qemu-integrated
2026-09-28T21:10:42Z,egw-mosquitto-1,2.23,4546560,3.39,egw-qemu-integrated
2026-09-28T21:10:42Z,egw-ditto-things-1,82.03,563154944,69.93,egw-qemu-integrated
2026-09-28T21:10:42Z,egw-ditto-policies-1,69.40,604655616,75.08,egw-qemu-integrated
2026-09-28T21:10:42Z,egw-mongodb-1,5.47,249184256,46.41,egw-qemu-integrated
2026-09-28T21:10:42Z,egw-ditto-gateway-1,79.76,535388160,66.48,egw-qemu-integrated
2026-09-28T21:10:42Z,egw-controller-1,10.85,58359808,21.74,egw-qemu-integrated
2026-09-28T21:10:43Z,egw-mosquitto-1,2.00,4550656,3.39,egw-qemu-integrated
2026-09-28T21:10:43Z,egw-ditto-things-1,88.26,562892800,69.90,egw-qemu-integrated
2026-09-28T21:10:43Z,egw-ditto-policies-1,17.01,604667904,75.09,egw-qemu-integrated
2026-09-28T21:10:43Z,egw-mongodb-1,6.68,249204736,46.42,egw-qemu-integrated
2026-09-28T21:10:43Z,egw-ditto-gateway-1,97.72,536219648,66.59,egw-qemu-integrated
2026-09-28T21:10:43Z,egw-controller-1,16.70,58355712,21.74,egw-qemu-integrated
2026-09-28T21:10:44Z,egw-mosquitto-1,10.22,5492736,4.09,egw-qemu-integrated
2026-09-28T21:10:44Z,egw-ditto-things-1,107.86,563105792,69.92,egw-qemu-integrated
2026-09-28T21:10:44Z,egw-ditto-policies-1,13.31,604532736,75.07,egw-qemu-integrated
2026-09-28T21:10:44Z,egw-mongodb-1,6.16,249212928,46.42,egw-qemu-integrated
2026-09-28T21:10:44Z,egw-ditto-gateway-1,95.73,536002560,66.56,egw-qemu-integrated
2026-09-28T21:10:44Z,egw-controller-1,16.36,58351616,21.74,egw-qemu-integrated
2026-09-28T21:10:45Z,egw-mosquitto-1,67.46,4608000,3.43,egw-qemu-integrated
2026-09-28T21:10:45Z,egw-ditto-things-1,87.85,563113984,69.93,egw-qemu-integrated
2026-09-28T21:10:45Z,egw-ditto-policies-1,60.48,604573696,75.07,egw-qemu-integrated
2026-09-28T21:10:45Z,egw-mongodb-1,13.05,249212928,46.42,egw-qemu-integrated
2026-09-28T21:10:45Z,egw-ditto-gateway-1,70.52,536014848,66.56,egw-qemu-integrated
2026-09-28T21:10:45Z,egw-controller-1,10.25,58351616,21.74,egw-qemu-integrated
2026-09-28T21:10:46Z,egw-mosquitto-1,2.28,4587520,3.42,egw-qemu-integrated
2026-09-28T21:10:46Z,egw-ditto-things-1,84.32,563179520,69.93,egw-qemu-integrated
2026-09-28T21:10:46Z,egw-ditto-policies-1,100.82,608755712,75.59,egw-qemu-integrated
2026-09-28T21:10:46Z,egw-mongodb-1,17.88,249212928,46.42,egw-qemu-integrated
2026-09-28T21:10:46Z,egw-ditto-gateway-1,87.57,536776704,66.65,egw-qemu-integrated
2026-09-28T21:10:46Z,egw-controller-1,15.37,58359808,21.74,egw-qemu-integrated
2026-09-28T21:10:47Z,egw-mosquitto-1,1.83,4591616,3.42,egw-qemu-integrated
2026-09-28T21:10:47Z,egw-ditto-things-1,114.32,563675136,70.00,egw-qemu-integrated
2026-09-28T21:10:47Z,egw-ditto-policies-1,22.10,608964608,75.62,egw-qemu-integrated
2026-09-28T21:10:47Z,egw-mongodb-1,5.62,249212928,46.42,egw-qemu-integrated
2026-09-28T21:10:47Z,egw-ditto-gateway-1,119.93,536420352,66.61,egw-qemu-integrated
2026-09-28T21:10:47Z,egw-controller-1,17.09,58363904,21.74,egw-qemu-integrated
2026-09-28T21:10:48Z,egw-mosquitto-1,2.06,4595712,3.42,egw-qemu-integrated
2026-09-28T21:10:48Z,egw-ditto-things-1,84.67,563675136,70.00,egw-qemu-integrated
2026-09-28T21:10:48Z,egw-ditto-policies-1,25.85,609140736,75.64,egw-qemu-integrated
2026-09-28T21:10:48Z,egw-mongodb-1,14.44,249221120,46.42,egw-qemu-integrated
2026-09-28T21:10:48Z,egw-ditto-gateway-1,106.51,536903680,66.67,egw-qemu-integrated
2026-09-28T21:10:48Z,egw-controller-1,18.79,58359808,21.74,egw-qemu-integrated
2026-09-28T21:10:49Z,egw-mosquitto-1,2.32,4599808,3.43,egw-qemu-integrated
2026-09-28T21:10:49Z,egw-ditto-things-1,89.43,564117504,70.05,egw-qemu-integrated
2026-09-28T21:10:49Z,egw-ditto-policies-1,43.18,609300480,75.66,egw-qemu-integrated
2026-09-28T21:10:49Z,egw-mongodb-1,5.21,249221120,46.42,egw-qemu-integrated
2026-09-28T21:10:49Z,egw-ditto-gateway-1,90.14,536883200,66.67,egw-qemu-integrated
2026-09-28T21:10:49Z,egw-controller-1,16.63,58363904,21.74,egw-qemu-integrated
2026-09-28T21:10:50Z,egw-mosquitto-1,2.01,4603904,3.43,egw-qemu-integrated
2026-09-28T21:10:50Z,egw-ditto-things-1,123.86,564203520,70.06,egw-qemu-integrated
2026-09-28T21:10:50Z,egw-ditto-policies-1,23.88,609517568,75.69,egw-qemu-integrated
2026-09-28T21:10:50Z,egw-mongodb-1,4.47,249221120,46.42,egw-qemu-integrated
2026-09-28T21:10:50Z,egw-ditto-gateway-1,94.14,537366528,66.73,egw-qemu-integrated
2026-09-28T21:10:50Z,egw-controller-1,15.68,58359808,21.74,egw-qemu-integrated
2026-09-28T21:10:51Z,egw-mosquitto-1,2.14,4612096,3.44,egw-qemu-integrated
2026-09-28T21:10:51Z,egw-ditto-things-1,113.66,564633600,70.11,egw-qemu-integrated
2026-09-28T21:10:51Z,egw-ditto-policies-1,22.06,609673216,75.71,egw-qemu-integrated
2026-09-28T21:10:51Z,egw-mongodb-1,4.70,249221120,46.42,egw-qemu-integrated
2026-09-28T21:10:51Z,egw-ditto-gateway-1,90.41,537358336,66.73,egw-qemu-integrated
2026-09-28T21:10:51Z,egw-controller-1,18.68,58363904,21.74,egw-qemu-integrated
2026-09-28T21:10:52Z,egw-mosquitto-1,1.82,4616192,3.44,egw-qemu-integrated
2026-09-28T21:10:52Z,egw-ditto-things-1,108.64,565141504,70.18,egw-qemu-integrated
2026-09-28T21:10:52Z,egw-ditto-policies-1,23.45,612564992,76.07,egw-qemu-integrated
2026-09-28T21:10:52Z,egw-mongodb-1,5.55,249221120,46.42,egw-qemu-integrated
2026-09-28T21:10:52Z,egw-ditto-gateway-1,106.00,537542656,66.75,egw-qemu-integrated
2026-09-28T21:10:52Z,egw-controller-1,17.83,58359808,21.74,egw-qemu-integrated
2026-09-28T21:10:53Z,egw-mosquitto-1,2.11,4882432,3.64,egw-qemu-integrated
2026-09-28T21:10:53Z,egw-ditto-things-1,101.63,564826112,70.14,egw-qemu-integrated
2026-09-28T21:10:53Z,egw-ditto-policies-1,46.85,612827136,76.10,egw-qemu-integrated
2026-09-28T21:10:53Z,egw-mongodb-1,6.31,249221120,46.42,egw-qemu-integrated
2026-09-28T21:10:53Z,egw-ditto-gateway-1,78.89,537726976,66.77,egw-qemu-integrated
2026-09-28T21:10:53Z,egw-controller-1,18.09,58368000,21.74,egw-qemu-integrated
2026-09-28T21:10:54Z,egw-mosquitto-1,2.43,4624384,3.45,egw-qemu-integrated
2026-09-28T21:10:54Z,egw-ditto-things-1,102.52,565284864,70.20,egw-qemu-integrated
2026-09-28T21:10:54Z,egw-ditto-policies-1,81.55,614408192,76.29,egw-qemu-integrated
2026-09-28T21:10:54Z,egw-mongodb-1,4.98,249221120,46.42,egw-qemu-integrated
2026-09-28T21:10:54Z,egw-ditto-gateway-1,64.48,537780224,66.78,egw-qemu-integrated
2026-09-28T21:10:54Z,egw-controller-1,16.15,58380288,21.75,egw-qemu-integrated
2026-09-28T21:10:55Z,egw-mosquitto-1,1.94,4632576,3.45,egw-qemu-integrated
2026-09-28T21:10:55Z,egw-ditto-things-1,104.47,565411840,70.21,egw-qemu-integrated
2026-09-28T21:10:55Z,egw-ditto-policies-1,31.31,612855808,76.10,egw-qemu-integrated
2026-09-28T21:10:55Z,egw-mongodb-1,5.07,249221120,46.42,egw-qemu-integrated
2026-09-28T21:10:55Z,egw-ditto-gateway-1,76.92,537989120,66.81,egw-qemu-integrated
2026-09-28T21:10:55Z,egw-controller-1,18.57,58380288,21.75,egw-qemu-integrated
2026-09-28T21:10:56Z,egw-mosquitto-1,2.70,4644864,3.46,egw-qemu-integrated
2026-09-28T21:10:56Z,egw-ditto-things-1,102.04,565395456,70.21,egw-qemu-integrated
2026-09-28T21:10:56Z,egw-ditto-policies-1,24.53,612597760,76.07,egw-qemu-integrated
2026-09-28T21:10:56Z,egw-mongodb-1,7.20,249225216,46.42,egw-qemu-integrated
2026-09-28T21:10:56Z,egw-ditto-gateway-1,133.00,538083328,66.82,egw-qemu-integrated
2026-09-28T21:10:56Z,egw-controller-1,18.30,58638336,21.84,egw-qemu-integrated
2026-09-28T21:10:57Z,egw-mosquitto-1,1.82,4653056,3.47,egw-qemu-integrated
2026-09-28T21:10:57Z,egw-ditto-things-1,115.74,566091776,70.30,egw-qemu-integrated
2026-09-28T21:10:57Z,egw-ditto-policies-1,11.77,612601856,76.07,egw-qemu-integrated
2026-09-28T21:10:57Z,egw-mongodb-1,4.98,249221120,46.42,egw-qemu-integrated
2026-09-28T21:10:57Z,egw-ditto-gateway-1,144.28,539168768,66.95,egw-qemu-integrated
2026-09-28T21:10:57Z,egw-controller-1,15.38,58380288,21.75,egw-qemu-integrated
2026-09-28T21:10:58Z,egw-mosquitto-1,1.99,4657152,3.47,egw-qemu-integrated
2026-09-28T21:10:58Z,egw-ditto-things-1,97.56,565813248,70.26,egw-qemu-integrated
2026-09-28T21:10:58Z,egw-ditto-policies-1,19.96,612605952,76.07,egw-qemu-integrated
2026-09-28T21:10:58Z,egw-mongodb-1,5.44,249221120,46.42,egw-qemu-integrated
2026-09-28T21:10:58Z,egw-ditto-gateway-1,86.64,539353088,66.97,egw-qemu-integrated
2026-09-28T21:10:58Z,egw-controller-1,21.52,58384384,21.75,egw-qemu-integrated
2026-09-28T21:10:59Z,egw-mosquitto-1,2.15,4661248,3.47,egw-qemu-integrated
2026-09-28T21:10:59Z,egw-ditto-things-1,125.36,566358016,70.33,egw-qemu-integrated
2026-09-28T21:10:59Z,egw-ditto-policies-1,10.79,612610048,76.07,egw-qemu-integrated
2026-09-28T21:10:59Z,egw-mongodb-1,4.59,249221120,46.42,egw-qemu-integrated
2026-09-28T21:10:59Z,egw-ditto-gateway-1,97.26,539287552,66.97,egw-qemu-integrated
2026-09-28T21:10:59Z,egw-controller-1,18.06,58392576,21.75,egw-qemu-integrated
2026-09-28T21:11:00Z,egw-mosquitto-1,1.62,4665344,3.48,egw-qemu-integrated
2026-09-28T21:11:00Z,egw-ditto-things-1,105.50,566546432,70.35,egw-qemu-integrated
2026-09-28T21:11:00Z,egw-ditto-policies-1,9.13,612610048,76.07,egw-qemu-integrated
2026-09-28T21:11:00Z,egw-mongodb-1,5.37,249221120,46.42,egw-qemu-integrated
2026-09-28T21:11:00Z,egw-ditto-gateway-1,75.18,539435008,66.99,egw-qemu-integrated
2026-09-28T21:11:00Z,egw-controller-1,18.72,58662912,21.85,egw-qemu-integrated
2026-09-28T21:11:01Z,egw-mosquitto-1,2.50,4673536,3.48,egw-qemu-integrated
2026-09-28T21:11:01Z,egw-ditto-things-1,102.72,566697984,70.37,egw-qemu-integrated
2026-09-28T21:11:01Z,egw-ditto-policies-1,8.65,612610048,76.07,egw-qemu-integrated
2026-09-28T21:11:01Z,egw-mongodb-1,5.30,249221120,46.42,egw-qemu-integrated
2026-09-28T21:11:01Z,egw-ditto-gateway-1,105.82,539873280,67.04,egw-qemu-integrated
2026-09-28T21:11:01Z,egw-controller-1,21.66,58404864,21.76,egw-qemu-integrated
2026-09-28T21:11:02Z,egw-mosquitto-1,2.26,4677632,3.49,egw-qemu-integrated
2026-09-28T21:11:02Z,egw-ditto-things-1,86.41,567021568,70.41,egw-qemu-integrated
2026-09-28T21:11:02Z,egw-ditto-policies-1,13.52,612610048,76.07,egw-qemu-integrated
2026-09-28T21:11:02Z,egw-mongodb-1,6.45,249221120,46.42,egw-qemu-integrated
2026-09-28T21:11:02Z,egw-ditto-gateway-1,65.46,539693056,67.02,egw-qemu-integrated
2026-09-28T21:11:02Z,egw-controller-1,71.04,62623744,23.33,egw-qemu-integrated
2026-09-28T21:11:03Z,egw-mosquitto-1,2.36,4681728,3.49,egw-qemu-integrated
2026-09-28T21:11:03Z,egw-ditto-things-1,76.60,567132160,70.42,egw-qemu-integrated
2026-09-28T21:11:03Z,egw-ditto-policies-1,12.66,612614144,76.07,egw-qemu-integrated
2026-09-28T21:11:03Z,egw-mongodb-1,48.47,250748928,46.71,egw-qemu-integrated
2026-09-28T21:11:03Z,egw-ditto-gateway-1,61.39,539754496,67.02,egw-qemu-integrated
2026-09-28T21:11:03Z,egw-controller-1,91.41,68354048,25.46,egw-qemu-integrated
2026-09-28T21:11:04Z,egw-mosquitto-1,2.29,4694016,3.50,egw-qemu-integrated
2026-09-28T21:11:04Z,egw-ditto-things-1,58.36,567623680,70.49,egw-qemu-integrated
2026-09-28T21:11:04Z,egw-ditto-policies-1,39.77,612626432,76.07,egw-qemu-integrated
2026-09-28T21:11:04Z,egw-mongodb-1,82.33,398262272,74.18,egw-qemu-integrated
2026-09-28T21:11:04Z,egw-ditto-gateway-1,51.39,539885568,67.04,egw-qemu-integrated
2026-09-28T21:11:04Z,egw-controller-1,90.79,71712768,26.72,egw-qemu-integrated
2026-09-28T21:11:05Z,egw-mosquitto-1,2.43,4702208,3.50,egw-qemu-integrated
2026-09-28T21:11:05Z,egw-ditto-things-1,51.83,567369728,70.45,egw-qemu-integrated
2026-09-28T21:11:05Z,egw-ditto-policies-1,35.90,612634624,76.07,egw-qemu-integrated
2026-09-28T21:11:05Z,egw-mongodb-1,96.27,400338944,74.57,egw-qemu-integrated
2026-09-28T21:11:05Z,egw-ditto-gateway-1,40.25,539897856,67.04,egw-qemu-integrated
2026-09-28T21:11:05Z,egw-controller-1,51.39,58421248,21.76,egw-qemu-integrated
2026-09-28T21:11:06Z,egw-mosquitto-1,2.09,4706304,3.51,egw-qemu-integrated
2026-09-28T21:11:06Z,egw-ditto-things-1,100.60,569380864,70.70,egw-qemu-integrated
2026-09-28T21:11:06Z,egw-ditto-policies-1,13.99,612634624,76.07,egw-qemu-integrated
2026-09-28T21:11:06Z,egw-mongodb-1,74.13,401883136,74.86,egw-qemu-integrated
2026-09-28T21:11:06Z,egw-ditto-gateway-1,123.67,540168192,67.08,egw-qemu-integrated
2026-09-28T21:11:06Z,egw-controller-1,8.84,58425344,21.77,egw-qemu-integrated
2026-09-28T21:11:07Z,egw-mosquitto-1,2.18,4714496,3.51,egw-qemu-integrated
2026-09-28T21:11:07Z,egw-ditto-things-1,72.21,567472128,70.47,egw-qemu-integrated
2026-09-28T21:11:07Z,egw-ditto-policies-1,15.98,612634624,76.07,egw-qemu-integrated
2026-09-28T21:11:07Z,egw-mongodb-1,92.28,406687744,75.75,egw-qemu-integrated
2026-09-28T21:11:07Z,egw-ditto-gateway-1,98.41,540020736,67.06,egw-qemu-integrated
2026-09-28T21:11:07Z,egw-controller-1,14.74,58433536,21.77,egw-qemu-integrated
2026-09-28T21:11:08Z,egw-mosquitto-1,4.33,4726784,3.52,egw-qemu-integrated
2026-09-28T21:11:08Z,egw-ditto-things-1,94.54,567738368,70.50,egw-qemu-integrated
2026-09-28T21:11:08Z,egw-ditto-policies-1,26.57,612634624,76.07,egw-qemu-integrated
2026-09-28T21:11:08Z,egw-mongodb-1,88.91,408645632,76.12,egw-qemu-integrated
2026-09-28T21:11:08Z,egw-ditto-gateway-1,75.78,540069888,67.06,egw-qemu-integrated
2026-09-28T21:11:08Z,egw-controller-1,17.89,58445824,21.77,egw-qemu-integrated
2026-09-28T21:11:09Z,egw-mosquitto-1,2.06,4734976,3.53,egw-qemu-integrated
2026-09-28T21:11:09Z,egw-ditto-things-1,76.22,567439360,70.46,egw-qemu-integrated
2026-09-28T21:11:09Z,egw-ditto-policies-1,18.98,612634624,76.07,egw-qemu-integrated
2026-09-28T21:11:09Z,egw-mongodb-1,151.59,413286400,76.98,egw-qemu-integrated
2026-09-28T21:11:09Z,egw-ditto-gateway-1,60.97,540065792,67.06,egw-qemu-integrated
2026-09-28T21:11:09Z,egw-controller-1,12.30,58449920,21.77,egw-qemu-integrated
2026-09-28T21:11:10Z,egw-mosquitto-1,2.45,4739072,3.53,egw-qemu-integrated
2026-09-28T21:11:10Z,egw-ditto-things-1,67.86,567820288,70.51,egw-qemu-integrated
2026-09-28T21:11:10Z,egw-ditto-policies-1,20.19,612634624,76.07,egw-qemu-integrated
2026-09-28T21:11:10Z,egw-mongodb-1,77.37,249151488,46.41,egw-qemu-integrated
2026-09-28T21:11:10Z,egw-ditto-gateway-1,95.55,540164096,67.08,egw-qemu-integrated
2026-09-28T21:11:10Z,egw-controller-1,10.57,58445824,21.77,egw-qemu-integrated
2026-09-28T21:11:11Z,egw-mosquitto-1,2.00,4743168,3.53,egw-qemu-integrated
2026-09-28T21:11:11Z,egw-ditto-things-1,93.75,567730176,70.50,egw-qemu-integrated
2026-09-28T21:11:11Z,egw-ditto-policies-1,9.80,612634624,76.07,egw-qemu-integrated
2026-09-28T21:11:11Z,egw-mongodb-1,7.63,249122816,46.40,egw-qemu-integrated
2026-09-28T21:11:11Z,egw-ditto-gateway-1,77.48,540348416,67.10,egw-qemu-integrated
2026-09-28T21:11:11Z,egw-controller-1,18.86,58449920,21.77,egw-qemu-integrated
2026-09-28T21:11:12Z,egw-mosquitto-1,1.91,4751360,3.54,egw-qemu-integrated
2026-09-28T21:11:12Z,egw-ditto-things-1,106.34,568418304,70.58,egw-qemu-integrated
2026-09-28T21:11:12Z,egw-ditto-policies-1,45.58,612638720,76.08,egw-qemu-integrated
2026-09-28T21:11:12Z,egw-mongodb-1,6.82,249122816,46.40,egw-qemu-integrated
2026-09-28T21:11:12Z,egw-ditto-gateway-1,67.79,540479488,67.11,egw-qemu-integrated
2026-09-28T21:11:12Z,egw-controller-1,19.10,58458112,21.78,egw-qemu-integrated
2026-09-28T21:11:13Z,egw-mosquitto-1,1.92,4751360,3.54,egw-qemu-integrated
2026-09-28T21:11:13Z,egw-ditto-things-1,102.18,568090624,70.54,egw-qemu-integrated
2026-09-28T21:11:13Z,egw-ditto-policies-1,18.00,612638720,76.08,egw-qemu-integrated
2026-09-28T21:11:13Z,egw-mongodb-1,7.01,249122816,46.40,egw-qemu-integrated
2026-09-28T21:11:13Z,egw-ditto-gateway-1,108.89,540688384,67.14,egw-qemu-integrated
2026-09-28T21:11:13Z,egw-controller-1,20.17,58478592,21.78,egw-qemu-integrated
2026-09-28T21:11:14Z,egw-mosquitto-1,2.23,4759552,3.55,egw-qemu-integrated
2026-09-28T21:11:14Z,egw-ditto-things-1,92.89,568758272,70.63,egw-qemu-integrated
2026-09-28T21:11:14Z,egw-ditto-policies-1,38.91,612659200,76.08,egw-qemu-integrated
2026-09-28T21:11:14Z,egw-mongodb-1,5.61,249122816,46.40,egw-qemu-integrated
2026-09-28T21:11:14Z,egw-ditto-gateway-1,73.28,540733440,67.15,egw-qemu-integrated
2026-09-28T21:11:14Z,egw-controller-1,17.50,58740736,21.88,egw-qemu-integrated
2026-09-28T21:11:15Z,egw-mosquitto-1,60.15,4771840,3.56,egw-qemu-integrated
2026-09-28T21:11:15Z,egw-ditto-things-1,123.19,568930304,70.65,egw-qemu-integrated
2026-09-28T21:11:15Z,egw-ditto-policies-1,10.98,612659200,76.08,egw-qemu-integrated
2026-09-28T21:11:15Z,egw-mongodb-1,5.32,249122816,46.40,egw-qemu-integrated
2026-09-28T21:11:15Z,egw-ditto-gateway-1,61.26,540782592,67.15,egw-qemu-integrated
2026-09-28T21:11:15Z,egw-controller-1,15.90,58482688,21.79,egw-qemu-integrated
2026-09-28T21:11:16Z,egw-mosquitto-1,1.93,4775936,3.56,egw-qemu-integrated
2026-09-28T21:11:16Z,egw-ditto-things-1,113.40,569249792,70.69,egw-qemu-integrated
2026-09-28T21:11:16Z,egw-ditto-policies-1,18.34,612663296,76.08,egw-qemu-integrated
2026-09-28T21:11:16Z,egw-mongodb-1,8.89,249122816,46.40,egw-qemu-integrated
2026-09-28T21:11:16Z,egw-ditto-gateway-1,77.27,540815360,67.16,egw-qemu-integrated
2026-09-28T21:11:16Z,egw-controller-1,17.84,58490880,21.79,egw-qemu-integrated
2026-09-28T21:11:17Z,egw-mosquitto-1,2.08,4784128,3.56,egw-qemu-integrated
2026-09-28T21:11:17Z,egw-ditto-things-1,93.41,569311232,70.69,egw-qemu-integrated
2026-09-28T21:11:17Z,egw-ditto-policies-1,14.38,612659200,76.08,egw-qemu-integrated
2026-09-28T21:11:17Z,egw-mongodb-1,5.49,249122816,46.40,egw-qemu-integrated
2026-09-28T21:11:17Z,egw-ditto-gateway-1,111.09,541167616,67.20,egw-qemu-integrated
2026-09-28T21:11:17Z,egw-controller-1,21.49,58494976,21.79,egw-qemu-integrated
2026-09-28T21:11:18Z,egw-mosquitto-1,1.94,4784128,3.56,egw-qemu-integrated
2026-09-28T21:11:18Z,egw-ditto-things-1,104.36,569356288,70.70,egw-qemu-integrated
2026-09-28T21:11:18Z,egw-ditto-policies-1,10.39,612663296,76.08,egw-qemu-integrated
2026-09-28T21:11:18Z,egw-mongodb-1,5.03,249122816,46.40,egw-qemu-integrated
2026-09-28T21:11:18Z,egw-ditto-gateway-1,80.54,540971008,67.18,egw-qemu-integrated
2026-09-28T21:11:18Z,egw-controller-1,20.33,58503168,21.79,egw-qemu-integrated
2026-09-28T21:11:19Z,egw-mosquitto-1,1.85,4784128,3.56,egw-qemu-integrated
2026-09-28T21:11:19Z,egw-ditto-things-1,71.73,569462784,70.71,egw-qemu-integrated
2026-09-28T21:11:19Z,egw-ditto-policies-1,10.71,612671488,76.08,egw-qemu-integrated
2026-09-28T21:11:19Z,egw-mongodb-1,5.67,249122816,46.40,egw-qemu-integrated
2026-09-28T21:11:19Z,egw-ditto-gateway-1,91.25,541499392,67.24,egw-qemu-integrated
2026-09-28T21:11:19Z,egw-controller-1,22.65,58515456,21.80,egw-qemu-integrated
2026-09-28T21:11:20Z,egw-mosquitto-1,1.81,4788224,3.57,egw-qemu-integrated
2026-09-28T21:11:20Z,egw-ditto-things-1,128.29,569565184,70.73,egw-qemu-integrated
2026-09-28T21:11:20Z,egw-ditto-policies-1,11.32,612663296,76.08,egw-qemu-integrated
2026-09-28T21:11:20Z,egw-mongodb-1,5.55,249122816,46.40,egw-qemu-integrated
2026-09-28T21:11:20Z,egw-ditto-gateway-1,89.04,541655040,67.26,egw-qemu-integrated
2026-09-28T21:11:20Z,egw-controller-1,20.79,58515456,21.80,egw-qemu-integrated
2026-09-28T21:11:21Z,egw-mosquitto-1,1.98,4788224,3.57,egw-qemu-integrated
2026-09-28T21:11:21Z,egw-ditto-things-1,157.87,571445248,70.96,egw-qemu-integrated
2026-09-28T21:11:21Z,egw-ditto-policies-1,7.51,612929536,76.11,egw-qemu-integrated
2026-09-28T21:11:21Z,egw-mongodb-1,5.72,249122816,46.40,egw-qemu-integrated
2026-09-28T21:11:21Z,egw-ditto-gateway-1,65.52,541749248,67.27,egw-qemu-integrated
2026-09-28T21:11:21Z,egw-controller-1,19.00,58515456,21.80,egw-qemu-integrated
2026-09-28T21:11:22Z,egw-mosquitto-1,1.83,4792320,3.57,egw-qemu-integrated
2026-09-28T21:11:22Z,egw-ditto-things-1,98.73,572219392,71.06,egw-qemu-integrated
2026-09-28T21:11:22Z,egw-ditto-policies-1,11.68,612667392,76.08,egw-qemu-integrated
2026-09-28T21:11:22Z,egw-mongodb-1,8.36,249126912,46.40,egw-qemu-integrated
2026-09-28T21:11:22Z,egw-ditto-gateway-1,85.27,541925376,67.29,egw-qemu-integrated
2026-09-28T21:11:22Z,egw-controller-1,19.77,58523648,21.80,egw-qemu-integrated
2026-09-28T21:11:23Z,egw-mosquitto-1,2.32,4792320,3.57,egw-qemu-integrated
2026-09-28T21:11:23Z,egw-ditto-things-1,83.16,572129280,71.04,egw-qemu-integrated
2026-09-28T21:11:23Z,egw-ditto-policies-1,9.34,612667392,76.08,egw-qemu-integrated
2026-09-28T21:11:23Z,egw-mongodb-1,6.97,249122816,46.40,egw-qemu-integrated
2026-09-28T21:11:23Z,egw-ditto-gateway-1,78.96,542027776,67.31,egw-qemu-integrated
2026-09-28T21:11:23Z,egw-controller-1,26.46,58515456,21.80,egw-qemu-integrated
2026-09-28T21:11:24Z,egw-mosquitto-1,1.96,4808704,3.58,egw-qemu-integrated
2026-09-28T21:11:24Z,egw-ditto-things-1,98.19,572219392,71.06,egw-qemu-integrated
2026-09-28T21:11:24Z,egw-ditto-policies-1,86.44,615268352,76.40,egw-qemu-integrated
2026-09-28T21:11:24Z,egw-mongodb-1,5.96,249122816,46.40,egw-qemu-integrated
2026-09-28T21:11:24Z,egw-ditto-gateway-1,68.65,542089216,67.31,egw-qemu-integrated
2026-09-28T21:11:24Z,egw-controller-1,16.42,58523648,21.80,egw-qemu-integrated
2026-09-28T21:11:25Z,egw-mosquitto-1,1.95,4808704,3.58,egw-qemu-integrated
2026-09-28T21:11:25Z,egw-ditto-things-1,110.31,572518400,71.09,egw-qemu-integrated
2026-09-28T21:11:25Z,egw-ditto-policies-1,40.75,613408768,76.17,egw-qemu-integrated
2026-09-28T21:11:25Z,egw-mongodb-1,6.61,249122816,46.40,egw-qemu-integrated
2026-09-28T21:11:25Z,egw-ditto-gateway-1,91.79,542806016,67.40,egw-qemu-integrated
2026-09-28T21:11:25Z,egw-controller-1,19.46,58798080,21.90,egw-qemu-integrated
2026-09-28T21:11:26Z,egw-mosquitto-1,1.96,4816896,3.59,egw-qemu-integrated
2026-09-28T21:11:26Z,egw-ditto-things-1,82.58,572497920,71.09,egw-qemu-integrated
2026-09-28T21:11:26Z,egw-ditto-policies-1,11.71,613404672,76.17,egw-qemu-integrated
2026-09-28T21:11:26Z,egw-mongodb-1,8.97,249122816,46.40,egw-qemu-integrated
2026-09-28T21:11:26Z,egw-ditto-gateway-1,87.39,542416896,67.36,egw-qemu-integrated
2026-09-28T21:11:26Z,egw-controller-1,23.36,58802176,21.91,egw-qemu-integrated
2026-09-28T21:11:27Z,egw-mosquitto-1,1.64,4816896,3.59,egw-qemu-integrated
2026-09-28T21:11:27Z,egw-ditto-things-1,76.38,573276160,71.19,egw-qemu-integrated
2026-09-28T21:11:27Z,egw-ditto-policies-1,11.72,613404672,76.17,egw-qemu-integrated
2026-09-28T21:11:27Z,egw-mongodb-1,5.52,249122816,46.40,egw-qemu-integrated
2026-09-28T21:11:27Z,egw-ditto-gateway-1,95.57,542564352,67.37,egw-qemu-integrated
2026-09-28T21:11:27Z,egw-controller-1,21.10,58535936,21.81,egw-qemu-integrated
2026-09-28T21:11:28Z,egw-mosquitto-1,1.86,4816896,3.59,egw-qemu-integrated
2026-09-28T21:11:28Z,egw-ditto-things-1,110.12,572698624,71.12,egw-qemu-integrated
2026-09-28T21:11:28Z,egw-ditto-policies-1,11.91,613404672,76.17,egw-qemu-integrated
2026-09-28T21:11:28Z,egw-mongodb-1,5.64,249122816,46.40,egw-qemu-integrated
2026-09-28T21:11:28Z,egw-ditto-gateway-1,95.26,543158272,67.45,egw-qemu-integrated
2026-09-28T21:11:28Z,egw-controller-1,21.72,58552320,21.81,egw-qemu-integrated
2026-09-28T21:11:29Z,egw-mosquitto-1,2.22,4825088,3.59,egw-qemu-integrated
2026-09-28T21:11:29Z,egw-ditto-things-1,85.72,573083648,71.16,egw-qemu-integrated
2026-09-28T21:11:29Z,egw-ditto-policies-1,8.55,613404672,76.17,egw-qemu-integrated
2026-09-28T21:11:29Z,egw-mongodb-1,5.60,249384960,46.45,egw-qemu-integrated
2026-09-28T21:11:29Z,egw-ditto-gateway-1,69.71,542707712,67.39,egw-qemu-integrated
2026-09-28T21:11:29Z,egw-controller-1,22.42,58552320,21.81,egw-qemu-integrated
2026-09-28T21:11:30Z,egw-mosquitto-1,2.22,4833280,3.60,egw-qemu-integrated
2026-09-28T21:11:30Z,egw-ditto-things-1,121.31,574382080,71.32,egw-qemu-integrated
2026-09-28T21:11:30Z,egw-ditto-policies-1,11.62,613404672,76.17,egw-qemu-integrated
2026-09-28T21:11:30Z,egw-mongodb-1,5.89,249126912,46.40,egw-qemu-integrated
2026-09-28T21:11:30Z,egw-ditto-gateway-1,131.44,542830592,67.41,egw-qemu-integrated
2026-09-28T21:11:30Z,egw-controller-1,18.94,58556416,21.81,egw-qemu-integrated
2026-09-28T21:11:31Z,egw-mosquitto-1,1.90,4833280,3.60,egw-qemu-integrated
2026-09-28T21:11:31Z,egw-ditto-things-1,132.63,574795776,71.38,egw-qemu-integrated
2026-09-28T21:11:31Z,egw-ditto-policies-1,11.72,613404672,76.17,egw-qemu-integrated
2026-09-28T21:11:31Z,egw-mongodb-1,5.58,249122816,46.40,egw-qemu-integrated
2026-09-28T21:11:31Z,egw-ditto-gateway-1,88.38,543199232,67.45,egw-qemu-integrated
2026-09-28T21:11:31Z,egw-controller-1,22.41,58568704,21.82,egw-qemu-integrated
2026-09-28T21:11:32Z,egw-mosquitto-1,1.79,4833280,3.60,egw-qemu-integrated
2026-09-28T21:11:32Z,egw-ditto-things-1,84.84,575012864,71.40,egw-qemu-integrated
2026-09-28T21:11:32Z,egw-ditto-policies-1,9.52,613404672,76.17,egw-qemu-integrated
2026-09-28T21:11:32Z,egw-mongodb-1,6.63,249122816,46.40,egw-qemu-integrated
2026-09-28T21:11:32Z,egw-ditto-gateway-1,73.84,543285248,67.46,egw-qemu-integrated
2026-09-28T21:11:32Z,egw-controller-1,20.31,58826752,21.91,egw-qemu-integrated
2026-09-28T21:11:33Z,egw-mosquitto-1,1.67,4841472,3.61,egw-qemu-integrated
2026-09-28T21:11:33Z,egw-ditto-things-1,97.34,575406080,71.45,egw-qemu-integrated
2026-09-28T21:11:33Z,egw-ditto-policies-1,8.82,613416960,76.17,egw-qemu-integrated
2026-09-28T21:11:33Z,egw-mongodb-1,7.41,249384960,46.45,egw-qemu-integrated
2026-09-28T21:11:33Z,egw-ditto-gateway-1,99.02,543305728,67.47,egw-qemu-integrated
2026-09-28T21:11:33Z,egw-controller-1,20.51,58572800,21.82,egw-qemu-integrated
2026-09-28T21:11:34Z,egw-mosquitto-1,1.97,4845568,3.61,egw-qemu-integrated
2026-09-28T21:11:34Z,egw-ditto-things-1,102.63,575365120,71.45,egw-qemu-integrated
2026-09-28T21:11:34Z,egw-ditto-policies-1,41.01,614481920,76.30,egw-qemu-integrated
2026-09-28T21:11:34Z,egw-mongodb-1,5.38,249122816,46.40,egw-qemu-integrated
2026-09-28T21:11:34Z,egw-ditto-gateway-1,82.08,543399936,67.48,egw-qemu-integrated
2026-09-28T21:11:34Z,egw-controller-1,19.82,58576896,21.82,egw-qemu-integrated
2026-09-28T21:11:35Z,egw-mosquitto-1,1.81,4849664,3.61,egw-qemu-integrated
2026-09-28T21:11:35Z,egw-ditto-things-1,82.49,575750144,71.49,egw-qemu-integrated
2026-09-28T21:11:35Z,egw-ditto-policies-1,22.46,614486016,76.30,egw-qemu-integrated
2026-09-28T21:11:35Z,egw-mongodb-1,3.88,249384960,46.45,egw-qemu-integrated
2026-09-28T21:11:35Z,egw-ditto-gateway-1,82.55,543608832,67.50,egw-qemu-integrated
2026-09-28T21:11:35Z,egw-controller-1,71.72,68628480,25.57,egw-qemu-integrated
2026-09-28T21:11:36Z,egw-mosquitto-1,1.82,4870144,3.63,egw-qemu-integrated
2026-09-28T21:11:36Z,egw-ditto-things-1,86.09,577576960,71.72,egw-qemu-integrated
2026-09-28T21:11:36Z,egw-ditto-policies-1,15.44,614486016,76.30,egw-qemu-integrated
2026-09-28T21:11:36Z,egw-mongodb-1,7.80,249122816,46.40,egw-qemu-integrated
2026-09-28T21:11:36Z,egw-ditto-gateway-1,62.46,545456128,67.73,egw-qemu-integrated
2026-09-28T21:11:36Z,egw-controller-1,90.09,69414912,25.86,egw-qemu-integrated
2026-09-28T21:11:37Z,egw-mosquitto-1,4.22,5140480,3.83,egw-qemu-integrated
2026-09-28T21:11:37Z,egw-ditto-things-1,78.74,576061440,71.53,egw-qemu-integrated
2026-09-28T21:11:37Z,egw-ditto-policies-1,24.26,614486016,76.30,egw-qemu-integrated
2026-09-28T21:11:37Z,egw-mongodb-1,12.88,249122816,46.40,egw-qemu-integrated
2026-09-28T21:11:37Z,egw-ditto-gateway-1,111.43,545816576,67.78,egw-qemu-integrated
2026-09-28T21:11:37Z,egw-controller-1,92.35,70803456,26.38,egw-qemu-integrated
2026-09-28T21:11:38Z,egw-mosquitto-1,1.78,4882432,3.64,egw-qemu-integrated
2026-09-28T21:11:38Z,egw-ditto-things-1,70.63,575750144,71.49,egw-qemu-integrated
2026-09-28T21:11:38Z,egw-ditto-policies-1,71.88,614490112,76.31,egw-qemu-integrated
2026-09-28T21:11:38Z,egw-mongodb-1,10.32,249122816,46.40,egw-qemu-integrated
2026-09-28T21:11:38Z,egw-ditto-gateway-1,96.99,543657984,67.51,egw-qemu-integrated
2026-09-28T21:11:38Z,egw-controller-1,78.02,72151040,26.88,egw-qemu-integrated
2026-09-28T21:11:39Z,egw-mosquitto-1,1.85,4886528,3.64,egw-qemu-integrated
2026-09-28T21:11:39Z,egw-ditto-things-1,51.54,576110592,71.54,egw-qemu-integrated
2026-09-28T21:11:39Z,egw-ditto-policies-1,21.75,614494208,76.31,egw-qemu-integrated
2026-09-28T21:11:39Z,egw-mongodb-1,16.44,250503168,46.66,egw-qemu-integrated
2026-09-28T21:11:39Z,egw-ditto-gateway-1,76.40,543666176,67.51,egw-qemu-integrated
2026-09-28T21:11:39Z,egw-controller-1,40.47,58859520,21.93,egw-qemu-integrated
2026-09-28T21:11:40Z,egw-mosquitto-1,1.93,4894720,3.65,egw-qemu-integrated
2026-09-28T21:11:40Z,egw-ditto-things-1,114.77,575836160,71.51,egw-qemu-integrated
2026-09-28T21:11:40Z,egw-ditto-policies-1,12.18,614490112,76.31,egw-qemu-integrated
2026-09-28T21:11:40Z,egw-mongodb-1,91.55,346697728,64.58,egw-qemu-integrated
2026-09-28T21:11:40Z,egw-ditto-gateway-1,68.78,543694848,67.51,egw-qemu-integrated
2026-09-28T21:11:40Z,egw-controller-1,16.39,58605568,21.83,egw-qemu-integrated
2026-09-28T21:11:41Z,egw-mosquitto-1,1.92,4902912,3.65,egw-qemu-integrated
2026-09-28T21:11:41Z,egw-ditto-things-1,68.16,575893504,71.51,egw-qemu-integrated
2026-09-28T21:11:41Z,egw-ditto-policies-1,11.62,614490112,76.31,egw-qemu-integrated
2026-09-28T21:11:41Z,egw-mongodb-1,106.67,398483456,74.22,egw-qemu-integrated
2026-09-28T21:11:41Z,egw-ditto-gateway-1,80.11,543698944,67.51,egw-qemu-integrated
2026-09-28T21:11:41Z,egw-controller-1,22.50,58617856,21.84,egw-qemu-integrated
2026-09-28T21:11:42Z,egw-mosquitto-1,1.82,4907008,3.66,egw-qemu-integrated
2026-09-28T21:11:42Z,egw-ditto-things-1,91.98,575873024,71.51,egw-qemu-integrated
2026-09-28T21:11:42Z,egw-ditto-policies-1,22.84,614322176,76.28,egw-qemu-integrated
2026-09-28T21:11:42Z,egw-mongodb-1,121.05,402042880,74.89,egw-qemu-integrated
2026-09-28T21:11:42Z,egw-ditto-gateway-1,77.11,543723520,67.52,egw-qemu-integrated
2026-09-28T21:11:42Z,egw-controller-1,16.01,58617856,21.84,egw-qemu-integrated
2026-09-28T21:11:43Z,egw-mosquitto-1,2.11,4907008,3.66,egw-qemu-integrated
2026-09-28T21:11:43Z,egw-ditto-things-1,62.78,575926272,71.52,egw-qemu-integrated
2026-09-28T21:11:43Z,egw-ditto-policies-1,59.09,614326272,76.28,egw-qemu-integrated
2026-09-28T21:11:43Z,egw-mongodb-1,85.20,404094976,75.27,egw-qemu-integrated
2026-09-28T21:11:43Z,egw-ditto-gateway-1,72.40,543748096,67.52,egw-qemu-integrated
2026-09-28T21:11:43Z,egw-controller-1,17.91,58621952,21.84,egw-qemu-integrated
2026-09-28T21:11:44Z,egw-mosquitto-1,1.91,4911104,3.66,egw-qemu-integrated
2026-09-28T21:11:44Z,egw-ditto-things-1,75.97,576180224,71.55,egw-qemu-integrated
2026-09-28T21:11:44Z,egw-ditto-policies-1,11.42,614326272,76.28,egw-qemu-integrated
2026-09-28T21:11:44Z,egw-mongodb-1,108.95,408322048,76.06,egw-qemu-integrated
2026-09-28T21:11:44Z,egw-ditto-gateway-1,65.57,543780864,67.52,egw-qemu-integrated
2026-09-28T21:11:44Z,egw-controller-1,17.51,58888192,21.94,egw-qemu-integrated
2026-09-28T21:11:45Z,egw-mosquitto-1,63.34,4927488,3.67,egw-qemu-integrated
2026-09-28T21:11:45Z,egw-ditto-things-1,52.28,576000000,71.53,egw-qemu-integrated
2026-09-28T21:11:45Z,egw-ditto-policies-1,11.71,614326272,76.28,egw-qemu-integrated
2026-09-28T21:11:45Z,egw-mongodb-1,102.24,413577216,77.03,egw-qemu-integrated
2026-09-28T21:11:45Z,egw-ditto-gateway-1,61.44,543809536,67.53,egw-qemu-integrated
2026-09-28T21:11:45Z,egw-controller-1,14.48,58630144,21.84,egw-qemu-integrated
2026-09-28T21:11:46Z,egw-mosquitto-1,2.20,5193728,3.87,egw-qemu-integrated
2026-09-28T21:11:46Z,egw-ditto-things-1,58.74,575983616,71.52,egw-qemu-integrated
2026-09-28T21:11:46Z,egw-ditto-policies-1,37.35,614330368,76.29,egw-qemu-integrated
2026-09-28T21:11:46Z,egw-mongodb-1,69.14,249307136,46.44,egw-qemu-integrated
2026-09-28T21:11:46Z,egw-ditto-gateway-1,90.82,543854592,67.53,egw-qemu-integrated
2026-09-28T21:11:46Z,egw-controller-1,18.77,58642432,21.85,egw-qemu-integrated
2026-09-28T21:11:47Z,egw-mosquitto-1,1.79,4935680,3.68,egw-qemu-integrated
2026-09-28T21:11:47Z,egw-ditto-things-1,93.77,576069632,71.53,egw-qemu-integrated
2026-09-28T21:11:47Z,egw-ditto-policies-1,37.85,614342656,76.29,egw-qemu-integrated
2026-09-28T21:11:47Z,egw-mongodb-1,5.88,249573376,46.49,egw-qemu-integrated
2026-09-28T21:11:47Z,egw-ditto-gateway-1,110.75,543932416,67.54,egw-qemu-integrated
2026-09-28T21:11:47Z,egw-controller-1,20.17,58642432,21.85,egw-qemu-integrated
2026-09-28T21:11:48Z,egw-mosquitto-1,2.04,4935680,3.68,egw-qemu-integrated
2026-09-28T21:11:48Z,egw-ditto-things-1,74.36,576094208,71.54,egw-qemu-integrated
2026-09-28T21:11:48Z,egw-ditto-policies-1,10.45,614342656,76.29,egw-qemu-integrated
2026-09-28T21:11:48Z,egw-mongodb-1,5.66,249307136,46.44,egw-qemu-integrated
2026-09-28T21:11:48Z,egw-ditto-gateway-1,110.32,544301056,67.59,egw-qemu-integrated
2026-09-28T21:11:48Z,egw-controller-1,24.67,58650624,21.85,egw-qemu-integrated
2026-09-28T21:11:49Z,egw-mosquitto-1,1.88,4943872,3.68,egw-qemu-integrated
2026-09-28T21:11:49Z,egw-ditto-things-1,100.68,576151552,71.54,egw-qemu-integrated
2026-09-28T21:11:49Z,egw-ditto-policies-1,12.60,614342656,76.29,egw-qemu-integrated
2026-09-28T21:11:49Z,egw-mongodb-1,5.56,249307136,46.44,egw-qemu-integrated
2026-09-28T21:11:49Z,egw-ditto-gateway-1,71.69,544075776,67.56,egw-qemu-integrated
2026-09-28T21:11:49Z,egw-controller-1,19.60,58642432,21.85,egw-qemu-integrated
2026-09-28T21:11:50Z,egw-mosquitto-1,2.39,4947968,3.69,egw-qemu-integrated
2026-09-28T21:11:50Z,egw-ditto-things-1,91.52,576253952,71.56,egw-qemu-integrated
2026-09-28T21:11:50Z,egw-ditto-policies-1,12.73,614342656,76.29,egw-qemu-integrated
2026-09-28T21:11:50Z,egw-mongodb-1,6.36,249311232,46.44,egw-qemu-integrated
2026-09-28T21:11:50Z,egw-ditto-gateway-1,95.84,544096256,67.56,egw-qemu-integrated
2026-09-28T21:11:50Z,egw-controller-1,20.93,58642432,21.85,egw-qemu-integrated
2026-09-28T21:11:51Z,egw-mosquitto-1,2.26,4947968,3.69,egw-qemu-integrated
2026-09-28T21:11:51Z,egw-ditto-things-1,87.89,576323584,71.57,egw-qemu-integrated
2026-09-28T21:11:51Z,egw-ditto-policies-1,11.08,614346752,76.29,egw-qemu-integrated
2026-09-28T21:11:51Z,egw-mongodb-1,5.68,249307136,46.44,egw-qemu-integrated
2026-09-28T21:11:51Z,egw-ditto-gateway-1,100.95,544468992,67.61,egw-qemu-integrated
2026-09-28T21:11:51Z,egw-controller-1,23.08,58658816,21.85,egw-qemu-integrated
2026-09-28T21:11:52Z,egw-mosquitto-1,1.72,4956160,3.69,egw-qemu-integrated
2026-09-28T21:11:52Z,egw-ditto-things-1,111.06,576761856,71.62,egw-qemu-integrated
2026-09-28T21:11:52Z,egw-ditto-policies-1,8.44,614342656,76.29,egw-qemu-integrated
2026-09-28T21:11:52Z,egw-mongodb-1,6.68,249307136,46.44,egw-qemu-integrated
2026-09-28T21:11:52Z,egw-ditto-gateway-1,83.11,544296960,67.59,egw-qemu-integrated
2026-09-28T21:11:52Z,egw-controller-1,22.61,58658816,21.85,egw-qemu-integrated
2026-09-28T21:11:53Z,egw-mosquitto-1,2.03,4956160,3.69,egw-qemu-integrated
2026-09-28T21:11:53Z,egw-ditto-things-1,88.86,576557056,71.59,egw-qemu-integrated
2026-09-28T21:11:53Z,egw-ditto-policies-1,58.47,614354944,76.29,egw-qemu-integrated
2026-09-28T21:11:53Z,egw-mongodb-1,6.65,249307136,46.44,egw-qemu-integrated
2026-09-28T21:11:53Z,egw-ditto-gateway-1,100.75,544342016,67.59,egw-qemu-integrated
2026-09-28T21:11:53Z,egw-controller-1,21.15,58675200,21.86,egw-qemu-integrated
2026-09-28T21:11:54Z,egw-mosquitto-1,3.90,4968448,3.70,egw-qemu-integrated
2026-09-28T21:11:54Z,egw-ditto-things-1,109.87,576819200,71.63,egw-qemu-integrated
2026-09-28T21:11:54Z,egw-ditto-policies-1,70.21,616280064,76.53,egw-qemu-integrated
2026-09-28T21:11:54Z,egw-mongodb-1,4.79,249307136,46.44,egw-qemu-integrated
2026-09-28T21:11:54Z,egw-ditto-gateway-1,102.80,544342016,67.59,egw-qemu-integrated
2026-09-28T21:11:54Z,egw-controller-1,12.82,58671104,21.86,egw-qemu-integrated
2026-09-28T21:11:55Z,egw-mosquitto-1,1.93,4976640,3.71,egw-qemu-integrated
2026-09-28T21:11:55Z,egw-ditto-things-1,168.30,576606208,71.60,egw-qemu-integrated
2026-09-28T21:11:55Z,egw-ditto-policies-1,35.96,614367232,76.29,egw-qemu-integrated
2026-09-28T21:11:55Z,egw-mongodb-1,4.81,249307136,46.44,egw-qemu-integrated
2026-09-28T21:11:55Z,egw-ditto-gateway-1,84.52,545767424,67.77,egw-qemu-integrated
2026-09-28T21:11:55Z,egw-controller-1,12.52,58679296,21.86,egw-qemu-integrated
2026-09-28T21:11:56Z,egw-mosquitto-1,1.90,4976640,3.71,egw-qemu-integrated
2026-09-28T21:11:56Z,egw-ditto-things-1,107.26,576729088,71.62,egw-qemu-integrated
2026-09-28T21:11:56Z,egw-ditto-policies-1,21.93,614383616,76.29,egw-qemu-integrated
2026-09-28T21:11:56Z,egw-mongodb-1,7.51,249319424,46.44,egw-qemu-integrated
2026-09-28T21:11:56Z,egw-ditto-gateway-1,66.93,545550336,67.74,egw-qemu-integrated
2026-09-28T21:11:56Z,egw-controller-1,23.07,58687488,21.86,egw-qemu-integrated
2026-09-28T21:11:57Z,egw-mosquitto-1,1.74,4976640,3.71,egw-qemu-integrated
2026-09-28T21:11:57Z,egw-ditto-things-1,101.74,577003520,71.65,egw-qemu-integrated
2026-09-28T21:11:57Z,egw-ditto-policies-1,20.53,614383616,76.29,egw-qemu-integrated
2026-09-28T21:11:57Z,egw-mongodb-1,5.67,249311232,46.44,egw-qemu-integrated
2026-09-28T21:11:57Z,egw-ditto-gateway-1,81.90,545583104,67.75,egw-qemu-integrated
2026-09-28T21:11:57Z,egw-controller-1,20.05,58687488,21.86,egw-qemu-integrated
2026-09-28T21:11:58Z,egw-mosquitto-1,1.89,4984832,3.71,egw-qemu-integrated
2026-09-28T21:11:58Z,egw-ditto-things-1,83.61,576778240,71.62,egw-qemu-integrated
2026-09-28T21:11:58Z,egw-ditto-policies-1,15.58,614387712,76.29,egw-qemu-integrated
2026-09-28T21:11:58Z,egw-mongodb-1,6.05,249311232,46.44,egw-qemu-integrated
2026-09-28T21:11:58Z,egw-ditto-gateway-1,91.62,545796096,67.77,egw-qemu-integrated
2026-09-28T21:11:58Z,egw-controller-1,21.19,58953728,21.96,egw-qemu-integrated
2026-09-28T21:11:59Z,egw-mosquitto-1,1.90,4984832,3.71,egw-qemu-integrated
2026-09-28T21:11:59Z,egw-ditto-things-1,96.62,577040384,71.65,egw-qemu-integrated
2026-09-28T21:11:59Z,egw-ditto-policies-1,22.10,614395904,76.29,egw-qemu-integrated
2026-09-28T21:11:59Z,egw-mongodb-1,4.89,249311232,46.44,egw-qemu-integrated
2026-09-28T21:11:59Z,egw-ditto-gateway-1,114.17,545923072,67.79,egw-qemu-integrated
2026-09-28T21:11:59Z,egw-controller-1,19.78,58687488,21.86,egw-qemu-integrated
2026-09-28T21:12:00Z,egw-mosquitto-1,1.86,5255168,3.92,egw-qemu-integrated
2026-09-28T21:12:00Z,egw-ditto-things-1,108.26,576847872,71.63,egw-qemu-integrated
2026-09-28T21:12:00Z,egw-ditto-policies-1,8.65,614395904,76.29,egw-qemu-integrated
2026-09-28T21:12:00Z,egw-mongodb-1,7.99,249311232,46.44,egw-qemu-integrated
2026-09-28T21:12:00Z,egw-ditto-gateway-1,101.10,546123776,67.82,egw-qemu-integrated
2026-09-28T21:12:00Z,egw-controller-1,21.14,58957824,21.96,egw-qemu-integrated
2026-09-28T21:12:01Z,egw-mosquitto-1,2.18,4993024,3.72,egw-qemu-integrated
2026-09-28T21:12:01Z,egw-ditto-things-1,89.40,576868352,71.63,egw-qemu-integrated
2026-09-28T21:12:01Z,egw-ditto-policies-1,10.76,614395904,76.29,egw-qemu-integrated
2026-09-28T21:12:01Z,egw-mongodb-1,5.58,249311232,46.44,egw-qemu-integrated
2026-09-28T21:12:01Z,egw-ditto-gateway-1,82.33,546189312,67.82,egw-qemu-integrated
2026-09-28T21:12:01Z,egw-controller-1,25.67,58699776,21.87,egw-qemu-integrated
2026-09-28T21:12:02Z,egw-mosquitto-1,2.13,4997120,3.72,egw-qemu-integrated
2026-09-28T21:12:02Z,egw-ditto-things-1,91.60,584765440,72.61,egw-qemu-integrated
2026-09-28T21:12:02Z,egw-ditto-policies-1,13.31,614400000,76.29,egw-qemu-integrated
2026-09-28T21:12:02Z,egw-mongodb-1,7.39,249315328,46.44,egw-qemu-integrated
2026-09-28T21:12:02Z,egw-ditto-gateway-1,65.23,546197504,67.82,egw-qemu-integrated
2026-09-28T21:12:02Z,egw-controller-1,22.98,58703872,21.87,egw-qemu-integrated
2026-09-28T21:12:03Z,egw-mosquitto-1,2.13,5001216,3.73,egw-qemu-integrated
2026-09-28T21:12:03Z,egw-ditto-things-1,75.54,584511488,72.58,egw-qemu-integrated
2026-09-28T21:12:03Z,egw-ditto-policies-1,27.05,614404096,76.29,egw-qemu-integrated
2026-09-28T21:12:03Z,egw-mongodb-1,7.27,249311232,46.44,egw-qemu-integrated
2026-09-28T21:12:03Z,egw-ditto-gateway-1,63.59,546463744,67.86,egw-qemu-integrated
2026-09-28T21:12:03Z,egw-controller-1,24.09,58712064,21.87,egw-qemu-integrated
2026-09-28T21:12:04Z,egw-mosquitto-1,2.19,5521408,4.11,egw-qemu-integrated
2026-09-28T21:12:04Z,egw-ditto-things-1,86.21,584519680,72.58,egw-qemu-integrated
2026-09-28T21:12:04Z,egw-ditto-policies-1,16.74,614404096,76.29,egw-qemu-integrated
2026-09-28T21:12:04Z,egw-mongodb-1,6.35,249311232,46.44,egw-qemu-integrated
2026-09-28T21:12:04Z,egw-ditto-gateway-1,87.23,546222080,67.83,egw-qemu-integrated
2026-09-28T21:12:04Z,egw-controller-1,22.65,58724352,21.88,egw-qemu-integrated
2026-09-28T21:12:05Z,egw-mosquitto-1,1.89,5267456,3.92,egw-qemu-integrated
2026-09-28T21:12:05Z,egw-ditto-things-1,81.49,584515584,72.58,egw-qemu-integrated
2026-09-28T21:12:05Z,egw-ditto-policies-1,11.79,614404096,76.29,egw-qemu-integrated
2026-09-28T21:12:05Z,egw-mongodb-1,6.83,249311232,46.44,egw-qemu-integrated
2026-09-28T21:12:05Z,egw-ditto-gateway-1,60.03,546746368,67.89,egw-qemu-integrated
2026-09-28T21:12:05Z,egw-controller-1,24.42,58724352,21.88,egw-qemu-integrated
2026-09-28T21:12:06Z,egw-mosquitto-1,2.84,5021696,3.74,egw-qemu-integrated
2026-09-28T21:12:06Z,egw-ditto-things-1,82.17,587247616,72.92,egw-qemu-integrated
2026-09-28T21:12:06Z,egw-ditto-policies-1,33.37,614412288,76.30,egw-qemu-integrated
2026-09-28T21:12:06Z,egw-mongodb-1,10.96,249315328,46.44,egw-qemu-integrated
2026-09-28T21:12:06Z,egw-ditto-gateway-1,82.83,546250752,67.83,egw-qemu-integrated
2026-09-28T21:12:06Z,egw-controller-1,21.89,58728448,21.88,egw-qemu-integrated
2026-09-28T21:12:07Z,egw-mosquitto-1,2.22,5029888,3.75,egw-qemu-integrated
2026-09-28T21:12:07Z,egw-ditto-things-1,128.09,584445952,72.57,egw-qemu-integrated
2026-09-28T21:12:07Z,egw-ditto-policies-1,25.83,614408192,76.29,egw-qemu-integrated
2026-09-28T21:12:07Z,egw-mongodb-1,3.53,249315328,46.44,egw-qemu-integrated
2026-09-28T21:12:07Z,egw-ditto-gateway-1,99.15,546406400,67.85,egw-qemu-integrated
2026-09-28T21:12:07Z,egw-controller-1,6.20,58736640,21.88,egw-qemu-integrated
2026-09-28T21:12:08Z,egw-mosquitto-1,2.19,5025792,3.74,egw-qemu-integrated
2026-09-28T21:12:08Z,egw-ditto-things-1,59.87,584515584,72.58,egw-qemu-integrated
2026-09-28T21:12:08Z,egw-ditto-policies-1,40.71,614412288,76.30,egw-qemu-integrated
2026-09-28T21:12:08Z,egw-mongodb-1,8.20,249573376,46.49,egw-qemu-integrated
2026-09-28T21:12:08Z,egw-ditto-gateway-1,109.77,546279424,67.83,egw-qemu-integrated
2026-09-28T21:12:08Z,egw-controller-1,62.28,62181376,23.16,egw-qemu-integrated
2026-09-28T21:12:09Z,egw-mosquitto-1,1.81,5033984,3.75,egw-qemu-integrated
2026-09-28T21:12:09Z,egw-ditto-things-1,77.52,584552448,72.59,egw-qemu-integrated
2026-09-28T21:12:09Z,egw-ditto-policies-1,13.86,614412288,76.30,egw-qemu-integrated
2026-09-28T21:12:09Z,egw-mongodb-1,5.15,249319424,46.44,egw-qemu-integrated
2026-09-28T21:12:09Z,egw-ditto-gateway-1,101.38,546357248,67.84,egw-qemu-integrated
2026-09-28T21:12:09Z,egw-controller-1,108.52,69500928,25.89,egw-qemu-integrated
2026-09-28T21:12:10Z,egw-mosquitto-1,1.92,5042176,3.76,egw-qemu-integrated
2026-09-28T21:12:10Z,egw-ditto-things-1,80.82,584527872,72.58,egw-qemu-integrated
2026-09-28T21:12:10Z,egw-ditto-policies-1,28.00,614420480,76.30,egw-qemu-integrated
2026-09-28T21:12:10Z,egw-mongodb-1,7.02,249315328,46.44,egw-qemu-integrated
2026-09-28T21:12:10Z,egw-ditto-gateway-1,78.19,546390016,67.85,egw-qemu-integrated
2026-09-28T21:12:10Z,egw-controller-1,114.09,71094272,26.48,egw-qemu-integrated
2026-09-28T21:12:11Z,egw-mosquitto-1,2.45,5050368,3.76,egw-qemu-integrated
2026-09-28T21:12:11Z,egw-ditto-things-1,71.00,584577024,72.59,egw-qemu-integrated
2026-09-28T21:12:11Z,egw-ditto-policies-1,29.78,615469056,76.43,egw-qemu-integrated
2026-09-28T21:12:11Z,egw-mongodb-1,5.28,249315328,46.44,egw-qemu-integrated
2026-09-28T21:12:11Z,egw-ditto-gateway-1,79.59,546435072,67.85,egw-qemu-integrated
2026-09-28T21:12:11Z,egw-controller-1,96.36,59015168,21.98,egw-qemu-integrated
2026-09-28T21:12:12Z,egw-mosquitto-1,1.87,5062656,3.77,egw-qemu-integrated
2026-09-28T21:12:12Z,egw-ditto-things-1,121.92,584622080,72.60,egw-qemu-integrated
2026-09-28T21:12:12Z,egw-ditto-policies-1,9.80,615575552,76.44,egw-qemu-integrated
2026-09-28T21:12:12Z,egw-mongodb-1,7.09,249315328,46.44,egw-qemu-integrated
2026-09-28T21:12:12Z,egw-ditto-gateway-1,86.54,546471936,67.86,egw-qemu-integrated
2026-09-28T21:12:12Z,egw-controller-1,23.92,59027456,21.99,egw-qemu-integrated
2026-09-28T21:12:13Z,egw-mosquitto-1,1.77,5058560,3.77,egw-qemu-integrated
2026-09-28T21:12:13Z,egw-ditto-things-1,72.96,584626176,72.60,egw-qemu-integrated
2026-09-28T21:12:13Z,egw-ditto-policies-1,11.70,615833600,76.47,egw-qemu-integrated
2026-09-28T21:12:13Z,egw-mongodb-1,7.01,249315328,46.44,egw-qemu-integrated
2026-09-28T21:12:13Z,egw-ditto-gateway-1,92.68,547155968,67.94,egw-qemu-integrated
2026-09-28T21:12:13Z,egw-controller-1,26.82,58765312,21.89,egw-qemu-integrated
2026-09-28T21:12:14Z,egw-mosquitto-1,20.20,7622656,5.68,egw-qemu-integrated
2026-09-28T21:12:14Z,egw-ditto-things-1,57.47,584589312,72.59,egw-qemu-integrated
2026-09-28T21:12:14Z,egw-ditto-policies-1,12.20,615997440,76.49,egw-qemu-integrated
2026-09-28T21:12:14Z,egw-mongodb-1,5.59,249315328,46.44,egw-qemu-integrated
2026-09-28T21:12:14Z,egw-ditto-gateway-1,126.65,546689024,67.89,egw-qemu-integrated
2026-09-28T21:12:14Z,egw-controller-1,19.03,58761216,21.89,egw-qemu-integrated
2026-09-28T21:12:15Z,egw-mosquitto-1,44.62,5074944,3.78,egw-qemu-integrated
2026-09-28T21:12:15Z,egw-ditto-things-1,50.10,584634368,72.60,egw-qemu-integrated
2026-09-28T21:12:15Z,egw-ditto-policies-1,10.88,616120320,76.51,egw-qemu-integrated
2026-09-28T21:12:15Z,egw-mongodb-1,38.28,250200064,46.60,egw-qemu-integrated
2026-09-28T21:12:15Z,egw-ditto-gateway-1,92.06,542687232,67.39,egw-qemu-integrated
2026-09-28T21:12:15Z,egw-controller-1,15.50,58765312,21.89,egw-qemu-integrated
2026-09-28T21:12:16Z,egw-mosquitto-1,3.15,5079040,3.78,egw-qemu-integrated
2026-09-28T21:12:16Z,egw-ditto-things-1,59.12,584613888,72.60,egw-qemu-integrated
2026-09-28T21:12:16Z,egw-ditto-policies-1,34.93,616361984,76.54,egw-qemu-integrated
2026-09-28T21:12:16Z,egw-mongodb-1,104.77,390705152,72.77,egw-qemu-integrated
2026-09-28T21:12:16Z,egw-ditto-gateway-1,71.49,542429184,67.36,egw-qemu-integrated
2026-09-28T21:12:16Z,egw-controller-1,22.52,58773504,21.89,egw-qemu-integrated
2026-09-28T21:12:17Z,egw-mosquitto-1,7.58,5079040,3.78,egw-qemu-integrated
2026-09-28T21:12:17Z,egw-ditto-things-1,80.11,584708096,72.61,egw-qemu-integrated
2026-09-28T21:12:17Z,egw-ditto-policies-1,22.55,616521728,76.56,egw-qemu-integrated
2026-09-28T21:12:17Z,egw-mongodb-1,129.81,400470016,74.59,egw-qemu-integrated
2026-09-28T21:12:17Z,egw-ditto-gateway-1,50.23,542425088,67.36,egw-qemu-integrated
2026-09-28T21:12:17Z,egw-controller-1,24.94,58773504,21.89,egw-qemu-integrated
2026-09-28T21:12:18Z,egw-mosquitto-1,2.35,5349376,3.99,egw-qemu-integrated
2026-09-28T21:12:18Z,egw-ditto-things-1,58.82,584679424,72.60,egw-qemu-integrated
2026-09-28T21:12:18Z,egw-ditto-policies-1,9.93,616648704,76.57,egw-qemu-integrated
2026-09-28T21:12:18Z,egw-mongodb-1,89.08,401895424,74.86,egw-qemu-integrated
2026-09-28T21:12:18Z,egw-ditto-gateway-1,69.97,542425088,67.36,egw-qemu-integrated
2026-09-28T21:12:18Z,egw-controller-1,21.95,58781696,21.90,egw-qemu-integrated
2026-09-28T21:12:19Z,egw-mosquitto-1,1.85,5095424,3.80,egw-qemu-integrated
2026-09-28T21:12:19Z,egw-ditto-things-1,65.72,584728576,72.61,egw-qemu-integrated
2026-09-28T21:12:19Z,egw-ditto-policies-1,11.47,616849408,76.60,egw-qemu-integrated
2026-09-28T21:12:19Z,egw-mongodb-1,114.95,407474176,75.90,egw-qemu-integrated
2026-09-28T21:12:19Z,egw-ditto-gateway-1,59.58,542429184,67.36,egw-qemu-integrated
2026-09-28T21:12:19Z,egw-controller-1,23.28,59052032,22.00,egw-qemu-integrated
2026-09-28T21:12:20Z,egw-mosquitto-1,1.97,5095424,3.80,egw-qemu-integrated
2026-09-28T21:12:20Z,egw-ditto-things-1,67.06,584744960,72.61,egw-qemu-integrated
2026-09-28T21:12:20Z,egw-ditto-policies-1,13.72,617000960,76.62,egw-qemu-integrated
2026-09-28T21:12:20Z,egw-mongodb-1,139.11,414408704,77.19,egw-qemu-integrated
2026-09-28T21:12:20Z,egw-ditto-gateway-1,69.64,542793728,67.40,egw-qemu-integrated
2026-09-28T21:12:20Z,egw-controller-1,21.23,58793984,21.90,egw-qemu-integrated
2026-09-28T21:12:21Z,egw-mosquitto-1,2.10,5099520,3.80,egw-qemu-integrated
2026-09-28T21:12:21Z,egw-ditto-things-1,69.18,584810496,72.62,egw-qemu-integrated
2026-09-28T21:12:21Z,egw-ditto-policies-1,21.12,618029056,76.74,egw-qemu-integrated
2026-09-28T21:12:21Z,egw-mongodb-1,41.74,247951360,46.18,egw-qemu-integrated
2026-09-28T21:12:21Z,egw-ditto-gateway-1,65.54,542814208,67.40,egw-qemu-integrated
2026-09-28T21:12:21Z,egw-controller-1,21.74,58793984,21.90,egw-qemu-integrated
2026-09-28T21:12:22Z,egw-mosquitto-1,2.05,5107712,3.81,egw-qemu-integrated
2026-09-28T21:12:22Z,egw-ditto-things-1,73.55,585035776,72.65,egw-qemu-integrated
2026-09-28T21:12:22Z,egw-ditto-policies-1,11.87,617824256,76.72,egw-qemu-integrated
2026-09-28T21:12:22Z,egw-mongodb-1,8.75,248131584,46.22,egw-qemu-integrated
2026-09-28T21:12:22Z,egw-ditto-gateway-1,89.24,543154176,67.45,egw-qemu-integrated
2026-09-28T21:12:22Z,egw-controller-1,27.05,58806272,21.91,egw-qemu-integrated
2026-09-28T21:12:23Z,egw-mosquitto-1,2.07,5111808,3.81,egw-qemu-integrated
2026-09-28T21:12:23Z,egw-ditto-things-1,66.11,585121792,72.66,egw-qemu-integrated
2026-09-28T21:12:23Z,egw-ditto-policies-1,11.03,617820160,76.72,egw-qemu-integrated
2026-09-28T21:12:23Z,egw-mongodb-1,7.08,248135680,46.22,egw-qemu-integrated
2026-09-28T21:12:23Z,egw-ditto-gateway-1,104.30,542896128,67.41,egw-qemu-integrated
2026-09-28T21:12:23Z,egw-controller-1,21.72,58802176,21.91,egw-qemu-integrated
2026-09-28T21:12:24Z,egw-mosquitto-1,2.19,5111808,3.81,egw-qemu-integrated
2026-09-28T21:12:24Z,egw-ditto-things-1,70.26,585146368,72.66,egw-qemu-integrated
2026-09-28T21:12:24Z,egw-ditto-policies-1,80.26,617832448,76.72,egw-qemu-integrated
2026-09-28T21:12:24Z,egw-mongodb-1,5.88,248131584,46.22,egw-qemu-integrated
2026-09-28T21:12:24Z,egw-ditto-gateway-1,80.75,543154176,67.45,egw-qemu-integrated
2026-09-28T21:12:24Z,egw-controller-1,22.72,58814464,21.91,egw-qemu-integrated
2026-09-28T21:12:25Z,egw-mosquitto-1,2.03,5382144,4.01,egw-qemu-integrated
2026-09-28T21:12:25Z,egw-ditto-things-1,88.01,585146368,72.66,egw-qemu-integrated
2026-09-28T21:12:25Z,egw-ditto-policies-1,19.24,617832448,76.72,egw-qemu-integrated
2026-09-28T21:12:25Z,egw-mongodb-1,9.02,248135680,46.22,egw-qemu-integrated
2026-09-28T21:12:25Z,egw-ditto-gateway-1,85.02,542896128,67.41,egw-qemu-integrated
2026-09-28T21:12:25Z,egw-controller-1,22.66,58814464,21.91,egw-qemu-integrated
2026-09-28T21:12:26Z,egw-mosquitto-1,2.08,5115904,3.81,egw-qemu-integrated
2026-09-28T21:12:26Z,egw-ditto-things-1,84.85,585433088,72.70,egw-qemu-integrated
2026-09-28T21:12:26Z,egw-ditto-policies-1,13.35,617848832,76.72,egw-qemu-integrated
2026-09-28T21:12:26Z,egw-mongodb-1,6.03,248131584,46.22,egw-qemu-integrated
2026-09-28T21:12:26Z,egw-ditto-gateway-1,105.56,542896128,67.41,egw-qemu-integrated
2026-09-28T21:12:26Z,egw-controller-1,24.50,58814464,21.91,egw-qemu-integrated
2026-09-28T21:12:27Z,egw-mosquitto-1,2.00,5120000,3.81,egw-qemu-integrated
2026-09-28T21:12:27Z,egw-ditto-things-1,70.72,585179136,72.67,egw-qemu-integrated
2026-09-28T21:12:27Z,egw-ditto-policies-1,11.33,617844736,76.72,egw-qemu-integrated
2026-09-28T21:12:27Z,egw-mongodb-1,7.02,248135680,46.22,egw-qemu-integrated
2026-09-28T21:12:27Z,egw-ditto-gateway-1,60.47,542900224,67.42,egw-qemu-integrated
2026-09-28T21:12:27Z,egw-controller-1,26.55,59101184,22.02,egw-qemu-integrated
2026-09-28T21:12:28Z,egw-mosquitto-1,2.15,5378048,4.01,egw-qemu-integrated
2026-09-28T21:12:28Z,egw-ditto-things-1,60.71,585441280,72.70,egw-qemu-integrated
2026-09-28T21:12:28Z,egw-ditto-policies-1,14.19,617844736,76.72,egw-qemu-integrated
2026-09-28T21:12:28Z,egw-mongodb-1,7.04,248131584,46.22,egw-qemu-integrated
2026-09-28T21:12:28Z,egw-ditto-gateway-1,85.67,542900224,67.42,egw-qemu-integrated
2026-09-28T21:12:28Z,egw-controller-1,25.76,58830848,21.92,egw-qemu-integrated
2026-09-28T21:12:29Z,egw-mosquitto-1,3.42,5644288,4.21,egw-qemu-integrated
2026-09-28T21:12:29Z,egw-ditto-things-1,113.10,585367552,72.69,egw-qemu-integrated
2026-09-28T21:12:29Z,egw-ditto-policies-1,28.79,617848832,76.72,egw-qemu-integrated
2026-09-28T21:12:29Z,egw-mongodb-1,14.66,248406016,46.27,egw-qemu-integrated
2026-09-28T21:12:29Z,egw-ditto-gateway-1,68.61,542908416,67.42,egw-qemu-integrated
2026-09-28T21:12:29Z,egw-controller-1,24.13,58830848,21.92,egw-qemu-integrated
2026-09-28T21:12:30Z,egw-mosquitto-1,1.80,5136384,3.83,egw-qemu-integrated
2026-09-28T21:12:30Z,egw-ditto-things-1,114.13,585658368,72.72,egw-qemu-integrated
2026-09-28T21:12:30Z,egw-ditto-policies-1,48.48,617848832,76.72,egw-qemu-integrated
2026-09-28T21:12:30Z,egw-mongodb-1,14.57,248406016,46.27,egw-qemu-integrated
2026-09-28T21:12:30Z,egw-ditto-gateway-1,106.14,542908416,67.42,egw-qemu-integrated
2026-09-28T21:12:30Z,egw-controller-1,15.71,58847232,21.92,egw-qemu-integrated
2026-09-28T21:12:31Z,egw-mosquitto-1,1.44,5140480,3.83,egw-qemu-integrated
2026-09-28T21:12:31Z,egw-ditto-things-1,107.00,585461760,72.70,egw-qemu-integrated
2026-09-28T21:12:31Z,egw-ditto-policies-1,65.85,617852928,76.72,egw-qemu-integrated
2026-09-28T21:12:31Z,egw-mongodb-1,7.13,248406016,46.27,egw-qemu-integrated
2026-09-28T21:12:31Z,egw-ditto-gateway-1,31.79,542908416,67.42,egw-qemu-integrated
2026-09-28T21:12:31Z,egw-controller-1,15.17,58855424,21.93,egw-qemu-integrated
2026-09-28T21:12:32Z,egw-mosquitto-1,1.66,5144576,3.83,egw-qemu-integrated
2026-09-28T21:12:32Z,egw-ditto-things-1,81.12,585465856,72.70,egw-qemu-integrated
2026-09-28T21:12:32Z,egw-ditto-policies-1,43.90,617857024,76.72,egw-qemu-integrated
2026-09-28T21:12:32Z,egw-mongodb-1,6.10,248406016,46.27,egw-qemu-integrated
2026-09-28T21:12:32Z,egw-ditto-gateway-1,122.25,542937088,67.42,egw-qemu-integrated
2026-09-28T21:12:32Z,egw-controller-1,19.97,58851328,21.92,egw-qemu-integrated
2026-09-28T21:12:33Z,egw-mosquitto-1,1.94,5144576,3.83,egw-qemu-integrated
2026-09-28T21:12:33Z,egw-ditto-things-1,139.27,585465856,72.70,egw-qemu-integrated
2026-09-28T21:12:33Z,egw-ditto-policies-1,13.06,617857024,76.72,egw-qemu-integrated
2026-09-28T21:12:33Z,egw-mongodb-1,7.06,248406016,46.27,egw-qemu-integrated
2026-09-28T21:12:33Z,egw-ditto-gateway-1,61.76,542945280,67.42,egw-qemu-integrated
2026-09-28T21:12:33Z,egw-controller-1,22.05,58859520,21.93,egw-qemu-integrated
2026-09-28T21:12:34Z,egw-mosquitto-1,1.77,5148672,3.84,egw-qemu-integrated
2026-09-28T21:12:34Z,egw-ditto-things-1,126.58,585523200,72.71,egw-qemu-integrated
2026-09-28T21:12:34Z,egw-ditto-policies-1,15.58,617857024,76.72,egw-qemu-integrated
2026-09-28T21:12:34Z,egw-mongodb-1,6.15,248406016,46.27,egw-qemu-integrated
2026-09-28T21:12:34Z,egw-ditto-gateway-1,63.64,542957568,67.42,egw-qemu-integrated
2026-09-28T21:12:34Z,egw-controller-1,23.55,58871808,21.93,egw-qemu-integrated
2026-09-28T21:12:35Z,egw-mosquitto-1,2.06,5152768,3.84,egw-qemu-integrated
2026-09-28T21:12:35Z,egw-ditto-things-1,83.10,585539584,72.71,egw-qemu-integrated
2026-09-28T21:12:35Z,egw-ditto-policies-1,9.26,617857024,76.72,egw-qemu-integrated
2026-09-28T21:12:35Z,egw-mongodb-1,6.78,248664064,46.32,egw-qemu-integrated
2026-09-28T21:12:35Z,egw-ditto-gateway-1,98.74,542978048,67.43,egw-qemu-integrated
2026-09-28T21:12:35Z,egw-controller-1,23.88,59125760,22.03,egw-qemu-integrated
2026-09-28T21:12:36Z,egw-mosquitto-1,1.90,5169152,3.85,egw-qemu-integrated
2026-09-28T21:12:36Z,egw-ditto-things-1,115.93,585555968,72.71,egw-qemu-integrated
2026-09-28T21:12:36Z,egw-ditto-policies-1,23.85,617865216,76.72,egw-qemu-integrated
2026-09-28T21:12:36Z,egw-mongodb-1,6.13,248410112,46.27,egw-qemu-integrated
2026-09-28T21:12:36Z,egw-ditto-gateway-1,81.87,543019008,67.43,egw-qemu-integrated
2026-09-28T21:12:36Z,egw-controller-1,22.65,58880000,21.93,egw-qemu-integrated
2026-09-28T21:12:37Z,egw-mosquitto-1,2.20,5435392,4.05,egw-qemu-integrated
2026-09-28T21:12:37Z,egw-ditto-things-1,151.10,587595776,72.97,egw-qemu-integrated
2026-09-28T21:12:37Z,egw-ditto-policies-1,20.00,617869312,76.72,egw-qemu-integrated
2026-09-28T21:12:37Z,egw-mongodb-1,7.04,248410112,46.27,egw-qemu-integrated
2026-09-28T21:12:37Z,egw-ditto-gateway-1,47.35,543014912,67.43,egw-qemu-integrated
2026-09-28T21:12:37Z,egw-controller-1,21.32,58875904,21.93,egw-qemu-integrated
2026-09-28T21:12:38Z,egw-mosquitto-1,1.81,5169152,3.85,egw-qemu-integrated
2026-09-28T21:12:38Z,egw-ditto-things-1,73.22,585908224,72.76,egw-qemu-integrated
2026-09-28T21:12:38Z,egw-ditto-policies-1,13.46,617869312,76.72,egw-qemu-integrated
2026-09-28T21:12:38Z,egw-mongodb-1,6.08,248410112,46.27,egw-qemu-integrated
2026-09-28T21:12:38Z,egw-ditto-gateway-1,129.16,543014912,67.43,egw-qemu-integrated
2026-09-28T21:12:38Z,egw-controller-1,22.25,58896384,21.94,egw-qemu-integrated
2026-09-28T21:12:39Z,egw-mosquitto-1,1.74,5181440,3.86,egw-qemu-integrated
2026-09-28T21:12:39Z,egw-ditto-things-1,67.85,585707520,72.73,egw-qemu-integrated
2026-09-28T21:12:39Z,egw-ditto-policies-1,10.09,617869312,76.72,egw-qemu-integrated
2026-09-28T21:12:39Z,egw-mongodb-1,7.43,248414208,46.27,egw-qemu-integrated
2026-09-28T21:12:39Z,egw-ditto-gateway-1,77.13,543055872,67.43,egw-qemu-integrated
2026-09-28T21:12:39Z,egw-controller-1,25.83,58888192,21.94,egw-qemu-integrated
2026-09-28T21:12:40Z,egw-mosquitto-1,1.80,5181440,3.86,egw-qemu-integrated
2026-09-28T21:12:40Z,egw-ditto-things-1,71.04,585756672,72.74,egw-qemu-integrated
2026-09-28T21:12:40Z,egw-ditto-policies-1,48.90,617873408,76.73,egw-qemu-integrated
2026-09-28T21:12:40Z,egw-mongodb-1,6.31,248414208,46.27,egw-qemu-integrated
2026-09-28T21:12:40Z,egw-ditto-gateway-1,66.90,543051776,67.43,egw-qemu-integrated
2026-09-28T21:12:40Z,egw-controller-1,33.55,60899328,22.69,egw-qemu-integrated
2026-09-28T21:12:41Z,egw-mosquitto-1,1.72,5185536,3.86,egw-qemu-integrated
2026-09-28T21:12:41Z,egw-ditto-things-1,56.08,585785344,72.74,egw-qemu-integrated
2026-09-28T21:12:41Z,egw-ditto-policies-1,40.78,617881600,76.73,egw-qemu-integrated
2026-09-28T21:12:41Z,egw-mongodb-1,11.36,248410112,46.27,egw-qemu-integrated
2026-09-28T21:12:41Z,egw-ditto-gateway-1,68.62,543064064,67.44,egw-qemu-integrated
2026-09-28T21:12:41Z,egw-controller-1,106.71,68853760,25.65,egw-qemu-integrated
2026-09-28T21:12:42Z,egw-mosquitto-1,1.59,5185536,3.86,egw-qemu-integrated
2026-09-28T21:12:42Z,egw-ditto-things-1,73.33,585887744,72.75,egw-qemu-integrated
2026-09-28T21:12:42Z,egw-ditto-policies-1,18.52,617889792,76.73,egw-qemu-integrated
2026-09-28T21:12:42Z,egw-mongodb-1,7.30,248410112,46.27,egw-qemu-integrated
2026-09-28T21:12:42Z,egw-ditto-gateway-1,72.36,543076352,67.44,egw-qemu-integrated
2026-09-28T21:12:42Z,egw-controller-1,117.03,70381568,26.22,egw-qemu-integrated
2026-09-28T21:12:43Z,egw-mosquitto-1,1.77,5197824,3.87,egw-qemu-integrated
2026-09-28T21:12:43Z,egw-ditto-things-1,61.46,585920512,72.76,egw-qemu-integrated
2026-09-28T21:12:43Z,egw-ditto-policies-1,10.25,617889792,76.73,egw-qemu-integrated
2026-09-28T21:12:43Z,egw-mongodb-1,17.50,248516608,46.29,egw-qemu-integrated
2026-09-28T21:12:43Z,egw-ditto-gateway-1,57.79,543080448,67.44,egw-qemu-integrated
2026-09-28T21:12:43Z,egw-controller-1,119.33,72454144,26.99,egw-qemu-integrated
2026-09-28T21:12:44Z,egw-mosquitto-1,39.30,7024640,5.23,egw-qemu-integrated
2026-09-28T21:12:44Z,egw-ditto-things-1,69.54,585924608,72.76,egw-qemu-integrated
2026-09-28T21:12:44Z,egw-ditto-policies-1,15.02,617889792,76.73,egw-qemu-integrated
2026-09-28T21:12:44Z,egw-mongodb-1,5.27,248508416,46.29,egw-qemu-integrated
2026-09-28T21:12:44Z,egw-ditto-gateway-1,56.81,543088640,67.44,egw-qemu-integrated
2026-09-28T21:12:44Z,egw-controller-1,34.15,58908672,21.95,egw-qemu-integrated
2026-09-28T21:12:45Z,egw-mosquitto-1,22.53,5222400,3.89,egw-qemu-integrated
2026-09-28T21:12:45Z,egw-ditto-things-1,72.29,585949184,72.76,egw-qemu-integrated
2026-09-28T21:12:45Z,egw-ditto-policies-1,24.99,617897984,76.73,egw-qemu-integrated
2026-09-28T21:12:45Z,egw-mongodb-1,6.69,248512512,46.29,egw-qemu-integrated
2026-09-28T21:12:45Z,egw-ditto-gateway-1,60.98,543100928,67.44,egw-qemu-integrated
2026-09-28T21:12:45Z,egw-controller-1,21.96,58920960,21.95,egw-qemu-integrated
2026-09-28T21:12:46Z,egw-mosquitto-1,1.65,5210112,3.88,egw-qemu-integrated
2026-09-28T21:12:46Z,egw-ditto-things-1,78.48,585969664,72.76,egw-qemu-integrated
2026-09-28T21:12:46Z,egw-ditto-policies-1,9.95,617897984,76.73,egw-qemu-integrated
2026-09-28T21:12:46Z,egw-mongodb-1,7.73,248524800,46.29,egw-qemu-integrated
2026-09-28T21:12:46Z,egw-ditto-gateway-1,68.16,543371264,67.47,egw-qemu-integrated
2026-09-28T21:12:46Z,egw-controller-1,25.22,58920960,21.95,egw-qemu-integrated
2026-09-28T21:12:47Z,egw-mosquitto-1,1.96,5480448,4.08,egw-qemu-integrated
2026-09-28T21:12:47Z,egw-ditto-things-1,66.75,585981952,72.77,egw-qemu-integrated
2026-09-28T21:12:47Z,egw-ditto-policies-1,34.57,617910272,76.73,egw-qemu-integrated
2026-09-28T21:12:47Z,egw-mongodb-1,6.57,248520704,46.29,egw-qemu-integrated
2026-09-28T21:12:47Z,egw-ditto-gateway-1,83.72,543129600,67.44,egw-qemu-integrated
2026-09-28T21:12:47Z,egw-controller-1,25.12,58912768,21.95,egw-qemu-integrated
2026-09-28T21:12:48Z,egw-mosquitto-1,1.59,5480448,4.08,egw-qemu-integrated
2026-09-28T21:12:48Z,egw-ditto-things-1,88.15,585973760,72.76,egw-qemu-integrated
2026-09-28T21:12:48Z,egw-ditto-policies-1,13.88,617914368,76.73,egw-qemu-integrated
2026-09-28T21:12:48Z,egw-mongodb-1,6.81,248520704,46.29,egw-qemu-integrated
2026-09-28T21:12:48Z,egw-ditto-gateway-1,78.53,543145984,67.45,egw-qemu-integrated
2026-09-28T21:12:48Z,egw-controller-1,27.77,59445248,22.15,egw-qemu-integrated
2026-09-28T21:12:49Z,egw-mosquitto-1,2.12,5472256,4.08,egw-qemu-integrated
2026-09-28T21:12:49Z,egw-ditto-things-1,75.26,586043392,72.77,egw-qemu-integrated
2026-09-28T21:12:49Z,egw-ditto-policies-1,11.45,617914368,76.73,egw-qemu-integrated
2026-09-28T21:12:49Z,egw-mongodb-1,7.93,248520704,46.29,egw-qemu-integrated
2026-09-28T21:12:49Z,egw-ditto-gateway-1,61.37,543150080,67.45,egw-qemu-integrated
2026-09-28T21:12:49Z,egw-controller-1,26.75,58920960,21.95,egw-qemu-integrated
2026-09-28T21:12:50Z,egw-mosquitto-1,2.04,5230592,3.90,egw-qemu-integrated
2026-09-28T21:12:50Z,egw-ditto-things-1,45.73,586063872,72.78,egw-qemu-integrated
2026-09-28T21:12:50Z,egw-ditto-policies-1,53.32,617918464,76.73,egw-qemu-integrated
2026-09-28T21:12:50Z,egw-mongodb-1,40.16,249147392,46.41,egw-qemu-integrated
2026-09-28T21:12:50Z,egw-ditto-gateway-1,40.32,543145984,67.45,egw-qemu-integrated
2026-09-28T21:12:50Z,egw-controller-1,18.50,58925056,21.95,egw-qemu-integrated
2026-09-28T21:12:51Z,egw-mosquitto-1,1.98,5226496,3.89,egw-qemu-integrated
2026-09-28T21:12:51Z,egw-ditto-things-1,54.58,586027008,72.77,egw-qemu-integrated
2026-09-28T21:12:51Z,egw-ditto-policies-1,37.14,617930752,76.73,egw-qemu-integrated
2026-09-28T21:12:51Z,egw-mongodb-1,84.46,343363584,63.96,egw-qemu-integrated
2026-09-28T21:12:51Z,egw-ditto-gateway-1,55.87,543158272,67.45,egw-qemu-integrated
2026-09-28T21:12:51Z,egw-controller-1,18.21,58929152,21.95,egw-qemu-integrated
2026-09-28T21:12:52Z,egw-mosquitto-1,7.46,5238784,3.90,egw-qemu-integrated
2026-09-28T21:12:52Z,egw-ditto-things-1,44.64,586027008,72.77,egw-qemu-integrated
2026-09-28T21:12:52Z,egw-ditto-policies-1,32.24,617934848,76.73,egw-qemu-integrated
2026-09-28T21:12:52Z,egw-mongodb-1,76.11,398327808,74.19,egw-qemu-integrated
2026-09-28T21:12:52Z,egw-ditto-gateway-1,72.58,543158272,67.45,egw-qemu-integrated
2026-09-28T21:12:52Z,egw-controller-1,29.21,58941440,21.96,egw-qemu-integrated
2026-09-28T21:12:53Z,egw-mosquitto-1,1.50,5246976,3.91,egw-qemu-integrated
2026-09-28T21:12:53Z,egw-ditto-things-1,30.07,586031104,72.77,egw-qemu-integrated
2026-09-28T21:12:53Z,egw-ditto-policies-1,72.83,617938944,76.73,egw-qemu-integrated
2026-09-28T21:12:53Z,egw-mongodb-1,69.28,396980224,73.94,egw-qemu-integrated
2026-09-28T21:12:53Z,egw-ditto-gateway-1,102.65,543051776,67.43,egw-qemu-integrated
2026-09-28T21:12:53Z,egw-controller-1,5.37,58945536,21.96,egw-qemu-integrated
2026-09-28T21:12:54Z,egw-mosquitto-1,2.22,5255168,3.92,egw-qemu-integrated
2026-09-28T21:12:54Z,egw-ditto-things-1,52.75,586473472,72.83,egw-qemu-integrated
2026-09-28T21:12:54Z,egw-ditto-policies-1,53.23,618852352,76.85,egw-qemu-integrated
2026-09-28T21:12:54Z,egw-mongodb-1,76.73,399228928,74.36,egw-qemu-integrated
2026-09-28T21:12:54Z,egw-ditto-gateway-1,86.31,543051776,67.43,egw-qemu-integrated
2026-09-28T21:12:54Z,egw-controller-1,6.10,58953728,21.96,egw-qemu-integrated
2026-09-28T21:12:55Z,egw-mosquitto-1,2.09,5226496,3.89,egw-qemu-integrated
2026-09-28T21:12:55Z,egw-ditto-things-1,77.44,586039296,72.77,egw-qemu-integrated
2026-09-28T21:12:55Z,egw-ditto-policies-1,60.36,619876352,76.97,egw-qemu-integrated
2026-09-28T21:12:55Z,egw-mongodb-1,75.58,400908288,74.67,egw-qemu-integrated
2026-09-28T21:12:55Z,egw-ditto-gateway-1,62.25,542994432,67.43,egw-qemu-integrated
2026-09-28T21:12:56Z,egw-mosquitto-1,1.89,5492736,4.09,egw-qemu-integrated
2026-09-28T21:12:56Z,egw-ditto-things-1,29.87,585961472,72.76,egw-qemu-integrated
2026-09-28T21:12:56Z,egw-ditto-policies-1,44.95,618209280,76.77,egw-qemu-integrated
2026-09-28T21:12:56Z,egw-mongodb-1,69.57,401219584,74.73,egw-qemu-integrated
2026-09-28T21:12:56Z,egw-ditto-gateway-1,25.67,543076352,67.44,egw-qemu-integrated
2026-09-28T21:12:57Z,egw-mosquitto-1,1.73,5242880,3.91,egw-qemu-integrated
2026-09-28T21:12:57Z,egw-ditto-things-1,32.63,585965568,72.76,egw-qemu-integrated
2026-09-28T21:12:57Z,egw-ditto-policies-1,11.37,617951232,76.73,egw-qemu-integrated
2026-09-28T21:12:57Z,egw-mongodb-1,100.87,405737472,75.57,egw-qemu-integrated
2026-09-28T21:12:57Z,egw-ditto-gateway-1,16.41,542994432,67.43,egw-qemu-integrated
2026-09-28T21:12:58Z,egw-mosquitto-1,1.52,5251072,3.91,egw-qemu-integrated
2026-09-28T21:12:58Z,egw-ditto-things-1,9.78,585965568,72.76,egw-qemu-integrated
2026-09-28T21:12:58Z,egw-ditto-policies-1,10.14,617951232,76.73,egw-qemu-integrated
2026-09-28T21:12:58Z,egw-mongodb-1,133.25,411676672,76.68,egw-qemu-integrated
2026-09-28T21:12:58Z,egw-ditto-gateway-1,7.97,542994432,67.43,egw-qemu-integrated
2026-09-28T21:12:59Z,egw-mosquitto-1,1.11,5255168,3.92,egw-qemu-integrated
2026-09-28T21:12:59Z,egw-ditto-things-1,18.07,585969664,72.76,egw-qemu-integrated
2026-09-28T21:12:59Z,egw-ditto-policies-1,12.40,617951232,76.73,egw-qemu-integrated
2026-09-28T21:12:59Z,egw-mongodb-1,71.87,248524800,46.29,egw-qemu-integrated
2026-09-28T21:12:59Z,egw-ditto-gateway-1,11.64,542994432,67.43,egw-qemu-integrated
2026-09-28T21:13:00Z,egw-mosquitto-1,1.71,5263360,3.92,egw-qemu-integrated
2026-09-28T21:13:00Z,egw-ditto-things-1,16.33,585969664,72.76,egw-qemu-integrated
2026-09-28T21:13:00Z,egw-ditto-policies-1,37.08,617951232,76.73,egw-qemu-integrated
2026-09-28T21:13:00Z,egw-mongodb-1,4.96,248524800,46.29,egw-qemu-integrated
2026-09-28T21:13:00Z,egw-ditto-gateway-1,10.81,542994432,67.43,egw-qemu-integrated
2026-09-28T21:13:01Z,egw-mosquitto-1,1.94,5279744,3.93,egw-qemu-integrated
2026-09-28T21:13:01Z,egw-ditto-things-1,32.17,585973760,72.76,egw-qemu-integrated
2026-09-28T21:13:01Z,egw-ditto-policies-1,19.79,617955328,76.74,egw-qemu-integrated
2026-09-28T21:13:01Z,egw-mongodb-1,3.00,248524800,46.29,egw-qemu-integrated
2026-09-28T21:13:01Z,egw-ditto-gateway-1,29.11,542994432,67.43,egw-qemu-integrated
2026-09-28T21:13:02Z,egw-mosquitto-1,2.49,5283840,3.94,egw-qemu-integrated
2026-09-28T21:13:02Z,egw-ditto-things-1,29.81,585981952,72.77,egw-qemu-integrated
2026-09-28T21:13:02Z,egw-ditto-policies-1,26.69,617959424,76.74,egw-qemu-integrated
2026-09-28T21:13:02Z,egw-mongodb-1,7.94,248524800,46.29,egw-qemu-integrated
2026-09-28T21:13:02Z,egw-ditto-gateway-1,27.99,542994432,67.43,egw-qemu-integrated
2026-09-28T21:13:02Z,egw-controller-1,0.00,2678784,1.00,egw-qemu-integrated
2026-09-28T21:13:03Z,egw-mosquitto-1,1.98,5296128,3.95,egw-qemu-integrated
2026-09-28T21:13:03Z,egw-ditto-things-1,37.32,585977856,72.76,egw-qemu-integrated
2026-09-28T21:13:03Z,egw-ditto-policies-1,64.86,617959424,76.74,egw-qemu-integrated
2026-09-28T21:13:03Z,egw-mongodb-1,11.14,248524800,46.29,egw-qemu-integrated
2026-09-28T21:13:03Z,egw-ditto-gateway-1,44.59,542994432,67.43,egw-qemu-integrated
2026-09-28T21:13:03Z,egw-controller-1,19.84,3518464,1.31,egw-qemu-integrated
2026-09-28T21:13:04Z,egw-mosquitto-1,1.06,5304320,3.95,egw-qemu-integrated
2026-09-28T21:13:04Z,egw-ditto-things-1,12.87,585977856,72.76,egw-qemu-integrated
2026-09-28T21:13:04Z,egw-ditto-policies-1,12.99,617959424,76.74,egw-qemu-integrated
2026-09-28T21:13:04Z,egw-mongodb-1,3.09,248524800,46.29,egw-qemu-integrated
2026-09-28T21:13:04Z,egw-ditto-gateway-1,9.93,542994432,67.43,egw-qemu-integrated
2026-09-28T21:13:04Z,egw-controller-1,83.23,8572928,3.19,egw-qemu-integrated
2026-09-28T21:13:05Z,egw-mosquitto-1,2.08,5312512,3.96,egw-qemu-integrated
2026-09-28T21:13:05Z,egw-ditto-things-1,12.64,585977856,72.76,egw-qemu-integrated
2026-09-28T21:13:05Z,egw-ditto-policies-1,13.72,617959424,76.74,egw-qemu-integrated
2026-09-28T21:13:05Z,egw-mongodb-1,3.20,248524800,46.29,egw-qemu-integrated
2026-09-28T21:13:05Z,egw-ditto-gateway-1,21.68,542998528,67.43,egw-qemu-integrated
2026-09-28T21:13:05Z,egw-controller-1,98.81,9920512,3.70,egw-qemu-integrated
2026-09-28T21:13:06Z,egw-mosquitto-1,1.12,5324800,3.97,egw-qemu-integrated
2026-09-28T21:13:06Z,egw-ditto-things-1,15.02,586240000,72.80,egw-qemu-integrated
2026-09-28T21:13:06Z,egw-ditto-policies-1,19.72,617959424,76.74,egw-qemu-integrated
2026-09-28T21:13:06Z,egw-mongodb-1,4.99,248528896,46.29,egw-qemu-integrated
2026-09-28T21:13:06Z,egw-ditto-gateway-1,14.58,542978048,67.43,egw-qemu-integrated
2026-09-28T21:13:06Z,egw-controller-1,98.21,15671296,5.84,egw-qemu-integrated
2026-09-28T21:13:07Z,egw-mosquitto-1,1.46,5341184,3.98,egw-qemu-integrated
2026-09-28T21:13:07Z,egw-ditto-things-1,46.73,588066816,73.02,egw-qemu-integrated
2026-09-28T21:13:07Z,egw-ditto-policies-1,40.61,617984000,76.74,egw-qemu-integrated
2026-09-28T21:13:07Z,egw-mongodb-1,1.94,248528896,46.29,egw-qemu-integrated
2026-09-28T21:13:07Z,egw-ditto-gateway-1,11.86,542998528,67.43,egw-qemu-integrated
2026-09-28T21:13:07Z,egw-controller-1,93.57,18194432,6.78,egw-qemu-integrated
2026-09-28T21:13:08Z,egw-mosquitto-1,1.51,5353472,3.99,egw-qemu-integrated
2026-09-28T21:13:08Z,egw-ditto-things-1,112.11,585986048,72.77,egw-qemu-integrated
2026-09-28T21:13:08Z,egw-ditto-policies-1,10.40,617984000,76.74,egw-qemu-integrated
2026-09-28T21:13:08Z,egw-mongodb-1,4.13,248528896,46.29,egw-qemu-integrated
2026-09-28T21:13:08Z,egw-ditto-gateway-1,82.55,542998528,67.43,egw-qemu-integrated
2026-09-28T21:13:08Z,egw-controller-1,87.16,20348928,7.58,egw-qemu-integrated
2026-09-28T21:13:09Z,egw-mosquitto-1,1.00,5357568,3.99,egw-qemu-integrated
2026-09-28T21:13:09Z,egw-ditto-things-1,36.83,586010624,72.77,egw-qemu-integrated
2026-09-28T21:13:09Z,egw-ditto-policies-1,88.10,618102784,76.75,egw-qemu-integrated
2026-09-28T21:13:09Z,egw-mongodb-1,2.44,248528896,46.29,egw-qemu-integrated
2026-09-28T21:13:09Z,egw-ditto-gateway-1,7.56,543002624,67.43,egw-qemu-integrated
2026-09-28T21:13:09Z,egw-controller-1,98.21,24350720,9.07,egw-qemu-integrated
2026-09-28T21:13:10Z,egw-mosquitto-1,1.38,5369856,4.00,egw-qemu-integrated
2026-09-28T21:13:10Z,egw-ditto-things-1,27.03,586014720,72.77,egw-qemu-integrated
2026-09-28T21:13:10Z,egw-ditto-policies-1,13.73,618147840,76.76,egw-qemu-integrated
2026-09-28T21:13:10Z,egw-mongodb-1,2.96,248528896,46.29,egw-qemu-integrated
2026-09-28T21:13:10Z,egw-ditto-gateway-1,33.61,543006720,67.43,egw-qemu-integrated
2026-09-28T21:13:10Z,egw-controller-1,100.62,29339648,10.93,egw-qemu-integrated
2026-09-28T21:13:11Z,egw-mosquitto-1,1.10,5898240,4.39,egw-qemu-integrated
2026-09-28T21:13:11Z,egw-ditto-things-1,32.71,586022912,72.77,egw-qemu-integrated
2026-09-28T21:13:11Z,egw-ditto-policies-1,10.83,618151936,76.76,egw-qemu-integrated
2026-09-28T21:13:11Z,egw-mongodb-1,2.87,248528896,46.29,egw-qemu-integrated
2026-09-28T21:13:11Z,egw-ditto-gateway-1,9.46,543002624,67.43,egw-qemu-integrated
2026-09-28T21:13:11Z,egw-controller-1,97.04,30220288,11.26,egw-qemu-integrated
2026-09-28T21:13:12Z,egw-mosquitto-1,1.65,5382144,4.01,egw-qemu-integrated
2026-09-28T21:13:12Z,egw-ditto-things-1,18.69,586022912,72.77,egw-qemu-integrated
2026-09-28T21:13:12Z,egw-ditto-policies-1,26.53,618196992,76.77,egw-qemu-integrated
2026-09-28T21:13:12Z,egw-mongodb-1,6.83,248528896,46.29,egw-qemu-integrated
2026-09-28T21:13:12Z,egw-ditto-gateway-1,13.40,543002624,67.43,egw-qemu-integrated
2026-09-28T21:13:12Z,egw-controller-1,99.22,36450304,13.58,egw-qemu-integrated
2026-09-28T21:13:13Z,egw-mosquitto-1,1.23,5394432,4.02,egw-qemu-integrated
2026-09-28T21:13:13Z,egw-ditto-things-1,15.18,586022912,72.77,egw-qemu-integrated
2026-09-28T21:13:13Z,egw-ditto-policies-1,16.97,618196992,76.77,egw-qemu-integrated
2026-09-28T21:13:13Z,egw-mongodb-1,3.61,248532992,46.29,egw-qemu-integrated
2026-09-28T21:13:13Z,egw-ditto-gateway-1,11.15,543002624,67.43,egw-qemu-integrated
2026-09-28T21:13:13Z,egw-controller-1,98.79,39075840,14.56,egw-qemu-integrated
2026-09-28T21:13:14Z,egw-mosquitto-1,65.39,5738496,4.28,egw-qemu-integrated
2026-09-28T21:13:14Z,egw-ditto-things-1,28.73,586027008,72.77,egw-qemu-integrated
2026-09-28T21:13:14Z,egw-ditto-policies-1,19.19,618196992,76.77,egw-qemu-integrated
2026-09-28T21:13:14Z,egw-mongodb-1,2.81,248528896,46.29,egw-qemu-integrated
2026-09-28T21:13:14Z,egw-ditto-gateway-1,17.38,543002624,67.43,egw-qemu-integrated
2026-09-28T21:13:14Z,egw-controller-1,84.48,42827776,15.95,egw-qemu-integrated
2026-09-28T21:13:15Z,egw-mosquitto-1,9.06,5783552,4.31,egw-qemu-integrated
2026-09-28T21:13:15Z,egw-ditto-things-1,43.22,586383360,72.81,egw-qemu-integrated
2026-09-28T21:13:15Z,egw-ditto-policies-1,8.53,618196992,76.77,egw-qemu-integrated
2026-09-28T21:13:15Z,egw-mongodb-1,3.28,248528896,46.29,egw-qemu-integrated
2026-09-28T21:13:15Z,egw-ditto-gateway-1,44.43,543113216,67.44,egw-qemu-integrated
2026-09-28T21:13:15Z,egw-controller-1,106.11,43765760,16.30,egw-qemu-integrated
2026-09-28T21:13:16Z,egw-mosquitto-1,1.68,5488640,4.09,egw-qemu-integrated
2026-09-28T21:13:16Z,egw-ditto-things-1,55.04,586170368,72.79,egw-qemu-integrated
2026-09-28T21:13:16Z,egw-ditto-policies-1,10.88,618196992,76.77,egw-qemu-integrated
2026-09-28T21:13:16Z,egw-mongodb-1,8.20,248532992,46.29,egw-qemu-integrated
2026-09-28T21:13:16Z,egw-ditto-gateway-1,57.42,543297536,67.46,egw-qemu-integrated
2026-09-28T21:13:16Z,egw-controller-1,105.77,44224512,16.47,egw-qemu-integrated
2026-09-28T21:13:17Z,egw-mosquitto-1,1.97,5738496,4.28,egw-qemu-integrated
2026-09-28T21:13:17Z,egw-ditto-things-1,66.77,586235904,72.80,egw-qemu-integrated
2026-09-28T21:13:17Z,egw-ditto-policies-1,8.21,618196992,76.77,egw-qemu-integrated
2026-09-28T21:13:17Z,egw-mongodb-1,6.25,248532992,46.29,egw-qemu-integrated
2026-09-28T21:13:17Z,egw-ditto-gateway-1,91.36,543318016,67.47,egw-qemu-integrated
2026-09-28T21:13:17Z,egw-controller-1,33.61,43937792,16.37,egw-qemu-integrated
2026-09-28T21:13:18Z,egw-mosquitto-1,1.76,5488640,4.09,egw-qemu-integrated
2026-09-28T21:13:18Z,egw-ditto-things-1,88.33,586526720,72.83,egw-qemu-integrated
2026-09-28T21:13:18Z,egw-ditto-policies-1,8.94,618196992,76.77,egw-qemu-integrated
2026-09-28T21:13:18Z,egw-mongodb-1,7.34,248537088,46.29,egw-qemu-integrated
2026-09-28T21:13:18Z,egw-ditto-gateway-1,76.72,543330304,67.47,egw-qemu-integrated
2026-09-28T21:13:18Z,egw-controller-1,26.29,43945984,16.37,egw-qemu-integrated
2026-09-28T21:13:19Z,egw-mosquitto-1,1.88,5488640,4.09,egw-qemu-integrated
2026-09-28T21:13:19Z,egw-ditto-things-1,87.72,586297344,72.80,egw-qemu-integrated
2026-09-28T21:13:19Z,egw-ditto-policies-1,19.69,618233856,76.77,egw-qemu-integrated
2026-09-28T21:13:19Z,egw-mongodb-1,6.35,248537088,46.29,egw-qemu-integrated
2026-09-28T21:13:19Z,egw-ditto-gateway-1,79.18,543608832,67.50,egw-qemu-integrated
2026-09-28T21:13:19Z,egw-controller-1,25.06,44232704,16.48,egw-qemu-integrated
2026-09-28T21:13:20Z,egw-mosquitto-1,2.07,5492736,4.09,egw-qemu-integrated
2026-09-28T21:13:20Z,egw-ditto-things-1,121.82,586346496,72.81,egw-qemu-integrated
2026-09-28T21:13:20Z,egw-ditto-policies-1,14.08,618237952,76.77,egw-qemu-integrated
2026-09-28T21:13:20Z,egw-mongodb-1,6.37,248532992,46.29,egw-qemu-integrated
2026-09-28T21:13:20Z,egw-ditto-gateway-1,85.14,543358976,67.47,egw-qemu-integrated
2026-09-28T21:13:20Z,egw-controller-1,24.28,43978752,16.38,egw-qemu-integrated
2026-09-28T21:13:21Z,egw-mosquitto-1,2.07,5496832,4.10,egw-qemu-integrated
2026-09-28T21:13:21Z,egw-ditto-things-1,82.41,586424320,72.82,egw-qemu-integrated
2026-09-28T21:13:21Z,egw-ditto-policies-1,12.80,618500096,76.80,egw-qemu-integrated
2026-09-28T21:13:21Z,egw-mongodb-1,6.72,248795136,46.34,egw-qemu-integrated
2026-09-28T21:13:21Z,egw-ditto-gateway-1,63.94,543358976,67.47,egw-qemu-integrated
2026-09-28T21:13:21Z,egw-controller-1,27.10,44019712,16.40,egw-qemu-integrated
2026-09-28T21:13:22Z,egw-mosquitto-1,1.81,5496832,4.10,egw-qemu-integrated
2026-09-28T21:13:22Z,egw-ditto-things-1,59.06,586469376,72.83,egw-qemu-integrated
2026-09-28T21:13:22Z,egw-ditto-policies-1,19.47,618237952,76.77,egw-qemu-integrated
2026-09-28T21:13:22Z,egw-mongodb-1,9.38,249040896,46.39,egw-qemu-integrated
2026-09-28T21:13:22Z,egw-ditto-gateway-1,85.72,543383552,67.48,egw-qemu-integrated
2026-09-28T21:13:22Z,egw-controller-1,23.59,44019712,16.40,egw-qemu-integrated
2026-09-28T21:13:23Z,egw-mosquitto-1,2.27,5500928,4.10,egw-qemu-integrated
2026-09-28T21:13:23Z,egw-ditto-things-1,70.43,586498048,72.83,egw-qemu-integrated
2026-09-28T21:13:23Z,egw-ditto-policies-1,9.69,618237952,76.77,egw-qemu-integrated
2026-09-28T21:13:23Z,egw-mongodb-1,7.24,248782848,46.34,egw-qemu-integrated
2026-09-28T21:13:23Z,egw-ditto-gateway-1,94.86,543391744,67.48,egw-qemu-integrated
2026-09-28T21:13:23Z,egw-controller-1,26.97,44019712,16.40,egw-qemu-integrated
2026-09-28T21:13:24Z,egw-mosquitto-1,2.09,6029312,4.49,egw-qemu-integrated
2026-09-28T21:13:24Z,egw-ditto-things-1,78.14,586571776,72.84,egw-qemu-integrated
2026-09-28T21:13:24Z,egw-ditto-policies-1,19.85,618246144,76.77,egw-qemu-integrated
2026-09-28T21:13:24Z,egw-mongodb-1,6.57,248782848,46.34,egw-qemu-integrated
2026-09-28T21:13:24Z,egw-ditto-gateway-1,70.90,543678464,67.51,egw-qemu-integrated
2026-09-28T21:13:24Z,egw-controller-1,24.10,44036096,16.40,egw-qemu-integrated
2026-09-28T21:13:25Z,egw-mosquitto-1,4.11,5513216,4.11,egw-qemu-integrated
2026-09-28T21:13:25Z,egw-ditto-things-1,102.60,586723328,72.86,egw-qemu-integrated
2026-09-28T21:13:25Z,egw-ditto-policies-1,73.70,620183552,77.01,egw-qemu-integrated
2026-09-28T21:13:25Z,egw-mongodb-1,7.95,248782848,46.34,egw-qemu-integrated
2026-09-28T21:13:25Z,egw-ditto-gateway-1,63.37,543453184,67.48,egw-qemu-integrated
2026-09-28T21:13:25Z,egw-controller-1,26.14,44044288,16.41,egw-qemu-integrated
2026-09-28T21:13:26Z,egw-mosquitto-1,2.71,5513216,4.11,egw-qemu-integrated
2026-09-28T21:13:26Z,egw-ditto-things-1,82.36,586657792,72.85,egw-qemu-integrated
2026-09-28T21:13:26Z,egw-ditto-policies-1,74.64,618254336,76.77,egw-qemu-integrated
2026-09-28T21:13:26Z,egw-mongodb-1,19.32,248782848,46.34,egw-qemu-integrated
2026-09-28T21:13:26Z,egw-ditto-gateway-1,104.10,543457280,67.48,egw-qemu-integrated
2026-09-28T21:13:26Z,egw-controller-1,9.15,44036096,16.40,egw-qemu-integrated
2026-09-28T21:13:27Z,egw-mosquitto-1,1.85,5525504,4.12,egw-qemu-integrated
2026-09-28T21:13:27Z,egw-ditto-things-1,113.93,586715136,72.86,egw-qemu-integrated
2026-09-28T21:13:27Z,egw-ditto-policies-1,16.90,618250240,76.77,egw-qemu-integrated
2026-09-28T21:13:27Z,egw-mongodb-1,7.68,248782848,46.34,egw-qemu-integrated
2026-09-28T21:13:27Z,egw-ditto-gateway-1,64.11,543465472,67.49,egw-qemu-integrated
2026-09-28T21:13:27Z,egw-controller-1,15.35,44306432,16.51,egw-qemu-integrated
2026-09-28T21:13:28Z,egw-mosquitto-1,2.41,5529600,4.12,egw-qemu-integrated
2026-09-28T21:13:28Z,egw-ditto-things-1,62.10,586760192,72.86,egw-qemu-integrated
2026-09-28T21:13:28Z,egw-ditto-policies-1,21.73,618250240,76.77,egw-qemu-integrated
2026-09-28T21:13:28Z,egw-mongodb-1,35.65,249176064,46.41,egw-qemu-integrated
2026-09-28T21:13:28Z,egw-ditto-gateway-1,65.83,543465472,67.49,egw-qemu-integrated
2026-09-28T21:13:28Z,egw-controller-1,21.67,44048384,16.41,egw-qemu-integrated
2026-09-28T21:13:29Z,egw-mosquitto-1,2.40,5529600,4.12,egw-qemu-integrated
2026-09-28T21:13:29Z,egw-ditto-things-1,65.77,586686464,72.85,egw-qemu-integrated
2026-09-28T21:13:29Z,egw-ditto-policies-1,43.76,618254336,76.77,egw-qemu-integrated
2026-09-28T21:13:29Z,egw-mongodb-1,82.42,343105536,63.91,egw-qemu-integrated
2026-09-28T21:13:29Z,egw-ditto-gateway-1,100.68,543494144,67.49,egw-qemu-integrated
2026-09-28T21:13:29Z,egw-controller-1,20.97,44314624,16.51,egw-qemu-integrated
2026-09-28T21:13:30Z,egw-mosquitto-1,1.98,5533696,4.12,egw-qemu-integrated
2026-09-28T21:13:30Z,egw-ditto-things-1,105.34,586752000,72.86,egw-qemu-integrated
2026-09-28T21:13:30Z,egw-ditto-policies-1,15.82,618258432,76.77,egw-qemu-integrated
2026-09-28T21:13:30Z,egw-mongodb-1,102.79,397271040,74.00,egw-qemu-integrated
2026-09-28T21:13:30Z,egw-ditto-gateway-1,84.20,543518720,67.49,egw-qemu-integrated
2026-09-28T21:13:30Z,egw-controller-1,15.52,44060672,16.41,egw-qemu-integrated
2026-09-28T21:13:31Z,egw-mosquitto-1,2.13,5537792,4.13,egw-qemu-integrated
2026-09-28T21:13:31Z,egw-ditto-things-1,89.73,586792960,72.87,egw-qemu-integrated
2026-09-28T21:13:31Z,egw-ditto-policies-1,12.73,618258432,76.77,egw-qemu-integrated
2026-09-28T21:13:31Z,egw-mongodb-1,120.96,401477632,74.78,egw-qemu-integrated
2026-09-28T21:13:31Z,egw-ditto-gateway-1,49.25,543522816,67.49,egw-qemu-integrated
2026-09-28T21:13:31Z,egw-controller-1,26.20,44077056,16.42,egw-qemu-integrated
2026-09-28T21:13:32Z,egw-mosquitto-1,1.90,5541888,4.13,egw-qemu-integrated
2026-09-28T21:13:32Z,egw-ditto-things-1,67.40,586760192,72.86,egw-qemu-integrated
2026-09-28T21:13:32Z,egw-ditto-policies-1,15.85,618258432,76.77,egw-qemu-integrated
2026-09-28T21:13:32Z,egw-mongodb-1,107.82,405508096,75.53,egw-qemu-integrated
2026-09-28T21:13:32Z,egw-ditto-gateway-1,58.47,543522816,67.49,egw-qemu-integrated
2026-09-28T21:13:32Z,egw-controller-1,20.64,44072960,16.42,egw-qemu-integrated
2026-09-28T21:13:33Z,egw-mosquitto-1,2.00,5541888,4.13,egw-qemu-integrated
2026-09-28T21:13:33Z,egw-ditto-things-1,43.68,586821632,72.87,egw-qemu-integrated
2026-09-28T21:13:33Z,egw-ditto-policies-1,9.52,618258432,76.77,egw-qemu-integrated
2026-09-28T21:13:33Z,egw-mongodb-1,91.99,408162304,76.03,egw-qemu-integrated
2026-09-28T21:13:33Z,egw-ditto-gateway-1,46.92,543526912,67.49,egw-qemu-integrated
2026-09-28T21:13:33Z,egw-controller-1,68.46,47190016,17.58,egw-qemu-integrated
2026-09-28T21:13:34Z,egw-mosquitto-1,2.03,5558272,4.14,egw-qemu-integrated
2026-09-28T21:13:34Z,egw-ditto-things-1,49.19,586829824,72.87,egw-qemu-integrated
2026-09-28T21:13:34Z,egw-ditto-policies-1,16.62,618258432,76.77,egw-qemu-integrated
2026-09-28T21:13:34Z,egw-mongodb-1,119.91,413503488,77.02,egw-qemu-integrated
2026-09-28T21:13:34Z,egw-ditto-gateway-1,48.17,543535104,67.49,egw-qemu-integrated
2026-09-28T21:13:34Z,egw-controller-1,104.52,54046720,20.13,egw-qemu-integrated
2026-09-28T21:13:35Z,egw-mosquitto-1,1.77,5812224,4.33,egw-qemu-integrated
2026-09-28T21:13:35Z,egw-ditto-things-1,51.03,586780672,72.86,egw-qemu-integrated
2026-09-28T21:13:35Z,egw-ditto-policies-1,52.94,618258432,76.77,egw-qemu-integrated
2026-09-28T21:13:35Z,egw-mongodb-1,38.85,248389632,46.27,egw-qemu-integrated
2026-09-28T21:13:35Z,egw-ditto-gateway-1,42.08,543535104,67.49,egw-qemu-integrated
2026-09-28T21:13:35Z,egw-controller-1,110.75,56139776,20.91,egw-qemu-integrated
2026-09-28T21:13:36Z,egw-mosquitto-1,2.15,5816320,4.33,egw-qemu-integrated
2026-09-28T21:13:36Z,egw-ditto-things-1,58.36,586829824,72.87,egw-qemu-integrated
2026-09-28T21:13:36Z,egw-ditto-policies-1,35.23,618270720,76.77,egw-qemu-integrated
2026-09-28T21:13:36Z,egw-mongodb-1,8.25,248418304,46.27,egw-qemu-integrated
2026-09-28T21:13:36Z,egw-ditto-gateway-1,50.41,543547392,67.50,egw-qemu-integrated
2026-09-28T21:13:36Z,egw-controller-1,117.43,58220544,21.69,egw-qemu-integrated
2026-09-28T21:13:37Z,egw-mosquitto-1,2.51,5554176,4.14,egw-qemu-integrated
2026-09-28T21:13:37Z,egw-ditto-things-1,53.83,586846208,72.87,egw-qemu-integrated
2026-09-28T21:13:37Z,egw-ditto-policies-1,43.25,618283008,76.78,egw-qemu-integrated
2026-09-28T21:13:37Z,egw-mongodb-1,6.74,248422400,46.27,egw-qemu-integrated
2026-09-28T21:13:37Z,egw-ditto-gateway-1,83.24,543805440,67.53,egw-qemu-integrated
2026-09-28T21:13:37Z,egw-controller-1,31.16,44380160,16.53,egw-qemu-integrated
2026-09-28T21:13:38Z,egw-mosquitto-1,2.71,5570560,4.15,egw-qemu-integrated
2026-09-28T21:13:38Z,egw-ditto-things-1,79.66,587087872,72.90,egw-qemu-integrated
2026-09-28T21:13:38Z,egw-ditto-policies-1,31.85,618291200,76.78,egw-qemu-integrated
2026-09-28T21:13:38Z,egw-mongodb-1,6.81,248418304,46.27,egw-qemu-integrated
2026-09-28T21:13:38Z,egw-ditto-gateway-1,86.77,545918976,67.79,egw-qemu-integrated
2026-09-28T21:13:38Z,egw-controller-1,19.74,44126208,16.44,egw-qemu-integrated
2026-09-28T21:13:39Z,egw-mosquitto-1,2.20,5574656,4.15,egw-qemu-integrated
2026-09-28T21:13:39Z,egw-ditto-things-1,60.63,586878976,72.88,egw-qemu-integrated
2026-09-28T21:13:39Z,egw-ditto-policies-1,16.62,618311680,76.78,egw-qemu-integrated
2026-09-28T21:13:39Z,egw-mongodb-1,5.96,248418304,46.27,egw-qemu-integrated
2026-09-28T21:13:39Z,egw-ditto-gateway-1,78.82,543608832,67.50,egw-qemu-integrated
2026-09-28T21:13:39Z,egw-controller-1,25.37,44138496,16.44,egw-qemu-integrated
2026-09-28T21:13:40Z,egw-mosquitto-1,2.10,5574656,4.15,egw-qemu-integrated
2026-09-28T21:13:40Z,egw-ditto-things-1,72.05,586932224,72.88,egw-qemu-integrated
2026-09-28T21:13:40Z,egw-ditto-policies-1,14.60,618311680,76.78,egw-qemu-integrated
2026-09-28T21:13:40Z,egw-mongodb-1,8.01,248418304,46.27,egw-qemu-integrated
2026-09-28T21:13:40Z,egw-ditto-gateway-1,56.68,543899648,67.54,egw-qemu-integrated
2026-09-28T21:13:40Z,egw-controller-1,27.34,44400640,16.54,egw-qemu-integrated
2026-09-28T21:13:41Z,egw-mosquitto-1,1.99,5578752,4.16,egw-qemu-integrated
2026-09-28T21:13:41Z,egw-ditto-things-1,55.17,586993664,72.89,egw-qemu-integrated
2026-09-28T21:13:41Z,egw-ditto-policies-1,78.18,618336256,76.78,egw-qemu-integrated
2026-09-28T21:13:41Z,egw-mongodb-1,15.74,248639488,46.31,egw-qemu-integrated
2026-09-28T21:13:41Z,egw-ditto-gateway-1,79.86,543649792,67.51,egw-qemu-integrated
2026-09-28T21:13:41Z,egw-controller-1,23.66,44150784,16.45,egw-qemu-integrated
2026-09-28T21:13:42Z,egw-mosquitto-1,2.05,5578752,4.16,egw-qemu-integrated
2026-09-28T21:13:42Z,egw-ditto-things-1,120.31,586997760,72.89,egw-qemu-integrated
2026-09-28T21:13:42Z,egw-ditto-policies-1,10.34,618336256,76.78,egw-qemu-integrated
2026-09-28T21:13:42Z,egw-mongodb-1,6.58,248893440,46.36,egw-qemu-integrated
2026-09-28T21:13:42Z,egw-ditto-gateway-1,92.62,543678464,67.51,egw-qemu-integrated
2026-09-28T21:13:42Z,egw-controller-1,24.62,44158976,16.45,egw-qemu-integrated
2026-09-28T21:13:43Z,egw-mosquitto-1,4.30,6234112,4.64,egw-qemu-integrated
2026-09-28T21:13:43Z,egw-ditto-things-1,98.21,587124736,72.91,egw-qemu-integrated
2026-09-28T21:13:43Z,egw-ditto-policies-1,23.35,618340352,76.78,egw-qemu-integrated
2026-09-28T21:13:43Z,egw-mongodb-1,7.05,248639488,46.31,egw-qemu-integrated
2026-09-28T21:13:43Z,egw-ditto-gateway-1,78.84,543715328,67.52,egw-qemu-integrated
2026-09-28T21:13:43Z,egw-controller-1,21.31,44158976,16.45,egw-qemu-integrated
2026-09-28T21:13:44Z,egw-mosquitto-1,65.47,5611520,4.18,egw-qemu-integrated
2026-09-28T21:13:44Z,egw-ditto-things-1,47.05,587100160,72.90,egw-qemu-integrated
2026-09-28T21:13:44Z,egw-ditto-policies-1,92.43,618340352,76.78,egw-qemu-integrated
2026-09-28T21:13:44Z,egw-mongodb-1,5.76,248635392,46.31,egw-qemu-integrated
2026-09-28T21:13:44Z,egw-ditto-gateway-1,91.65,543850496,67.53,egw-qemu-integrated
2026-09-28T21:13:44Z,egw-controller-1,19.21,44171264,16.46,egw-qemu-integrated
2026-09-28T21:13:45Z,egw-mosquitto-1,3.50,5611520,4.18,egw-qemu-integrated
2026-09-28T21:13:45Z,egw-ditto-things-1,104.92,587182080,72.91,egw-qemu-integrated
2026-09-28T21:13:45Z,egw-ditto-policies-1,109.75,595095552,73.90,egw-qemu-integrated
2026-09-28T21:13:45Z,egw-mongodb-1,16.04,248635392,46.31,egw-qemu-integrated
2026-09-28T21:13:45Z,egw-ditto-gateway-1,90.78,543850496,67.53,egw-qemu-integrated
2026-09-28T21:13:45Z,egw-controller-1,20.43,44163072,16.45,egw-qemu-integrated
2026-09-28T21:13:46Z,egw-mosquitto-1,1.68,5619712,4.19,egw-qemu-integrated
2026-09-28T21:13:46Z,egw-ditto-things-1,92.75,587268096,72.92,egw-qemu-integrated
2026-09-28T21:13:46Z,egw-ditto-policies-1,34.35,588742656,73.11,egw-qemu-integrated
2026-09-28T21:13:46Z,egw-mongodb-1,9.45,248672256,46.32,egw-qemu-integrated
2026-09-28T21:13:46Z,egw-ditto-gateway-1,107.40,543854592,67.53,egw-qemu-integrated
2026-09-28T21:13:46Z,egw-controller-1,8.76,44171264,16.46,egw-qemu-integrated
2026-09-28T21:13:47Z,egw-mosquitto-1,2.73,5632000,4.20,egw-qemu-integrated
2026-09-28T21:13:47Z,egw-ditto-things-1,98.84,587333632,72.93,egw-qemu-integrated
2026-09-28T21:13:47Z,egw-ditto-policies-1,26.62,588738560,73.11,egw-qemu-integrated
2026-09-28T21:13:47Z,egw-mongodb-1,6.87,248672256,46.32,egw-qemu-integrated
2026-09-28T21:13:47Z,egw-ditto-gateway-1,74.89,544145408,67.57,egw-qemu-integrated
2026-09-28T21:13:47Z,egw-controller-1,24.88,44175360,16.46,egw-qemu-integrated
2026-09-28T21:13:48Z,egw-mosquitto-1,1.83,6152192,4.58,egw-qemu-integrated
2026-09-28T21:13:48Z,egw-ditto-things-1,105.65,587452416,72.95,egw-qemu-integrated
2026-09-28T21:13:48Z,egw-ditto-policies-1,23.90,588734464,73.11,egw-qemu-integrated
2026-09-28T21:13:48Z,egw-mongodb-1,7.40,248934400,46.37,egw-qemu-integrated
2026-09-28T21:13:48Z,egw-ditto-gateway-1,68.57,543944704,67.55,egw-qemu-integrated
2026-09-28T21:13:48Z,egw-controller-1,25.55,44183552,16.46,egw-qemu-integrated
2026-09-28T21:13:49Z,egw-mosquitto-1,2.20,5894144,4.39,egw-qemu-integrated
2026-09-28T21:13:49Z,egw-ditto-things-1,112.51,587497472,72.95,egw-qemu-integrated
2026-09-28T21:13:49Z,egw-ditto-policies-1,9.55,588734464,73.11,egw-qemu-integrated
2026-09-28T21:13:49Z,egw-mongodb-1,5.89,248672256,46.32,egw-qemu-integrated
2026-09-28T21:13:49Z,egw-ditto-gateway-1,69.16,543952896,67.55,egw-qemu-integrated
2026-09-28T21:13:49Z,egw-controller-1,23.78,44191744,16.46,egw-qemu-integrated
2026-09-28T21:13:50Z,egw-mosquitto-1,2.08,5636096,4.20,egw-qemu-integrated
2026-09-28T21:13:50Z,egw-ditto-things-1,55.71,587505664,72.95,egw-qemu-integrated
2026-09-28T21:13:50Z,egw-ditto-policies-1,23.31,589000704,73.14,egw-qemu-integrated
2026-09-28T21:13:50Z,egw-mongodb-1,6.33,248672256,46.32,egw-qemu-integrated
2026-09-28T21:13:50Z,egw-ditto-gateway-1,74.84,543969280,67.55,egw-qemu-integrated
2026-09-28T21:13:50Z,egw-controller-1,27.29,44195840,16.46,egw-qemu-integrated
2026-09-28T21:13:51Z,egw-mosquitto-1,4.79,5648384,4.21,egw-qemu-integrated
2026-09-28T21:13:51Z,egw-ditto-things-1,69.81,587509760,72.95,egw-qemu-integrated
2026-09-28T21:13:51Z,egw-ditto-policies-1,11.36,588734464,73.11,egw-qemu-integrated
2026-09-28T21:13:51Z,egw-mongodb-1,7.13,248672256,46.32,egw-qemu-integrated
2026-09-28T21:13:51Z,egw-ditto-gateway-1,85.39,543973376,67.55,egw-qemu-integrated
2026-09-28T21:13:51Z,egw-controller-1,28.33,44199936,16.47,egw-qemu-integrated
2026-09-28T21:13:52Z,egw-mosquitto-1,1.94,5644288,4.21,egw-qemu-integrated
2026-09-28T21:13:52Z,egw-ditto-things-1,128.19,587513856,72.96,egw-qemu-integrated
2026-09-28T21:13:52Z,egw-ditto-policies-1,7.58,588734464,73.11,egw-qemu-integrated
2026-09-28T21:13:52Z,egw-mongodb-1,6.25,248672256,46.32,egw-qemu-integrated
2026-09-28T21:13:52Z,egw-ditto-gateway-1,87.76,543997952,67.55,egw-qemu-integrated
2026-09-28T21:13:52Z,egw-controller-1,28.74,44204032,16.47,egw-qemu-integrated
2026-09-28T21:13:53Z,egw-mosquitto-1,1.98,5648384,4.21,egw-qemu-integrated
2026-09-28T21:13:53Z,egw-ditto-things-1,104.14,587816960,72.99,egw-qemu-integrated
2026-09-28T21:13:53Z,egw-ditto-policies-1,9.63,588734464,73.11,egw-qemu-integrated
2026-09-28T21:13:53Z,egw-mongodb-1,7.96,248672256,46.32,egw-qemu-integrated
2026-09-28T21:13:53Z,egw-ditto-gateway-1,52.10,544006144,67.55,egw-qemu-integrated
2026-09-28T21:13:53Z,egw-controller-1,27.95,44474368,16.57,egw-qemu-integrated
2026-09-28T21:13:54Z,egw-mosquitto-1,2.09,5648384,4.21,egw-qemu-integrated
2026-09-28T21:13:54Z,egw-ditto-things-1,87.17,587603968,72.97,egw-qemu-integrated
2026-09-28T21:13:54Z,egw-ditto-policies-1,11.66,588734464,73.11,egw-qemu-integrated
2026-09-28T21:13:54Z,egw-mongodb-1,10.79,248676352,46.32,egw-qemu-integrated
2026-09-28T21:13:54Z,egw-ditto-gateway-1,70.61,544014336,67.55,egw-qemu-integrated
2026-09-28T21:13:54Z,egw-controller-1,27.05,44220416,16.47,egw-qemu-integrated
2026-09-28T21:13:55Z,egw-mosquitto-1,1.97,5648384,4.21,egw-qemu-integrated
2026-09-28T21:13:55Z,egw-ditto-things-1,63.50,587608064,72.97,egw-qemu-integrated
2026-09-28T21:13:55Z,egw-ditto-policies-1,17.00,589324288,73.18,egw-qemu-integrated
2026-09-28T21:13:55Z,egw-mongodb-1,8.49,248934400,46.37,egw-qemu-integrated
2026-09-28T21:13:55Z,egw-ditto-gateway-1,49.53,544010240,67.55,egw-qemu-integrated
2026-09-28T21:13:55Z,egw-controller-1,26.64,44216320,16.47,egw-qemu-integrated
2026-09-28T21:13:56Z,egw-mosquitto-1,2.06,5656576,4.21,egw-qemu-integrated
2026-09-28T21:13:56Z,egw-ditto-things-1,47.01,587608064,72.97,egw-qemu-integrated
2026-09-28T21:13:56Z,egw-ditto-policies-1,97.37,588763136,73.11,egw-qemu-integrated
2026-09-28T21:13:56Z,egw-mongodb-1,7.24,248672256,46.32,egw-qemu-integrated
2026-09-28T21:13:56Z,egw-ditto-gateway-1,69.11,544030720,67.56,egw-qemu-integrated
2026-09-28T21:13:56Z,egw-controller-1,26.21,44486656,16.57,egw-qemu-integrated
2026-09-28T21:13:57Z,egw-mosquitto-1,1.89,5656576,4.21,egw-qemu-integrated
2026-09-28T21:13:57Z,egw-ditto-things-1,60.26,587608064,72.97,egw-qemu-integrated
2026-09-28T21:13:57Z,egw-ditto-policies-1,19.00,588759040,73.11,egw-qemu-integrated
2026-09-28T21:13:57Z,egw-mongodb-1,7.67,248672256,46.32,egw-qemu-integrated
2026-09-28T21:13:57Z,egw-ditto-gateway-1,67.10,544034816,67.56,egw-qemu-integrated
2026-09-28T21:13:57Z,egw-controller-1,26.50,44744704,16.67,egw-qemu-integrated
2026-09-28T21:13:58Z,egw-mosquitto-1,1.76,5656576,4.21,egw-qemu-integrated
2026-09-28T21:13:58Z,egw-ditto-things-1,79.25,587628544,72.97,egw-qemu-integrated
2026-09-28T21:13:58Z,egw-ditto-policies-1,10.57,588754944,73.11,egw-qemu-integrated
2026-09-28T21:13:58Z,egw-mongodb-1,7.43,248676352,46.32,egw-qemu-integrated
2026-09-28T21:13:58Z,egw-ditto-gateway-1,54.21,544296960,67.59,egw-qemu-integrated
2026-09-28T21:13:58Z,egw-controller-1,28.22,44224512,16.47,egw-qemu-integrated
2026-09-28T21:13:59Z,egw-mosquitto-1,1.83,5918720,4.41,egw-qemu-integrated
2026-09-28T21:13:59Z,egw-ditto-things-1,76.68,587939840,73.01,egw-qemu-integrated
2026-09-28T21:13:59Z,egw-ditto-policies-1,9.19,588754944,73.11,egw-qemu-integrated
2026-09-28T21:13:59Z,egw-mongodb-1,6.15,248680448,46.32,egw-qemu-integrated
2026-09-28T21:13:59Z,egw-ditto-gateway-1,83.16,544047104,67.56,egw-qemu-integrated
2026-09-28T21:13:59Z,egw-controller-1,28.09,44224512,16.47,egw-qemu-integrated
2026-09-28T21:14:00Z,egw-mosquitto-1,1.77,5664768,4.22,egw-qemu-integrated
2026-09-28T21:14:00Z,egw-ditto-things-1,96.23,587714560,72.98,egw-qemu-integrated
2026-09-28T21:14:00Z,egw-ditto-policies-1,12.38,588754944,73.11,egw-qemu-integrated
2026-09-28T21:14:00Z,egw-mongodb-1,7.04,248676352,46.32,egw-qemu-integrated
2026-09-28T21:14:00Z,egw-ditto-gateway-1,62.26,544055296,67.56,egw-qemu-integrated
2026-09-28T21:14:00Z,egw-controller-1,28.71,44240896,16.48,egw-qemu-integrated
2026-09-28T21:14:01Z,egw-mosquitto-1,1.94,5668864,4.22,egw-qemu-integrated
2026-09-28T21:14:01Z,egw-ditto-things-1,88.86,587997184,73.02,egw-qemu-integrated
2026-09-28T21:14:01Z,egw-ditto-policies-1,9.39,588754944,73.11,egw-qemu-integrated
2026-09-28T21:14:01Z,egw-mongodb-1,6.29,248676352,46.32,egw-qemu-integrated
2026-09-28T21:14:01Z,egw-ditto-gateway-1,57.81,544067584,67.56,egw-qemu-integrated
2026-09-28T21:14:01Z,egw-controller-1,27.72,44244992,16.48,egw-qemu-integrated
2026-09-28T21:14:02Z,egw-mosquitto-1,1.61,5668864,4.22,egw-qemu-integrated
2026-09-28T21:14:02Z,egw-ditto-things-1,58.39,588038144,73.02,egw-qemu-integrated
2026-09-28T21:14:02Z,egw-ditto-policies-1,8.20,588754944,73.11,egw-qemu-integrated
2026-09-28T21:14:02Z,egw-mongodb-1,6.54,248672256,46.32,egw-qemu-integrated
2026-09-28T21:14:02Z,egw-ditto-gateway-1,74.39,544169984,67.57,egw-qemu-integrated
2026-09-28T21:14:02Z,egw-controller-1,26.59,44507136,16.58,egw-qemu-integrated
2026-09-28T21:14:03Z,egw-mosquitto-1,1.71,5668864,4.22,egw-qemu-integrated
2026-09-28T21:14:03Z,egw-ditto-things-1,70.69,587874304,73.00,egw-qemu-integrated
2026-09-28T21:14:03Z,egw-ditto-policies-1,44.22,588759040,73.11,egw-qemu-integrated
2026-09-28T21:14:03Z,egw-mongodb-1,6.80,248672256,46.32,egw-qemu-integrated
2026-09-28T21:14:03Z,egw-ditto-gateway-1,68.81,544215040,67.58,egw-qemu-integrated
2026-09-28T21:14:03Z,egw-controller-1,28.76,44240896,16.48,egw-qemu-integrated
2026-09-28T21:14:04Z,egw-mosquitto-1,2.11,5668864,4.22,egw-qemu-integrated
2026-09-28T21:14:04Z,egw-ditto-things-1,58.20,587919360,73.01,egw-qemu-integrated
2026-09-28T21:14:04Z,egw-ditto-policies-1,10.61,588759040,73.11,egw-qemu-integrated
2026-09-28T21:14:04Z,egw-mongodb-1,66.92,301166592,56.10,egw-qemu-integrated
2026-09-28T21:14:04Z,egw-ditto-gateway-1,71.65,544751616,67.65,egw-qemu-integrated
2026-09-28T21:14:04Z,egw-controller-1,23.82,44253184,16.49,egw-qemu-integrated
2026-09-28T21:14:05Z,egw-mosquitto-1,1.67,5935104,4.42,egw-qemu-integrated
2026-09-28T21:14:05Z,egw-ditto-things-1,53.46,587915264,73.01,egw-qemu-integrated
2026-09-28T21:14:05Z,egw-ditto-policies-1,21.84,588759040,73.11,egw-qemu-integrated
2026-09-28T21:14:05Z,egw-mongodb-1,103.96,396648448,73.88,egw-qemu-integrated
2026-09-28T21:14:05Z,egw-ditto-gateway-1,70.84,544256000,67.58,egw-qemu-integrated
2026-09-28T21:14:05Z,egw-controller-1,24.84,44253184,16.49,egw-qemu-integrated
2026-09-28T21:14:06Z,egw-mosquitto-1,2.50,5677056,4.23,egw-qemu-integrated
2026-09-28T21:14:06Z,egw-ditto-things-1,48.86,587927552,73.01,egw-qemu-integrated
2026-09-28T21:14:06Z,egw-ditto-policies-1,13.85,588759040,73.11,egw-qemu-integrated
2026-09-28T21:14:06Z,egw-mongodb-1,121.53,399618048,74.43,egw-qemu-integrated
2026-09-28T21:14:06Z,egw-ditto-gateway-1,48.50,544264192,67.58,egw-qemu-integrated
2026-09-28T21:14:06Z,egw-controller-1,87.48,48611328,18.11,egw-qemu-integrated
2026-09-28T21:14:07Z,egw-mosquitto-1,1.92,5947392,4.43,egw-qemu-integrated
2026-09-28T21:14:07Z,egw-ditto-things-1,40.73,587907072,73.00,egw-qemu-integrated
2026-09-28T21:14:07Z,egw-ditto-policies-1,28.99,588759040,73.11,egw-qemu-integrated
2026-09-28T21:14:07Z,egw-mongodb-1,82.39,401608704,74.81,egw-qemu-integrated
2026-09-28T21:14:07Z,egw-ditto-gateway-1,51.94,544264192,67.58,egw-qemu-integrated
2026-09-28T21:14:07Z,egw-controller-1,100.51,54468608,20.29,egw-qemu-integrated
2026-09-28T21:14:08Z,egw-mosquitto-1,1.87,5685248,4.24,egw-qemu-integrated
2026-09-28T21:14:08Z,egw-ditto-things-1,46.36,587898880,73.00,egw-qemu-integrated
2026-09-28T21:14:08Z,egw-ditto-policies-1,13.17,588759040,73.11,egw-qemu-integrated
2026-09-28T21:14:08Z,egw-mongodb-1,88.18,405204992,75.48,egw-qemu-integrated
2026-09-28T21:14:08Z,egw-ditto-gateway-1,60.60,544272384,67.59,egw-qemu-integrated
2026-09-28T21:14:08Z,egw-controller-1,106.20,56328192,20.98,egw-qemu-integrated
2026-09-28T21:14:10Z,egw-mosquitto-1,1.85,5705728,4.25,egw-qemu-integrated
2026-09-28T21:14:10Z,egw-ditto-things-1,72.27,587956224,73.01,egw-qemu-integrated
2026-09-28T21:14:10Z,egw-ditto-policies-1,12.52,589021184,73.14,egw-qemu-integrated
2026-09-28T21:14:10Z,egw-mongodb-1,83.93,248201216,46.23,egw-qemu-integrated
2026-09-28T21:14:10Z,egw-ditto-gateway-1,74.00,544313344,67.59,egw-qemu-integrated
2026-09-28T21:14:10Z,egw-controller-1,57.44,44544000,16.59,egw-qemu-integrated
2026-09-28T21:14:11Z,egw-mosquitto-1,1.84,5709824,4.25,egw-qemu-integrated
2026-09-28T21:14:11Z,egw-ditto-things-1,119.59,589594624,73.21,egw-qemu-integrated
2026-09-28T21:14:11Z,egw-ditto-policies-1,9.42,588759040,73.11,egw-qemu-integrated
2026-09-28T21:14:11Z,egw-mongodb-1,5.91,248164352,46.22,egw-qemu-integrated
2026-09-28T21:14:11Z,egw-ditto-gateway-1,126.97,544325632,67.59,egw-qemu-integrated
2026-09-28T21:14:11Z,egw-controller-1,22.61,44552192,16.60,egw-qemu-integrated
2026-09-28T21:14:12Z,egw-mosquitto-1,3.56,5980160,4.46,egw-qemu-integrated
2026-09-28T21:14:12Z,egw-ditto-things-1,45.92,589848576,73.25,egw-qemu-integrated
2026-09-28T21:14:12Z,egw-ditto-policies-1,48.75,588759040,73.11,egw-qemu-integrated
2026-09-28T21:14:12Z,egw-mongodb-1,14.16,248164352,46.22,egw-qemu-integrated
2026-09-28T21:14:12Z,egw-ditto-gateway-1,165.21,541122560,67.19,egw-qemu-integrated
2026-09-28T21:14:12Z,egw-controller-1,24.86,44294144,16.50,egw-qemu-integrated
2026-09-28T21:14:13Z,egw-mosquitto-1,1.82,5726208,4.27,egw-qemu-integrated
2026-09-28T21:14:13Z,egw-ditto-things-1,101.84,589869056,73.25,egw-qemu-integrated
2026-09-28T21:14:13Z,egw-ditto-policies-1,21.93,588759040,73.11,egw-qemu-integrated
2026-09-28T21:14:13Z,egw-mongodb-1,7.58,248164352,46.22,egw-qemu-integrated
2026-09-28T21:14:13Z,egw-ditto-gateway-1,62.81,541122560,67.19,egw-qemu-integrated
2026-09-28T21:14:13Z,egw-controller-1,8.90,44290048,16.50,egw-qemu-integrated
2026-09-28T21:14:14Z,egw-mosquitto-1,68.55,5742592,4.28,egw-qemu-integrated
2026-09-28T21:14:14Z,egw-ditto-things-1,54.33,589647872,73.22,egw-qemu-integrated
2026-09-28T21:14:14Z,egw-ditto-policies-1,14.50,588759040,73.11,egw-qemu-integrated
2026-09-28T21:14:14Z,egw-mongodb-1,6.46,248164352,46.22,egw-qemu-integrated
2026-09-28T21:14:14Z,egw-ditto-gateway-1,88.10,541126656,67.20,egw-qemu-integrated
2026-09-28T21:14:14Z,egw-controller-1,22.99,44568576,16.60,egw-qemu-integrated
2026-09-28T21:14:15Z,egw-mosquitto-1,2.05,5750784,4.28,egw-qemu-integrated
2026-09-28T21:14:15Z,egw-ditto-things-1,52.75,589639680,73.22,egw-qemu-integrated
2026-09-28T21:14:15Z,egw-ditto-policies-1,10.88,588767232,73.11,egw-qemu-integrated
2026-09-28T21:14:15Z,egw-mongodb-1,8.07,248164352,46.22,egw-qemu-integrated
2026-09-28T21:14:15Z,egw-ditto-gateway-1,75.11,541126656,67.20,egw-qemu-integrated
2026-09-28T21:14:15Z,egw-controller-1,30.21,44306432,16.51,egw-qemu-integrated
2026-09-28T21:14:16Z,egw-mosquitto-1,2.25,5746688,4.28,egw-qemu-integrated
2026-09-28T21:14:16Z,egw-ditto-things-1,87.25,589651968,73.22,egw-qemu-integrated
2026-09-28T21:14:16Z,egw-ditto-policies-1,29.22,588759040,73.11,egw-qemu-integrated
2026-09-28T21:14:16Z,egw-mongodb-1,9.06,248213504,46.23,egw-qemu-integrated
2026-09-28T21:14:16Z,egw-ditto-gateway-1,84.70,541638656,67.26,egw-qemu-integrated
2026-09-28T21:14:16Z,egw-controller-1,24.03,44314624,16.51,egw-qemu-integrated
2026-09-28T21:14:17Z,egw-mosquitto-1,1.82,5746688,4.28,egw-qemu-integrated
2026-09-28T21:14:17Z,egw-ditto-things-1,84.02,589664256,73.22,egw-qemu-integrated
2026-09-28T21:14:17Z,egw-ditto-policies-1,10.54,588759040,73.11,egw-qemu-integrated
2026-09-28T21:14:17Z,egw-mongodb-1,7.72,248213504,46.23,egw-qemu-integrated
2026-09-28T21:14:17Z,egw-ditto-gateway-1,61.50,541130752,67.20,egw-qemu-integrated
2026-09-28T21:14:17Z,egw-controller-1,29.77,44580864,16.61,egw-qemu-integrated
2026-09-28T21:14:18Z,egw-mosquitto-1,2.00,5746688,4.28,egw-qemu-integrated
2026-09-28T21:14:18Z,egw-ditto-things-1,64.78,590213120,73.29,egw-qemu-integrated
2026-09-28T21:14:18Z,egw-ditto-policies-1,10.05,588759040,73.11,egw-qemu-integrated
2026-09-28T21:14:18Z,egw-mongodb-1,6.81,248213504,46.23,egw-qemu-integrated
2026-09-28T21:14:18Z,egw-ditto-gateway-1,56.25,541384704,67.23,egw-qemu-integrated
2026-09-28T21:14:18Z,egw-controller-1,26.65,44322816,16.51,egw-qemu-integrated
2026-09-28T21:14:19Z,egw-mosquitto-1,2.05,5746688,4.28,egw-qemu-integrated
2026-09-28T21:14:19Z,egw-ditto-things-1,82.80,589791232,73.24,egw-qemu-integrated
2026-09-28T21:14:19Z,egw-ditto-policies-1,16.91,588759040,73.11,egw-qemu-integrated
2026-09-28T21:14:19Z,egw-mongodb-1,13.51,248213504,46.23,egw-qemu-integrated
2026-09-28T21:14:19Z,egw-ditto-gateway-1,65.53,541126656,67.20,egw-qemu-integrated
2026-09-28T21:14:19Z,egw-controller-1,28.77,44331008,16.51,egw-qemu-integrated
2026-09-28T21:14:20Z,egw-mosquitto-1,2.06,5750784,4.28,egw-qemu-integrated
2026-09-28T21:14:20Z,egw-ditto-things-1,59.56,589787136,73.24,egw-qemu-integrated
2026-09-28T21:14:20Z,egw-ditto-policies-1,10.01,588759040,73.11,egw-qemu-integrated
2026-09-28T21:14:20Z,egw-mongodb-1,6.78,248213504,46.23,egw-qemu-integrated
2026-09-28T21:14:20Z,egw-ditto-gateway-1,62.12,541388800,67.23,egw-qemu-integrated
2026-09-28T21:14:20Z,egw-controller-1,27.66,44339200,16.52,egw-qemu-integrated
2026-09-28T21:14:21Z,egw-mosquitto-1,2.39,6008832,4.48,egw-qemu-integrated
2026-09-28T21:14:21Z,egw-ditto-things-1,59.80,589824000,73.24,egw-qemu-integrated
2026-09-28T21:14:21Z,egw-ditto-policies-1,9.65,588759040,73.11,egw-qemu-integrated
2026-09-28T21:14:21Z,egw-mongodb-1,7.98,248213504,46.23,egw-qemu-integrated
2026-09-28T21:14:21Z,egw-ditto-gateway-1,64.83,541138944,67.20,egw-qemu-integrated
2026-09-28T21:14:21Z,egw-controller-1,28.58,44597248,16.61,egw-qemu-integrated
2026-09-28T21:14:22Z,egw-mosquitto-1,1.94,5750784,4.28,egw-qemu-integrated
2026-09-28T21:14:22Z,egw-ditto-things-1,89.06,589873152,73.25,egw-qemu-integrated
2026-09-28T21:14:22Z,egw-ditto-policies-1,10.88,588759040,73.11,egw-qemu-integrated
2026-09-28T21:14:22Z,egw-mongodb-1,7.30,248475648,46.28,egw-qemu-integrated
2026-09-28T21:14:22Z,egw-ditto-gateway-1,66.53,541130752,67.20,egw-qemu-integrated
2026-09-28T21:14:22Z,egw-controller-1,21.98,44335104,16.52,egw-qemu-integrated
2026-09-28T21:14:23Z,egw-mosquitto-1,1.90,5754880,4.29,egw-qemu-integrated
2026-09-28T21:14:23Z,egw-ditto-things-1,168.68,589922304,73.25,egw-qemu-integrated
2026-09-28T21:14:23Z,egw-ditto-policies-1,8.74,588759040,73.11,egw-qemu-integrated
2026-09-28T21:14:23Z,egw-mongodb-1,6.82,248213504,46.23,egw-qemu-integrated
2026-09-28T21:14:23Z,egw-ditto-gateway-1,46.06,541134848,67.20,egw-qemu-integrated
2026-09-28T21:14:23Z,egw-controller-1,22.21,44605440,16.62,egw-qemu-integrated
2026-09-28T21:14:24Z,egw-mosquitto-1,1.88,5758976,4.29,egw-qemu-integrated
2026-09-28T21:14:24Z,egw-ditto-things-1,57.32,589922304,73.25,egw-qemu-integrated
2026-09-28T21:14:24Z,egw-ditto-policies-1,35.47,588763136,73.11,egw-qemu-integrated
2026-09-28T21:14:24Z,egw-mongodb-1,6.38,248213504,46.23,egw-qemu-integrated
2026-09-28T21:14:24Z,egw-ditto-gateway-1,136.38,541388800,67.23,egw-qemu-integrated
2026-09-28T21:14:24Z,egw-controller-1,27.35,44351488,16.52,egw-qemu-integrated
2026-09-28T21:14:25Z,egw-mosquitto-1,2.14,5758976,4.29,egw-qemu-integrated
2026-09-28T21:14:25Z,egw-ditto-things-1,60.80,589918208,73.25,egw-qemu-integrated
2026-09-28T21:14:25Z,egw-ditto-policies-1,36.62,589221888,73.17,egw-qemu-integrated
2026-09-28T21:14:25Z,egw-mongodb-1,8.10,248213504,46.23,egw-qemu-integrated
2026-09-28T21:14:25Z,egw-ditto-gateway-1,76.45,541200384,67.20,egw-qemu-integrated
2026-09-28T21:14:25Z,egw-controller-1,24.82,44609536,16.62,egw-qemu-integrated
2026-09-28T21:14:26Z,egw-mosquitto-1,2.17,5758976,4.29,egw-qemu-integrated
2026-09-28T21:14:26Z,egw-ditto-things-1,64.08,589918208,73.25,egw-qemu-integrated
2026-09-28T21:14:26Z,egw-ditto-policies-1,58.28,588759040,73.11,egw-qemu-integrated
2026-09-28T21:14:26Z,egw-mongodb-1,8.04,248344576,46.26,egw-qemu-integrated
2026-09-28T21:14:26Z,egw-ditto-gateway-1,63.72,541462528,67.24,egw-qemu-integrated
2026-09-28T21:14:26Z,egw-controller-1,26.07,44355584,16.52,egw-qemu-integrated
2026-09-28T21:14:27Z,egw-mosquitto-1,2.06,5767168,4.30,egw-qemu-integrated
2026-09-28T21:14:27Z,egw-ditto-things-1,63.12,589918208,73.25,egw-qemu-integrated
2026-09-28T21:14:27Z,egw-ditto-policies-1,18.24,588763136,73.11,egw-qemu-integrated
2026-09-28T21:14:27Z,egw-mongodb-1,7.78,248602624,46.31,egw-qemu-integrated
2026-09-28T21:14:27Z,egw-ditto-gateway-1,94.99,541204480,67.20,egw-qemu-integrated
2026-09-28T21:14:27Z,egw-controller-1,26.65,44363776,16.53,egw-qemu-integrated
2026-09-28T21:14:28Z,egw-mosquitto-1,1.96,5767168,4.30,egw-qemu-integrated
2026-09-28T21:14:28Z,egw-ditto-things-1,57.22,589918208,73.25,egw-qemu-integrated
2026-09-28T21:14:28Z,egw-ditto-policies-1,12.29,588767232,73.11,egw-qemu-integrated
2026-09-28T21:14:28Z,egw-mongodb-1,7.21,248414208,46.27,egw-qemu-integrated
2026-09-28T21:14:28Z,egw-ditto-gateway-1,63.43,541208576,67.21,egw-qemu-integrated
2026-09-28T21:14:28Z,egw-controller-1,28.63,44363776,16.53,egw-qemu-integrated
2026-09-28T21:14:29Z,egw-mosquitto-1,1.97,5767168,4.30,egw-qemu-integrated
2026-09-28T21:14:29Z,egw-ditto-things-1,58.41,589922304,73.25,egw-qemu-integrated
2026-09-28T21:14:29Z,egw-ditto-policies-1,9.30,588759040,73.11,egw-qemu-integrated
2026-09-28T21:14:29Z,egw-mongodb-1,6.73,248639488,46.31,egw-qemu-integrated
2026-09-28T21:14:29Z,egw-ditto-gateway-1,121.68,541204480,67.20,egw-qemu-integrated
2026-09-28T21:14:29Z,egw-controller-1,25.65,44371968,16.53,egw-qemu-integrated
2026-09-28T21:14:30Z,egw-mosquitto-1,1.98,5767168,4.30,egw-qemu-integrated
2026-09-28T21:14:30Z,egw-ditto-things-1,82.26,589918208,73.25,egw-qemu-integrated
2026-09-28T21:14:30Z,egw-ditto-policies-1,9.17,588763136,73.11,egw-qemu-integrated
2026-09-28T21:14:30Z,egw-mongodb-1,6.65,248717312,46.33,egw-qemu-integrated
2026-09-28T21:14:30Z,egw-ditto-gateway-1,56.20,541200384,67.20,egw-qemu-integrated
2026-09-28T21:14:30Z,egw-controller-1,28.09,44355584,16.52,egw-qemu-integrated
2026-09-28T21:14:31Z,egw-mosquitto-1,1.95,5767168,4.30,egw-qemu-integrated
2026-09-28T21:14:31Z,egw-ditto-things-1,70.05,589922304,73.25,egw-qemu-integrated
2026-09-28T21:14:31Z,egw-ditto-policies-1,41.21,588763136,73.11,egw-qemu-integrated
2026-09-28T21:14:31Z,egw-mongodb-1,7.20,248938496,46.37,egw-qemu-integrated
2026-09-28T21:14:31Z,egw-ditto-gateway-1,63.72,541724672,67.27,egw-qemu-integrated
2026-09-28T21:14:31Z,egw-controller-1,25.88,44617728,16.62,egw-qemu-integrated
2026-09-28T21:14:32Z,egw-mosquitto-1,1.94,5767168,4.30,egw-qemu-integrated
2026-09-28T21:14:32Z,egw-ditto-things-1,74.91,589918208,73.25,egw-qemu-integrated
2026-09-28T21:14:32Z,egw-ditto-policies-1,10.33,588763136,73.11,egw-qemu-integrated
2026-09-28T21:14:32Z,egw-mongodb-1,6.95,249008128,46.38,egw-qemu-integrated
2026-09-28T21:14:32Z,egw-ditto-gateway-1,58.31,541462528,67.24,egw-qemu-integrated
2026-09-28T21:14:32Z,egw-controller-1,29.47,44888064,16.72,egw-qemu-integrated
2026-09-28T21:14:33Z,egw-mosquitto-1,1.89,5767168,4.30,egw-qemu-integrated
2026-09-28T21:14:33Z,egw-ditto-things-1,60.96,589930496,73.26,egw-qemu-integrated
2026-09-28T21:14:33Z,egw-ditto-policies-1,16.81,588767232,73.11,egw-qemu-integrated
2026-09-28T21:14:33Z,egw-mongodb-1,8.31,249262080,46.43,egw-qemu-integrated
2026-09-28T21:14:33Z,egw-ditto-gateway-1,53.18,541200384,67.20,egw-qemu-integrated
2026-09-28T21:14:33Z,egw-controller-1,29.03,44363776,16.53,egw-qemu-integrated
2026-09-28T21:14:34Z,egw-mosquitto-1,2.48,5771264,4.30,egw-qemu-integrated
2026-09-28T21:14:34Z,egw-ditto-things-1,53.49,589922304,73.25,egw-qemu-integrated
2026-09-28T21:14:34Z,egw-ditto-policies-1,46.63,588775424,73.11,egw-qemu-integrated
2026-09-28T21:14:34Z,egw-mongodb-1,7.12,249344000,46.44,egw-qemu-integrated
2026-09-28T21:14:34Z,egw-ditto-gateway-1,75.12,541200384,67.20,egw-qemu-integrated
2026-09-28T21:14:34Z,egw-controller-1,28.04,44371968,16.53,egw-qemu-integrated
2026-09-28T21:14:35Z,egw-mosquitto-1,2.17,6029312,4.49,egw-qemu-integrated
2026-09-28T21:14:35Z,egw-ditto-things-1,61.67,589922304,73.25,egw-qemu-integrated
2026-09-28T21:14:35Z,egw-ditto-policies-1,7.49,588771328,73.11,egw-qemu-integrated
2026-09-28T21:14:35Z,egw-mongodb-1,7.93,249466880,46.47,egw-qemu-integrated
2026-09-28T21:14:35Z,egw-ditto-gateway-1,86.34,541208576,67.21,egw-qemu-integrated
2026-09-28T21:14:35Z,egw-controller-1,27.56,44625920,16.62,egw-qemu-integrated
2026-09-28T21:14:36Z,egw-mosquitto-1,2.34,5771264,4.30,egw-qemu-integrated
2026-09-28T21:14:36Z,egw-ditto-things-1,102.13,589922304,73.25,egw-qemu-integrated
2026-09-28T21:14:36Z,egw-ditto-policies-1,36.28,588771328,73.11,egw-qemu-integrated
2026-09-28T21:14:36Z,egw-mongodb-1,11.72,249528320,46.48,egw-qemu-integrated
2026-09-28T21:14:36Z,egw-ditto-gateway-1,81.75,541462528,67.24,egw-qemu-integrated
2026-09-28T21:14:36Z,egw-controller-1,26.23,44384256,16.53,egw-qemu-integrated
2026-09-28T21:14:37Z,egw-mosquitto-1,2.12,5775360,4.30,egw-qemu-integrated
2026-09-28T21:14:37Z,egw-ditto-things-1,88.64,589930496,73.26,egw-qemu-integrated
2026-09-28T21:14:37Z,egw-ditto-policies-1,30.65,588779520,73.11,egw-qemu-integrated
2026-09-28T21:14:37Z,egw-mongodb-1,7.04,249524224,46.48,egw-qemu-integrated
2026-09-28T21:14:37Z,egw-ditto-gateway-1,87.45,541466624,67.24,egw-qemu-integrated
2026-09-28T21:14:37Z,egw-controller-1,21.42,44376064,16.53,egw-qemu-integrated
2026-09-28T21:14:38Z,egw-mosquitto-1,2.34,6041600,4.50,egw-qemu-integrated
2026-09-28T21:14:38Z,egw-ditto-things-1,59.49,589926400,73.25,egw-qemu-integrated
2026-09-28T21:14:38Z,egw-ditto-policies-1,12.44,588775424,73.11,egw-qemu-integrated
2026-09-28T21:14:38Z,egw-mongodb-1,6.76,249524224,46.48,egw-qemu-integrated
2026-09-28T21:14:38Z,egw-ditto-gateway-1,135.16,541208576,67.21,egw-qemu-integrated
2026-09-28T21:14:38Z,egw-controller-1,27.59,44392448,16.54,egw-qemu-integrated
2026-09-28T21:14:39Z,egw-mosquitto-1,2.37,5783552,4.31,egw-qemu-integrated
2026-09-28T21:14:39Z,egw-ditto-things-1,59.16,589926400,73.25,egw-qemu-integrated
2026-09-28T21:14:39Z,egw-ditto-policies-1,12.53,588775424,73.11,egw-qemu-integrated
2026-09-28T21:14:39Z,egw-mongodb-1,11.37,249565184,46.49,egw-qemu-integrated
2026-09-28T21:14:39Z,egw-ditto-gateway-1,55.54,541470720,67.24,egw-qemu-integrated
2026-09-28T21:14:39Z,egw-controller-1,23.73,44388352,16.54,egw-qemu-integrated
2026-09-28T21:14:40Z,egw-mosquitto-1,2.48,5795840,4.32,egw-qemu-integrated
2026-09-28T21:14:40Z,egw-ditto-things-1,83.73,591994880,73.51,egw-qemu-integrated
2026-09-28T21:14:40Z,egw-ditto-policies-1,13.77,588775424,73.11,egw-qemu-integrated
2026-09-28T21:14:40Z,egw-mongodb-1,24.07,250421248,46.64,egw-qemu-integrated
2026-09-28T21:14:40Z,egw-ditto-gateway-1,69.31,541208576,67.21,egw-qemu-integrated
2026-09-28T21:14:40Z,egw-controller-1,65.63,53846016,20.06,egw-qemu-integrated
2026-09-28T21:14:41Z,egw-mosquitto-1,3.41,5804032,4.32,egw-qemu-integrated
2026-09-28T21:14:41Z,egw-ditto-things-1,57.19,589926400,73.25,egw-qemu-integrated
2026-09-28T21:14:41Z,egw-ditto-policies-1,9.02,588775424,73.11,egw-qemu-integrated
2026-09-28T21:14:41Z,egw-mongodb-1,86.76,363806720,67.76,egw-qemu-integrated
2026-09-28T21:14:41Z,egw-ditto-gateway-1,65.48,541208576,67.21,egw-qemu-integrated
2026-09-28T21:14:41Z,egw-controller-1,102.31,54980608,20.48,egw-qemu-integrated
2026-09-28T21:14:42Z,egw-mosquitto-1,4.06,5812224,4.33,egw-qemu-integrated
2026-09-28T21:14:42Z,egw-ditto-things-1,55.61,589864960,73.25,egw-qemu-integrated
2026-09-28T21:14:42Z,egw-ditto-policies-1,24.23,588779520,73.11,egw-qemu-integrated
2026-09-28T21:14:42Z,egw-mongodb-1,95.13,398659584,74.26,egw-qemu-integrated
2026-09-28T21:14:42Z,egw-ditto-gateway-1,73.49,541208576,67.21,egw-qemu-integrated
2026-09-28T21:14:42Z,egw-controller-1,98.74,56557568,21.07,egw-qemu-integrated
2026-09-28T21:14:43Z,egw-mosquitto-1,1.95,5812224,4.33,egw-qemu-integrated
2026-09-28T21:14:43Z,egw-ditto-things-1,81.54,589873152,73.25,egw-qemu-integrated
2026-09-28T21:14:43Z,egw-ditto-policies-1,41.14,588775424,73.11,egw-qemu-integrated
2026-09-28T21:14:43Z,egw-mongodb-1,58.12,399273984,74.37,egw-qemu-integrated
2026-09-28T21:14:43Z,egw-ditto-gateway-1,75.13,541208576,67.21,egw-qemu-integrated
2026-09-28T21:14:43Z,egw-controller-1,56.45,57716736,21.50,egw-qemu-integrated
2026-09-28T21:14:44Z,egw-mosquitto-1,43.58,7716864,5.75,egw-qemu-integrated
2026-09-28T21:14:44Z,egw-ditto-things-1,92.75,589910016,73.25,egw-qemu-integrated
2026-09-28T21:14:44Z,egw-ditto-policies-1,13.10,588775424,73.11,egw-qemu-integrated
2026-09-28T21:14:44Z,egw-mongodb-1,80.10,401080320,74.71,egw-qemu-integrated
2026-09-28T21:14:44Z,egw-ditto-gateway-1,31.93,541007872,67.18,egw-qemu-integrated
2026-09-28T21:14:44Z,egw-controller-1,55.51,44425216,16.55,egw-qemu-integrated
2026-09-28T21:14:45Z,egw-mosquitto-1,26.90,5840896,4.35,egw-qemu-integrated
2026-09-28T21:14:45Z,egw-ditto-things-1,56.30,589828096,73.24,egw-qemu-integrated
2026-09-28T21:14:45Z,egw-ditto-policies-1,50.97,588779520,73.11,egw-qemu-integrated
2026-09-28T21:14:45Z,egw-mongodb-1,77.60,402432000,74.96,egw-qemu-integrated
2026-09-28T21:14:45Z,egw-ditto-gateway-1,67.53,541200384,67.20,egw-qemu-integrated
2026-09-28T21:14:45Z,egw-controller-1,12.39,44433408,16.55,egw-qemu-integrated
2026-09-28T21:14:46Z,egw-mosquitto-1,1.82,5849088,4.36,egw-qemu-integrated
2026-09-28T21:14:46Z,egw-ditto-things-1,57.41,589873152,73.25,egw-qemu-integrated
2026-09-28T21:14:46Z,egw-ditto-policies-1,9.77,588783616,73.11,egw-qemu-integrated
2026-09-28T21:14:46Z,egw-mongodb-1,106.90,406945792,75.80,egw-qemu-integrated
2026-09-28T21:14:46Z,egw-ditto-gateway-1,105.16,541224960,67.21,egw-qemu-integrated
2026-09-28T21:14:46Z,egw-controller-1,16.36,44433408,16.55,egw-qemu-integrated
2026-09-28T21:14:47Z,egw-mosquitto-1,2.12,5853184,4.36,egw-qemu-integrated
2026-09-28T21:14:47Z,egw-ditto-things-1,48.59,589910016,73.25,egw-qemu-integrated
2026-09-28T21:14:47Z,egw-ditto-policies-1,24.37,588779520,73.11,egw-qemu-integrated
2026-09-28T21:14:47Z,egw-mongodb-1,114.45,411373568,76.62,egw-qemu-integrated
2026-09-28T21:14:47Z,egw-ditto-gateway-1,119.50,541224960,67.21,egw-qemu-integrated
2026-09-28T21:14:47Z,egw-controller-1,22.61,44441600,16.56,egw-qemu-integrated
2026-09-28T21:14:48Z,egw-mosquitto-1,2.21,6115328,4.56,egw-qemu-integrated
2026-09-28T21:14:48Z,egw-ditto-things-1,59.75,589869056,73.25,egw-qemu-integrated
2026-09-28T21:14:48Z,egw-ditto-policies-1,26.53,588779520,73.11,egw-qemu-integrated
2026-09-28T21:14:48Z,egw-mongodb-1,97.29,248184832,46.23,egw-qemu-integrated
2026-09-28T21:14:48Z,egw-ditto-gateway-1,74.08,541261824,67.21,egw-qemu-integrated
2026-09-28T21:14:48Z,egw-controller-1,28.59,44457984,16.56,egw-qemu-integrated
2026-09-28T21:14:49Z,egw-mosquitto-1,7.10,5861376,4.37,egw-qemu-integrated
2026-09-28T21:14:49Z,egw-ditto-things-1,66.37,589918208,73.25,egw-qemu-integrated
2026-09-28T21:14:49Z,egw-ditto-policies-1,21.21,588779520,73.11,egw-qemu-integrated
2026-09-28T21:14:49Z,egw-mongodb-1,6.81,248184832,46.23,egw-qemu-integrated
2026-09-28T21:14:49Z,egw-ditto-gateway-1,80.05,541532160,67.25,egw-qemu-integrated
2026-09-28T21:14:49Z,egw-controller-1,26.79,44457984,16.56,egw-qemu-integrated
2026-09-28T21:14:50Z,egw-mosquitto-1,2.21,5861376,4.37,egw-qemu-integrated
2026-09-28T21:14:50Z,egw-ditto-things-1,89.35,589914112,73.25,egw-qemu-integrated
2026-09-28T21:14:50Z,egw-ditto-policies-1,7.71,588779520,73.11,egw-qemu-integrated
2026-09-28T21:14:50Z,egw-mongodb-1,6.59,248184832,46.23,egw-qemu-integrated
2026-09-28T21:14:50Z,egw-ditto-gateway-1,59.46,541286400,67.21,egw-qemu-integrated
2026-09-28T21:14:50Z,egw-controller-1,28.29,44716032,16.66,egw-qemu-integrated
2026-09-28T21:14:51Z,egw-mosquitto-1,1.94,5865472,4.37,egw-qemu-integrated
2026-09-28T21:14:51Z,egw-ditto-things-1,95.34,589914112,73.25,egw-qemu-integrated
2026-09-28T21:14:51Z,egw-ditto-policies-1,13.21,588779520,73.11,egw-qemu-integrated
2026-09-28T21:14:51Z,egw-mongodb-1,11.03,248193024,46.23,egw-qemu-integrated
2026-09-28T21:14:51Z,egw-ditto-gateway-1,81.87,541310976,67.22,egw-qemu-integrated
2026-09-28T21:14:51Z,egw-controller-1,27.96,44449792,16.56,egw-qemu-integrated
2026-09-28T21:14:52Z,egw-mosquitto-1,1.96,6131712,4.57,egw-qemu-integrated
2026-09-28T21:14:52Z,egw-ditto-things-1,60.56,589910016,73.25,egw-qemu-integrated
2026-09-28T21:14:52Z,egw-ditto-policies-1,98.57,593051648,73.64,egw-qemu-integrated
2026-09-28T21:14:52Z,egw-mongodb-1,6.25,248184832,46.23,egw-qemu-integrated
2026-09-28T21:14:52Z,egw-ditto-gateway-1,89.49,541327360,67.22,egw-qemu-integrated
2026-09-28T21:14:52Z,egw-controller-1,28.11,44457984,16.56,egw-qemu-integrated
2026-09-28T21:14:53Z,egw-mosquitto-1,2.71,5869568,4.37,egw-qemu-integrated
2026-09-28T21:14:53Z,egw-ditto-things-1,74.48,589914112,73.25,egw-qemu-integrated
2026-09-28T21:14:53Z,egw-ditto-policies-1,106.51,593371136,73.68,egw-qemu-integrated
2026-09-28T21:14:53Z,egw-mongodb-1,7.62,248193024,46.23,egw-qemu-integrated
2026-09-28T21:14:53Z,egw-ditto-gateway-1,49.11,541335552,67.22,egw-qemu-integrated
2026-09-28T21:14:53Z,egw-controller-1,25.88,44457984,16.56,egw-qemu-integrated
2026-09-28T21:14:54Z,egw-mosquitto-1,2.38,5877760,4.38,egw-qemu-integrated
2026-09-28T21:14:54Z,egw-ditto-things-1,120.76,589914112,73.25,egw-qemu-integrated
2026-09-28T21:14:54Z,egw-ditto-policies-1,15.70,593375232,73.68,egw-qemu-integrated
2026-09-28T21:14:54Z,egw-mongodb-1,8.38,248184832,46.23,egw-qemu-integrated
2026-09-28T21:14:54Z,egw-ditto-gateway-1,75.36,541351936,67.22,egw-qemu-integrated
2026-09-28T21:14:54Z,egw-controller-1,25.75,44457984,16.56,egw-qemu-integrated
2026-09-28T21:14:55Z,egw-mosquitto-1,2.75,5869568,4.37,egw-qemu-integrated
2026-09-28T21:14:55Z,egw-ditto-things-1,100.83,589926400,73.25,egw-qemu-integrated
2026-09-28T21:14:55Z,egw-ditto-policies-1,87.20,596434944,74.06,egw-qemu-integrated
2026-09-28T21:14:55Z,egw-mongodb-1,6.73,248184832,46.23,egw-qemu-integrated
2026-09-28T21:14:55Z,egw-ditto-gateway-1,83.28,541364224,67.22,egw-qemu-integrated
2026-09-28T21:14:55Z,egw-controller-1,19.55,44466176,16.56,egw-qemu-integrated
2026-09-28T21:14:56Z,egw-mosquitto-1,2.70,5873664,4.38,egw-qemu-integrated
2026-09-28T21:14:56Z,egw-ditto-things-1,125.68,589930496,73.26,egw-qemu-integrated
2026-09-28T21:14:56Z,egw-ditto-policies-1,76.51,593399808,73.69,egw-qemu-integrated
2026-09-28T21:14:56Z,egw-mongodb-1,5.52,248184832,46.23,egw-qemu-integrated
2026-09-28T21:14:56Z,egw-ditto-gateway-1,54.04,541372416,67.23,egw-qemu-integrated
2026-09-28T21:14:56Z,egw-controller-1,26.60,44470272,16.57,egw-qemu-integrated
2026-09-28T21:14:57Z,egw-mosquitto-1,2.26,5885952,4.39,egw-qemu-integrated
2026-09-28T21:14:57Z,egw-ditto-things-1,126.75,590458880,73.32,egw-qemu-integrated
2026-09-28T21:14:57Z,egw-ditto-policies-1,40.99,593408000,73.69,egw-qemu-integrated
2026-09-28T21:14:57Z,egw-mongodb-1,6.70,248184832,46.23,egw-qemu-integrated
2026-09-28T21:14:57Z,egw-ditto-gateway-1,66.09,541380608,67.23,egw-qemu-integrated
2026-09-28T21:14:57Z,egw-controller-1,24.77,44732416,16.66,egw-qemu-integrated
2026-09-28T21:14:58Z,egw-mosquitto-1,2.21,5885952,4.39,egw-qemu-integrated
2026-09-28T21:14:58Z,egw-ditto-things-1,80.23,590000128,73.26,egw-qemu-integrated
2026-09-28T21:14:58Z,egw-ditto-policies-1,23.68,593428480,73.69,egw-qemu-integrated
2026-09-28T21:14:58Z,egw-mongodb-1,6.65,248184832,46.23,egw-qemu-integrated
2026-09-28T21:14:58Z,egw-ditto-gateway-1,94.43,541413376,67.23,egw-qemu-integrated
2026-09-28T21:14:58Z,egw-controller-1,29.38,44474368,16.57,egw-qemu-integrated
2026-09-28T21:14:59Z,egw-mosquitto-1,2.86,5885952,4.39,egw-qemu-integrated
2026-09-28T21:14:59Z,egw-ditto-things-1,109.20,590258176,73.30,egw-qemu-integrated
2026-09-28T21:14:59Z,egw-ditto-policies-1,9.50,593416192,73.69,egw-qemu-integrated
2026-09-28T21:14:59Z,egw-mongodb-1,6.21,248184832,46.23,egw-qemu-integrated
2026-09-28T21:14:59Z,egw-ditto-gateway-1,46.30,541405184,67.23,egw-qemu-integrated
2026-09-28T21:14:59Z,egw-controller-1,28.88,44474368,16.57,egw-qemu-integrated
2026-09-28T21:15:00Z,egw-mosquitto-1,2.51,5894144,4.39,egw-qemu-integrated
2026-09-28T21:15:00Z,egw-ditto-things-1,124.35,590041088,73.27,egw-qemu-integrated
2026-09-28T21:15:00Z,egw-ditto-policies-1,10.34,593420288,73.69,egw-qemu-integrated
2026-09-28T21:15:00Z,egw-mongodb-1,6.85,248184832,46.23,egw-qemu-integrated
2026-09-28T21:15:00Z,egw-ditto-gateway-1,67.05,541417472,67.23,egw-qemu-integrated
2026-09-28T21:15:00Z,egw-controller-1,28.59,44482560,16.57,egw-qemu-integrated
2026-09-28T21:15:01Z,egw-mosquitto-1,3.75,5902336,4.40,egw-qemu-integrated
2026-09-28T21:15:01Z,egw-ditto-things-1,52.53,590041088,73.27,egw-qemu-integrated
2026-09-28T21:15:01Z,egw-ditto-policies-1,11.49,593416192,73.69,egw-qemu-integrated
2026-09-28T21:15:01Z,egw-mongodb-1,6.92,248184832,46.23,egw-qemu-integrated
2026-09-28T21:15:01Z,egw-ditto-gateway-1,60.08,541683712,67.26,egw-qemu-integrated
2026-09-28T21:15:01Z,egw-controller-1,31.15,44490752,16.57,egw-qemu-integrated
2026-09-28T21:15:02Z,egw-mosquitto-1,2.01,5902336,4.40,egw-qemu-integrated
2026-09-28T21:15:02Z,egw-ditto-things-1,57.64,590041088,73.27,egw-qemu-integrated
2026-09-28T21:15:02Z,egw-ditto-policies-1,8.75,593416192,73.69,egw-qemu-integrated
2026-09-28T21:15:02Z,egw-mongodb-1,7.66,248184832,46.23,egw-qemu-integrated
2026-09-28T21:15:02Z,egw-ditto-gateway-1,58.73,541425664,67.23,egw-qemu-integrated
2026-09-28T21:15:02Z,egw-controller-1,30.10,44752896,16.67,egw-qemu-integrated
2026-09-28T21:15:03Z,egw-mosquitto-1,2.29,5898240,4.39,egw-qemu-integrated
2026-09-28T21:15:03Z,egw-ditto-things-1,57.14,590045184,73.27,egw-qemu-integrated
2026-09-28T21:15:03Z,egw-ditto-policies-1,16.60,593416192,73.69,egw-qemu-integrated
2026-09-28T21:15:03Z,egw-mongodb-1,7.76,248184832,46.23,egw-qemu-integrated
2026-09-28T21:15:03Z,egw-ditto-gateway-1,80.82,541442048,67.23,egw-qemu-integrated
2026-09-28T21:15:03Z,egw-controller-1,31.42,44752896,16.67,egw-qemu-integrated
2026-09-28T21:15:04Z,egw-mosquitto-1,1.96,5902336,4.40,egw-qemu-integrated
2026-09-28T21:15:04Z,egw-ditto-things-1,54.61,590041088,73.27,egw-qemu-integrated
2026-09-28T21:15:04Z,egw-ditto-policies-1,14.94,593416192,73.69,egw-qemu-integrated
2026-09-28T21:15:04Z,egw-mongodb-1,9.97,248246272,46.24,egw-qemu-integrated
2026-09-28T21:15:04Z,egw-ditto-gateway-1,50.88,541442048,67.23,egw-qemu-integrated
2026-09-28T21:15:04Z,egw-controller-1,33.38,44752896,16.67,egw-qemu-integrated
2026-09-28T21:15:05Z,egw-mosquitto-1,2.14,5898240,4.39,egw-qemu-integrated
2026-09-28T21:15:05Z,egw-ditto-things-1,49.77,590041088,73.27,egw-qemu-integrated
2026-09-28T21:15:05Z,egw-ditto-policies-1,35.29,593416192,73.69,egw-qemu-integrated
2026-09-28T21:15:05Z,egw-mongodb-1,7.50,248246272,46.24,egw-qemu-integrated
2026-09-28T21:15:05Z,egw-ditto-gateway-1,105.60,541474816,67.24,egw-qemu-integrated
2026-09-28T21:15:05Z,egw-controller-1,28.68,44752896,16.67,egw-qemu-integrated
2026-09-28T21:15:06Z,egw-mosquitto-1,2.27,5898240,4.39,egw-qemu-integrated
2026-09-28T21:15:06Z,egw-ditto-things-1,93.65,590049280,73.27,egw-qemu-integrated
2026-09-28T21:15:06Z,egw-ditto-policies-1,79.03,593416192,73.69,egw-qemu-integrated
2026-09-28T21:15:06Z,egw-mongodb-1,6.08,248254464,46.24,egw-qemu-integrated
2026-09-28T21:15:06Z,egw-ditto-gateway-1,83.77,541487104,67.24,egw-qemu-integrated
2026-09-28T21:15:06Z,egw-controller-1,24.39,44494848,16.58,egw-qemu-integrated
2026-09-28T21:15:07Z,egw-mosquitto-1,2.12,5898240,4.39,egw-qemu-integrated
2026-09-28T21:15:07Z,egw-ditto-things-1,56.26,590057472,73.27,egw-qemu-integrated
2026-09-28T21:15:07Z,egw-ditto-policies-1,41.26,593448960,73.69,egw-qemu-integrated
2026-09-28T21:15:07Z,egw-mongodb-1,7.62,248250368,46.24,egw-qemu-integrated
2026-09-28T21:15:07Z,egw-ditto-gateway-1,50.52,541483008,67.24,egw-qemu-integrated
2026-09-28T21:15:07Z,egw-controller-1,31.26,44503040,16.58,egw-qemu-integrated
2026-09-28T21:15:08Z,egw-mosquitto-1,2.46,5902336,4.40,egw-qemu-integrated
2026-09-28T21:15:08Z,egw-ditto-things-1,81.35,590073856,73.27,egw-qemu-integrated
2026-09-28T21:15:08Z,egw-ditto-policies-1,8.62,593453056,73.69,egw-qemu-integrated
2026-09-28T21:15:08Z,egw-mongodb-1,6.32,248246272,46.24,egw-qemu-integrated
2026-09-28T21:15:08Z,egw-ditto-gateway-1,77.82,541499392,67.24,egw-qemu-integrated
2026-09-28T21:15:08Z,egw-controller-1,29.29,44503040,16.58,egw-qemu-integrated
2026-09-28T21:15:09Z,egw-mosquitto-1,2.46,5902336,4.40,egw-qemu-integrated
2026-09-28T21:15:09Z,egw-ditto-things-1,82.77,590069760,73.27,egw-qemu-integrated
2026-09-28T21:15:09Z,egw-ditto-policies-1,17.92,593457152,73.69,egw-qemu-integrated
2026-09-28T21:15:09Z,egw-mongodb-1,6.85,248246272,46.24,egw-qemu-integrated
2026-09-28T21:15:09Z,egw-ditto-gateway-1,66.27,541499392,67.24,egw-qemu-integrated
2026-09-28T21:15:09Z,egw-controller-1,31.37,44515328,16.58,egw-qemu-integrated
2026-09-28T21:15:10Z,egw-mosquitto-1,2.22,5906432,4.40,egw-qemu-integrated
2026-09-28T21:15:10Z,egw-ditto-things-1,81.24,590348288,73.31,egw-qemu-integrated
2026-09-28T21:15:10Z,egw-ditto-policies-1,10.30,593453056,73.69,egw-qemu-integrated
2026-09-28T21:15:10Z,egw-mongodb-1,6.30,248250368,46.24,egw-qemu-integrated
2026-09-28T21:15:10Z,egw-ditto-gateway-1,55.84,541511680,67.24,egw-qemu-integrated
2026-09-28T21:15:10Z,egw-controller-1,28.37,44507136,16.58,egw-qemu-integrated
2026-09-28T21:15:11Z,egw-mosquitto-1,3.43,5922816,4.41,egw-qemu-integrated
2026-09-28T21:15:11Z,egw-ditto-things-1,82.21,590065664,73.27,egw-qemu-integrated
2026-09-28T21:15:11Z,egw-ditto-policies-1,15.90,593469440,73.69,egw-qemu-integrated
2026-09-28T21:15:11Z,egw-mongodb-1,8.04,248508416,46.29,egw-qemu-integrated
2026-09-28T21:15:11Z,egw-ditto-gateway-1,77.71,541523968,67.24,egw-qemu-integrated
2026-09-28T21:15:11Z,egw-controller-1,26.15,44515328,16.58,egw-qemu-integrated
2026-09-28T21:15:12Z,egw-mosquitto-1,1.77,5881856,4.38,egw-qemu-integrated
2026-09-28T21:15:12Z,egw-ditto-things-1,68.40,590057472,73.27,egw-qemu-integrated
2026-09-28T21:15:12Z,egw-ditto-policies-1,28.61,593457152,73.69,egw-qemu-integrated
2026-09-28T21:15:12Z,egw-mongodb-1,18.36,248508416,46.29,egw-qemu-integrated
2026-09-28T21:15:12Z,egw-ditto-gateway-1,97.98,541523968,67.24,egw-qemu-integrated
2026-09-28T21:15:12Z,egw-controller-1,18.50,44515328,16.58,egw-qemu-integrated
