ts_utc,container,cpu_pct,mem_bytes,mem_pct,host
2026-10-07T12:14:06Z,egw-mosquitto-1,3.09,4935680,3.68,egw-qemu-integrated
2026-10-07T12:14:06Z,egw-ditto-things-1,97.85,559603712,69.49,egw-qemu-integrated
2026-10-07T12:14:06Z,egw-ditto-policies-1,19.55,520028160,64.58,egw-qemu-integrated
2026-10-07T12:14:06Z,egw-mongodb-1,13.14,252764160,47.08,egw-qemu-integrated
2026-10-07T12:14:06Z,egw-ditto-gateway-1,77.54,525799424,65.29,egw-qemu-integrated
2026-10-07T12:14:06Z,egw-controller-1,1.98,57483264,21.41,egw-qemu-integrated
2026-10-07T12:14:07Z,egw-mosquitto-1,52.68,4411392,3.29,egw-qemu-integrated
2026-10-07T12:14:07Z,egw-ditto-things-1,54.42,560361472,69.58,egw-qemu-integrated
2026-10-07T12:14:07Z,egw-ditto-policies-1,65.33,521277440,64.73,egw-qemu-integrated
2026-10-07T12:14:07Z,egw-mongodb-1,5.38,252768256,47.08,egw-qemu-integrated
2026-10-07T12:14:07Z,egw-ditto-gateway-1,61.91,530210816,65.84,egw-qemu-integrated
2026-10-07T12:14:07Z,egw-controller-1,24.67,58298368,21.72,egw-qemu-integrated
2026-10-07T12:14:08Z,egw-mosquitto-1,1.76,4415488,3.29,egw-qemu-integrated
2026-10-07T12:14:08Z,egw-ditto-things-1,40.32,559910912,69.53,egw-qemu-integrated
2026-10-07T12:14:08Z,egw-ditto-policies-1,106.81,522366976,64.87,egw-qemu-integrated
2026-10-07T12:14:08Z,egw-mongodb-1,7.40,252772352,47.08,egw-qemu-integrated
2026-10-07T12:14:08Z,egw-ditto-gateway-1,100.75,531025920,65.94,egw-qemu-integrated
2026-10-07T12:14:08Z,egw-controller-1,7.03,58306560,21.72,egw-qemu-integrated
2026-10-07T12:14:09Z,egw-mosquitto-1,1.83,4423680,3.30,egw-qemu-integrated
2026-10-07T12:14:09Z,egw-ditto-things-1,35.44,559935488,69.53,egw-qemu-integrated
2026-10-07T12:14:09Z,egw-ditto-policies-1,220.44,522911744,64.93,egw-qemu-integrated
2026-10-07T12:14:09Z,egw-mongodb-1,5.88,252772352,47.08,egw-qemu-integrated
2026-10-07T12:14:09Z,egw-ditto-gateway-1,15.57,530563072,65.88,egw-qemu-integrated
2026-10-07T12:14:09Z,egw-controller-1,4.86,58306560,21.72,egw-qemu-integrated
2026-10-07T12:14:10Z,egw-mosquitto-1,1.97,4431872,3.30,egw-qemu-integrated
2026-10-07T12:14:10Z,egw-ditto-things-1,15.99,559898624,69.53,egw-qemu-integrated
2026-10-07T12:14:10Z,egw-ditto-policies-1,252.82,528723968,65.66,egw-qemu-integrated
2026-10-07T12:14:10Z,egw-mongodb-1,2.61,252772352,47.08,egw-qemu-integrated
2026-10-07T12:14:10Z,egw-ditto-gateway-1,24.48,530579456,65.89,egw-qemu-integrated
2026-10-07T12:14:10Z,egw-controller-1,5.31,58310656,21.72,egw-qemu-integrated
2026-10-07T12:14:11Z,egw-mosquitto-1,1.80,4440064,3.31,egw-qemu-integrated
2026-10-07T12:14:11Z,egw-ditto-things-1,12.38,559898624,69.53,egw-qemu-integrated
2026-10-07T12:14:11Z,egw-ditto-policies-1,237.48,536326144,66.60,egw-qemu-integrated
2026-10-07T12:14:11Z,egw-mongodb-1,2.22,252772352,47.08,egw-qemu-integrated
2026-10-07T12:14:11Z,egw-ditto-gateway-1,36.35,530903040,65.93,egw-qemu-integrated
2026-10-07T12:14:11Z,egw-controller-1,5.30,58310656,21.72,egw-qemu-integrated
2026-10-07T12:14:12Z,egw-mosquitto-1,1.60,4448256,3.31,egw-qemu-integrated
2026-10-07T12:14:12Z,egw-ditto-things-1,10.70,560164864,69.56,egw-qemu-integrated
2026-10-07T12:14:12Z,egw-ditto-policies-1,244.56,544284672,67.59,egw-qemu-integrated
2026-10-07T12:14:12Z,egw-mongodb-1,11.56,252923904,47.11,egw-qemu-integrated
2026-10-07T12:14:12Z,egw-ditto-gateway-1,13.17,530644992,65.89,egw-qemu-integrated
2026-10-07T12:14:12Z,egw-controller-1,4.56,58314752,21.72,egw-qemu-integrated
2026-10-07T12:14:13Z,egw-mosquitto-1,1.44,4452352,3.32,egw-qemu-integrated
2026-10-07T12:14:13Z,egw-ditto-things-1,9.54,559910912,69.53,egw-qemu-integrated
2026-10-07T12:14:13Z,egw-ditto-policies-1,210.31,547586048,68.00,egw-qemu-integrated
2026-10-07T12:14:13Z,egw-mongodb-1,5.73,252928000,47.11,egw-qemu-integrated
2026-10-07T12:14:13Z,egw-ditto-gateway-1,10.57,530907136,65.93,egw-qemu-integrated
2026-10-07T12:14:13Z,egw-controller-1,4.50,58314752,21.72,egw-qemu-integrated
2026-10-07T12:14:15Z,egw-mosquitto-1,2.19,4460544,3.32,egw-qemu-integrated
2026-10-07T12:14:15Z,egw-ditto-things-1,38.03,560832512,69.64,egw-qemu-integrated
2026-10-07T12:14:15Z,egw-ditto-policies-1,122.56,552509440,68.61,egw-qemu-integrated
2026-10-07T12:14:15Z,egw-mongodb-1,7.03,252940288,47.11,egw-qemu-integrated
2026-10-07T12:14:15Z,egw-ditto-gateway-1,107.52,531763200,66.03,egw-qemu-integrated
2026-10-07T12:14:15Z,egw-controller-1,7.68,58314752,21.72,egw-qemu-integrated
2026-10-07T12:14:16Z,egw-mosquitto-1,2.06,4476928,3.34,egw-qemu-integrated
2026-10-07T12:14:16Z,egw-ditto-things-1,161.34,562765824,69.88,egw-qemu-integrated
2026-10-07T12:14:16Z,egw-ditto-policies-1,81.27,553590784,68.74,egw-qemu-integrated
2026-10-07T12:14:16Z,egw-mongodb-1,3.01,252940288,47.11,egw-qemu-integrated
2026-10-07T12:14:16Z,egw-ditto-gateway-1,31.67,531619840,66.01,egw-qemu-integrated
2026-10-07T12:14:16Z,egw-controller-1,5.00,58322944,21.73,egw-qemu-integrated
2026-10-07T12:14:17Z,egw-mosquitto-1,1.78,4743168,3.53,egw-qemu-integrated
2026-10-07T12:14:17Z,egw-ditto-things-1,186.43,565391360,70.21,egw-qemu-integrated
2026-10-07T12:14:17Z,egw-ditto-policies-1,24.53,553873408,68.78,egw-qemu-integrated
2026-10-07T12:14:17Z,egw-mongodb-1,8.79,253116416,47.15,egw-qemu-integrated
2026-10-07T12:14:17Z,egw-ditto-gateway-1,24.54,531644416,66.02,egw-qemu-integrated
2026-10-07T12:14:17Z,egw-controller-1,5.02,58322944,21.73,egw-qemu-integrated
2026-10-07T12:14:18Z,egw-mosquitto-1,2.22,4493312,3.35,egw-qemu-integrated
2026-10-07T12:14:18Z,egw-ditto-things-1,125.31,566464512,70.34,egw-qemu-integrated
2026-10-07T12:14:18Z,egw-ditto-policies-1,47.66,554139648,68.81,egw-qemu-integrated
2026-10-07T12:14:18Z,egw-mongodb-1,16.39,253014016,47.13,egw-qemu-integrated
2026-10-07T12:14:18Z,egw-ditto-gateway-1,85.96,532000768,66.06,egw-qemu-integrated
2026-10-07T12:14:18Z,egw-controller-1,8.03,58322944,21.73,egw-qemu-integrated
2026-10-07T12:14:19Z,egw-mosquitto-1,2.01,4505600,3.36,egw-qemu-integrated
2026-10-07T12:14:19Z,egw-ditto-things-1,76.81,567484416,70.47,egw-qemu-integrated
2026-10-07T12:14:19Z,egw-ditto-policies-1,83.06,553746432,68.76,egw-qemu-integrated
2026-10-07T12:14:19Z,egw-mongodb-1,7.87,253022208,47.13,egw-qemu-integrated
2026-10-07T12:14:19Z,egw-ditto-gateway-1,95.67,532742144,66.15,egw-qemu-integrated
2026-10-07T12:14:19Z,egw-controller-1,10.21,58327040,21.73,egw-qemu-integrated
2026-10-07T12:14:20Z,egw-mosquitto-1,2.08,4771840,3.56,egw-qemu-integrated
2026-10-07T12:14:20Z,egw-ditto-things-1,122.84,569049088,70.66,egw-qemu-integrated
2026-10-07T12:14:20Z,egw-ditto-policies-1,47.44,554115072,68.81,egw-qemu-integrated
2026-10-07T12:14:20Z,egw-mongodb-1,4.56,253042688,47.13,egw-qemu-integrated
2026-10-07T12:14:20Z,egw-ditto-gateway-1,72.12,532463616,66.12,egw-qemu-integrated
2026-10-07T12:14:20Z,egw-controller-1,11.96,58335232,21.73,egw-qemu-integrated
2026-10-07T12:14:21Z,egw-mosquitto-1,2.40,4517888,3.37,egw-qemu-integrated
2026-10-07T12:14:21Z,egw-ditto-things-1,84.02,568905728,70.64,egw-qemu-integrated
2026-10-07T12:14:21Z,egw-ditto-policies-1,87.88,555192320,68.94,egw-qemu-integrated
2026-10-07T12:14:21Z,egw-mongodb-1,5.74,253050880,47.13,egw-qemu-integrated
2026-10-07T12:14:21Z,egw-ditto-gateway-1,73.50,532631552,66.14,egw-qemu-integrated
2026-10-07T12:14:21Z,egw-controller-1,8.02,58331136,21.73,egw-qemu-integrated
2026-10-07T12:14:22Z,egw-mosquitto-1,4.61,4538368,3.38,egw-qemu-integrated
2026-10-07T12:14:22Z,egw-ditto-things-1,88.10,568860672,70.64,egw-qemu-integrated
2026-10-07T12:14:22Z,egw-ditto-policies-1,23.18,555151360,68.94,egw-qemu-integrated
2026-10-07T12:14:22Z,egw-mongodb-1,4.96,253071360,47.14,egw-qemu-integrated
2026-10-07T12:14:22Z,egw-ditto-gateway-1,115.81,534708224,66.40,egw-qemu-integrated
2026-10-07T12:14:22Z,egw-controller-1,41.47,61104128,22.76,egw-qemu-integrated
2026-10-07T12:14:23Z,egw-mosquitto-1,2.05,4538368,3.38,egw-qemu-integrated
2026-10-07T12:14:23Z,egw-ditto-things-1,60.02,568791040,70.63,egw-qemu-integrated
2026-10-07T12:14:23Z,egw-ditto-policies-1,56.57,555069440,68.93,egw-qemu-integrated
2026-10-07T12:14:23Z,egw-mongodb-1,19.07,253071360,47.14,egw-qemu-integrated
2026-10-07T12:14:23Z,egw-ditto-gateway-1,116.75,535003136,66.43,egw-qemu-integrated
2026-10-07T12:14:23Z,egw-controller-1,70.43,61702144,22.99,egw-qemu-integrated
2026-10-07T12:14:24Z,egw-mosquitto-1,1.97,4550656,3.39,egw-qemu-integrated
2026-10-07T12:14:24Z,egw-ditto-things-1,98.60,568881152,70.64,egw-qemu-integrated
2026-10-07T12:14:24Z,egw-ditto-policies-1,40.95,555073536,68.93,egw-qemu-integrated
2026-10-07T12:14:24Z,egw-mongodb-1,7.15,253075456,47.14,egw-qemu-integrated
2026-10-07T12:14:24Z,egw-ditto-gateway-1,68.05,532922368,66.18,egw-qemu-integrated
2026-10-07T12:14:24Z,egw-controller-1,89.49,68276224,25.43,egw-qemu-integrated
2026-10-07T12:14:25Z,egw-mosquitto-1,2.63,4554752,3.39,egw-qemu-integrated
2026-10-07T12:14:25Z,egw-ditto-things-1,87.59,569065472,70.66,egw-qemu-integrated
2026-10-07T12:14:25Z,egw-ditto-policies-1,20.52,555073536,68.93,egw-qemu-integrated
2026-10-07T12:14:25Z,egw-mongodb-1,4.97,253087744,47.14,egw-qemu-integrated
2026-10-07T12:14:25Z,egw-ditto-gateway-1,97.96,533164032,66.21,egw-qemu-integrated
2026-10-07T12:14:25Z,egw-controller-1,102.61,70148096,26.13,egw-qemu-integrated
2026-10-07T12:14:26Z,egw-mosquitto-1,2.04,4820992,3.59,egw-qemu-integrated
2026-10-07T12:14:26Z,egw-ditto-things-1,82.86,569298944,70.69,egw-qemu-integrated
2026-10-07T12:14:26Z,egw-ditto-policies-1,13.77,555073536,68.93,egw-qemu-integrated
2026-10-07T12:14:26Z,egw-mongodb-1,51.84,254349312,47.38,egw-qemu-integrated
2026-10-07T12:14:26Z,egw-ditto-gateway-1,55.02,533266432,66.22,egw-qemu-integrated
2026-10-07T12:14:26Z,egw-controller-1,88.04,71630848,26.68,egw-qemu-integrated
2026-10-07T12:14:27Z,egw-mosquitto-1,3.09,4567040,3.40,egw-qemu-integrated
2026-10-07T12:14:27Z,egw-ditto-things-1,79.23,569708544,70.74,egw-qemu-integrated
2026-10-07T12:14:27Z,egw-ditto-policies-1,30.99,555159552,68.94,egw-qemu-integrated
2026-10-07T12:14:27Z,egw-mongodb-1,86.53,378171392,70.44,egw-qemu-integrated
2026-10-07T12:14:27Z,egw-ditto-gateway-1,78.59,533417984,66.24,egw-qemu-integrated
2026-10-07T12:14:27Z,egw-controller-1,34.42,58339328,21.73,egw-qemu-integrated
2026-10-07T12:14:28Z,egw-mosquitto-1,2.01,4575232,3.41,egw-qemu-integrated
2026-10-07T12:14:28Z,egw-ditto-things-1,81.10,569733120,70.75,egw-qemu-integrated
2026-10-07T12:14:28Z,egw-ditto-policies-1,16.81,555483136,68.98,egw-qemu-integrated
2026-10-07T12:14:28Z,egw-mongodb-1,121.59,404271104,75.30,egw-qemu-integrated
2026-10-07T12:14:28Z,egw-ditto-gateway-1,75.90,533684224,66.27,egw-qemu-integrated
2026-10-07T12:14:28Z,egw-controller-1,14.45,58335232,21.73,egw-qemu-integrated
2026-10-07T12:14:29Z,egw-mosquitto-1,2.11,4587520,3.42,egw-qemu-integrated
2026-10-07T12:14:29Z,egw-ditto-things-1,108.18,569978880,70.78,egw-qemu-integrated
2026-10-07T12:14:29Z,egw-ditto-policies-1,86.77,560209920,69.56,egw-qemu-integrated
2026-10-07T12:14:29Z,egw-mongodb-1,77.10,405966848,75.62,egw-qemu-integrated
2026-10-07T12:14:29Z,egw-ditto-gateway-1,67.83,533823488,66.29,egw-qemu-integrated
2026-10-07T12:14:29Z,egw-controller-1,10.75,58335232,21.73,egw-qemu-integrated
2026-10-07T12:14:30Z,egw-mosquitto-1,1.80,4591616,3.42,egw-qemu-integrated
2026-10-07T12:14:30Z,egw-ditto-things-1,99.18,570085376,70.79,egw-qemu-integrated
2026-10-07T12:14:30Z,egw-ditto-policies-1,12.60,560611328,69.61,egw-qemu-integrated
2026-10-07T12:14:30Z,egw-mongodb-1,95.37,410390528,76.44,egw-qemu-integrated
2026-10-07T12:14:30Z,egw-ditto-gateway-1,81.21,534032384,66.31,egw-qemu-integrated
2026-10-07T12:14:30Z,egw-controller-1,16.62,58335232,21.73,egw-qemu-integrated
2026-10-07T12:14:31Z,egw-mosquitto-1,1.72,4599808,3.43,egw-qemu-integrated
2026-10-07T12:14:31Z,egw-ditto-things-1,95.96,570322944,70.82,egw-qemu-integrated
2026-10-07T12:14:31Z,egw-ditto-policies-1,11.95,560504832,69.60,egw-qemu-integrated
2026-10-07T12:14:31Z,egw-mongodb-1,102.38,411197440,76.59,egw-qemu-integrated
2026-10-07T12:14:31Z,egw-ditto-gateway-1,87.22,534364160,66.36,egw-qemu-integrated
2026-10-07T12:14:31Z,egw-controller-1,11.93,58335232,21.73,egw-qemu-integrated
2026-10-07T12:14:32Z,egw-mosquitto-1,1.95,4603904,3.43,egw-qemu-integrated
2026-10-07T12:14:32Z,egw-ditto-things-1,79.93,570470400,70.84,egw-qemu-integrated
2026-10-07T12:14:32Z,egw-ditto-policies-1,14.96,560914432,69.65,egw-qemu-integrated
2026-10-07T12:14:32Z,egw-mongodb-1,123.67,408932352,76.17,egw-qemu-integrated
2026-10-07T12:14:32Z,egw-ditto-gateway-1,74.18,534888448,66.42,egw-qemu-integrated
2026-10-07T12:14:32Z,egw-controller-1,15.56,58339328,21.73,egw-qemu-integrated
2026-10-07T12:14:33Z,egw-mosquitto-1,1.78,4608000,3.43,egw-qemu-integrated
2026-10-07T12:14:33Z,egw-ditto-things-1,94.20,570953728,70.90,egw-qemu-integrated
2026-10-07T12:14:33Z,egw-ditto-policies-1,17.14,561389568,69.71,egw-qemu-integrated
2026-10-07T12:14:33Z,egw-mongodb-1,29.46,243716096,45.40,egw-qemu-integrated
2026-10-07T12:14:33Z,egw-ditto-gateway-1,89.45,534937600,66.43,egw-qemu-integrated
2026-10-07T12:14:33Z,egw-controller-1,15.32,58339328,21.73,egw-qemu-integrated
2026-10-07T12:14:34Z,egw-mosquitto-1,1.89,4620288,3.44,egw-qemu-integrated
2026-10-07T12:14:34Z,egw-ditto-things-1,94.37,571547648,70.97,egw-qemu-integrated
2026-10-07T12:14:34Z,egw-ditto-policies-1,25.49,561041408,69.67,egw-qemu-integrated
2026-10-07T12:14:34Z,egw-mongodb-1,4.47,243732480,45.40,egw-qemu-integrated
2026-10-07T12:14:34Z,egw-ditto-gateway-1,92.06,535232512,66.46,egw-qemu-integrated
2026-10-07T12:14:34Z,egw-controller-1,18.59,58347520,21.74,egw-qemu-integrated
2026-10-07T12:14:35Z,egw-mosquitto-1,2.02,4616192,3.44,egw-qemu-integrated
2026-10-07T12:14:35Z,egw-ditto-things-1,111.90,571224064,70.93,egw-qemu-integrated
2026-10-07T12:14:35Z,egw-ditto-policies-1,15.01,561192960,69.69,egw-qemu-integrated
2026-10-07T12:14:35Z,egw-mongodb-1,5.52,243757056,45.40,egw-qemu-integrated
2026-10-07T12:14:35Z,egw-ditto-gateway-1,97.31,535994368,66.56,egw-qemu-integrated
2026-10-07T12:14:35Z,egw-controller-1,19.04,58355712,21.74,egw-qemu-integrated
2026-10-07T12:14:36Z,egw-mosquitto-1,2.09,4624384,3.45,egw-qemu-integrated
2026-10-07T12:14:36Z,egw-ditto-things-1,127.27,571850752,71.01,egw-qemu-integrated
2026-10-07T12:14:36Z,egw-ditto-policies-1,14.49,561451008,69.72,egw-qemu-integrated
2026-10-07T12:14:36Z,egw-mongodb-1,6.44,243781632,45.41,egw-qemu-integrated
2026-10-07T12:14:36Z,egw-ditto-gateway-1,94.00,535625728,66.51,egw-qemu-integrated
2026-10-07T12:14:36Z,egw-controller-1,15.59,58351616,21.74,egw-qemu-integrated
2026-10-07T12:14:37Z,egw-mosquitto-1,1.98,4628480,3.45,egw-qemu-integrated
2026-10-07T12:14:37Z,egw-ditto-things-1,109.69,571715584,70.99,egw-qemu-integrated
2026-10-07T12:14:37Z,egw-ditto-policies-1,16.36,561594368,69.74,egw-qemu-integrated
2026-10-07T12:14:37Z,egw-mongodb-1,5.61,243798016,45.41,egw-qemu-integrated
2026-10-07T12:14:37Z,egw-ditto-gateway-1,98.50,536387584,66.61,egw-qemu-integrated
2026-10-07T12:14:37Z,egw-controller-1,19.51,58355712,21.74,egw-qemu-integrated
2026-10-07T12:14:38Z,egw-mosquitto-1,2.22,4632576,3.45,egw-qemu-integrated
2026-10-07T12:14:38Z,egw-ditto-things-1,83.32,572186624,71.05,egw-qemu-integrated
2026-10-07T12:14:38Z,egw-ditto-policies-1,18.36,562331648,69.83,egw-qemu-integrated
2026-10-07T12:14:38Z,egw-mongodb-1,6.03,243814400,45.41,egw-qemu-integrated
2026-10-07T12:14:38Z,egw-ditto-gateway-1,146.55,536440832,66.61,egw-qemu-integrated
2026-10-07T12:14:38Z,egw-controller-1,18.20,58355712,21.74,egw-qemu-integrated
2026-10-07T12:14:39Z,egw-mosquitto-1,55.99,6647808,4.95,egw-qemu-integrated
2026-10-07T12:14:39Z,egw-ditto-things-1,77.70,572014592,71.03,egw-qemu-integrated
2026-10-07T12:14:39Z,egw-ditto-policies-1,52.79,567222272,70.44,egw-qemu-integrated
2026-10-07T12:14:39Z,egw-mongodb-1,6.13,243826688,45.42,egw-qemu-integrated
2026-10-07T12:14:39Z,egw-ditto-gateway-1,103.39,539348992,66.97,egw-qemu-integrated
2026-10-07T12:14:39Z,egw-controller-1,13.25,58359808,21.74,egw-qemu-integrated
2026-10-07T12:14:40Z,egw-mosquitto-1,10.34,4657152,3.47,egw-qemu-integrated
2026-10-07T12:14:40Z,egw-ditto-things-1,94.86,572321792,71.07,egw-qemu-integrated
2026-10-07T12:14:40Z,egw-ditto-policies-1,10.03,567054336,70.41,egw-qemu-integrated
2026-10-07T12:14:40Z,egw-mongodb-1,5.22,243826688,45.42,egw-qemu-integrated
2026-10-07T12:14:40Z,egw-ditto-gateway-1,110.36,539394048,66.98,egw-qemu-integrated
2026-10-07T12:14:40Z,egw-controller-1,16.94,58372096,21.75,egw-qemu-integrated
2026-10-07T12:14:41Z,egw-mosquitto-1,1.88,4657152,3.47,egw-qemu-integrated
2026-10-07T12:14:41Z,egw-ditto-things-1,91.62,572452864,71.09,egw-qemu-integrated
2026-10-07T12:14:41Z,egw-ditto-policies-1,13.50,567226368,70.44,egw-qemu-integrated
2026-10-07T12:14:41Z,egw-mongodb-1,5.91,243830784,45.42,egw-qemu-integrated
2026-10-07T12:14:41Z,egw-ditto-gateway-1,87.78,539353088,66.97,egw-qemu-integrated
2026-10-07T12:14:41Z,egw-controller-1,16.74,58376192,21.75,egw-qemu-integrated
2026-10-07T12:14:42Z,egw-mosquitto-1,1.65,4665344,3.48,egw-qemu-integrated
2026-10-07T12:14:42Z,egw-ditto-things-1,92.02,572563456,71.10,egw-qemu-integrated
2026-10-07T12:14:42Z,egw-ditto-policies-1,15.61,567455744,70.46,egw-qemu-integrated
2026-10-07T12:14:42Z,egw-mongodb-1,4.41,243826688,45.42,egw-qemu-integrated
2026-10-07T12:14:42Z,egw-ditto-gateway-1,100.74,539787264,67.03,egw-qemu-integrated
2026-10-07T12:14:42Z,egw-controller-1,19.41,58384384,21.75,egw-qemu-integrated
2026-10-07T12:14:43Z,egw-mosquitto-1,2.47,4927488,3.67,egw-qemu-integrated
2026-10-07T12:14:43Z,egw-ditto-things-1,111.87,572772352,71.12,egw-qemu-integrated
2026-10-07T12:14:43Z,egw-ditto-policies-1,72.26,567959552,70.53,egw-qemu-integrated
2026-10-07T12:14:43Z,egw-mongodb-1,4.79,243826688,45.42,egw-qemu-integrated
2026-10-07T12:14:43Z,egw-ditto-gateway-1,59.76,539848704,67.04,egw-qemu-integrated
2026-10-07T12:14:43Z,egw-controller-1,16.24,58384384,21.75,egw-qemu-integrated
2026-10-07T12:14:44Z,egw-mosquitto-1,1.78,4673536,3.48,egw-qemu-integrated
2026-10-07T12:14:44Z,egw-ditto-things-1,142.66,574676992,71.36,egw-qemu-integrated
2026-10-07T12:14:44Z,egw-ditto-policies-1,12.28,567869440,70.52,egw-qemu-integrated
2026-10-07T12:14:44Z,egw-mongodb-1,4.91,243830784,45.42,egw-qemu-integrated
2026-10-07T12:14:44Z,egw-ditto-gateway-1,86.89,540090368,67.07,egw-qemu-integrated
2026-10-07T12:14:44Z,egw-controller-1,17.95,58392576,21.75,egw-qemu-integrated
2026-10-07T12:14:45Z,egw-mosquitto-1,1.91,4677632,3.49,egw-qemu-integrated
2026-10-07T12:14:45Z,egw-ditto-things-1,118.56,575102976,71.41,egw-qemu-integrated
2026-10-07T12:14:45Z,egw-ditto-policies-1,10.28,568025088,70.54,egw-qemu-integrated
2026-10-07T12:14:45Z,egw-mongodb-1,5.09,243826688,45.42,egw-qemu-integrated
2026-10-07T12:14:45Z,egw-ditto-gateway-1,70.15,540114944,67.07,egw-qemu-integrated
2026-10-07T12:14:45Z,egw-controller-1,20.68,58654720,21.85,egw-qemu-integrated
2026-10-07T12:14:46Z,egw-mosquitto-1,2.39,4681728,3.49,egw-qemu-integrated
2026-10-07T12:14:46Z,egw-ditto-things-1,88.24,575627264,71.48,egw-qemu-integrated
2026-10-07T12:14:46Z,egw-ditto-policies-1,10.25,568205312,70.56,egw-qemu-integrated
2026-10-07T12:14:46Z,egw-mongodb-1,6.27,243826688,45.42,egw-qemu-integrated
2026-10-07T12:14:46Z,egw-ditto-gateway-1,124.91,540549120,67.12,egw-qemu-integrated
2026-10-07T12:14:46Z,egw-controller-1,16.53,58392576,21.75,egw-qemu-integrated
2026-10-07T12:14:47Z,egw-mosquitto-1,2.45,4685824,3.49,egw-qemu-integrated
2026-10-07T12:14:47Z,egw-ditto-things-1,92.95,575434752,71.46,egw-qemu-integrated
2026-10-07T12:14:47Z,egw-ditto-policies-1,14.73,568414208,70.58,egw-qemu-integrated
2026-10-07T12:14:47Z,egw-mongodb-1,5.01,243826688,45.42,egw-qemu-integrated
2026-10-07T12:14:47Z,egw-ditto-gateway-1,97.84,540663808,67.14,egw-qemu-integrated
2026-10-07T12:14:47Z,egw-controller-1,19.87,58404864,21.76,egw-qemu-integrated
2026-10-07T12:14:49Z,egw-mosquitto-1,2.22,4689920,3.49,egw-qemu-integrated
2026-10-07T12:14:49Z,egw-ditto-things-1,78.94,575557632,71.47,egw-qemu-integrated
2026-10-07T12:14:49Z,egw-ditto-policies-1,12.67,568934400,70.65,egw-qemu-integrated
2026-10-07T12:14:49Z,egw-mongodb-1,8.09,243826688,45.42,egw-qemu-integrated
2026-10-07T12:14:49Z,egw-ditto-gateway-1,100.39,541057024,67.19,egw-qemu-integrated
2026-10-07T12:14:49Z,egw-controller-1,18.85,58408960,21.76,egw-qemu-integrated
2026-10-07T12:14:50Z,egw-mosquitto-1,2.55,4952064,3.69,egw-qemu-integrated
2026-10-07T12:14:50Z,egw-ditto-things-1,87.77,575569920,71.47,egw-qemu-integrated
2026-10-07T12:14:50Z,egw-ditto-policies-1,113.58,577478656,71.71,egw-qemu-integrated
2026-10-07T12:14:50Z,egw-mongodb-1,5.74,244088832,45.47,egw-qemu-integrated
2026-10-07T12:14:50Z,egw-ditto-gateway-1,107.76,540868608,67.16,egw-qemu-integrated
2026-10-07T12:14:50Z,egw-controller-1,12.08,58404864,21.76,egw-qemu-integrated
2026-10-07T12:14:51Z,egw-mosquitto-1,2.36,4702208,3.50,egw-qemu-integrated
2026-10-07T12:14:51Z,egw-ditto-things-1,94.03,575995904,71.53,egw-qemu-integrated
2026-10-07T12:14:51Z,egw-ditto-policies-1,76.79,540909568,67.17,egw-qemu-integrated
2026-10-07T12:14:51Z,egw-mongodb-1,5.19,243826688,45.42,egw-qemu-integrated
2026-10-07T12:14:51Z,egw-ditto-gateway-1,92.55,541323264,67.22,egw-qemu-integrated
2026-10-07T12:14:51Z,egw-controller-1,18.06,58413056,21.76,egw-qemu-integrated
2026-10-07T12:14:52Z,egw-mosquitto-1,2.38,4972544,3.70,egw-qemu-integrated
2026-10-07T12:14:52Z,egw-ditto-things-1,97.49,577515520,71.71,egw-qemu-integrated
2026-10-07T12:14:52Z,egw-ditto-policies-1,29.60,540909568,67.17,egw-qemu-integrated
2026-10-07T12:14:52Z,egw-mongodb-1,6.17,243826688,45.42,egw-qemu-integrated
2026-10-07T12:14:52Z,egw-ditto-gateway-1,102.34,541245440,67.21,egw-qemu-integrated
2026-10-07T12:14:52Z,egw-controller-1,17.97,58413056,21.76,egw-qemu-integrated
2026-10-07T12:14:53Z,egw-mosquitto-1,4.62,4718592,3.52,egw-qemu-integrated
2026-10-07T12:14:53Z,egw-ditto-things-1,147.36,576233472,71.55,egw-qemu-integrated
2026-10-07T12:14:53Z,egw-ditto-policies-1,14.62,540909568,67.17,egw-qemu-integrated
2026-10-07T12:14:53Z,egw-mongodb-1,7.49,243826688,45.42,egw-qemu-integrated
2026-10-07T12:14:53Z,egw-ditto-gateway-1,57.26,541319168,67.22,egw-qemu-integrated
2026-10-07T12:14:53Z,egw-controller-1,17.80,58421248,21.76,egw-qemu-integrated
2026-10-07T12:14:54Z,egw-mosquitto-1,1.66,4722688,3.52,egw-qemu-integrated
2026-10-07T12:14:54Z,egw-ditto-things-1,115.90,576204800,71.55,egw-qemu-integrated
2026-10-07T12:14:54Z,egw-ditto-policies-1,37.52,540913664,67.17,egw-qemu-integrated
2026-10-07T12:14:54Z,egw-mongodb-1,11.62,243826688,45.42,egw-qemu-integrated
2026-10-07T12:14:54Z,egw-ditto-gateway-1,103.10,541589504,67.25,egw-qemu-integrated
2026-10-07T12:14:54Z,egw-controller-1,17.19,58437632,21.77,egw-qemu-integrated
2026-10-07T12:14:55Z,egw-mosquitto-1,1.74,4988928,3.72,egw-qemu-integrated
2026-10-07T12:14:55Z,egw-ditto-things-1,85.83,576520192,71.59,egw-qemu-integrated
2026-10-07T12:14:55Z,egw-ditto-policies-1,35.13,540979200,67.18,egw-qemu-integrated
2026-10-07T12:14:55Z,egw-mongodb-1,9.59,243826688,45.42,egw-qemu-integrated
2026-10-07T12:14:55Z,egw-ditto-gateway-1,102.34,541433856,67.23,egw-qemu-integrated
2026-10-07T12:14:55Z,egw-controller-1,11.29,58433536,21.77,egw-qemu-integrated
2026-10-07T12:14:56Z,egw-mosquitto-1,2.23,4734976,3.53,egw-qemu-integrated
2026-10-07T12:14:56Z,egw-ditto-things-1,87.38,576778240,71.62,egw-qemu-integrated
2026-10-07T12:14:56Z,egw-ditto-policies-1,16.09,541089792,67.19,egw-qemu-integrated
2026-10-07T12:14:56Z,egw-mongodb-1,5.71,243826688,45.42,egw-qemu-integrated
2026-10-07T12:14:56Z,egw-ditto-gateway-1,119.07,541470720,67.24,egw-qemu-integrated
2026-10-07T12:14:56Z,egw-controller-1,14.42,58433536,21.77,egw-qemu-integrated
2026-10-07T12:14:57Z,egw-mosquitto-1,1.82,4739072,3.53,egw-qemu-integrated
2026-10-07T12:14:57Z,egw-ditto-things-1,114.94,576552960,71.59,egw-qemu-integrated
2026-10-07T12:14:57Z,egw-ditto-policies-1,24.92,541216768,67.21,egw-qemu-integrated
2026-10-07T12:14:57Z,egw-mongodb-1,5.95,243830784,45.42,egw-qemu-integrated
2026-10-07T12:14:57Z,egw-ditto-gateway-1,83.87,541540352,67.25,egw-qemu-integrated
2026-10-07T12:14:57Z,egw-controller-1,22.72,58441728,21.77,egw-qemu-integrated
2026-10-07T12:14:58Z,egw-mosquitto-1,1.83,4743168,3.53,egw-qemu-integrated
2026-10-07T12:14:58Z,egw-ditto-things-1,93.59,576684032,71.61,egw-qemu-integrated
2026-10-07T12:14:58Z,egw-ditto-policies-1,27.38,541442048,67.23,egw-qemu-integrated
2026-10-07T12:14:58Z,egw-mongodb-1,6.21,243826688,45.42,egw-qemu-integrated
2026-10-07T12:14:58Z,egw-ditto-gateway-1,65.88,541589504,67.25,egw-qemu-integrated
2026-10-07T12:14:58Z,egw-controller-1,33.07,60919808,22.69,egw-qemu-integrated
2026-10-07T12:14:59Z,egw-mosquitto-1,1.88,4743168,3.53,egw-qemu-integrated
2026-10-07T12:14:59Z,egw-ditto-things-1,83.07,576958464,71.64,egw-qemu-integrated
2026-10-07T12:14:59Z,egw-ditto-policies-1,40.15,541732864,67.27,egw-qemu-integrated
2026-10-07T12:14:59Z,egw-mongodb-1,12.02,243826688,45.42,egw-qemu-integrated
2026-10-07T12:14:59Z,egw-ditto-gateway-1,72.22,541634560,67.26,egw-qemu-integrated
2026-10-07T12:14:59Z,egw-controller-1,97.80,68419584,25.49,egw-qemu-integrated
2026-10-07T12:15:00Z,egw-mosquitto-1,2.38,4755456,3.54,egw-qemu-integrated
2026-10-07T12:15:00Z,egw-ditto-things-1,82.19,576786432,71.62,egw-qemu-integrated
2026-10-07T12:15:00Z,egw-ditto-policies-1,27.55,544907264,67.66,egw-qemu-integrated
2026-10-07T12:15:00Z,egw-mongodb-1,5.24,243826688,45.42,egw-qemu-integrated
2026-10-07T12:15:00Z,egw-ditto-gateway-1,115.97,541667328,67.26,egw-qemu-integrated
2026-10-07T12:15:00Z,egw-controller-1,100.83,69705728,25.97,egw-qemu-integrated
2026-10-07T12:15:01Z,egw-mosquitto-1,1.56,5013504,3.74,egw-qemu-integrated
2026-10-07T12:15:01Z,egw-ditto-things-1,70.43,576872448,71.63,egw-qemu-integrated
2026-10-07T12:15:01Z,egw-ditto-policies-1,11.07,544952320,67.67,egw-qemu-integrated
2026-10-07T12:15:01Z,egw-mongodb-1,5.61,243826688,45.42,egw-qemu-integrated
2026-10-07T12:15:01Z,egw-ditto-gateway-1,118.98,541741056,67.27,egw-qemu-integrated
2026-10-07T12:15:01Z,egw-controller-1,116.98,72069120,26.85,egw-qemu-integrated
2026-10-07T12:15:02Z,egw-mosquitto-1,2.26,4759552,3.55,egw-qemu-integrated
2026-10-07T12:15:02Z,egw-ditto-things-1,85.96,577286144,71.69,egw-qemu-integrated
2026-10-07T12:15:02Z,egw-ditto-policies-1,11.33,545005568,67.68,egw-qemu-integrated
2026-10-07T12:15:02Z,egw-mongodb-1,6.26,243826688,45.42,egw-qemu-integrated
2026-10-07T12:15:02Z,egw-ditto-gateway-1,93.13,542130176,67.32,egw-qemu-integrated
2026-10-07T12:15:02Z,egw-controller-1,25.88,58466304,21.78,egw-qemu-integrated
2026-10-07T12:15:03Z,egw-mosquitto-1,1.96,4767744,3.55,egw-qemu-integrated
2026-10-07T12:15:03Z,egw-ditto-things-1,148.84,577392640,71.70,egw-qemu-integrated
2026-10-07T12:15:03Z,egw-ditto-policies-1,12.70,545034240,67.68,egw-qemu-integrated
2026-10-07T12:15:03Z,egw-mongodb-1,4.79,243826688,45.42,egw-qemu-integrated
2026-10-07T12:15:03Z,egw-ditto-gateway-1,80.08,541941760,67.30,egw-qemu-integrated
2026-10-07T12:15:03Z,egw-controller-1,20.86,58474496,21.78,egw-qemu-integrated
2026-10-07T12:15:04Z,egw-mosquitto-1,1.90,5029888,3.75,egw-qemu-integrated
2026-10-07T12:15:04Z,egw-ditto-things-1,126.51,580259840,72.05,egw-qemu-integrated
2026-10-07T12:15:04Z,egw-ditto-policies-1,17.28,545042432,67.68,egw-qemu-integrated
2026-10-07T12:15:04Z,egw-mongodb-1,20.84,246263808,45.87,egw-qemu-integrated
2026-10-07T12:15:04Z,egw-ditto-gateway-1,91.90,542072832,67.31,egw-qemu-integrated
2026-10-07T12:15:04Z,egw-controller-1,18.11,58482688,21.79,egw-qemu-integrated
2026-10-07T12:15:05Z,egw-mosquitto-1,1.93,4780032,3.56,egw-qemu-integrated
2026-10-07T12:15:05Z,egw-ditto-things-1,67.00,580382720,72.07,egw-qemu-integrated
2026-10-07T12:15:05Z,egw-ditto-policies-1,45.26,545038336,67.68,egw-qemu-integrated
2026-10-07T12:15:05Z,egw-mongodb-1,94.59,359403520,66.94,egw-qemu-integrated
2026-10-07T12:15:05Z,egw-ditto-gateway-1,75.20,542150656,67.32,egw-qemu-integrated
2026-10-07T12:15:05Z,egw-controller-1,16.80,58486784,21.79,egw-qemu-integrated
2026-10-07T12:15:06Z,egw-mosquitto-1,1.74,4780032,3.56,egw-qemu-integrated
2026-10-07T12:15:06Z,egw-ditto-things-1,84.45,580485120,72.08,egw-qemu-integrated
2026-10-07T12:15:06Z,egw-ditto-policies-1,7.38,545030144,67.68,egw-qemu-integrated
2026-10-07T12:15:06Z,egw-mongodb-1,118.74,393945088,73.38,egw-qemu-integrated
2026-10-07T12:15:06Z,egw-ditto-gateway-1,69.19,542277632,67.34,egw-qemu-integrated
2026-10-07T12:15:06Z,egw-controller-1,19.37,58744832,21.88,egw-qemu-integrated
2026-10-07T12:15:07Z,egw-mosquitto-1,2.71,4788224,3.57,egw-qemu-integrated
2026-10-07T12:15:07Z,egw-ditto-things-1,89.66,580612096,72.10,egw-qemu-integrated
2026-10-07T12:15:07Z,egw-ditto-policies-1,20.68,545030144,67.68,egw-qemu-integrated
2026-10-07T12:15:07Z,egw-mongodb-1,116.63,396652544,73.88,egw-qemu-integrated
2026-10-07T12:15:07Z,egw-ditto-gateway-1,64.29,542334976,67.35,egw-qemu-integrated
2026-10-07T12:15:07Z,egw-controller-1,21.07,58494976,21.79,egw-qemu-integrated
2026-10-07T12:15:08Z,egw-mosquitto-1,1.91,4792320,3.57,egw-qemu-integrated
2026-10-07T12:15:08Z,egw-ditto-things-1,100.00,580780032,72.12,egw-qemu-integrated
2026-10-07T12:15:08Z,egw-ditto-policies-1,20.75,545038336,67.68,egw-qemu-integrated
2026-10-07T12:15:08Z,egw-mongodb-1,113.30,402112512,74.90,egw-qemu-integrated
2026-10-07T12:15:08Z,egw-ditto-gateway-1,54.97,542392320,67.35,egw-qemu-integrated
2026-10-07T12:15:08Z,egw-controller-1,14.92,58503168,21.79,egw-qemu-integrated
2026-10-07T12:15:09Z,egw-mosquitto-1,1.82,4800512,3.58,egw-qemu-integrated
2026-10-07T12:15:09Z,egw-ditto-things-1,75.29,581009408,72.15,egw-qemu-integrated
2026-10-07T12:15:09Z,egw-ditto-policies-1,16.68,545030144,67.68,egw-qemu-integrated
2026-10-07T12:15:09Z,egw-mongodb-1,140.89,408420352,76.07,egw-qemu-integrated
2026-10-07T12:15:09Z,egw-ditto-gateway-1,86.10,542478336,67.36,egw-qemu-integrated
2026-10-07T12:15:09Z,egw-controller-1,17.48,58507264,21.80,egw-qemu-integrated
2026-10-07T12:15:10Z,egw-mosquitto-1,2.25,4804608,3.58,egw-qemu-integrated
2026-10-07T12:15:10Z,egw-ditto-things-1,98.70,581185536,72.17,egw-qemu-integrated
2026-10-07T12:15:10Z,egw-ditto-policies-1,29.82,545034240,67.68,egw-qemu-integrated
2026-10-07T12:15:10Z,egw-mongodb-1,42.32,242208768,45.11,egw-qemu-integrated
2026-10-07T12:15:10Z,egw-ditto-gateway-1,78.35,542601216,67.38,egw-qemu-integrated
2026-10-07T12:15:10Z,egw-controller-1,17.60,58769408,21.89,egw-qemu-integrated
2026-10-07T12:15:11Z,egw-mosquitto-1,38.04,6438912,4.80,egw-qemu-integrated
2026-10-07T12:15:11Z,egw-ditto-things-1,83.33,581443584,72.20,egw-qemu-integrated
2026-10-07T12:15:11Z,egw-ditto-policies-1,12.14,545030144,67.68,egw-qemu-integrated
2026-10-07T12:15:11Z,egw-mongodb-1,5.54,242208768,45.11,egw-qemu-integrated
2026-10-07T12:15:11Z,egw-ditto-gateway-1,68.44,542650368,67.38,egw-qemu-integrated
2026-10-07T12:15:11Z,egw-controller-1,16.59,58519552,21.80,egw-qemu-integrated
2026-10-07T12:15:12Z,egw-mosquitto-1,24.94,4825088,3.59,egw-qemu-integrated
2026-10-07T12:15:12Z,egw-ditto-things-1,113.48,581869568,72.25,egw-qemu-integrated
2026-10-07T12:15:12Z,egw-ditto-policies-1,9.52,545030144,67.68,egw-qemu-integrated
2026-10-07T12:15:12Z,egw-mongodb-1,6.70,242208768,45.11,egw-qemu-integrated
2026-10-07T12:15:12Z,egw-ditto-gateway-1,58.21,542695424,67.39,egw-qemu-integrated
2026-10-07T12:15:12Z,egw-controller-1,19.99,58531840,21.80,egw-qemu-integrated
2026-10-07T12:15:13Z,egw-mosquitto-1,2.16,4820992,3.59,egw-qemu-integrated
2026-10-07T12:15:13Z,egw-ditto-things-1,87.10,581435392,72.20,egw-qemu-integrated
2026-10-07T12:15:13Z,egw-ditto-policies-1,18.14,545071104,67.68,egw-qemu-integrated
2026-10-07T12:15:13Z,egw-mongodb-1,5.36,242208768,45.11,egw-qemu-integrated
2026-10-07T12:15:13Z,egw-ditto-gateway-1,107.45,542842880,67.41,egw-qemu-integrated
2026-10-07T12:15:13Z,egw-controller-1,23.80,58793984,21.90,egw-qemu-integrated
2026-10-07T12:15:14Z,egw-mosquitto-1,2.14,5095424,3.80,egw-qemu-integrated
2026-10-07T12:15:14Z,egw-ditto-things-1,134.20,581459968,72.20,egw-qemu-integrated
2026-10-07T12:15:14Z,egw-ditto-policies-1,13.51,545067008,67.68,egw-qemu-integrated
2026-10-07T12:15:14Z,egw-mongodb-1,4.92,242208768,45.11,egw-qemu-integrated
2026-10-07T12:15:14Z,egw-ditto-gateway-1,92.43,542932992,67.42,egw-qemu-integrated
2026-10-07T12:15:14Z,egw-controller-1,20.53,58540032,21.81,egw-qemu-integrated
2026-10-07T12:15:15Z,egw-mosquitto-1,2.10,4837376,3.60,egw-qemu-integrated
2026-10-07T12:15:15Z,egw-ditto-things-1,91.63,581558272,72.22,egw-qemu-integrated
2026-10-07T12:15:15Z,egw-ditto-policies-1,79.41,546992128,67.92,egw-qemu-integrated
2026-10-07T12:15:15Z,egw-mongodb-1,5.37,242208768,45.11,egw-qemu-integrated
2026-10-07T12:15:15Z,egw-ditto-gateway-1,97.32,543268864,67.46,egw-qemu-integrated
2026-10-07T12:15:15Z,egw-controller-1,17.10,58552320,21.81,egw-qemu-integrated
2026-10-07T12:15:16Z,egw-mosquitto-1,1.83,4837376,3.60,egw-qemu-integrated
2026-10-07T12:15:16Z,egw-ditto-things-1,150.65,581672960,72.23,egw-qemu-integrated
2026-10-07T12:15:16Z,egw-ditto-policies-1,16.97,545075200,67.69,egw-qemu-integrated
2026-10-07T12:15:16Z,egw-mongodb-1,5.40,242208768,45.11,egw-qemu-integrated
2026-10-07T12:15:16Z,egw-ditto-gateway-1,78.82,543125504,67.44,egw-qemu-integrated
2026-10-07T12:15:16Z,egw-controller-1,17.55,58552320,21.81,egw-qemu-integrated
2026-10-07T12:15:17Z,egw-mosquitto-1,1.88,4841472,3.61,egw-qemu-integrated
2026-10-07T12:15:17Z,egw-ditto-things-1,70.61,582344704,72.31,egw-qemu-integrated
2026-10-07T12:15:17Z,egw-ditto-policies-1,13.04,545067008,67.68,egw-qemu-integrated
2026-10-07T12:15:17Z,egw-mongodb-1,6.17,242470912,45.16,egw-qemu-integrated
2026-10-07T12:15:17Z,egw-ditto-gateway-1,90.83,543322112,67.47,egw-qemu-integrated
2026-10-07T12:15:17Z,egw-controller-1,21.82,58556416,21.81,egw-qemu-integrated
2026-10-07T12:15:18Z,egw-mosquitto-1,3.94,5373952,4.00,egw-qemu-integrated
2026-10-07T12:15:18Z,egw-ditto-things-1,92.64,582025216,72.27,egw-qemu-integrated
2026-10-07T12:15:18Z,egw-ditto-policies-1,14.15,545067008,67.68,egw-qemu-integrated
2026-10-07T12:15:18Z,egw-mongodb-1,8.21,242208768,45.11,egw-qemu-integrated
2026-10-07T12:15:18Z,egw-ditto-gateway-1,113.43,543612928,67.50,egw-qemu-integrated
2026-10-07T12:15:18Z,egw-controller-1,20.63,58822656,21.91,egw-qemu-integrated
2026-10-07T12:15:19Z,egw-mosquitto-1,2.27,5115904,3.81,egw-qemu-integrated
2026-10-07T12:15:19Z,egw-ditto-things-1,116.84,582012928,72.27,egw-qemu-integrated
2026-10-07T12:15:19Z,egw-ditto-policies-1,92.47,545071104,67.68,egw-qemu-integrated
2026-10-07T12:15:19Z,egw-mongodb-1,18.34,242208768,45.11,egw-qemu-integrated
2026-10-07T12:15:19Z,egw-ditto-gateway-1,99.81,543625216,67.51,egw-qemu-integrated
2026-10-07T12:15:19Z,egw-controller-1,17.84,58564608,21.82,egw-qemu-integrated
2026-10-07T12:15:20Z,egw-mosquitto-1,1.50,4857856,3.62,egw-qemu-integrated
2026-10-07T12:15:20Z,egw-ditto-things-1,109.40,582193152,72.29,egw-qemu-integrated
2026-10-07T12:15:20Z,egw-ditto-policies-1,62.21,545157120,67.70,egw-qemu-integrated
2026-10-07T12:15:20Z,egw-mongodb-1,7.84,242208768,45.11,egw-qemu-integrated
2026-10-07T12:15:20Z,egw-ditto-gateway-1,102.96,543899648,67.54,egw-qemu-integrated
2026-10-07T12:15:20Z,egw-controller-1,8.06,58568704,21.82,egw-qemu-integrated
2026-10-07T12:15:22Z,egw-mosquitto-1,1.91,4870144,3.63,egw-qemu-integrated
2026-10-07T12:15:22Z,egw-ditto-things-1,106.19,583593984,72.47,egw-qemu-integrated
2026-10-07T12:15:22Z,egw-ditto-policies-1,17.49,545075200,67.69,egw-qemu-integrated
2026-10-07T12:15:22Z,egw-mongodb-1,5.81,242208768,45.11,egw-qemu-integrated
2026-10-07T12:15:22Z,egw-ditto-gateway-1,75.97,543731712,67.52,egw-qemu-integrated
2026-10-07T12:15:22Z,egw-controller-1,17.59,58834944,21.92,egw-qemu-integrated
2026-10-07T12:15:23Z,egw-mosquitto-1,2.39,4874240,3.63,egw-qemu-integrated
2026-10-07T12:15:23Z,egw-ditto-things-1,107.16,583761920,72.49,egw-qemu-integrated
2026-10-07T12:15:23Z,egw-ditto-policies-1,11.47,545079296,67.69,egw-qemu-integrated
2026-10-07T12:15:23Z,egw-mongodb-1,6.78,242212864,45.12,egw-qemu-integrated
2026-10-07T12:15:23Z,egw-ditto-gateway-1,71.82,543817728,67.53,egw-qemu-integrated
2026-10-07T12:15:23Z,egw-controller-1,20.92,58589184,21.83,egw-qemu-integrated
2026-10-07T12:15:24Z,egw-mosquitto-1,1.80,4874240,3.63,egw-qemu-integrated
2026-10-07T12:15:24Z,egw-ditto-things-1,89.28,583729152,72.49,egw-qemu-integrated
2026-10-07T12:15:24Z,egw-ditto-policies-1,21.75,545128448,67.69,egw-qemu-integrated
2026-10-07T12:15:24Z,egw-mongodb-1,5.88,242212864,45.12,egw-qemu-integrated
2026-10-07T12:15:24Z,egw-ditto-gateway-1,81.96,543887360,67.54,egw-qemu-integrated
2026-10-07T12:15:24Z,egw-controller-1,18.26,58580992,21.82,egw-qemu-integrated
2026-10-07T12:15:25Z,egw-mosquitto-1,3.09,5136384,3.83,egw-qemu-integrated
2026-10-07T12:15:25Z,egw-ditto-things-1,134.01,583745536,72.49,egw-qemu-integrated
2026-10-07T12:15:25Z,egw-ditto-policies-1,16.31,545144832,67.69,egw-qemu-integrated
2026-10-07T12:15:25Z,egw-mongodb-1,4.66,242212864,45.12,egw-qemu-integrated
2026-10-07T12:15:25Z,egw-ditto-gateway-1,75.87,544456704,67.61,egw-qemu-integrated
2026-10-07T12:15:25Z,egw-controller-1,21.91,58589184,21.83,egw-qemu-integrated
2026-10-07T12:15:26Z,egw-mosquitto-1,2.10,4890624,3.64,egw-qemu-integrated
2026-10-07T12:15:26Z,egw-ditto-things-1,90.94,583815168,72.50,egw-qemu-integrated
2026-10-07T12:15:26Z,egw-ditto-policies-1,22.89,545148928,67.69,egw-qemu-integrated
2026-10-07T12:15:26Z,egw-mongodb-1,6.59,242216960,45.12,egw-qemu-integrated
2026-10-07T12:15:26Z,egw-ditto-gateway-1,82.02,544002048,67.55,egw-qemu-integrated
2026-10-07T12:15:26Z,egw-controller-1,21.30,58859520,21.93,egw-qemu-integrated
2026-10-07T12:15:27Z,egw-mosquitto-1,2.22,4894720,3.65,egw-qemu-integrated
2026-10-07T12:15:27Z,egw-ditto-things-1,83.33,583831552,72.50,egw-qemu-integrated
2026-10-07T12:15:27Z,egw-ditto-policies-1,14.94,545161216,67.70,egw-qemu-integrated
2026-10-07T12:15:27Z,egw-mongodb-1,6.19,242212864,45.12,egw-qemu-integrated
2026-10-07T12:15:27Z,egw-ditto-gateway-1,100.12,544047104,67.56,egw-qemu-integrated
2026-10-07T12:15:27Z,egw-controller-1,23.72,58863616,21.93,egw-qemu-integrated
2026-10-07T12:15:28Z,egw-mosquitto-1,2.16,5156864,3.84,egw-qemu-integrated
2026-10-07T12:15:28Z,egw-ditto-things-1,71.37,583839744,72.50,egw-qemu-integrated
2026-10-07T12:15:28Z,egw-ditto-policies-1,12.88,545189888,67.70,egw-qemu-integrated
2026-10-07T12:15:28Z,egw-mongodb-1,15.16,242221056,45.12,egw-qemu-integrated
2026-10-07T12:15:28Z,egw-ditto-gateway-1,122.23,544092160,67.56,egw-qemu-integrated
2026-10-07T12:15:28Z,egw-controller-1,19.92,58609664,21.83,egw-qemu-integrated
2026-10-07T12:15:29Z,egw-mosquitto-1,2.24,4902912,3.65,egw-qemu-integrated
2026-10-07T12:15:29Z,egw-ditto-things-1,97.69,583884800,72.50,egw-qemu-integrated
2026-10-07T12:15:29Z,egw-ditto-policies-1,14.89,545193984,67.70,egw-qemu-integrated
2026-10-07T12:15:29Z,egw-mongodb-1,8.24,242221056,45.12,egw-qemu-integrated
2026-10-07T12:15:29Z,egw-ditto-gateway-1,103.93,544116736,67.57,egw-qemu-integrated
2026-10-07T12:15:29Z,egw-controller-1,22.18,59138048,22.03,egw-qemu-integrated
2026-10-07T12:15:30Z,egw-mosquitto-1,1.47,4902912,3.65,egw-qemu-integrated
2026-10-07T12:15:30Z,egw-ditto-things-1,92.95,584081408,72.53,egw-qemu-integrated
2026-10-07T12:15:30Z,egw-ditto-policies-1,12.95,545234944,67.71,egw-qemu-integrated
2026-10-07T12:15:30Z,egw-mongodb-1,7.44,242221056,45.12,egw-qemu-integrated
2026-10-07T12:15:30Z,egw-ditto-gateway-1,93.67,544169984,67.57,egw-qemu-integrated
2026-10-07T12:15:30Z,egw-controller-1,20.55,58617856,21.84,egw-qemu-integrated
2026-10-07T12:15:31Z,egw-mosquitto-1,3.39,4919296,3.67,egw-qemu-integrated
2026-10-07T12:15:31Z,egw-ditto-things-1,128.49,584441856,72.57,egw-qemu-integrated
2026-10-07T12:15:31Z,egw-ditto-policies-1,24.16,545316864,67.72,egw-qemu-integrated
2026-10-07T12:15:31Z,egw-mongodb-1,6.69,242221056,45.12,egw-qemu-integrated
2026-10-07T12:15:31Z,egw-ditto-gateway-1,86.83,544198656,67.58,egw-qemu-integrated
2026-10-07T12:15:31Z,egw-controller-1,21.68,58626048,21.84,egw-qemu-integrated
2026-10-07T12:15:32Z,egw-mosquitto-1,1.62,4915200,3.66,egw-qemu-integrated
2026-10-07T12:15:32Z,egw-ditto-things-1,103.49,584302592,72.56,egw-qemu-integrated
2026-10-07T12:15:32Z,egw-ditto-policies-1,9.35,545316864,67.72,egw-qemu-integrated
2026-10-07T12:15:32Z,egw-mongodb-1,6.20,242221056,45.12,egw-qemu-integrated
2026-10-07T12:15:32Z,egw-ditto-gateway-1,88.27,544587776,67.62,egw-qemu-integrated
2026-10-07T12:15:32Z,egw-controller-1,21.47,58630144,21.84,egw-qemu-integrated
2026-10-07T12:15:33Z,egw-mosquitto-1,1.84,4919296,3.67,egw-qemu-integrated
2026-10-07T12:15:33Z,egw-ditto-things-1,62.89,584376320,72.57,egw-qemu-integrated
2026-10-07T12:15:33Z,egw-ditto-policies-1,14.42,545325056,67.72,egw-qemu-integrated
2026-10-07T12:15:33Z,egw-mongodb-1,6.39,242221056,45.12,egw-qemu-integrated
2026-10-07T12:15:33Z,egw-ditto-gateway-1,81.52,544350208,67.60,egw-qemu-integrated
2026-10-07T12:15:33Z,egw-controller-1,58.13,61939712,23.07,egw-qemu-integrated
2026-10-07T12:15:34Z,egw-mosquitto-1,1.74,4927488,3.67,egw-qemu-integrated
2026-10-07T12:15:34Z,egw-ditto-things-1,103.20,584523776,72.58,egw-qemu-integrated
2026-10-07T12:15:34Z,egw-ditto-policies-1,15.40,545329152,67.72,egw-qemu-integrated
2026-10-07T12:15:34Z,egw-mongodb-1,4.57,242221056,45.12,egw-qemu-integrated
2026-10-07T12:15:34Z,egw-ditto-gateway-1,102.78,544399360,67.60,egw-qemu-integrated
2026-10-07T12:15:34Z,egw-controller-1,111.97,69197824,25.78,egw-qemu-integrated
2026-10-07T12:15:35Z,egw-mosquitto-1,1.54,4923392,3.67,egw-qemu-integrated
2026-10-07T12:15:35Z,egw-ditto-things-1,88.09,584867840,72.63,egw-qemu-integrated
2026-10-07T12:15:35Z,egw-ditto-policies-1,10.90,545333248,67.72,egw-qemu-integrated
2026-10-07T12:15:35Z,egw-mongodb-1,4.74,242221056,45.12,egw-qemu-integrated
2026-10-07T12:15:35Z,egw-ditto-gateway-1,69.32,544448512,67.61,egw-qemu-integrated
2026-10-07T12:15:35Z,egw-controller-1,109.07,71114752,26.49,egw-qemu-integrated
2026-10-07T12:15:36Z,egw-mosquitto-1,1.74,4927488,3.67,egw-qemu-integrated
2026-10-07T12:15:36Z,egw-ditto-things-1,97.90,585015296,72.65,egw-qemu-integrated
2026-10-07T12:15:36Z,egw-ditto-policies-1,15.25,545329152,67.72,egw-qemu-integrated
2026-10-07T12:15:36Z,egw-mongodb-1,6.07,242221056,45.12,egw-qemu-integrated
2026-10-07T12:15:36Z,egw-ditto-gateway-1,76.92,544768000,67.65,egw-qemu-integrated
2026-10-07T12:15:36Z,egw-controller-1,80.21,58904576,21.94,egw-qemu-integrated
2026-10-07T12:15:37Z,egw-mosquitto-1,1.90,5193728,3.87,egw-qemu-integrated
2026-10-07T12:15:37Z,egw-ditto-things-1,86.56,584835072,72.62,egw-qemu-integrated
2026-10-07T12:15:37Z,egw-ditto-policies-1,83.06,545751040,67.77,egw-qemu-integrated
2026-10-07T12:15:37Z,egw-mongodb-1,18.89,242368512,45.14,egw-qemu-integrated
2026-10-07T12:15:37Z,egw-ditto-gateway-1,72.13,544530432,67.62,egw-qemu-integrated
2026-10-07T12:15:37Z,egw-controller-1,19.39,58646528,21.85,egw-qemu-integrated
2026-10-07T12:15:38Z,egw-mosquitto-1,2.10,5185536,3.86,egw-qemu-integrated
2026-10-07T12:15:38Z,egw-ditto-things-1,94.78,584884224,72.63,egw-qemu-integrated
2026-10-07T12:15:38Z,egw-ditto-policies-1,11.45,546009088,67.80,egw-qemu-integrated
2026-10-07T12:15:38Z,egw-mongodb-1,6.17,242368512,45.14,egw-qemu-integrated
2026-10-07T12:15:38Z,egw-ditto-gateway-1,114.47,544694272,67.64,egw-qemu-integrated
2026-10-07T12:15:38Z,egw-controller-1,22.19,58658816,21.85,egw-qemu-integrated
2026-10-07T12:15:39Z,egw-mosquitto-1,1.62,4943872,3.68,egw-qemu-integrated
2026-10-07T12:15:39Z,egw-ditto-things-1,142.11,584896512,72.63,egw-qemu-integrated
2026-10-07T12:15:39Z,egw-ditto-policies-1,24.23,545775616,67.77,egw-qemu-integrated
2026-10-07T12:15:39Z,egw-mongodb-1,6.01,242368512,45.14,egw-qemu-integrated
2026-10-07T12:15:39Z,egw-ditto-gateway-1,67.08,544854016,67.66,egw-qemu-integrated
2026-10-07T12:15:39Z,egw-controller-1,16.05,58658816,21.85,egw-qemu-integrated
2026-10-07T12:15:40Z,egw-mosquitto-1,1.89,4943872,3.68,egw-qemu-integrated
2026-10-07T12:15:40Z,egw-ditto-things-1,159.68,584953856,72.64,egw-qemu-integrated
2026-10-07T12:15:40Z,egw-ditto-policies-1,9.63,545767424,67.77,egw-qemu-integrated
2026-10-07T12:15:40Z,egw-mongodb-1,7.48,242368512,45.14,egw-qemu-integrated
2026-10-07T12:15:40Z,egw-ditto-gateway-1,52.48,544907264,67.66,egw-qemu-integrated
2026-10-07T12:15:40Z,egw-controller-1,21.09,58929152,21.95,egw-qemu-integrated
2026-10-07T12:15:41Z,egw-mosquitto-1,2.15,5210112,3.88,egw-qemu-integrated
2026-10-07T12:15:41Z,egw-ditto-things-1,82.05,584957952,72.64,egw-qemu-integrated
2026-10-07T12:15:41Z,egw-ditto-policies-1,23.18,545771520,67.77,egw-qemu-integrated
2026-10-07T12:15:41Z,egw-mongodb-1,18.89,244330496,45.51,egw-qemu-integrated
2026-10-07T12:15:41Z,egw-ditto-gateway-1,101.92,544976896,67.67,egw-qemu-integrated
2026-10-07T12:15:41Z,egw-controller-1,18.23,58667008,21.86,egw-qemu-integrated
2026-10-07T12:15:42Z,egw-mosquitto-1,1.76,4952064,3.69,egw-qemu-integrated
2026-10-07T12:15:42Z,egw-ditto-things-1,79.80,584990720,72.64,egw-qemu-integrated
2026-10-07T12:15:42Z,egw-ditto-policies-1,16.03,545775616,67.77,egw-qemu-integrated
2026-10-07T12:15:42Z,egw-mongodb-1,93.69,356790272,66.46,egw-qemu-integrated
2026-10-07T12:15:42Z,egw-ditto-gateway-1,58.88,545046528,67.68,egw-qemu-integrated
2026-10-07T12:15:42Z,egw-controller-1,19.88,58667008,21.86,egw-qemu-integrated
2026-10-07T12:15:43Z,egw-mosquitto-1,26.96,5382144,4.01,egw-qemu-integrated
2026-10-07T12:15:43Z,egw-ditto-things-1,69.61,585031680,72.65,egw-qemu-integrated
2026-10-07T12:15:43Z,egw-ditto-policies-1,16.51,545779712,67.77,egw-qemu-integrated
2026-10-07T12:15:43Z,egw-mongodb-1,89.03,391139328,72.86,egw-qemu-integrated
2026-10-07T12:15:43Z,egw-ditto-gateway-1,62.59,545198080,67.70,egw-qemu-integrated
2026-10-07T12:15:43Z,egw-controller-1,15.62,58671104,21.86,egw-qemu-integrated
2026-10-07T12:15:44Z,egw-mosquitto-1,33.49,5238784,3.90,egw-qemu-integrated
2026-10-07T12:15:44Z,egw-ditto-things-1,50.23,584990720,72.64,egw-qemu-integrated
2026-10-07T12:15:44Z,egw-ditto-policies-1,9.60,545779712,67.77,egw-qemu-integrated
2026-10-07T12:15:44Z,egw-mongodb-1,115.89,394866688,73.55,egw-qemu-integrated
2026-10-07T12:15:44Z,egw-ditto-gateway-1,85.02,545292288,67.71,egw-qemu-integrated
2026-10-07T12:15:44Z,egw-controller-1,19.23,58941440,21.96,egw-qemu-integrated
2026-10-07T12:15:45Z,egw-mosquitto-1,1.75,5238784,3.90,egw-qemu-integrated
2026-10-07T12:15:45Z,egw-ditto-things-1,73.70,585043968,72.65,egw-qemu-integrated
2026-10-07T12:15:45Z,egw-ditto-policies-1,12.00,545783808,67.77,egw-qemu-integrated
2026-10-07T12:15:45Z,egw-mongodb-1,91.09,399065088,74.33,egw-qemu-integrated
2026-10-07T12:15:45Z,egw-ditto-gateway-1,140.53,542154752,67.32,egw-qemu-integrated
2026-10-07T12:15:45Z,egw-controller-1,12.09,58691584,21.86,egw-qemu-integrated
2026-10-07T12:15:46Z,egw-mosquitto-1,3.40,5246976,3.91,egw-qemu-integrated
2026-10-07T12:15:46Z,egw-ditto-things-1,103.37,585011200,72.64,egw-qemu-integrated
2026-10-07T12:15:46Z,egw-ditto-policies-1,60.92,545792000,67.77,egw-qemu-integrated
2026-10-07T12:15:46Z,egw-mongodb-1,92.71,400064512,74.52,egw-qemu-integrated
2026-10-07T12:15:46Z,egw-ditto-gateway-1,79.84,542154752,67.32,egw-qemu-integrated
2026-10-07T12:15:46Z,egw-controller-1,15.44,58691584,21.86,egw-qemu-integrated
2026-10-07T12:15:47Z,egw-mosquitto-1,1.50,5251072,3.91,egw-qemu-integrated
2026-10-07T12:15:47Z,egw-ditto-things-1,58.00,585007104,72.64,egw-qemu-integrated
2026-10-07T12:15:47Z,egw-ditto-policies-1,22.21,546967552,67.92,egw-qemu-integrated
2026-10-07T12:15:47Z,egw-mongodb-1,97.46,401973248,74.87,egw-qemu-integrated
2026-10-07T12:15:47Z,egw-ditto-gateway-1,79.15,542154752,67.32,egw-qemu-integrated
2026-10-07T12:15:47Z,egw-controller-1,11.22,58699776,21.87,egw-qemu-integrated
2026-10-07T12:15:48Z,egw-mosquitto-1,2.69,5255168,3.92,egw-qemu-integrated
2026-10-07T12:15:48Z,egw-ditto-things-1,57.73,585015296,72.65,egw-qemu-integrated
2026-10-07T12:15:48Z,egw-ditto-policies-1,99.33,546078720,67.81,egw-qemu-integrated
2026-10-07T12:15:48Z,egw-mongodb-1,100.02,408461312,76.08,egw-qemu-integrated
2026-10-07T12:15:48Z,egw-ditto-gateway-1,61.56,542154752,67.32,egw-qemu-integrated
2026-10-07T12:15:48Z,egw-controller-1,11.65,58703872,21.87,egw-qemu-integrated
2026-10-07T12:15:49Z,egw-mosquitto-1,1.80,5263360,3.92,egw-qemu-integrated
2026-10-07T12:15:49Z,egw-ditto-things-1,102.44,585125888,72.66,egw-qemu-integrated
2026-10-07T12:15:49Z,egw-ditto-policies-1,12.74,545824768,67.78,egw-qemu-integrated
2026-10-07T12:15:49Z,egw-mongodb-1,56.84,240689152,44.83,egw-qemu-integrated
2026-10-07T12:15:49Z,egw-ditto-gateway-1,85.21,542158848,67.32,egw-qemu-integrated
2026-10-07T12:15:49Z,egw-controller-1,18.84,58712064,21.87,egw-qemu-integrated
2026-10-07T12:15:50Z,egw-mosquitto-1,2.03,5263360,3.92,egw-qemu-integrated
2026-10-07T12:15:50Z,egw-ditto-things-1,71.65,585412608,72.69,egw-qemu-integrated
2026-10-07T12:15:50Z,egw-ditto-policies-1,27.56,545820672,67.78,egw-qemu-integrated
2026-10-07T12:15:50Z,egw-mongodb-1,9.47,240689152,44.83,egw-qemu-integrated
2026-10-07T12:15:50Z,egw-ditto-gateway-1,74.64,542167040,67.32,egw-qemu-integrated
2026-10-07T12:15:50Z,egw-controller-1,24.45,58720256,21.88,egw-qemu-integrated
2026-10-07T12:15:51Z,egw-mosquitto-1,1.76,5009408,3.73,egw-qemu-integrated
2026-10-07T12:15:51Z,egw-ditto-things-1,73.75,585134080,72.66,egw-qemu-integrated
2026-10-07T12:15:51Z,egw-ditto-policies-1,34.03,545841152,67.78,egw-qemu-integrated
2026-10-07T12:15:51Z,egw-mongodb-1,6.28,240689152,44.83,egw-qemu-integrated
2026-10-07T12:15:51Z,egw-ditto-gateway-1,95.64,542179328,67.33,egw-qemu-integrated
2026-10-07T12:15:51Z,egw-controller-1,21.91,58716160,21.87,egw-qemu-integrated
2026-10-07T12:15:52Z,egw-mosquitto-1,2.10,5009408,3.73,egw-qemu-integrated
2026-10-07T12:15:52Z,egw-ditto-things-1,91.40,585187328,72.67,egw-qemu-integrated
2026-10-07T12:15:52Z,egw-ditto-policies-1,10.75,545841152,67.78,egw-qemu-integrated
2026-10-07T12:15:52Z,egw-mongodb-1,7.47,240689152,44.83,egw-qemu-integrated
2026-10-07T12:15:52Z,egw-ditto-gateway-1,63.46,542187520,67.33,egw-qemu-integrated
2026-10-07T12:15:52Z,egw-controller-1,23.89,58982400,21.97,egw-qemu-integrated
2026-10-07T12:15:53Z,egw-mosquitto-1,1.82,5267456,3.92,egw-qemu-integrated
2026-10-07T12:15:53Z,egw-ditto-things-1,74.16,585199616,72.67,egw-qemu-integrated
2026-10-07T12:15:53Z,egw-ditto-policies-1,15.20,545841152,67.78,egw-qemu-integrated
2026-10-07T12:15:53Z,egw-mongodb-1,6.73,240689152,44.83,egw-qemu-integrated
2026-10-07T12:15:53Z,egw-ditto-gateway-1,66.97,542195712,67.33,egw-qemu-integrated
2026-10-07T12:15:53Z,egw-controller-1,26.00,58720256,21.88,egw-qemu-integrated
2026-10-07T12:15:55Z,egw-mosquitto-1,1.99,5275648,3.93,egw-qemu-integrated
2026-10-07T12:15:55Z,egw-ditto-things-1,84.70,595636224,73.96,egw-qemu-integrated
2026-10-07T12:15:55Z,egw-ditto-policies-1,12.04,545832960,67.78,egw-qemu-integrated
2026-10-07T12:15:55Z,egw-mongodb-1,7.88,240689152,44.83,egw-qemu-integrated
2026-10-07T12:15:55Z,egw-ditto-gateway-1,56.72,542457856,67.36,egw-qemu-integrated
2026-10-07T12:15:55Z,egw-controller-1,23.01,58978304,21.97,egw-qemu-integrated
2026-10-07T12:15:56Z,egw-mosquitto-1,2.35,5275648,3.93,egw-qemu-integrated
2026-10-07T12:15:56Z,egw-ditto-things-1,82.18,595644416,73.96,egw-qemu-integrated
2026-10-07T12:15:56Z,egw-ditto-policies-1,11.79,545832960,67.78,egw-qemu-integrated
2026-10-07T12:15:56Z,egw-mongodb-1,5.61,240689152,44.83,egw-qemu-integrated
2026-10-07T12:15:56Z,egw-ditto-gateway-1,55.60,542199808,67.33,egw-qemu-integrated
2026-10-07T12:15:56Z,egw-controller-1,26.89,58736640,21.88,egw-qemu-integrated
2026-10-07T12:15:57Z,egw-mosquitto-1,2.10,5021696,3.74,egw-qemu-integrated
2026-10-07T12:15:57Z,egw-ditto-things-1,95.74,596942848,74.13,egw-qemu-integrated
2026-10-07T12:15:57Z,egw-ditto-policies-1,24.20,545837056,67.78,egw-qemu-integrated
2026-10-07T12:15:57Z,egw-mongodb-1,6.17,240689152,44.83,egw-qemu-integrated
2026-10-07T12:15:57Z,egw-ditto-gateway-1,66.28,542466048,67.36,egw-qemu-integrated
2026-10-07T12:15:57Z,egw-controller-1,20.79,58732544,21.88,egw-qemu-integrated
2026-10-07T12:15:58Z,egw-mosquitto-1,1.98,5292032,3.94,egw-qemu-integrated
2026-10-07T12:15:58Z,egw-ditto-things-1,93.92,595673088,73.97,egw-qemu-integrated
2026-10-07T12:15:58Z,egw-ditto-policies-1,13.75,545837056,67.78,egw-qemu-integrated
2026-10-07T12:15:58Z,egw-mongodb-1,5.71,240689152,44.83,egw-qemu-integrated
2026-10-07T12:15:58Z,egw-ditto-gateway-1,71.84,542470144,67.36,egw-qemu-integrated
2026-10-07T12:15:58Z,egw-controller-1,23.02,58744832,21.88,egw-qemu-integrated
2026-10-07T12:15:59Z,egw-mosquitto-1,2.13,5025792,3.74,egw-qemu-integrated
2026-10-07T12:15:59Z,egw-ditto-things-1,88.00,595955712,74.00,egw-qemu-integrated
2026-10-07T12:15:59Z,egw-ditto-policies-1,12.18,545837056,67.78,egw-qemu-integrated
2026-10-07T12:15:59Z,egw-mongodb-1,6.80,240689152,44.83,egw-qemu-integrated
2026-10-07T12:15:59Z,egw-ditto-gateway-1,71.16,542232576,67.33,egw-qemu-integrated
2026-10-07T12:15:59Z,egw-controller-1,25.00,58748928,21.89,egw-qemu-integrated
2026-10-07T12:16:00Z,egw-mosquitto-1,1.99,5038080,3.75,egw-qemu-integrated
2026-10-07T12:16:00Z,egw-ditto-things-1,90.83,595718144,73.97,egw-qemu-integrated
2026-10-07T12:16:00Z,egw-ditto-policies-1,11.06,545841152,67.78,egw-qemu-integrated
2026-10-07T12:16:00Z,egw-mongodb-1,9.84,240693248,44.83,egw-qemu-integrated
2026-10-07T12:16:00Z,egw-ditto-gateway-1,105.99,544641024,67.63,egw-qemu-integrated
2026-10-07T12:16:00Z,egw-controller-1,22.39,58748928,21.89,egw-qemu-integrated
2026-10-07T12:16:01Z,egw-mosquitto-1,1.93,5033984,3.75,egw-qemu-integrated
2026-10-07T12:16:01Z,egw-ditto-things-1,70.89,595980288,74.01,egw-qemu-integrated
2026-10-07T12:16:01Z,egw-ditto-policies-1,29.38,545861632,67.78,egw-qemu-integrated
2026-10-07T12:16:01Z,egw-mongodb-1,9.16,240693248,44.83,egw-qemu-integrated
2026-10-07T12:16:01Z,egw-ditto-gateway-1,98.82,542257152,67.34,egw-qemu-integrated
2026-10-07T12:16:01Z,egw-controller-1,23.01,58753024,21.89,egw-qemu-integrated
2026-10-07T12:16:02Z,egw-mosquitto-1,2.04,5042176,3.76,egw-qemu-integrated
2026-10-07T12:16:02Z,egw-ditto-things-1,120.29,595890176,74.00,egw-qemu-integrated
2026-10-07T12:16:02Z,egw-ditto-policies-1,22.68,545857536,67.78,egw-qemu-integrated
2026-10-07T12:16:02Z,egw-mongodb-1,7.75,240701440,44.83,egw-qemu-integrated
2026-10-07T12:16:02Z,egw-ditto-gateway-1,78.58,542277632,67.34,egw-qemu-integrated
2026-10-07T12:16:02Z,egw-controller-1,21.21,59019264,21.99,egw-qemu-integrated
2026-10-07T12:16:03Z,egw-mosquitto-1,1.96,5308416,3.96,egw-qemu-integrated
2026-10-07T12:16:03Z,egw-ditto-things-1,80.97,595918848,74.00,egw-qemu-integrated
2026-10-07T12:16:03Z,egw-ditto-policies-1,10.30,545857536,67.78,egw-qemu-integrated
2026-10-07T12:16:03Z,egw-mongodb-1,6.83,240697344,44.83,egw-qemu-integrated
2026-10-07T12:16:03Z,egw-ditto-gateway-1,95.30,542285824,67.34,egw-qemu-integrated
2026-10-07T12:16:03Z,egw-controller-1,23.01,58753024,21.89,egw-qemu-integrated
2026-10-07T12:16:04Z,egw-mosquitto-1,1.80,5050368,3.76,egw-qemu-integrated
2026-10-07T12:16:04Z,egw-ditto-things-1,69.01,595935232,74.00,egw-qemu-integrated
2026-10-07T12:16:04Z,egw-ditto-policies-1,13.39,545857536,67.78,egw-qemu-integrated
2026-10-07T12:16:04Z,egw-mongodb-1,5.87,240697344,44.83,egw-qemu-integrated
2026-10-07T12:16:04Z,egw-ditto-gateway-1,109.86,542347264,67.35,egw-qemu-integrated
2026-10-07T12:16:04Z,egw-controller-1,24.85,58765312,21.89,egw-qemu-integrated
2026-10-07T12:16:05Z,egw-mosquitto-1,1.79,5054464,3.77,egw-qemu-integrated
2026-10-07T12:16:05Z,egw-ditto-things-1,76.08,595980288,74.01,egw-qemu-integrated
2026-10-07T12:16:05Z,egw-ditto-policies-1,17.55,545861632,67.78,egw-qemu-integrated
2026-10-07T12:16:05Z,egw-mongodb-1,6.33,240697344,44.83,egw-qemu-integrated
2026-10-07T12:16:05Z,egw-ditto-gateway-1,86.44,542621696,67.38,egw-qemu-integrated
2026-10-07T12:16:05Z,egw-controller-1,21.10,59281408,22.08,egw-qemu-integrated
2026-10-07T12:16:06Z,egw-mosquitto-1,2.02,5054464,3.77,egw-qemu-integrated
2026-10-07T12:16:06Z,egw-ditto-things-1,70.48,596393984,74.06,egw-qemu-integrated
2026-10-07T12:16:06Z,egw-ditto-policies-1,10.33,545861632,67.78,egw-qemu-integrated
2026-10-07T12:16:06Z,egw-mongodb-1,7.83,240697344,44.83,egw-qemu-integrated
2026-10-07T12:16:06Z,egw-ditto-gateway-1,66.63,542384128,67.35,egw-qemu-integrated
2026-10-07T12:16:06Z,egw-controller-1,24.83,59289600,22.09,egw-qemu-integrated
2026-10-07T12:16:07Z,egw-mosquitto-1,1.84,5058560,3.77,egw-qemu-integrated
2026-10-07T12:16:07Z,egw-ditto-things-1,74.54,596307968,74.05,egw-qemu-integrated
2026-10-07T12:16:07Z,egw-ditto-policies-1,19.33,545914880,67.79,egw-qemu-integrated
2026-10-07T12:16:07Z,egw-mongodb-1,5.95,240697344,44.83,egw-qemu-integrated
2026-10-07T12:16:07Z,egw-ditto-gateway-1,80.85,542728192,67.39,egw-qemu-integrated
2026-10-07T12:16:07Z,egw-controller-1,22.58,58769408,21.89,egw-qemu-integrated
2026-10-07T12:16:08Z,egw-mosquitto-1,2.22,5324800,3.97,egw-qemu-integrated
2026-10-07T12:16:08Z,egw-ditto-things-1,87.53,596406272,74.06,egw-qemu-integrated
2026-10-07T12:16:08Z,egw-ditto-policies-1,52.07,545914880,67.79,egw-qemu-integrated
2026-10-07T12:16:08Z,egw-mongodb-1,5.47,240697344,44.83,egw-qemu-integrated
2026-10-07T12:16:08Z,egw-ditto-gateway-1,66.02,542773248,67.40,egw-qemu-integrated
2026-10-07T12:16:08Z,egw-controller-1,84.71,66744320,24.86,egw-qemu-integrated
2026-10-07T12:16:09Z,egw-mosquitto-1,2.15,5328896,3.97,egw-qemu-integrated
2026-10-07T12:16:09Z,egw-ditto-things-1,58.33,596942848,74.13,egw-qemu-integrated
2026-10-07T12:16:09Z,egw-ditto-policies-1,98.28,547659776,68.01,egw-qemu-integrated
2026-10-07T12:16:09Z,egw-mongodb-1,5.90,240697344,44.83,egw-qemu-integrated
2026-10-07T12:16:09Z,egw-ditto-gateway-1,60.17,542842880,67.41,egw-qemu-integrated
2026-10-07T12:16:09Z,egw-controller-1,114.04,69369856,25.84,egw-qemu-integrated
2026-10-07T12:16:10Z,egw-mosquitto-1,2.23,5337088,3.98,egw-qemu-integrated
2026-10-07T12:16:10Z,egw-ditto-things-1,72.05,596807680,74.11,egw-qemu-integrated
2026-10-07T12:16:10Z,egw-ditto-policies-1,11.80,547663872,68.01,egw-qemu-integrated
2026-10-07T12:16:10Z,egw-mongodb-1,8.81,240701440,44.83,egw-qemu-integrated
2026-10-07T12:16:10Z,egw-ditto-gateway-1,108.48,542867456,67.41,egw-qemu-integrated
2026-10-07T12:16:10Z,egw-controller-1,113.49,71352320,26.58,egw-qemu-integrated
2026-10-07T12:16:11Z,egw-mosquitto-1,2.42,5079040,3.78,egw-qemu-integrated
2026-10-07T12:16:11Z,egw-ditto-things-1,118.01,597659648,74.22,egw-qemu-integrated
2026-10-07T12:16:11Z,egw-ditto-policies-1,12.52,547663872,68.01,egw-qemu-integrated
2026-10-07T12:16:11Z,egw-mongodb-1,4.56,240701440,44.83,egw-qemu-integrated
2026-10-07T12:16:11Z,egw-ditto-gateway-1,107.87,542896128,67.41,egw-qemu-integrated
2026-10-07T12:16:11Z,egw-controller-1,78.71,58785792,21.90,egw-qemu-integrated
2026-10-07T12:16:12Z,egw-mosquitto-1,2.55,5349376,3.99,egw-qemu-integrated
2026-10-07T12:16:12Z,egw-ditto-things-1,116.34,597409792,74.18,egw-qemu-integrated
2026-10-07T12:16:12Z,egw-ditto-policies-1,39.22,547667968,68.01,egw-qemu-integrated
2026-10-07T12:16:12Z,egw-mongodb-1,33.10,243920896,45.43,egw-qemu-integrated
2026-10-07T12:16:12Z,egw-ditto-gateway-1,82.16,542908416,67.42,egw-qemu-integrated
2026-10-07T12:16:12Z,egw-controller-1,20.86,58793984,21.90,egw-qemu-integrated
2026-10-07T12:16:13Z,egw-mosquitto-1,2.13,5607424,4.18,egw-qemu-integrated
2026-10-07T12:16:13Z,egw-ditto-things-1,91.46,597483520,74.19,egw-qemu-integrated
2026-10-07T12:16:13Z,egw-ditto-policies-1,31.49,547676160,68.01,egw-qemu-integrated
2026-10-07T12:16:13Z,egw-mongodb-1,6.92,244166656,45.48,egw-qemu-integrated
2026-10-07T12:16:13Z,egw-ditto-gateway-1,69.03,542928896,67.42,egw-qemu-integrated
2026-10-07T12:16:13Z,egw-controller-1,23.86,58798080,21.90,egw-qemu-integrated
2026-10-07T12:16:14Z,egw-mosquitto-1,2.27,5087232,3.79,egw-qemu-integrated
2026-10-07T12:16:14Z,egw-ditto-things-1,92.16,597835776,74.24,egw-qemu-integrated
2026-10-07T12:16:14Z,egw-ditto-policies-1,10.74,547680256,68.01,egw-qemu-integrated
2026-10-07T12:16:14Z,egw-mongodb-1,11.33,246738944,45.96,egw-qemu-integrated
2026-10-07T12:16:14Z,egw-ditto-gateway-1,82.91,542941184,67.42,egw-qemu-integrated
2026-10-07T12:16:14Z,egw-controller-1,22.28,58798080,21.90,egw-qemu-integrated
2026-10-07T12:16:15Z,egw-mosquitto-1,2.30,5099520,3.80,egw-qemu-integrated
2026-10-07T12:16:15Z,egw-ditto-things-1,98.15,597598208,74.21,egw-qemu-integrated
2026-10-07T12:16:15Z,egw-ditto-policies-1,18.50,547684352,68.01,egw-qemu-integrated
2026-10-07T12:16:15Z,egw-mongodb-1,10.98,248078336,46.21,egw-qemu-integrated
2026-10-07T12:16:15Z,egw-ditto-gateway-1,55.93,542945280,67.42,egw-qemu-integrated
2026-10-07T12:16:15Z,egw-controller-1,20.33,58802176,21.91,egw-qemu-integrated
2026-10-07T12:16:16Z,egw-mosquitto-1,68.43,5144576,3.83,egw-qemu-integrated
2026-10-07T12:16:16Z,egw-ditto-things-1,73.99,597581824,74.21,egw-qemu-integrated
2026-10-07T12:16:16Z,egw-ditto-policies-1,20.62,547684352,68.01,egw-qemu-integrated
2026-10-07T12:16:16Z,egw-mongodb-1,5.84,248115200,46.22,egw-qemu-integrated
2026-10-07T12:16:16Z,egw-ditto-gateway-1,99.53,542965760,67.42,egw-qemu-integrated
2026-10-07T12:16:16Z,egw-controller-1,23.96,58806272,21.91,egw-qemu-integrated
2026-10-07T12:16:17Z,egw-mosquitto-1,1.44,5378048,4.01,egw-qemu-integrated
2026-10-07T12:16:17Z,egw-ditto-things-1,94.27,597622784,74.21,egw-qemu-integrated
2026-10-07T12:16:17Z,egw-ditto-policies-1,60.55,547688448,68.01,egw-qemu-integrated
2026-10-07T12:16:17Z,egw-mongodb-1,19.47,248414208,46.27,egw-qemu-integrated
2026-10-07T12:16:17Z,egw-ditto-gateway-1,89.00,542965760,67.42,egw-qemu-integrated
2026-10-07T12:16:17Z,egw-controller-1,4.97,58814464,21.91,egw-qemu-integrated
2026-10-07T12:16:18Z,egw-mosquitto-1,1.53,5120000,3.81,egw-qemu-integrated
2026-10-07T12:16:18Z,egw-ditto-things-1,91.64,597954560,74.25,egw-qemu-integrated
2026-10-07T12:16:18Z,egw-ditto-policies-1,10.81,547688448,68.01,egw-qemu-integrated
2026-10-07T12:16:18Z,egw-mongodb-1,20.77,250851328,46.72,egw-qemu-integrated
2026-10-07T12:16:18Z,egw-ditto-gateway-1,67.99,542973952,67.42,egw-qemu-integrated
2026-10-07T12:16:18Z,egw-controller-1,22.36,58814464,21.91,egw-qemu-integrated
2026-10-07T12:16:19Z,egw-mosquitto-1,2.10,5132288,3.82,egw-qemu-integrated
2026-10-07T12:16:19Z,egw-ditto-things-1,140.41,598155264,74.28,egw-qemu-integrated
2026-10-07T12:16:19Z,egw-ditto-policies-1,23.55,547696640,68.01,egw-qemu-integrated
2026-10-07T12:16:19Z,egw-mongodb-1,9.89,250941440,46.74,egw-qemu-integrated
2026-10-07T12:16:19Z,egw-ditto-gateway-1,106.19,543248384,67.46,egw-qemu-integrated
2026-10-07T12:16:19Z,egw-controller-1,19.97,58814464,21.91,egw-qemu-integrated
2026-10-07T12:16:20Z,egw-mosquitto-1,1.94,5128192,3.82,egw-qemu-integrated
2026-10-07T12:16:20Z,egw-ditto-things-1,108.41,597897216,74.24,egw-qemu-integrated
2026-10-07T12:16:20Z,egw-ditto-policies-1,82.41,549376000,68.22,egw-qemu-integrated
2026-10-07T12:16:20Z,egw-mongodb-1,9.87,251047936,46.76,egw-qemu-integrated
2026-10-07T12:16:20Z,egw-ditto-gateway-1,59.89,543002624,67.43,egw-qemu-integrated
2026-10-07T12:16:20Z,egw-controller-1,15.88,58822656,21.91,egw-qemu-integrated
2026-10-07T12:16:21Z,egw-mosquitto-1,2.22,5128192,3.82,egw-qemu-integrated
2026-10-07T12:16:21Z,egw-ditto-things-1,73.73,597946368,74.25,egw-qemu-integrated
2026-10-07T12:16:21Z,egw-ditto-policies-1,106.37,547749888,68.02,egw-qemu-integrated
2026-10-07T12:16:21Z,egw-mongodb-1,60.94,252219392,46.98,egw-qemu-integrated
2026-10-07T12:16:21Z,egw-ditto-gateway-1,38.37,543002624,67.43,egw-qemu-integrated
2026-10-07T12:16:21Z,egw-controller-1,16.09,58830848,21.92,egw-qemu-integrated
2026-10-07T12:16:22Z,egw-mosquitto-1,2.03,5144576,3.83,egw-qemu-integrated
2026-10-07T12:16:22Z,egw-ditto-things-1,66.97,598011904,74.26,egw-qemu-integrated
2026-10-07T12:16:22Z,egw-ditto-policies-1,51.47,547733504,68.02,egw-qemu-integrated
2026-10-07T12:16:22Z,egw-mongodb-1,88.46,365690880,68.12,egw-qemu-integrated
2026-10-07T12:16:22Z,egw-ditto-gateway-1,66.75,543002624,67.43,egw-qemu-integrated
2026-10-07T12:16:22Z,egw-controller-1,21.44,58839040,21.92,egw-qemu-integrated
2026-10-07T12:16:23Z,egw-mosquitto-1,2.06,5152768,3.84,egw-qemu-integrated
2026-10-07T12:16:23Z,egw-ditto-things-1,53.63,598024192,74.26,egw-qemu-integrated
2026-10-07T12:16:23Z,egw-ditto-policies-1,50.91,547745792,68.02,egw-qemu-integrated
2026-10-07T12:16:23Z,egw-mongodb-1,109.67,401256448,74.74,egw-qemu-integrated
2026-10-07T12:16:23Z,egw-ditto-gateway-1,72.06,543014912,67.43,egw-qemu-integrated
2026-10-07T12:16:23Z,egw-controller-1,16.42,58843136,21.92,egw-qemu-integrated
2026-10-07T12:16:24Z,egw-mosquitto-1,1.97,5152768,3.84,egw-qemu-integrated
2026-10-07T12:16:24Z,egw-ditto-things-1,59.94,598298624,74.29,egw-qemu-integrated
2026-10-07T12:16:24Z,egw-ditto-policies-1,10.29,547745792,68.02,egw-qemu-integrated
2026-10-07T12:16:24Z,egw-mongodb-1,124.10,404467712,75.34,egw-qemu-integrated
2026-10-07T12:16:24Z,egw-ditto-gateway-1,71.75,543027200,67.43,egw-qemu-integrated
2026-10-07T12:16:24Z,egw-controller-1,23.35,58843136,21.92,egw-qemu-integrated
2026-10-07T12:16:25Z,egw-mosquitto-1,1.79,5152768,3.84,egw-qemu-integrated
2026-10-07T12:16:25Z,egw-ditto-things-1,60.28,598056960,74.26,egw-qemu-integrated
2026-10-07T12:16:25Z,egw-ditto-policies-1,12.89,547745792,68.02,egw-qemu-integrated
2026-10-07T12:16:25Z,egw-mongodb-1,108.14,409333760,76.24,egw-qemu-integrated
2026-10-07T12:16:25Z,egw-ditto-gateway-1,88.51,543039488,67.43,egw-qemu-integrated
2026-10-07T12:16:25Z,egw-controller-1,21.12,58859520,21.93,egw-qemu-integrated
2026-10-07T12:16:26Z,egw-mosquitto-1,1.91,5156864,3.84,egw-qemu-integrated
2026-10-07T12:16:26Z,egw-ditto-things-1,60.15,598290432,74.29,egw-qemu-integrated
2026-10-07T12:16:26Z,egw-ditto-policies-1,12.61,547749888,68.02,egw-qemu-integrated
2026-10-07T12:16:26Z,egw-mongodb-1,118.65,409157632,76.21,egw-qemu-integrated
2026-10-07T12:16:26Z,egw-ditto-gateway-1,84.69,543326208,67.47,egw-qemu-integrated
2026-10-07T12:16:26Z,egw-controller-1,21.32,58859520,21.93,egw-qemu-integrated
2026-10-07T12:16:27Z,egw-mosquitto-1,2.02,5160960,3.85,egw-qemu-integrated
2026-10-07T12:16:27Z,egw-ditto-things-1,114.12,598380544,74.30,egw-qemu-integrated
2026-10-07T12:16:27Z,egw-ditto-policies-1,21.26,547745792,68.02,egw-qemu-integrated
2026-10-07T12:16:27Z,egw-mongodb-1,116.22,407924736,75.98,egw-qemu-integrated
2026-10-07T12:16:27Z,egw-ditto-gateway-1,42.35,543072256,67.44,egw-qemu-integrated
2026-10-07T12:16:27Z,egw-controller-1,16.77,58855424,21.93,egw-qemu-integrated
2026-10-07T12:16:29Z,egw-mosquitto-1,2.18,5173248,3.85,egw-qemu-integrated
2026-10-07T12:16:29Z,egw-ditto-things-1,97.38,598552576,74.33,egw-qemu-integrated
2026-10-07T12:16:29Z,egw-ditto-policies-1,28.65,547766272,68.02,egw-qemu-integrated
2026-10-07T12:16:29Z,egw-mongodb-1,15.72,242335744,45.14,egw-qemu-integrated
2026-10-07T12:16:29Z,egw-ditto-gateway-1,62.89,543346688,67.47,egw-qemu-integrated
2026-10-07T12:16:29Z,egw-controller-1,21.69,58859520,21.93,egw-qemu-integrated
2026-10-07T12:16:30Z,egw-mosquitto-1,1.67,5173248,3.85,egw-qemu-integrated
2026-10-07T12:16:30Z,egw-ditto-things-1,115.67,598171648,74.28,egw-qemu-integrated
2026-10-07T12:16:30Z,egw-ditto-policies-1,11.76,547766272,68.02,egw-qemu-integrated
2026-10-07T12:16:30Z,egw-mongodb-1,10.90,242515968,45.17,egw-qemu-integrated
2026-10-07T12:16:30Z,egw-ditto-gateway-1,76.72,543100928,67.44,egw-qemu-integrated
2026-10-07T12:16:30Z,egw-controller-1,21.32,58863616,21.93,egw-qemu-integrated
2026-10-07T12:16:31Z,egw-mosquitto-1,1.85,5177344,3.86,egw-qemu-integrated
2026-10-07T12:16:31Z,egw-ditto-things-1,149.46,598454272,74.31,egw-qemu-integrated
2026-10-07T12:16:31Z,egw-ditto-policies-1,7.90,547766272,68.02,egw-qemu-integrated
2026-10-07T12:16:31Z,egw-mongodb-1,20.22,242577408,45.18,egw-qemu-integrated
2026-10-07T12:16:31Z,egw-ditto-gateway-1,63.89,543117312,67.44,egw-qemu-integrated
2026-10-07T12:16:31Z,egw-controller-1,22.62,58871808,21.93,egw-qemu-integrated
2026-10-07T12:16:32Z,egw-mosquitto-1,3.07,5181440,3.86,egw-qemu-integrated
2026-10-07T12:16:32Z,egw-ditto-things-1,86.12,598282240,74.29,egw-qemu-integrated
2026-10-07T12:16:32Z,egw-ditto-policies-1,17.16,547766272,68.02,egw-qemu-integrated
2026-10-07T12:16:32Z,egw-mongodb-1,6.39,242577408,45.18,egw-qemu-integrated
2026-10-07T12:16:32Z,egw-ditto-gateway-1,86.07,544661504,67.63,egw-qemu-integrated
2026-10-07T12:16:32Z,egw-controller-1,24.62,59138048,22.03,egw-qemu-integrated
2026-10-07T12:16:33Z,egw-mosquitto-1,1.83,5181440,3.86,egw-qemu-integrated
2026-10-07T12:16:33Z,egw-ditto-things-1,88.92,598355968,74.30,egw-qemu-integrated
2026-10-07T12:16:33Z,egw-ditto-policies-1,21.32,547774464,68.02,egw-qemu-integrated
2026-10-07T12:16:33Z,egw-mongodb-1,6.55,242577408,45.18,egw-qemu-integrated
2026-10-07T12:16:33Z,egw-ditto-gateway-1,93.07,543141888,67.45,egw-qemu-integrated
2026-10-07T12:16:33Z,egw-controller-1,22.26,59150336,22.04,egw-qemu-integrated
2026-10-07T12:16:34Z,egw-mosquitto-1,3.04,5193728,3.87,egw-qemu-integrated
2026-10-07T12:16:34Z,egw-ditto-things-1,87.56,598544384,74.33,egw-qemu-integrated
2026-10-07T12:16:34Z,egw-ditto-policies-1,25.01,547774464,68.02,egw-qemu-integrated
2026-10-07T12:16:34Z,egw-mongodb-1,12.77,244293632,45.50,egw-qemu-integrated
2026-10-07T12:16:34Z,egw-ditto-gateway-1,94.61,543182848,67.45,egw-qemu-integrated
2026-10-07T12:16:34Z,egw-controller-1,20.85,58892288,21.94,egw-qemu-integrated
2026-10-07T12:16:35Z,egw-mosquitto-1,1.91,5193728,3.87,egw-qemu-integrated
2026-10-07T12:16:35Z,egw-ditto-things-1,76.23,598593536,74.33,egw-qemu-integrated
2026-10-07T12:16:35Z,egw-ditto-policies-1,15.32,547778560,68.02,egw-qemu-integrated
2026-10-07T12:16:35Z,egw-mongodb-1,7.35,244293632,45.50,egw-qemu-integrated
2026-10-07T12:16:35Z,egw-ditto-gateway-1,82.55,543199232,67.45,egw-qemu-integrated
2026-10-07T12:16:35Z,egw-controller-1,25.88,58896384,21.94,egw-qemu-integrated
2026-10-07T12:16:36Z,egw-mosquitto-1,2.08,5197824,3.87,egw-qemu-integrated
2026-10-07T12:16:36Z,egw-ditto-things-1,63.48,598609920,74.33,egw-qemu-integrated
2026-10-07T12:16:36Z,egw-ditto-policies-1,12.83,547782656,68.02,egw-qemu-integrated
2026-10-07T12:16:36Z,egw-mongodb-1,6.91,244301824,45.50,egw-qemu-integrated
2026-10-07T12:16:36Z,egw-ditto-gateway-1,104.08,543207424,67.45,egw-qemu-integrated
2026-10-07T12:16:36Z,egw-controller-1,22.82,59162624,22.04,egw-qemu-integrated
2026-10-07T12:16:37Z,egw-mosquitto-1,2.06,5206016,3.88,egw-qemu-integrated
2026-10-07T12:16:37Z,egw-ditto-things-1,73.27,598622208,74.33,egw-qemu-integrated
2026-10-07T12:16:37Z,egw-ditto-policies-1,8.89,547786752,68.02,egw-qemu-integrated
2026-10-07T12:16:37Z,egw-mongodb-1,15.29,248315904,46.25,egw-qemu-integrated
2026-10-07T12:16:37Z,egw-ditto-gateway-1,98.52,543248384,67.46,egw-qemu-integrated
2026-10-07T12:16:37Z,egw-controller-1,24.93,58908672,21.95,egw-qemu-integrated
2026-10-07T12:16:38Z,egw-mosquitto-1,2.21,5206016,3.88,egw-qemu-integrated
2026-10-07T12:16:38Z,egw-ditto-things-1,81.25,598671360,74.34,egw-qemu-integrated
2026-10-07T12:16:38Z,egw-ditto-policies-1,14.66,547786752,68.02,egw-qemu-integrated
2026-10-07T12:16:38Z,egw-mongodb-1,6.62,248422400,46.27,egw-qemu-integrated
2026-10-07T12:16:38Z,egw-ditto-gateway-1,74.47,543531008,67.49,egw-qemu-integrated
2026-10-07T12:16:38Z,egw-controller-1,25.67,58904576,21.94,egw-qemu-integrated
2026-10-07T12:16:39Z,egw-mosquitto-1,1.82,5210112,3.88,egw-qemu-integrated
2026-10-07T12:16:39Z,egw-ditto-things-1,67.89,598745088,74.35,egw-qemu-integrated
2026-10-07T12:16:39Z,egw-ditto-policies-1,9.62,547790848,68.02,egw-qemu-integrated
2026-10-07T12:16:39Z,egw-mongodb-1,6.28,248463360,46.28,egw-qemu-integrated
2026-10-07T12:16:39Z,egw-ditto-gateway-1,61.11,543268864,67.46,egw-qemu-integrated
2026-10-07T12:16:39Z,egw-controller-1,25.46,58908672,21.95,egw-qemu-integrated
2026-10-07T12:16:40Z,egw-mosquitto-1,1.87,5210112,3.88,egw-qemu-integrated
2026-10-07T12:16:40Z,egw-ditto-things-1,80.56,598798336,74.36,egw-qemu-integrated
2026-10-07T12:16:40Z,egw-ditto-policies-1,12.35,547794944,68.02,egw-qemu-integrated
2026-10-07T12:16:40Z,egw-mongodb-1,16.17,251248640,46.80,egw-qemu-integrated
2026-10-07T12:16:40Z,egw-ditto-gateway-1,101.76,543297536,67.46,egw-qemu-integrated
2026-10-07T12:16:40Z,egw-controller-1,26.04,59170816,22.04,egw-qemu-integrated
2026-10-07T12:16:41Z,egw-mosquitto-1,2.03,5210112,3.88,egw-qemu-integrated
2026-10-07T12:16:41Z,egw-ditto-things-1,78.44,598802432,74.36,egw-qemu-integrated
2026-10-07T12:16:41Z,egw-ditto-policies-1,14.62,547799040,68.02,egw-qemu-integrated
2026-10-07T12:16:41Z,egw-mongodb-1,6.88,251248640,46.80,egw-qemu-integrated
2026-10-07T12:16:41Z,egw-ditto-gateway-1,108.37,543645696,67.51,egw-qemu-integrated
2026-10-07T12:16:41Z,egw-controller-1,25.03,58916864,21.95,egw-qemu-integrated
2026-10-07T12:16:42Z,egw-mosquitto-1,1.99,5210112,3.88,egw-qemu-integrated
2026-10-07T12:16:42Z,egw-ditto-things-1,60.81,598806528,74.36,egw-qemu-integrated
2026-10-07T12:16:42Z,egw-ditto-policies-1,11.23,547794944,68.02,egw-qemu-integrated
2026-10-07T12:16:42Z,egw-mongodb-1,6.84,251265024,46.80,egw-qemu-integrated
2026-10-07T12:16:42Z,egw-ditto-gateway-1,59.87,543387648,67.48,egw-qemu-integrated
2026-10-07T12:16:42Z,egw-controller-1,27.48,58929152,21.95,egw-qemu-integrated
2026-10-07T12:16:43Z,egw-mosquitto-1,2.12,5222400,3.89,egw-qemu-integrated
2026-10-07T12:16:43Z,egw-ditto-things-1,107.72,598892544,74.37,egw-qemu-integrated
2026-10-07T12:16:43Z,egw-ditto-policies-1,28.21,547803136,68.02,egw-qemu-integrated
2026-10-07T12:16:43Z,egw-mongodb-1,11.64,251568128,46.86,egw-qemu-integrated
2026-10-07T12:16:43Z,egw-ditto-gateway-1,51.06,543412224,67.48,egw-qemu-integrated
2026-10-07T12:16:43Z,egw-controller-1,73.00,63143936,23.52,egw-qemu-integrated
2026-10-07T12:16:44Z,egw-mosquitto-1,1.93,5218304,3.89,egw-qemu-integrated
2026-10-07T12:16:44Z,egw-ditto-things-1,83.52,598974464,74.38,egw-qemu-integrated
2026-10-07T12:16:44Z,egw-ditto-policies-1,22.18,547815424,68.03,egw-qemu-integrated
2026-10-07T12:16:44Z,egw-mongodb-1,5.76,251572224,46.86,egw-qemu-integrated
2026-10-07T12:16:44Z,egw-ditto-gateway-1,52.79,543416320,67.48,egw-qemu-integrated
2026-10-07T12:16:44Z,egw-controller-1,119.97,69664768,25.95,egw-qemu-integrated
2026-10-07T12:16:45Z,egw-mosquitto-1,2.03,5226496,3.89,egw-qemu-integrated
2026-10-07T12:16:45Z,egw-ditto-things-1,73.87,599031808,74.39,egw-qemu-integrated
2026-10-07T12:16:45Z,egw-ditto-policies-1,9.40,547815424,68.03,egw-qemu-integrated
2026-10-07T12:16:45Z,egw-mongodb-1,6.77,251568128,46.86,egw-qemu-integrated
2026-10-07T12:16:45Z,egw-ditto-gateway-1,46.13,543432704,67.48,egw-qemu-integrated
2026-10-07T12:16:45Z,egw-controller-1,120.50,72577024,27.04,egw-qemu-integrated
2026-10-07T12:16:46Z,egw-mosquitto-1,4.15,5234688,3.90,egw-qemu-integrated
2026-10-07T12:16:46Z,egw-ditto-things-1,90.07,598990848,74.38,egw-qemu-integrated
2026-10-07T12:16:46Z,egw-ditto-policies-1,55.85,547819520,68.03,egw-qemu-integrated
2026-10-07T12:16:46Z,egw-mongodb-1,29.55,251674624,46.88,egw-qemu-integrated
2026-10-07T12:16:46Z,egw-ditto-gateway-1,81.96,543424512,67.48,egw-qemu-integrated
2026-10-07T12:16:46Z,egw-controller-1,88.28,58966016,21.97,egw-qemu-integrated
2026-10-07T12:16:47Z,egw-mosquitto-1,1.72,5242880,3.91,egw-qemu-integrated
2026-10-07T12:16:47Z,egw-ditto-things-1,84.32,599019520,74.38,egw-qemu-integrated
2026-10-07T12:16:47Z,egw-ditto-policies-1,30.68,547827712,68.03,egw-qemu-integrated
2026-10-07T12:16:47Z,egw-mongodb-1,6.97,251826176,46.91,egw-qemu-integrated
2026-10-07T12:16:47Z,egw-ditto-gateway-1,94.84,543436800,67.48,egw-qemu-integrated
2026-10-07T12:16:47Z,egw-controller-1,12.02,58941440,21.96,egw-qemu-integrated
2026-10-07T12:16:48Z,egw-mosquitto-1,13.03,7282688,5.43,egw-qemu-integrated
2026-10-07T12:16:48Z,egw-ditto-things-1,81.25,599085056,74.39,egw-qemu-integrated
2026-10-07T12:16:48Z,egw-ditto-policies-1,53.05,547827712,68.03,egw-qemu-integrated
2026-10-07T12:16:48Z,egw-mongodb-1,6.03,251891712,46.92,egw-qemu-integrated
2026-10-07T12:16:48Z,egw-ditto-gateway-1,64.50,543444992,67.48,egw-qemu-integrated
2026-10-07T12:16:48Z,egw-controller-1,20.43,58945536,21.96,egw-qemu-integrated
2026-10-07T12:16:49Z,egw-mosquitto-1,46.87,5275648,3.93,egw-qemu-integrated
2026-10-07T12:16:49Z,egw-ditto-things-1,85.81,599367680,74.43,egw-qemu-integrated
2026-10-07T12:16:49Z,egw-ditto-policies-1,56.76,547876864,68.03,egw-qemu-integrated
2026-10-07T12:16:49Z,egw-mongodb-1,15.82,252092416,46.96,egw-qemu-integrated
2026-10-07T12:16:49Z,egw-ditto-gateway-1,63.21,543461376,67.49,egw-qemu-integrated
2026-10-07T12:16:49Z,egw-controller-1,20.80,58957824,21.96,egw-qemu-integrated
2026-10-07T12:16:50Z,egw-mosquitto-1,2.17,5279744,3.93,egw-qemu-integrated
2026-10-07T12:16:50Z,egw-ditto-things-1,107.55,599166976,74.40,egw-qemu-integrated
2026-10-07T12:16:50Z,egw-ditto-policies-1,15.73,547872768,68.03,egw-qemu-integrated
2026-10-07T12:16:50Z,egw-mongodb-1,6.41,252178432,46.97,egw-qemu-integrated
2026-10-07T12:16:50Z,egw-ditto-gateway-1,52.82,543465472,67.49,egw-qemu-integrated
2026-10-07T12:16:50Z,egw-controller-1,24.94,58957824,21.96,egw-qemu-integrated
2026-10-07T12:16:51Z,egw-mosquitto-1,1.85,5275648,3.93,egw-qemu-integrated
2026-10-07T12:16:51Z,egw-ditto-things-1,70.89,599228416,74.41,egw-qemu-integrated
2026-10-07T12:16:51Z,egw-ditto-policies-1,12.85,547872768,68.03,egw-qemu-integrated
2026-10-07T12:16:51Z,egw-mongodb-1,6.50,252186624,46.97,egw-qemu-integrated
2026-10-07T12:16:51Z,egw-ditto-gateway-1,82.54,543485952,67.49,egw-qemu-integrated
2026-10-07T12:16:51Z,egw-controller-1,25.34,59482112,22.16,egw-qemu-integrated
2026-10-07T12:16:52Z,egw-mosquitto-1,1.96,5275648,3.93,egw-qemu-integrated
2026-10-07T12:16:52Z,egw-ditto-things-1,76.25,599552000,74.45,egw-qemu-integrated
2026-10-07T12:16:52Z,egw-ditto-policies-1,10.33,547872768,68.03,egw-qemu-integrated
2026-10-07T12:16:52Z,egw-mongodb-1,12.88,252227584,46.98,egw-qemu-integrated
2026-10-07T12:16:52Z,egw-ditto-gateway-1,89.61,543584256,67.50,egw-qemu-integrated
2026-10-07T12:16:52Z,egw-controller-1,23.69,58966016,21.97,egw-qemu-integrated
2026-10-07T12:16:53Z,egw-mosquitto-1,1.92,5271552,3.93,egw-qemu-integrated
2026-10-07T12:16:53Z,egw-ditto-things-1,115.31,599318528,74.42,egw-qemu-integrated
2026-10-07T12:16:53Z,egw-ditto-policies-1,54.91,548327424,68.09,egw-qemu-integrated
2026-10-07T12:16:53Z,egw-mongodb-1,5.10,252305408,47.00,egw-qemu-integrated
2026-10-07T12:16:53Z,egw-ditto-gateway-1,96.29,543604736,67.50,egw-qemu-integrated
2026-10-07T12:16:53Z,egw-controller-1,17.08,58961920,21.97,egw-qemu-integrated
2026-10-07T12:16:54Z,egw-mosquitto-1,1.76,5283840,3.94,egw-qemu-integrated
2026-10-07T12:16:54Z,egw-ditto-things-1,101.93,599420928,74.43,egw-qemu-integrated
2026-10-07T12:16:54Z,egw-ditto-policies-1,58.07,547934208,68.04,egw-qemu-integrated
2026-10-07T12:16:54Z,egw-mongodb-1,6.96,252309504,47.00,egw-qemu-integrated
2026-10-07T12:16:54Z,egw-ditto-gateway-1,59.78,543707136,67.52,egw-qemu-integrated
2026-10-07T12:16:54Z,egw-controller-1,21.26,58978304,21.97,egw-qemu-integrated
2026-10-07T12:16:55Z,egw-mosquitto-1,2.09,5287936,3.94,egw-qemu-integrated
2026-10-07T12:16:55Z,egw-ditto-things-1,93.05,599511040,74.45,egw-qemu-integrated
2026-10-07T12:16:55Z,egw-ditto-policies-1,11.75,547934208,68.04,egw-qemu-integrated
2026-10-07T12:16:55Z,egw-mongodb-1,13.59,252346368,47.00,egw-qemu-integrated
2026-10-07T12:16:55Z,egw-ditto-gateway-1,66.70,543711232,67.52,egw-qemu-integrated
2026-10-07T12:16:55Z,egw-controller-1,26.39,58986496,21.97,egw-qemu-integrated
2026-10-07T12:16:56Z,egw-mosquitto-1,2.13,5287936,3.94,egw-qemu-integrated
2026-10-07T12:16:56Z,egw-ditto-things-1,132.51,599539712,74.45,egw-qemu-integrated
2026-10-07T12:16:56Z,egw-ditto-policies-1,11.39,547934208,68.04,egw-qemu-integrated
2026-10-07T12:16:56Z,egw-mongodb-1,6.15,252346368,47.00,egw-qemu-integrated
2026-10-07T12:16:56Z,egw-ditto-gateway-1,63.93,543723520,67.52,egw-qemu-integrated
2026-10-07T12:16:56Z,egw-controller-1,22.60,58978304,21.97,egw-qemu-integrated
2026-10-07T12:16:57Z,egw-mosquitto-1,2.02,5287936,3.94,egw-qemu-integrated
2026-10-07T12:16:57Z,egw-ditto-things-1,101.81,599818240,74.48,egw-qemu-integrated
2026-10-07T12:16:57Z,egw-ditto-policies-1,10.51,547934208,68.04,egw-qemu-integrated
2026-10-07T12:16:57Z,egw-mongodb-1,5.73,252362752,47.01,egw-qemu-integrated
2026-10-07T12:16:57Z,egw-ditto-gateway-1,63.08,543731712,67.52,egw-qemu-integrated
2026-10-07T12:16:57Z,egw-controller-1,24.59,58994688,21.98,egw-qemu-integrated
2026-10-07T12:16:58Z,egw-mosquitto-1,2.01,5296128,3.95,egw-qemu-integrated
2026-10-07T12:16:58Z,egw-ditto-things-1,70.75,599580672,74.45,egw-qemu-integrated
2026-10-07T12:16:58Z,egw-ditto-policies-1,12.14,547934208,68.04,egw-qemu-integrated
2026-10-07T12:16:58Z,egw-mongodb-1,17.17,252456960,47.02,egw-qemu-integrated
2026-10-07T12:16:58Z,egw-ditto-gateway-1,74.70,543731712,67.52,egw-qemu-integrated
2026-10-07T12:16:58Z,egw-controller-1,23.45,58986496,21.97,egw-qemu-integrated
2026-10-07T12:16:59Z,egw-mosquitto-1,2.20,5296128,3.95,egw-qemu-integrated
2026-10-07T12:16:59Z,egw-ditto-things-1,54.56,599584768,74.45,egw-qemu-integrated
2026-10-07T12:16:59Z,egw-ditto-policies-1,64.61,547934208,68.04,egw-qemu-integrated
2026-10-07T12:16:59Z,egw-mongodb-1,24.98,255246336,47.54,egw-qemu-integrated
2026-10-07T12:16:59Z,egw-ditto-gateway-1,55.29,543735808,67.52,egw-qemu-integrated
2026-10-07T12:16:59Z,egw-controller-1,23.85,58990592,21.98,egw-qemu-integrated
2026-10-07T12:17:00Z,egw-mosquitto-1,1.83,5296128,3.95,egw-qemu-integrated
2026-10-07T12:17:00Z,egw-ditto-things-1,40.53,599543808,74.45,egw-qemu-integrated
2026-10-07T12:17:00Z,egw-ditto-policies-1,89.99,550248448,68.33,egw-qemu-integrated
2026-10-07T12:17:00Z,egw-mongodb-1,91.92,350126080,65.22,egw-qemu-integrated
2026-10-07T12:17:00Z,egw-ditto-gateway-1,60.66,543744000,67.52,egw-qemu-integrated
2026-10-07T12:17:00Z,egw-controller-1,19.71,58998784,21.98,egw-qemu-integrated
2026-10-07T12:17:02Z,egw-mosquitto-1,2.13,5300224,3.95,egw-qemu-integrated
2026-10-07T12:17:02Z,egw-ditto-things-1,119.47,601575424,74.70,egw-qemu-integrated
2026-10-07T12:17:02Z,egw-ditto-policies-1,43.61,550260736,68.33,egw-qemu-integrated
2026-10-07T12:17:02Z,egw-mongodb-1,83.67,399958016,74.50,egw-qemu-integrated
2026-10-07T12:17:02Z,egw-ditto-gateway-1,55.60,543756288,67.52,egw-qemu-integrated
2026-10-07T12:17:02Z,egw-controller-1,15.53,59265024,22.08,egw-qemu-integrated
2026-10-07T12:17:03Z,egw-mosquitto-1,1.89,5312512,3.96,egw-qemu-integrated
2026-10-07T12:17:03Z,egw-ditto-things-1,105.75,599580672,74.45,egw-qemu-integrated
2026-10-07T12:17:03Z,egw-ditto-policies-1,38.96,550264832,68.33,egw-qemu-integrated
2026-10-07T12:17:03Z,egw-mongodb-1,112.89,402432000,74.96,egw-qemu-integrated
2026-10-07T12:17:03Z,egw-ditto-gateway-1,39.63,543756288,67.52,egw-qemu-integrated
2026-10-07T12:17:03Z,egw-controller-1,18.31,59006976,21.98,egw-qemu-integrated
2026-10-07T12:17:04Z,egw-mosquitto-1,1.79,5312512,3.96,egw-qemu-integrated
2026-10-07T12:17:04Z,egw-ditto-things-1,79.95,599629824,74.46,egw-qemu-integrated
2026-10-07T12:17:04Z,egw-ditto-policies-1,30.39,550289408,68.33,egw-qemu-integrated
2026-10-07T12:17:04Z,egw-mongodb-1,104.71,405176320,75.47,egw-qemu-integrated
2026-10-07T12:17:04Z,egw-ditto-gateway-1,66.29,545783808,67.77,egw-qemu-integrated
2026-10-07T12:17:04Z,egw-controller-1,16.36,59011072,21.98,egw-qemu-integrated
2026-10-07T12:17:05Z,egw-mosquitto-1,2.16,5316608,3.96,egw-qemu-integrated
2026-10-07T12:17:05Z,egw-ditto-things-1,75.22,599674880,74.47,egw-qemu-integrated
2026-10-07T12:17:05Z,egw-ditto-policies-1,11.97,550289408,68.33,egw-qemu-integrated
2026-10-07T12:17:05Z,egw-mongodb-1,81.39,407482368,75.90,egw-qemu-integrated
2026-10-07T12:17:05Z,egw-ditto-gateway-1,99.75,544034816,67.56,egw-qemu-integrated
2026-10-07T12:17:05Z,egw-controller-1,18.41,59015168,21.98,egw-qemu-integrated
2026-10-07T12:17:06Z,egw-mosquitto-1,1.85,5586944,4.16,egw-qemu-integrated
2026-10-07T12:17:06Z,egw-ditto-things-1,70.66,599994368,74.51,egw-qemu-integrated
2026-10-07T12:17:06Z,egw-ditto-policies-1,21.94,550293504,68.33,egw-qemu-integrated
2026-10-07T12:17:06Z,egw-mongodb-1,107.25,407638016,75.93,egw-qemu-integrated
2026-10-07T12:17:06Z,egw-ditto-gateway-1,66.48,543797248,67.53,egw-qemu-integrated
2026-10-07T12:17:06Z,egw-controller-1,23.78,59019264,21.99,egw-qemu-integrated
2026-10-07T12:17:07Z,egw-mosquitto-1,1.83,5328896,3.97,egw-qemu-integrated
2026-10-07T12:17:07Z,egw-ditto-things-1,84.17,599744512,74.47,egw-qemu-integrated
2026-10-07T12:17:07Z,egw-ditto-policies-1,12.88,550297600,68.33,egw-qemu-integrated
2026-10-07T12:17:07Z,egw-mongodb-1,131.08,407158784,75.84,egw-qemu-integrated
2026-10-07T12:17:07Z,egw-ditto-gateway-1,40.00,544059392,67.56,egw-qemu-integrated
2026-10-07T12:17:07Z,egw-controller-1,20.67,59023360,21.99,egw-qemu-integrated
2026-10-07T12:17:08Z,egw-mosquitto-1,2.22,5599232,4.17,egw-qemu-integrated
2026-10-07T12:17:08Z,egw-ditto-things-1,88.99,599760896,74.48,egw-qemu-integrated
2026-10-07T12:17:08Z,egw-ditto-policies-1,35.93,550301696,68.33,egw-qemu-integrated
2026-10-07T12:17:08Z,egw-mongodb-1,61.85,240271360,44.75,egw-qemu-integrated
2026-10-07T12:17:08Z,egw-ditto-gateway-1,57.90,544071680,67.56,egw-qemu-integrated
2026-10-07T12:17:08Z,egw-controller-1,24.24,59027456,21.99,egw-qemu-integrated
2026-10-07T12:17:09Z,egw-mosquitto-1,1.93,5603328,4.17,egw-qemu-integrated
2026-10-07T12:17:09Z,egw-ditto-things-1,123.63,601116672,74.64,egw-qemu-integrated
2026-10-07T12:17:09Z,egw-ditto-policies-1,11.87,550305792,68.33,egw-qemu-integrated
2026-10-07T12:17:09Z,egw-mongodb-1,6.22,240275456,44.75,egw-qemu-integrated
2026-10-07T12:17:09Z,egw-ditto-gateway-1,61.50,543825920,67.53,egw-qemu-integrated
2026-10-07T12:17:09Z,egw-controller-1,23.20,59035648,21.99,egw-qemu-integrated
2026-10-07T12:17:10Z,egw-mosquitto-1,1.90,5337088,3.98,egw-qemu-integrated
2026-10-07T12:17:10Z,egw-ditto-things-1,56.44,601116672,74.64,egw-qemu-integrated
2026-10-07T12:17:10Z,egw-ditto-policies-1,10.65,550305792,68.33,egw-qemu-integrated
2026-10-07T12:17:10Z,egw-mongodb-1,8.24,240345088,44.77,egw-qemu-integrated
2026-10-07T12:17:10Z,egw-ditto-gateway-1,58.18,543846400,67.53,egw-qemu-integrated
2026-10-07T12:17:10Z,egw-controller-1,28.51,59314176,22.10,egw-qemu-integrated
2026-10-07T12:17:11Z,egw-mosquitto-1,1.93,5341184,3.98,egw-qemu-integrated
2026-10-07T12:17:11Z,egw-ditto-things-1,67.61,601407488,74.68,egw-qemu-integrated
2026-10-07T12:17:11Z,egw-ditto-policies-1,14.85,550305792,68.33,egw-qemu-integrated
2026-10-07T12:17:11Z,egw-mongodb-1,13.64,240361472,44.77,egw-qemu-integrated
2026-10-07T12:17:11Z,egw-ditto-gateway-1,85.72,544129024,67.57,egw-qemu-integrated
2026-10-07T12:17:11Z,egw-controller-1,25.51,59039744,21.99,egw-qemu-integrated
2026-10-07T12:17:12Z,egw-mosquitto-1,1.88,5341184,3.98,egw-qemu-integrated
2026-10-07T12:17:12Z,egw-ditto-things-1,72.72,601157632,74.65,egw-qemu-integrated
2026-10-07T12:17:12Z,egw-ditto-policies-1,40.59,550318080,68.34,egw-qemu-integrated
2026-10-07T12:17:12Z,egw-mongodb-1,6.52,240381952,44.77,egw-qemu-integrated
2026-10-07T12:17:12Z,egw-ditto-gateway-1,78.58,544141312,67.57,egw-qemu-integrated
2026-10-07T12:17:12Z,egw-controller-1,25.28,59060224,22.00,egw-qemu-integrated
2026-10-07T12:17:13Z,egw-mosquitto-1,4.18,5615616,4.18,egw-qemu-integrated
2026-10-07T12:17:13Z,egw-ditto-things-1,63.22,601169920,74.65,egw-qemu-integrated
2026-10-07T12:17:13Z,egw-ditto-policies-1,48.21,550318080,68.34,egw-qemu-integrated
2026-10-07T12:17:13Z,egw-mongodb-1,18.35,240377856,44.77,egw-qemu-integrated
2026-10-07T12:17:13Z,egw-ditto-gateway-1,117.38,543891456,67.54,egw-qemu-integrated
2026-10-07T12:17:13Z,egw-controller-1,20.91,59310080,22.09,egw-qemu-integrated
2026-10-07T12:17:14Z,egw-mosquitto-1,2.56,5365760,4.00,egw-qemu-integrated
2026-10-07T12:17:14Z,egw-ditto-things-1,113.97,601133056,74.65,egw-qemu-integrated
2026-10-07T12:17:14Z,egw-ditto-policies-1,77.26,550326272,68.34,egw-qemu-integrated
2026-10-07T12:17:14Z,egw-mongodb-1,16.66,240640000,44.82,egw-qemu-integrated
2026-10-07T12:17:14Z,egw-ditto-gateway-1,104.61,543916032,67.54,egw-qemu-integrated
2026-10-07T12:17:14Z,egw-controller-1,6.05,59056128,22.00,egw-qemu-integrated
2026-10-07T12:17:15Z,egw-mosquitto-1,1.74,5369856,4.00,egw-qemu-integrated
2026-10-07T12:17:15Z,egw-ditto-things-1,107.55,601174016,74.65,egw-qemu-integrated
2026-10-07T12:17:15Z,egw-ditto-policies-1,66.76,550334464,68.34,egw-qemu-integrated
2026-10-07T12:17:15Z,egw-mongodb-1,20.89,240402432,44.78,egw-qemu-integrated
2026-10-07T12:17:15Z,egw-ditto-gateway-1,104.93,544210944,67.58,egw-qemu-integrated
2026-10-07T12:17:15Z,egw-controller-1,16.40,59064320,22.00,egw-qemu-integrated
2026-10-07T12:17:16Z,egw-mosquitto-1,1.86,5369856,4.00,egw-qemu-integrated
2026-10-07T12:17:16Z,egw-ditto-things-1,73.46,601288704,74.67,egw-qemu-integrated
2026-10-07T12:17:16Z,egw-ditto-policies-1,10.49,550338560,68.34,egw-qemu-integrated
2026-10-07T12:17:16Z,egw-mongodb-1,7.34,240435200,44.78,egw-qemu-integrated
2026-10-07T12:17:16Z,egw-ditto-gateway-1,81.74,543985664,67.55,egw-qemu-integrated
2026-10-07T12:17:16Z,egw-controller-1,23.94,59076608,22.01,egw-qemu-integrated
2026-10-07T12:17:17Z,egw-mosquitto-1,2.16,5369856,4.00,egw-qemu-integrated
2026-10-07T12:17:17Z,egw-ditto-things-1,103.88,601374720,74.68,egw-qemu-integrated
2026-10-07T12:17:17Z,egw-ditto-policies-1,8.54,550338560,68.34,egw-qemu-integrated
2026-10-07T12:17:17Z,egw-mongodb-1,14.32,240541696,44.80,egw-qemu-integrated
2026-10-07T12:17:17Z,egw-ditto-gateway-1,105.27,544059392,67.56,egw-qemu-integrated
2026-10-07T12:17:17Z,egw-controller-1,23.49,59346944,22.11,egw-qemu-integrated
2026-10-07T12:17:18Z,egw-mosquitto-1,1.87,5373952,4.00,egw-qemu-integrated
2026-10-07T12:17:18Z,egw-ditto-things-1,67.57,601378816,74.68,egw-qemu-integrated
2026-10-07T12:17:18Z,egw-ditto-policies-1,39.08,550350848,68.34,egw-qemu-integrated
2026-10-07T12:17:18Z,egw-mongodb-1,5.72,240549888,44.81,egw-qemu-integrated
2026-10-07T12:17:18Z,egw-ditto-gateway-1,91.94,544075776,67.56,egw-qemu-integrated
2026-10-07T12:17:18Z,egw-controller-1,24.20,60514304,22.54,egw-qemu-integrated
2026-10-07T12:17:19Z,egw-mosquitto-1,2.29,5382144,4.01,egw-qemu-integrated
2026-10-07T12:17:19Z,egw-ditto-things-1,111.44,601600000,74.70,egw-qemu-integrated
2026-10-07T12:17:19Z,egw-ditto-policies-1,11.52,550350848,68.34,egw-qemu-integrated
2026-10-07T12:17:19Z,egw-mongodb-1,6.56,240553984,44.81,egw-qemu-integrated
2026-10-07T12:17:19Z,egw-ditto-gateway-1,76.91,544092160,67.56,egw-qemu-integrated
2026-10-07T12:17:19Z,egw-controller-1,112.92,68788224,25.63,egw-qemu-integrated
2026-10-07T12:17:20Z,egw-mosquitto-1,1.99,5386240,4.01,egw-qemu-integrated
2026-10-07T12:17:20Z,egw-ditto-things-1,87.23,601403392,74.68,egw-qemu-integrated
2026-10-07T12:17:20Z,egw-ditto-policies-1,10.48,550350848,68.34,egw-qemu-integrated
2026-10-07T12:17:20Z,egw-mongodb-1,14.01,240660480,44.83,egw-qemu-integrated
2026-10-07T12:17:20Z,egw-ditto-gateway-1,43.84,544092160,67.56,egw-qemu-integrated
2026-10-07T12:17:20Z,egw-controller-1,116.15,70082560,26.11,egw-qemu-integrated
2026-10-07T12:17:21Z,egw-mosquitto-1,61.55,5402624,4.03,egw-qemu-integrated
2026-10-07T12:17:21Z,egw-ditto-things-1,46.17,601370624,74.68,egw-qemu-integrated
2026-10-07T12:17:21Z,egw-ditto-policies-1,17.20,550350848,68.34,egw-qemu-integrated
2026-10-07T12:17:21Z,egw-mongodb-1,5.57,240709632,44.84,egw-qemu-integrated
2026-10-07T12:17:21Z,egw-ditto-gateway-1,55.41,544108544,67.57,egw-qemu-integrated
2026-10-07T12:17:21Z,egw-controller-1,96.37,73129984,27.24,egw-qemu-integrated
2026-10-07T12:17:22Z,egw-mosquitto-1,1.69,5402624,4.03,egw-qemu-integrated
2026-10-07T12:17:22Z,egw-ditto-things-1,73.70,601432064,74.68,egw-qemu-integrated
2026-10-07T12:17:22Z,egw-ditto-policies-1,12.20,550354944,68.34,egw-qemu-integrated
2026-10-07T12:17:22Z,egw-mongodb-1,7.84,240762880,44.85,egw-qemu-integrated
2026-10-07T12:17:22Z,egw-ditto-gateway-1,79.24,544116736,67.57,egw-qemu-integrated
2026-10-07T12:17:22Z,egw-controller-1,63.35,59101184,22.02,egw-qemu-integrated
2026-10-07T12:17:23Z,egw-mosquitto-1,1.94,5406720,4.03,egw-qemu-integrated
2026-10-07T12:17:23Z,egw-ditto-things-1,79.68,601780224,74.73,egw-qemu-integrated
2026-10-07T12:17:23Z,egw-ditto-policies-1,10.43,550350848,68.34,egw-qemu-integrated
2026-10-07T12:17:23Z,egw-mongodb-1,14.26,240771072,44.85,egw-qemu-integrated
2026-10-07T12:17:23Z,egw-ditto-gateway-1,71.40,544133120,67.57,egw-qemu-integrated
2026-10-07T12:17:23Z,egw-controller-1,27.00,59359232,22.11,egw-qemu-integrated
2026-10-07T12:17:24Z,egw-mosquitto-1,1.75,5402624,4.03,egw-qemu-integrated
2026-10-07T12:17:24Z,egw-ditto-things-1,68.65,601567232,74.70,egw-qemu-integrated
2026-10-07T12:17:24Z,egw-ditto-policies-1,63.52,550617088,68.37,egw-qemu-integrated
2026-10-07T12:17:24Z,egw-mongodb-1,6.37,240836608,44.86,egw-qemu-integrated
2026-10-07T12:17:24Z,egw-ditto-gateway-1,60.71,544141312,67.57,egw-qemu-integrated
2026-10-07T12:17:24Z,egw-controller-1,24.27,59371520,22.12,egw-qemu-integrated
2026-10-07T12:17:25Z,egw-mosquitto-1,1.79,5406720,4.03,egw-qemu-integrated
2026-10-07T12:17:25Z,egw-ditto-things-1,64.69,601575424,74.70,egw-qemu-integrated
2026-10-07T12:17:25Z,egw-ditto-policies-1,36.31,551235584,68.45,egw-qemu-integrated
2026-10-07T12:17:25Z,egw-mongodb-1,7.26,240840704,44.86,egw-qemu-integrated
2026-10-07T12:17:25Z,egw-ditto-gateway-1,62.48,544149504,67.57,egw-qemu-integrated
2026-10-07T12:17:25Z,egw-controller-1,25.51,59117568,22.02,egw-qemu-integrated
2026-10-07T12:17:26Z,egw-mosquitto-1,2.17,5668864,4.22,egw-qemu-integrated
2026-10-07T12:17:26Z,egw-ditto-things-1,119.58,601858048,74.74,egw-qemu-integrated
2026-10-07T12:17:26Z,egw-ditto-policies-1,66.97,550391808,68.35,egw-qemu-integrated
2026-10-07T12:17:26Z,egw-mongodb-1,12.98,240844800,44.86,egw-qemu-integrated
2026-10-07T12:17:26Z,egw-ditto-gateway-1,45.69,544153600,67.57,egw-qemu-integrated
2026-10-07T12:17:26Z,egw-controller-1,24.75,59113472,22.02,egw-qemu-integrated
2026-10-07T12:17:27Z,egw-mosquitto-1,1.76,5406720,4.03,egw-qemu-integrated
2026-10-07T12:17:27Z,egw-ditto-things-1,61.32,601620480,74.71,egw-qemu-integrated
2026-10-07T12:17:27Z,egw-ditto-policies-1,11.89,550391808,68.35,egw-qemu-integrated
2026-10-07T12:17:27Z,egw-mongodb-1,7.30,240959488,44.88,egw-qemu-integrated
2026-10-07T12:17:27Z,egw-ditto-gateway-1,69.00,544169984,67.57,egw-qemu-integrated
2026-10-07T12:17:27Z,egw-controller-1,26.52,59383808,22.12,egw-qemu-integrated
2026-10-07T12:17:28Z,egw-mosquitto-1,2.04,5410816,4.03,egw-qemu-integrated
2026-10-07T12:17:28Z,egw-ditto-things-1,75.27,601657344,74.71,egw-qemu-integrated
2026-10-07T12:17:28Z,egw-ditto-policies-1,21.05,550395904,68.35,egw-qemu-integrated
2026-10-07T12:17:28Z,egw-mongodb-1,5.57,241041408,44.90,egw-qemu-integrated
2026-10-07T12:17:28Z,egw-ditto-gateway-1,54.85,544161792,67.57,egw-qemu-integrated
2026-10-07T12:17:28Z,egw-controller-1,26.06,59125760,22.03,egw-qemu-integrated
2026-10-07T12:17:29Z,egw-mosquitto-1,2.10,5414912,4.03,egw-qemu-integrated
2026-10-07T12:17:29Z,egw-ditto-things-1,146.94,602415104,74.81,egw-qemu-integrated
2026-10-07T12:17:29Z,egw-ditto-policies-1,10.43,550395904,68.35,egw-qemu-integrated
2026-10-07T12:17:29Z,egw-mongodb-1,13.82,241061888,44.90,egw-qemu-integrated
2026-10-07T12:17:29Z,egw-ditto-gateway-1,52.82,544428032,67.61,egw-qemu-integrated
2026-10-07T12:17:29Z,egw-controller-1,23.85,59121664,22.02,egw-qemu-integrated
2026-10-07T12:17:30Z,egw-mosquitto-1,1.96,5419008,4.04,egw-qemu-integrated
2026-10-07T12:17:30Z,egw-ditto-things-1,74.32,602533888,74.82,egw-qemu-integrated
2026-10-07T12:17:30Z,egw-ditto-policies-1,12.36,550395904,68.35,egw-qemu-integrated
2026-10-07T12:17:30Z,egw-mongodb-1,8.66,241192960,44.93,egw-qemu-integrated
2026-10-07T12:17:30Z,egw-ditto-gateway-1,56.18,544440320,67.61,egw-qemu-integrated
2026-10-07T12:17:30Z,egw-controller-1,28.91,59396096,22.13,egw-qemu-integrated
2026-10-07T12:17:31Z,egw-mosquitto-1,2.16,5419008,4.04,egw-qemu-integrated
2026-10-07T12:17:31Z,egw-ditto-things-1,107.11,602583040,74.83,egw-qemu-integrated
2026-10-07T12:17:31Z,egw-ditto-policies-1,10.71,550400000,68.35,egw-qemu-integrated
2026-10-07T12:17:31Z,egw-mongodb-1,6.98,241209344,44.93,egw-qemu-integrated
2026-10-07T12:17:31Z,egw-ditto-gateway-1,60.40,544190464,67.58,egw-qemu-integrated
2026-10-07T12:17:31Z,egw-controller-1,25.17,59138048,22.03,egw-qemu-integrated
2026-10-07T12:17:32Z,egw-mosquitto-1,1.91,5681152,4.23,egw-qemu-integrated
2026-10-07T12:17:32Z,egw-ditto-things-1,47.97,602583040,74.83,egw-qemu-integrated
2026-10-07T12:17:32Z,egw-ditto-policies-1,10.51,550395904,68.35,egw-qemu-integrated
2026-10-07T12:17:32Z,egw-mongodb-1,26.61,241561600,44.99,egw-qemu-integrated
2026-10-07T12:17:32Z,egw-ditto-gateway-1,128.46,544223232,67.58,egw-qemu-integrated
2026-10-07T12:17:32Z,egw-controller-1,21.45,59133952,22.03,egw-qemu-integrated
2026-10-07T12:17:33Z,egw-mosquitto-1,2.21,5423104,4.04,egw-qemu-integrated
2026-10-07T12:17:33Z,egw-ditto-things-1,47.95,602812416,74.86,egw-qemu-integrated
2026-10-07T12:17:33Z,egw-ditto-policies-1,18.02,550400000,68.35,egw-qemu-integrated
2026-10-07T12:17:33Z,egw-mongodb-1,5.85,241553408,44.99,egw-qemu-integrated
2026-10-07T12:17:33Z,egw-ditto-gateway-1,123.80,536743936,66.65,egw-qemu-integrated
2026-10-07T12:17:33Z,egw-controller-1,20.58,59396096,22.13,egw-qemu-integrated
2026-10-07T12:17:35Z,egw-mosquitto-1,2.34,5431296,4.05,egw-qemu-integrated
2026-10-07T12:17:35Z,egw-ditto-things-1,123.46,602652672,74.84,egw-qemu-integrated
2026-10-07T12:17:35Z,egw-ditto-policies-1,26.44,550404096,68.35,egw-qemu-integrated
2026-10-07T12:17:35Z,egw-mongodb-1,9.38,241569792,45.00,egw-qemu-integrated
2026-10-07T12:17:35Z,egw-ditto-gateway-1,65.11,536743936,66.65,egw-qemu-integrated
2026-10-07T12:17:35Z,egw-controller-1,25.06,59150336,22.04,egw-qemu-integrated
2026-10-07T12:17:36Z,egw-mosquitto-1,2.00,5431296,4.05,egw-qemu-integrated
2026-10-07T12:17:36Z,egw-ditto-things-1,124.53,602714112,74.84,egw-qemu-integrated
2026-10-07T12:17:36Z,egw-ditto-policies-1,18.45,550404096,68.35,egw-qemu-integrated
2026-10-07T12:17:36Z,egw-mongodb-1,18.51,241582080,45.00,egw-qemu-integrated
2026-10-07T12:17:36Z,egw-ditto-gateway-1,56.18,536748032,66.65,egw-qemu-integrated
2026-10-07T12:17:36Z,egw-controller-1,25.57,59154432,22.04,egw-qemu-integrated
2026-10-07T12:17:37Z,egw-mosquitto-1,4.00,5443584,4.06,egw-qemu-integrated
2026-10-07T12:17:37Z,egw-ditto-things-1,127.02,602738688,74.85,egw-qemu-integrated
2026-10-07T12:17:37Z,egw-ditto-policies-1,12.46,550404096,68.35,egw-qemu-integrated
2026-10-07T12:17:37Z,egw-mongodb-1,7.16,241582080,45.00,egw-qemu-integrated
2026-10-07T12:17:37Z,egw-ditto-gateway-1,108.87,536748032,66.65,egw-qemu-integrated
2026-10-07T12:17:37Z,egw-controller-1,20.74,59150336,22.04,egw-qemu-integrated
2026-10-07T12:17:38Z,egw-mosquitto-1,2.03,5447680,4.06,egw-qemu-integrated
2026-10-07T12:17:38Z,egw-ditto-things-1,105.87,602787840,74.85,egw-qemu-integrated
2026-10-07T12:17:38Z,egw-ditto-policies-1,9.16,550404096,68.35,egw-qemu-integrated
2026-10-07T12:17:38Z,egw-mongodb-1,7.69,241594368,45.00,egw-qemu-integrated
2026-10-07T12:17:38Z,egw-ditto-gateway-1,67.99,536756224,66.65,egw-qemu-integrated
2026-10-07T12:17:38Z,egw-controller-1,24.22,59162624,22.04,egw-qemu-integrated
2026-10-07T12:17:39Z,egw-mosquitto-1,1.95,5447680,4.06,egw-qemu-integrated
2026-10-07T12:17:39Z,egw-ditto-things-1,80.10,602828800,74.86,egw-qemu-integrated
2026-10-07T12:17:39Z,egw-ditto-policies-1,10.05,550404096,68.35,egw-qemu-integrated
2026-10-07T12:17:39Z,egw-mongodb-1,16.67,242761728,45.22,egw-qemu-integrated
2026-10-07T12:17:39Z,egw-ditto-gateway-1,65.50,536756224,66.65,egw-qemu-integrated
2026-10-07T12:17:39Z,egw-controller-1,24.42,59158528,22.04,egw-qemu-integrated
2026-10-07T12:17:40Z,egw-mosquitto-1,2.20,5447680,4.06,egw-qemu-integrated
2026-10-07T12:17:40Z,egw-ditto-things-1,114.36,602869760,74.86,egw-qemu-integrated
2026-10-07T12:17:40Z,egw-ditto-policies-1,11.72,550408192,68.35,egw-qemu-integrated
2026-10-07T12:17:40Z,egw-mongodb-1,98.50,332345344,61.90,egw-qemu-integrated
2026-10-07T12:17:40Z,egw-ditto-gateway-1,52.47,537014272,66.68,egw-qemu-integrated
2026-10-07T12:17:40Z,egw-controller-1,22.96,59424768,22.14,egw-qemu-integrated
2026-10-07T12:17:41Z,egw-mosquitto-1,1.76,5455872,4.06,egw-qemu-integrated
2026-10-07T12:17:41Z,egw-ditto-things-1,50.52,602869760,74.86,egw-qemu-integrated
2026-10-07T12:17:41Z,egw-ditto-policies-1,13.68,550412288,68.35,egw-qemu-integrated
2026-10-07T12:17:41Z,egw-mongodb-1,109.69,390828032,72.80,egw-qemu-integrated
2026-10-07T12:17:41Z,egw-ditto-gateway-1,63.90,536752128,66.65,egw-qemu-integrated
2026-10-07T12:17:41Z,egw-controller-1,24.02,59166720,22.04,egw-qemu-integrated
2026-10-07T12:17:42Z,egw-mosquitto-1,4.32,5455872,4.06,egw-qemu-integrated
2026-10-07T12:17:42Z,egw-ditto-things-1,86.61,602865664,74.86,egw-qemu-integrated
2026-10-07T12:17:42Z,egw-ditto-policies-1,40.41,550420480,68.35,egw-qemu-integrated
2026-10-07T12:17:42Z,egw-mongodb-1,105.13,393027584,73.21,egw-qemu-integrated
2026-10-07T12:17:42Z,egw-ditto-gateway-1,64.54,536756224,66.65,egw-qemu-integrated
2026-10-07T12:17:42Z,egw-controller-1,17.78,59437056,22.14,egw-qemu-integrated
2026-10-07T12:17:43Z,egw-mosquitto-1,1.74,5468160,4.07,egw-qemu-integrated
2026-10-07T12:17:43Z,egw-ditto-things-1,73.86,602841088,74.86,egw-qemu-integrated
2026-10-07T12:17:43Z,egw-ditto-policies-1,34.88,550682624,68.38,egw-qemu-integrated
2026-10-07T12:17:43Z,egw-mongodb-1,107.87,394915840,73.56,egw-qemu-integrated
2026-10-07T12:17:43Z,egw-ditto-gateway-1,102.67,536756224,66.65,egw-qemu-integrated
2026-10-07T12:17:43Z,egw-controller-1,14.47,59179008,22.05,egw-qemu-integrated
2026-10-07T12:17:44Z,egw-mosquitto-1,2.05,5472256,4.08,egw-qemu-integrated
2026-10-07T12:17:44Z,egw-ditto-things-1,79.70,602849280,74.86,egw-qemu-integrated
2026-10-07T12:17:44Z,egw-ditto-policies-1,16.90,550420480,68.35,egw-qemu-integrated
2026-10-07T12:17:44Z,egw-mongodb-1,111.32,399343616,74.38,egw-qemu-integrated
2026-10-07T12:17:44Z,egw-ditto-gateway-1,50.69,536760320,66.65,egw-qemu-integrated
2026-10-07T12:17:44Z,egw-controller-1,17.96,59179008,22.05,egw-qemu-integrated
2026-10-07T12:17:45Z,egw-mosquitto-1,1.62,5480448,4.08,egw-qemu-integrated
2026-10-07T12:17:45Z,egw-ditto-things-1,80.51,602902528,74.87,egw-qemu-integrated
2026-10-07T12:17:45Z,egw-ditto-policies-1,23.06,550420480,68.35,egw-qemu-integrated
2026-10-07T12:17:45Z,egw-mongodb-1,120.21,407113728,75.83,egw-qemu-integrated
2026-10-07T12:17:45Z,egw-ditto-gateway-1,80.31,536760320,66.65,egw-qemu-integrated
2026-10-07T12:17:45Z,egw-controller-1,18.85,59187200,22.05,egw-qemu-integrated
2026-10-07T12:17:46Z,egw-mosquitto-1,2.18,5484544,4.09,egw-qemu-integrated
2026-10-07T12:17:46Z,egw-ditto-things-1,66.70,602898432,74.87,egw-qemu-integrated
2026-10-07T12:17:46Z,egw-ditto-policies-1,36.50,550461440,68.35,egw-qemu-integrated
2026-10-07T12:17:46Z,egw-mongodb-1,88.82,241098752,44.91,egw-qemu-integrated
2026-10-07T12:17:46Z,egw-ditto-gateway-1,82.77,536760320,66.65,egw-qemu-integrated
2026-10-07T12:17:46Z,egw-controller-1,16.83,59191296,22.05,egw-qemu-integrated
2026-10-07T12:17:47Z,egw-mosquitto-1,1.70,5754880,4.29,egw-qemu-integrated
2026-10-07T12:17:47Z,egw-ditto-things-1,145.50,602943488,74.87,egw-qemu-integrated
2026-10-07T12:17:47Z,egw-ditto-policies-1,15.85,550461440,68.35,egw-qemu-integrated
2026-10-07T12:17:47Z,egw-mongodb-1,5.11,241098752,44.91,egw-qemu-integrated
2026-10-07T12:17:47Z,egw-ditto-gateway-1,74.22,537042944,66.69,egw-qemu-integrated
2026-10-07T12:17:47Z,egw-controller-1,19.82,59461632,22.15,egw-qemu-integrated
2026-10-07T12:17:48Z,egw-mosquitto-1,1.86,5496832,4.10,egw-qemu-integrated
2026-10-07T12:17:48Z,egw-ditto-things-1,98.22,602955776,74.87,egw-qemu-integrated
2026-10-07T12:17:48Z,egw-ditto-policies-1,10.61,550461440,68.35,egw-qemu-integrated
2026-10-07T12:17:48Z,egw-mongodb-1,8.87,241102848,44.91,egw-qemu-integrated
2026-10-07T12:17:48Z,egw-ditto-gateway-1,90.16,537059328,66.69,egw-qemu-integrated
2026-10-07T12:17:48Z,egw-controller-1,22.90,59203584,22.06,egw-qemu-integrated
2026-10-07T12:17:49Z,egw-mosquitto-1,2.14,5754880,4.29,egw-qemu-integrated
2026-10-07T12:17:49Z,egw-ditto-things-1,55.88,602943488,74.87,egw-qemu-integrated
2026-10-07T12:17:49Z,egw-ditto-policies-1,11.62,550461440,68.35,egw-qemu-integrated
2026-10-07T12:17:49Z,egw-mongodb-1,6.31,241098752,44.91,egw-qemu-integrated
2026-10-07T12:17:49Z,egw-ditto-gateway-1,73.44,537071616,66.69,egw-qemu-integrated
2026-10-07T12:17:49Z,egw-controller-1,30.50,59219968,22.06,egw-qemu-integrated
2026-10-07T12:17:50Z,egw-mosquitto-1,2.16,5758976,4.29,egw-qemu-integrated
2026-10-07T12:17:50Z,egw-ditto-things-1,67.42,602943488,74.87,egw-qemu-integrated
2026-10-07T12:17:50Z,egw-ditto-policies-1,29.53,550461440,68.35,egw-qemu-integrated
2026-10-07T12:17:50Z,egw-mongodb-1,8.74,241131520,44.91,egw-qemu-integrated
2026-10-07T12:17:50Z,egw-ditto-gateway-1,53.29,536809472,66.66,egw-qemu-integrated
2026-10-07T12:17:50Z,egw-controller-1,27.24,59215872,22.06,egw-qemu-integrated
2026-10-07T12:17:51Z,egw-mosquitto-1,1.92,5496832,4.10,egw-qemu-integrated
2026-10-07T12:17:51Z,egw-ditto-things-1,68.97,603209728,74.90,egw-qemu-integrated
2026-10-07T12:17:51Z,egw-ditto-policies-1,31.84,550473728,68.36,egw-qemu-integrated
2026-10-07T12:17:51Z,egw-mongodb-1,7.99,241135616,44.92,egw-qemu-integrated
2026-10-07T12:17:51Z,egw-ditto-gateway-1,57.26,536817664,66.66,egw-qemu-integrated
2026-10-07T12:17:51Z,egw-controller-1,25.72,59211776,22.06,egw-qemu-integrated
2026-10-07T12:17:52Z,egw-mosquitto-1,1.95,5496832,4.10,egw-qemu-integrated
2026-10-07T12:17:52Z,egw-ditto-things-1,89.72,603017216,74.88,egw-qemu-integrated
2026-10-07T12:17:52Z,egw-ditto-policies-1,11.53,550473728,68.36,egw-qemu-integrated
2026-10-07T12:17:52Z,egw-mongodb-1,10.16,241393664,44.96,egw-qemu-integrated
2026-10-07T12:17:52Z,egw-ditto-gateway-1,60.97,537071616,66.69,egw-qemu-integrated
2026-10-07T12:17:52Z,egw-controller-1,27.22,59473920,22.16,egw-qemu-integrated
2026-10-07T12:17:53Z,egw-mosquitto-1,41.50,6803456,5.07,egw-qemu-integrated
2026-10-07T12:17:53Z,egw-ditto-things-1,60.60,603017216,74.88,egw-qemu-integrated
2026-10-07T12:17:53Z,egw-ditto-policies-1,11.17,550473728,68.36,egw-qemu-integrated
2026-10-07T12:17:53Z,egw-mongodb-1,8.68,241131520,44.91,egw-qemu-integrated
2026-10-07T12:17:53Z,egw-ditto-gateway-1,48.69,536825856,66.66,egw-qemu-integrated
2026-10-07T12:17:53Z,egw-controller-1,21.21,59211776,22.06,egw-qemu-integrated
2026-10-07T12:17:54Z,egw-mosquitto-1,35.40,5513216,4.11,egw-qemu-integrated
2026-10-07T12:17:54Z,egw-ditto-things-1,54.76,603021312,74.88,egw-qemu-integrated
2026-10-07T12:17:54Z,egw-ditto-policies-1,14.46,550477824,68.36,egw-qemu-integrated
2026-10-07T12:17:54Z,egw-mongodb-1,6.86,241131520,44.91,egw-qemu-integrated
2026-10-07T12:17:54Z,egw-ditto-gateway-1,71.68,536829952,66.66,egw-qemu-integrated
2026-10-07T12:17:54Z,egw-controller-1,101.65,69009408,25.71,egw-qemu-integrated
2026-10-07T12:17:55Z,egw-mosquitto-1,2.05,5521408,4.11,egw-qemu-integrated
2026-10-07T12:17:55Z,egw-ditto-things-1,61.51,603025408,74.88,egw-qemu-integrated
2026-10-07T12:17:55Z,egw-ditto-policies-1,27.88,550486016,68.36,egw-qemu-integrated
2026-10-07T12:17:55Z,egw-mongodb-1,6.46,241131520,44.91,egw-qemu-integrated
2026-10-07T12:17:55Z,egw-ditto-gateway-1,127.81,536924160,66.67,egw-qemu-integrated
2026-10-07T12:17:55Z,egw-controller-1,109.12,70041600,26.09,egw-qemu-integrated
2026-10-07T12:17:56Z,egw-mosquitto-1,1.95,5525504,4.12,egw-qemu-integrated
2026-10-07T12:17:56Z,egw-ditto-things-1,60.45,603025408,74.88,egw-qemu-integrated
2026-10-07T12:17:56Z,egw-ditto-policies-1,87.22,550785024,68.39,egw-qemu-integrated
2026-10-07T12:17:56Z,egw-mongodb-1,6.82,241131520,44.91,egw-qemu-integrated
2026-10-07T12:17:56Z,egw-ditto-gateway-1,62.09,536940544,66.68,egw-qemu-integrated
2026-10-07T12:17:56Z,egw-controller-1,112.33,71454720,26.62,egw-qemu-integrated
2026-10-07T12:17:57Z,egw-mosquitto-1,1.97,5529600,4.12,egw-qemu-integrated
2026-10-07T12:17:57Z,egw-ditto-things-1,72.79,603025408,74.88,egw-qemu-integrated
2026-10-07T12:17:57Z,egw-ditto-policies-1,8.47,550535168,68.36,egw-qemu-integrated
2026-10-07T12:17:57Z,egw-mongodb-1,13.00,241135616,44.92,egw-qemu-integrated
2026-10-07T12:17:57Z,egw-ditto-gateway-1,70.58,536952832,66.68,egw-qemu-integrated
2026-10-07T12:17:57Z,egw-controller-1,80.38,59224064,22.06,egw-qemu-integrated
2026-10-07T12:17:58Z,egw-mosquitto-1,2.21,5787648,4.31,egw-qemu-integrated
2026-10-07T12:17:58Z,egw-ditto-things-1,60.40,602992640,74.88,egw-qemu-integrated
2026-10-07T12:17:58Z,egw-ditto-policies-1,72.20,550559744,68.37,egw-qemu-integrated
2026-10-07T12:17:58Z,egw-mongodb-1,8.13,241131520,44.91,egw-qemu-integrated
2026-10-07T12:17:58Z,egw-ditto-gateway-1,52.51,536952832,66.68,egw-qemu-integrated
2026-10-07T12:17:58Z,egw-controller-1,21.99,59236352,22.07,egw-qemu-integrated
2026-10-07T12:17:59Z,egw-mosquitto-1,1.87,5529600,4.12,egw-qemu-integrated
2026-10-07T12:17:59Z,egw-ditto-things-1,50.56,603033600,74.88,egw-qemu-integrated
2026-10-07T12:17:59Z,egw-ditto-policies-1,8.29,550555648,68.37,egw-qemu-integrated
2026-10-07T12:17:59Z,egw-mongodb-1,6.67,241131520,44.91,egw-qemu-integrated
2026-10-07T12:17:59Z,egw-ditto-gateway-1,87.93,536981504,66.68,egw-qemu-integrated
2026-10-07T12:17:59Z,egw-controller-1,25.78,59236352,22.07,egw-qemu-integrated
2026-10-07T12:18:00Z,egw-mosquitto-1,2.12,5537792,4.13,egw-qemu-integrated
2026-10-07T12:18:00Z,egw-ditto-things-1,60.65,603291648,74.91,egw-qemu-integrated
2026-10-07T12:18:00Z,egw-ditto-policies-1,8.46,550555648,68.37,egw-qemu-integrated
2026-10-07T12:18:00Z,egw-mongodb-1,8.58,241139712,44.92,egw-qemu-integrated
2026-10-07T12:18:00Z,egw-ditto-gateway-1,62.41,536989696,66.68,egw-qemu-integrated
2026-10-07T12:18:00Z,egw-controller-1,26.53,59240448,22.07,egw-qemu-integrated
2026-10-07T12:18:01Z,egw-mosquitto-1,2.21,5541888,4.13,egw-qemu-integrated
2026-10-07T12:18:01Z,egw-ditto-things-1,70.73,603303936,74.92,egw-qemu-integrated
2026-10-07T12:18:01Z,egw-ditto-policies-1,12.36,550563840,68.37,egw-qemu-integrated
2026-10-07T12:18:01Z,egw-mongodb-1,8.67,241139712,44.92,egw-qemu-integrated
2026-10-07T12:18:01Z,egw-ditto-gateway-1,83.59,537010176,66.68,egw-qemu-integrated
2026-10-07T12:18:01Z,egw-controller-1,28.44,59248640,22.07,egw-qemu-integrated
2026-10-07T12:18:02Z,egw-mosquitto-1,2.00,5799936,4.32,egw-qemu-integrated
2026-10-07T12:18:02Z,egw-ditto-things-1,69.05,603033600,74.88,egw-qemu-integrated
2026-10-07T12:18:02Z,egw-ditto-policies-1,10.25,550563840,68.37,egw-qemu-integrated
2026-10-07T12:18:02Z,egw-mongodb-1,7.51,241156096,44.92,egw-qemu-integrated
2026-10-07T12:18:02Z,egw-ditto-gateway-1,53.27,537001984,66.68,egw-qemu-integrated
2026-10-07T12:18:02Z,egw-controller-1,28.20,59252736,22.07,egw-qemu-integrated
2026-10-07T12:18:03Z,egw-mosquitto-1,2.03,5799936,4.32,egw-qemu-integrated
2026-10-07T12:18:03Z,egw-ditto-things-1,67.83,603037696,74.88,egw-qemu-integrated
2026-10-07T12:18:03Z,egw-ditto-policies-1,10.47,550559744,68.37,egw-qemu-integrated
2026-10-07T12:18:03Z,egw-mongodb-1,7.77,241156096,44.92,egw-qemu-integrated
2026-10-07T12:18:03Z,egw-ditto-gateway-1,54.56,537264128,66.72,egw-qemu-integrated
2026-10-07T12:18:03Z,egw-controller-1,27.28,59244544,22.07,egw-qemu-integrated
2026-10-07T12:18:04Z,egw-mosquitto-1,1.97,5537792,4.13,egw-qemu-integrated
2026-10-07T12:18:04Z,egw-ditto-things-1,52.44,603033600,74.88,egw-qemu-integrated
2026-10-07T12:18:04Z,egw-ditto-policies-1,69.85,550871040,68.41,egw-qemu-integrated
2026-10-07T12:18:04Z,egw-mongodb-1,8.98,241160192,44.92,egw-qemu-integrated
2026-10-07T12:18:04Z,egw-ditto-gateway-1,85.40,537022464,66.69,egw-qemu-integrated
2026-10-07T12:18:04Z,egw-controller-1,26.66,59248640,22.07,egw-qemu-integrated
2026-10-07T12:18:05Z,egw-mosquitto-1,2.19,5545984,4.13,egw-qemu-integrated
2026-10-07T12:18:05Z,egw-ditto-things-1,69.85,603033600,74.88,egw-qemu-integrated
2026-10-07T12:18:05Z,egw-ditto-policies-1,30.13,550645760,68.38,egw-qemu-integrated
2026-10-07T12:18:05Z,egw-mongodb-1,8.39,241156096,44.92,egw-qemu-integrated
2026-10-07T12:18:05Z,egw-ditto-gateway-1,95.80,537038848,66.69,egw-qemu-integrated
2026-10-07T12:18:05Z,egw-controller-1,21.85,59252736,22.07,egw-qemu-integrated
2026-10-07T12:18:06Z,egw-mosquitto-1,1.82,5545984,4.13,egw-qemu-integrated
2026-10-07T12:18:06Z,egw-ditto-things-1,124.79,603111424,74.89,egw-qemu-integrated
2026-10-07T12:18:06Z,egw-ditto-policies-1,15.14,550645760,68.38,egw-qemu-integrated
2026-10-07T12:18:06Z,egw-mongodb-1,8.76,241160192,44.92,egw-qemu-integrated
2026-10-07T12:18:06Z,egw-ditto-gateway-1,44.63,537042944,66.69,egw-qemu-integrated
2026-10-07T12:18:06Z,egw-controller-1,27.15,59256832,22.07,egw-qemu-integrated
2026-10-07T12:18:07Z,egw-mosquitto-1,1.77,5554176,4.14,egw-qemu-integrated
2026-10-07T12:18:07Z,egw-ditto-things-1,91.56,603049984,74.88,egw-qemu-integrated
2026-10-07T12:18:07Z,egw-ditto-policies-1,12.27,550649856,68.38,egw-qemu-integrated
2026-10-07T12:18:07Z,egw-mongodb-1,8.52,241160192,44.92,egw-qemu-integrated
2026-10-07T12:18:07Z,egw-ditto-gateway-1,66.37,537309184,66.72,egw-qemu-integrated
2026-10-07T12:18:07Z,egw-controller-1,24.45,59252736,22.07,egw-qemu-integrated
2026-10-07T12:18:09Z,egw-mosquitto-1,1.94,5550080,4.14,egw-qemu-integrated
2026-10-07T12:18:09Z,egw-ditto-things-1,75.50,603348992,74.92,egw-qemu-integrated
2026-10-07T12:18:09Z,egw-ditto-policies-1,10.98,550653952,68.38,egw-qemu-integrated
2026-10-07T12:18:09Z,egw-mongodb-1,6.70,241160192,44.92,egw-qemu-integrated
2026-10-07T12:18:09Z,egw-ditto-gateway-1,105.36,539246592,66.96,egw-qemu-integrated
2026-10-07T12:18:09Z,egw-controller-1,25.33,59260928,22.08,egw-qemu-integrated
2026-10-07T12:18:10Z,egw-mosquitto-1,5.26,5562368,4.14,egw-qemu-integrated
2026-10-07T12:18:10Z,egw-ditto-things-1,80.63,603045888,74.88,egw-qemu-integrated
2026-10-07T12:18:10Z,egw-ditto-policies-1,36.18,550649856,68.38,egw-qemu-integrated
2026-10-07T12:18:10Z,egw-mongodb-1,14.61,241160192,44.92,egw-qemu-integrated
2026-10-07T12:18:10Z,egw-ditto-gateway-1,81.82,537055232,66.69,egw-qemu-integrated
2026-10-07T12:18:10Z,egw-controller-1,23.29,59265024,22.08,egw-qemu-integrated
2026-10-07T12:18:11Z,egw-mosquitto-1,1.86,5566464,4.15,egw-qemu-integrated
2026-10-07T12:18:11Z,egw-ditto-things-1,128.66,603054080,74.89,egw-qemu-integrated
2026-10-07T12:18:11Z,egw-ditto-policies-1,25.89,550658048,68.38,egw-qemu-integrated
2026-10-07T12:18:11Z,egw-mongodb-1,16.57,241164288,44.92,egw-qemu-integrated
2026-10-07T12:18:11Z,egw-ditto-gateway-1,86.12,537063424,66.69,egw-qemu-integrated
2026-10-07T12:18:11Z,egw-controller-1,12.94,59527168,22.18,egw-qemu-integrated
2026-10-07T12:18:12Z,egw-mosquitto-1,3.21,5828608,4.34,egw-qemu-integrated
2026-10-07T12:18:12Z,egw-ditto-things-1,84.88,603095040,74.89,egw-qemu-integrated
2026-10-07T12:18:12Z,egw-ditto-policies-1,27.62,550658048,68.38,egw-qemu-integrated
2026-10-07T12:18:12Z,egw-mongodb-1,9.61,241426432,44.97,egw-qemu-integrated
2026-10-07T12:18:12Z,egw-ditto-gateway-1,84.23,537063424,66.69,egw-qemu-integrated
2026-10-07T12:18:12Z,egw-controller-1,26.48,59273216,22.08,egw-qemu-integrated
2026-10-07T12:18:13Z,egw-mosquitto-1,1.63,5828608,4.34,egw-qemu-integrated
2026-10-07T12:18:13Z,egw-ditto-things-1,82.48,603090944,74.89,egw-qemu-integrated
2026-10-07T12:18:13Z,egw-ditto-policies-1,9.61,550658048,68.38,egw-qemu-integrated
2026-10-07T12:18:13Z,egw-mongodb-1,7.14,241168384,44.92,egw-qemu-integrated
2026-10-07T12:18:13Z,egw-ditto-gateway-1,50.13,537067520,66.69,egw-qemu-integrated
2026-10-07T12:18:13Z,egw-controller-1,23.19,59273216,22.08,egw-qemu-integrated
2026-10-07T12:18:14Z,egw-mosquitto-1,1.98,5570560,4.15,egw-qemu-integrated
2026-10-07T12:18:14Z,egw-ditto-things-1,52.06,603090944,74.89,egw-qemu-integrated
2026-10-07T12:18:14Z,egw-ditto-policies-1,13.44,550666240,68.38,egw-qemu-integrated
2026-10-07T12:18:14Z,egw-mongodb-1,9.05,241168384,44.92,egw-qemu-integrated
2026-10-07T12:18:14Z,egw-ditto-gateway-1,65.98,537092096,66.69,egw-qemu-integrated
2026-10-07T12:18:14Z,egw-controller-1,23.95,59281408,22.08,egw-qemu-integrated
2026-10-07T12:18:15Z,egw-mosquitto-1,1.91,5570560,4.15,egw-qemu-integrated
2026-10-07T12:18:15Z,egw-ditto-things-1,66.89,603340800,74.92,egw-qemu-integrated
2026-10-07T12:18:15Z,egw-ditto-policies-1,19.34,550666240,68.38,egw-qemu-integrated
2026-10-07T12:18:15Z,egw-mongodb-1,7.48,241225728,44.93,egw-qemu-integrated
2026-10-07T12:18:15Z,egw-ditto-gateway-1,99.13,537112576,66.70,egw-qemu-integrated
2026-10-07T12:18:15Z,egw-controller-1,24.84,59285504,22.09,egw-qemu-integrated
2026-10-07T12:18:16Z,egw-mosquitto-1,2.52,5574656,4.15,egw-qemu-integrated
2026-10-07T12:18:16Z,egw-ditto-things-1,90.54,603082752,74.89,egw-qemu-integrated
2026-10-07T12:18:16Z,egw-ditto-policies-1,35.11,550678528,68.38,egw-qemu-integrated
2026-10-07T12:18:16Z,egw-mongodb-1,6.59,241233920,44.93,egw-qemu-integrated
2026-10-07T12:18:16Z,egw-ditto-gateway-1,73.30,537112576,66.70,egw-qemu-integrated
2026-10-07T12:18:16Z,egw-controller-1,21.82,59285504,22.09,egw-qemu-integrated
2026-10-07T12:18:17Z,egw-mosquitto-1,2.86,5574656,4.15,egw-qemu-integrated
2026-10-07T12:18:17Z,egw-ditto-things-1,73.24,603373568,74.92,egw-qemu-integrated
2026-10-07T12:18:17Z,egw-ditto-policies-1,43.11,550707200,68.38,egw-qemu-integrated
2026-10-07T12:18:17Z,egw-mongodb-1,11.59,241225728,44.93,egw-qemu-integrated
2026-10-07T12:18:17Z,egw-ditto-gateway-1,89.38,537133056,66.70,egw-qemu-integrated
2026-10-07T12:18:17Z,egw-controller-1,25.31,59289600,22.09,egw-qemu-integrated
2026-10-07T12:18:18Z,egw-mosquitto-1,1.97,5582848,4.16,egw-qemu-integrated
2026-10-07T12:18:18Z,egw-ditto-things-1,54.73,603107328,74.89,egw-qemu-integrated
2026-10-07T12:18:18Z,egw-ditto-policies-1,26.53,550715392,68.39,egw-qemu-integrated
2026-10-07T12:18:18Z,egw-mongodb-1,48.84,246640640,45.94,egw-qemu-integrated
2026-10-07T12:18:18Z,egw-ditto-gateway-1,60.56,537399296,66.73,egw-qemu-integrated
2026-10-07T12:18:18Z,egw-controller-1,22.78,59547648,22.18,egw-qemu-integrated
2026-10-07T12:18:19Z,egw-mosquitto-1,2.83,5586944,4.16,egw-qemu-integrated
2026-10-07T12:18:19Z,egw-ditto-things-1,65.40,603336704,74.92,egw-qemu-integrated
2026-10-07T12:18:19Z,egw-ditto-policies-1,10.16,550715392,68.39,egw-qemu-integrated
2026-10-07T12:18:19Z,egw-mongodb-1,98.31,391446528,72.91,egw-qemu-integrated
2026-10-07T12:18:19Z,egw-ditto-gateway-1,57.79,537149440,66.70,egw-qemu-integrated
2026-10-07T12:18:19Z,egw-controller-1,27.08,59293696,22.09,egw-qemu-integrated
2026-10-07T12:18:20Z,egw-mosquitto-1,2.22,5591040,4.17,egw-qemu-integrated
2026-10-07T12:18:20Z,egw-ditto-things-1,73.87,603131904,74.89,egw-qemu-integrated
2026-10-07T12:18:20Z,egw-ditto-policies-1,11.59,550715392,68.39,egw-qemu-integrated
2026-10-07T12:18:20Z,egw-mongodb-1,128.10,392495104,73.11,egw-qemu-integrated
2026-10-07T12:18:20Z,egw-ditto-gateway-1,47.62,537149440,66.70,egw-qemu-integrated
2026-10-07T12:18:20Z,egw-controller-1,23.96,59297792,22.09,egw-qemu-integrated
2026-10-07T12:18:21Z,egw-mosquitto-1,1.98,5591040,4.17,egw-qemu-integrated
2026-10-07T12:18:21Z,egw-ditto-things-1,58.28,603140096,74.90,egw-qemu-integrated
2026-10-07T12:18:21Z,egw-ditto-policies-1,9.34,550715392,68.39,egw-qemu-integrated
2026-10-07T12:18:21Z,egw-mongodb-1,92.89,394276864,73.44,egw-qemu-integrated
2026-10-07T12:18:21Z,egw-ditto-gateway-1,51.57,537161728,66.70,egw-qemu-integrated
2026-10-07T12:18:21Z,egw-controller-1,23.49,59293696,22.09,egw-qemu-integrated
2026-10-07T12:18:22Z,egw-mosquitto-1,2.25,5853184,4.36,egw-qemu-integrated
2026-10-07T12:18:22Z,egw-ditto-things-1,52.99,603140096,74.90,egw-qemu-integrated
2026-10-07T12:18:22Z,egw-ditto-policies-1,10.01,550715392,68.39,egw-qemu-integrated
2026-10-07T12:18:22Z,egw-mongodb-1,122.40,400441344,74.59,egw-qemu-integrated
2026-10-07T12:18:22Z,egw-ditto-gateway-1,70.74,537161728,66.70,egw-qemu-integrated
2026-10-07T12:18:22Z,egw-controller-1,27.49,59301888,22.09,egw-qemu-integrated
2026-10-07T12:18:23Z,egw-mosquitto-1,2.33,5599232,4.17,egw-qemu-integrated
2026-10-07T12:18:23Z,egw-ditto-things-1,109.30,603172864,74.90,egw-qemu-integrated
2026-10-07T12:18:23Z,egw-ditto-policies-1,13.36,550715392,68.39,egw-qemu-integrated
2026-10-07T12:18:23Z,egw-mongodb-1,124.06,406102016,75.64,egw-qemu-integrated
2026-10-07T12:18:23Z,egw-ditto-gateway-1,75.41,537182208,66.71,egw-qemu-integrated
2026-10-07T12:18:23Z,egw-controller-1,18.87,59555840,22.19,egw-qemu-integrated
2026-10-07T12:18:24Z,egw-mosquitto-1,1.75,5603328,4.17,egw-qemu-integrated
2026-10-07T12:18:24Z,egw-ditto-things-1,96.77,603172864,74.90,egw-qemu-integrated
2026-10-07T12:18:24Z,egw-ditto-policies-1,14.71,551022592,68.42,egw-qemu-integrated
2026-10-07T12:18:24Z,egw-mongodb-1,42.05,241430528,44.97,egw-qemu-integrated
2026-10-07T12:18:24Z,egw-ditto-gateway-1,60.68,537186304,66.71,egw-qemu-integrated
2026-10-07T12:18:24Z,egw-controller-1,23.60,59310080,22.09,egw-qemu-integrated
2026-10-07T12:18:25Z,egw-mosquitto-1,2.08,5611520,4.18,egw-qemu-integrated
2026-10-07T12:18:25Z,egw-ditto-things-1,92.55,603226112,74.91,egw-qemu-integrated
2026-10-07T12:18:25Z,egw-ditto-policies-1,13.06,550862848,68.40,egw-qemu-integrated
2026-10-07T12:18:25Z,egw-mongodb-1,7.22,241496064,44.98,egw-qemu-integrated
2026-10-07T12:18:25Z,egw-ditto-gateway-1,96.41,537210880,66.71,egw-qemu-integrated
2026-10-07T12:18:25Z,egw-controller-1,25.83,59305984,22.09,egw-qemu-integrated
2026-10-07T12:18:26Z,egw-mosquitto-1,66.56,5627904,4.19,egw-qemu-integrated
2026-10-07T12:18:26Z,egw-ditto-things-1,99.13,603242496,74.91,egw-qemu-integrated
2026-10-07T12:18:26Z,egw-ditto-policies-1,33.13,552878080,68.65,egw-qemu-integrated
2026-10-07T12:18:26Z,egw-mongodb-1,6.98,241496064,44.98,egw-qemu-integrated
2026-10-07T12:18:26Z,egw-ditto-gateway-1,75.79,537219072,66.71,egw-qemu-integrated
2026-10-07T12:18:26Z,egw-controller-1,20.44,59305984,22.09,egw-qemu-integrated
2026-10-07T12:18:27Z,egw-mosquitto-1,2.18,5636096,4.20,egw-qemu-integrated
2026-10-07T12:18:27Z,egw-ditto-things-1,58.61,603246592,74.91,egw-qemu-integrated
2026-10-07T12:18:27Z,egw-ditto-policies-1,44.45,553377792,68.72,egw-qemu-integrated
2026-10-07T12:18:27Z,egw-mongodb-1,8.26,241496064,44.98,egw-qemu-integrated
2026-10-07T12:18:27Z,egw-ditto-gateway-1,74.90,537243648,66.71,egw-qemu-integrated
2026-10-07T12:18:27Z,egw-controller-1,28.41,59318272,22.10,egw-qemu-integrated
2026-10-07T12:18:28Z,egw-mosquitto-1,2.31,5636096,4.20,egw-qemu-integrated
2026-10-07T12:18:28Z,egw-ditto-things-1,75.76,603275264,74.91,egw-qemu-integrated
2026-10-07T12:18:28Z,egw-ditto-policies-1,11.52,553508864,68.73,egw-qemu-integrated
2026-10-07T12:18:28Z,egw-mongodb-1,6.71,241496064,44.98,egw-qemu-integrated
2026-10-07T12:18:28Z,egw-ditto-gateway-1,90.60,537268224,66.72,egw-qemu-integrated
2026-10-07T12:18:28Z,egw-controller-1,24.04,59314176,22.10,egw-qemu-integrated
2026-10-07T12:18:29Z,egw-mosquitto-1,2.72,5632000,4.20,egw-qemu-integrated
2026-10-07T12:18:29Z,egw-ditto-things-1,90.79,603529216,74.94,egw-qemu-integrated
2026-10-07T12:18:29Z,egw-ditto-policies-1,20.59,554004480,68.79,egw-qemu-integrated
2026-10-07T12:18:29Z,egw-mongodb-1,7.79,241496064,44.98,egw-qemu-integrated
2026-10-07T12:18:29Z,egw-ditto-gateway-1,71.16,537276416,66.72,egw-qemu-integrated
2026-10-07T12:18:29Z,egw-controller-1,104.39,68050944,25.35,egw-qemu-integrated
2026-10-07T12:18:30Z,egw-mosquitto-1,2.53,5636096,4.20,egw-qemu-integrated
2026-10-07T12:18:30Z,egw-ditto-things-1,61.46,603316224,74.92,egw-qemu-integrated
2026-10-07T12:18:30Z,egw-ditto-policies-1,62.16,554381312,68.84,egw-qemu-integrated
2026-10-07T12:18:30Z,egw-mongodb-1,6.52,241496064,44.98,egw-qemu-integrated
2026-10-07T12:18:30Z,egw-ditto-gateway-1,46.59,537276416,66.72,egw-qemu-integrated
2026-10-07T12:18:30Z,egw-controller-1,94.84,69513216,25.90,egw-qemu-integrated
2026-10-07T12:18:31Z,egw-mosquitto-1,3.05,5644288,4.21,egw-qemu-integrated
2026-10-07T12:18:31Z,egw-ditto-things-1,70.68,603287552,74.91,egw-qemu-integrated
2026-10-07T12:18:31Z,egw-ditto-policies-1,61.15,554319872,68.83,egw-qemu-integrated
2026-10-07T12:18:31Z,egw-mongodb-1,9.69,241545216,44.99,egw-qemu-integrated
2026-10-07T12:18:31Z,egw-ditto-gateway-1,38.38,537276416,66.72,egw-qemu-integrated
2026-10-07T12:18:31Z,egw-controller-1,111.82,70160384,26.14,egw-qemu-integrated
2026-10-07T12:18:32Z,egw-mosquitto-1,2.58,5644288,4.21,egw-qemu-integrated
2026-10-07T12:18:32Z,egw-ditto-things-1,136.97,603328512,74.92,egw-qemu-integrated
2026-10-07T12:18:32Z,egw-ditto-policies-1,22.93,554332160,68.83,egw-qemu-integrated
2026-10-07T12:18:32Z,egw-mongodb-1,9.18,241807360,45.04,egw-qemu-integrated
2026-10-07T12:18:32Z,egw-ditto-gateway-1,44.96,537284608,66.72,egw-qemu-integrated
2026-10-07T12:18:32Z,egw-controller-1,114.03,72052736,26.84,egw-qemu-integrated
2026-10-07T12:18:33Z,egw-mosquitto-1,2.69,5910528,4.40,egw-qemu-integrated
2026-10-07T12:18:33Z,egw-ditto-things-1,123.04,603299840,74.92,egw-qemu-integrated
2026-10-07T12:18:33Z,egw-ditto-policies-1,11.67,554438656,68.85,egw-qemu-integrated
2026-10-07T12:18:33Z,egw-mongodb-1,7.21,241545216,44.99,egw-qemu-integrated
2026-10-07T12:18:33Z,egw-ditto-gateway-1,46.47,537280512,66.72,egw-qemu-integrated
2026-10-07T12:18:33Z,egw-controller-1,96.96,59342848,22.11,egw-qemu-integrated
2026-10-07T12:18:34Z,egw-mosquitto-1,2.68,5648384,4.21,egw-qemu-integrated
2026-10-07T12:18:34Z,egw-ditto-things-1,96.90,603381760,74.93,egw-qemu-integrated
2026-10-07T12:18:34Z,egw-ditto-policies-1,20.94,555458560,68.97,egw-qemu-integrated
2026-10-07T12:18:34Z,egw-mongodb-1,18.24,241938432,45.06,egw-qemu-integrated
2026-10-07T12:18:34Z,egw-ditto-gateway-1,50.20,537280512,66.72,egw-qemu-integrated
2026-10-07T12:18:34Z,egw-controller-1,26.00,59334656,22.10,egw-qemu-integrated
2026-10-07T12:18:35Z,egw-mosquitto-1,2.37,5648384,4.21,egw-qemu-integrated
2026-10-07T12:18:35Z,egw-ditto-things-1,65.76,603340800,74.92,egw-qemu-integrated
2026-10-07T12:18:35Z,egw-ditto-policies-1,127.13,555503616,68.98,egw-qemu-integrated
2026-10-07T12:18:35Z,egw-mongodb-1,12.11,241672192,45.01,egw-qemu-integrated
2026-10-07T12:18:35Z,egw-ditto-gateway-1,90.94,537559040,66.75,egw-qemu-integrated
2026-10-07T12:18:35Z,egw-controller-1,24.56,59342848,22.11,egw-qemu-integrated
2026-10-07T12:18:36Z,egw-mosquitto-1,2.74,5664768,4.22,egw-qemu-integrated
2026-10-07T12:18:36Z,egw-ditto-things-1,63.50,603389952,74.93,egw-qemu-integrated
2026-10-07T12:18:36Z,egw-ditto-policies-1,61.32,538431488,66.86,egw-qemu-integrated
2026-10-07T12:18:36Z,egw-mongodb-1,6.35,241676288,45.02,egw-qemu-integrated
2026-10-07T12:18:36Z,egw-ditto-gateway-1,84.29,537305088,66.72,egw-qemu-integrated
2026-10-07T12:18:36Z,egw-controller-1,27.00,59351040,22.11,egw-qemu-integrated
2026-10-07T12:18:37Z,egw-mosquitto-1,2.91,5931008,4.42,egw-qemu-integrated
2026-10-07T12:18:37Z,egw-ditto-things-1,93.52,603389952,74.93,egw-qemu-integrated
2026-10-07T12:18:37Z,egw-ditto-policies-1,13.72,538427392,66.86,egw-qemu-integrated
2026-10-07T12:18:37Z,egw-mongodb-1,8.97,241672192,45.01,egw-qemu-integrated
2026-10-07T12:18:37Z,egw-ditto-gateway-1,80.84,537309184,66.72,egw-qemu-integrated
2026-10-07T12:18:37Z,egw-controller-1,25.70,59346944,22.11,egw-qemu-integrated
2026-10-07T12:18:38Z,egw-mosquitto-1,2.53,5668864,4.22,egw-qemu-integrated
2026-10-07T12:18:38Z,egw-ditto-things-1,122.57,603422720,74.93,egw-qemu-integrated
2026-10-07T12:18:38Z,egw-ditto-policies-1,11.31,538427392,66.86,egw-qemu-integrated
2026-10-07T12:18:38Z,egw-mongodb-1,9.32,241672192,45.01,egw-qemu-integrated
2026-10-07T12:18:38Z,egw-ditto-gateway-1,47.18,537317376,66.72,egw-qemu-integrated
2026-10-07T12:18:38Z,egw-controller-1,23.92,59355136,22.11,egw-qemu-integrated
2026-10-07T12:18:39Z,egw-mosquitto-1,8.77,5685248,4.24,egw-qemu-integrated
2026-10-07T12:18:39Z,egw-ditto-things-1,103.31,603369472,74.92,egw-qemu-integrated
2026-10-07T12:18:39Z,egw-ditto-policies-1,31.93,538427392,66.86,egw-qemu-integrated
2026-10-07T12:18:39Z,egw-mongodb-1,18.14,241672192,45.01,egw-qemu-integrated
2026-10-07T12:18:39Z,egw-ditto-gateway-1,76.39,537329664,66.72,egw-qemu-integrated
2026-10-07T12:18:39Z,egw-controller-1,14.23,59355136,22.11,egw-qemu-integrated
2026-10-07T12:18:40Z,egw-mosquitto-1,2.40,5689344,4.24,egw-qemu-integrated
2026-10-07T12:18:40Z,egw-ditto-things-1,35.76,603365376,74.92,egw-qemu-integrated
2026-10-07T12:18:40Z,egw-ditto-policies-1,30.13,538427392,66.86,egw-qemu-integrated
2026-10-07T12:18:40Z,egw-mongodb-1,4.08,241672192,45.01,egw-qemu-integrated
2026-10-07T12:18:40Z,egw-ditto-gateway-1,119.70,539148288,66.95,egw-qemu-integrated
2026-10-07T12:18:40Z,egw-controller-1,14.44,59359232,22.11,egw-qemu-integrated
2026-10-07T12:18:42Z,egw-mosquitto-1,2.07,5697536,4.24,egw-qemu-integrated
2026-10-07T12:18:42Z,egw-ditto-things-1,104.73,603414528,74.93,egw-qemu-integrated
2026-10-07T12:18:42Z,egw-ditto-policies-1,21.09,538435584,66.86,egw-qemu-integrated
2026-10-07T12:18:42Z,egw-mongodb-1,14.93,241811456,45.04,egw-qemu-integrated
2026-10-07T12:18:42Z,egw-ditto-gateway-1,131.77,537395200,66.73,egw-qemu-integrated
2026-10-07T12:18:42Z,egw-controller-1,19.75,59371520,22.12,egw-qemu-integrated
2026-10-07T12:18:43Z,egw-mosquitto-1,2.17,5693440,4.24,egw-qemu-integrated
2026-10-07T12:18:43Z,egw-ditto-things-1,79.43,603439104,74.93,egw-qemu-integrated
2026-10-07T12:18:43Z,egw-ditto-policies-1,25.51,538427392,66.86,egw-qemu-integrated
2026-10-07T12:18:43Z,egw-mongodb-1,7.15,241807360,45.04,egw-qemu-integrated
2026-10-07T12:18:43Z,egw-ditto-gateway-1,120.33,538423296,66.86,egw-qemu-integrated
2026-10-07T12:18:43Z,egw-controller-1,23.62,59629568,22.21,egw-qemu-integrated
2026-10-07T12:18:44Z,egw-mosquitto-1,2.40,5705728,4.25,egw-qemu-integrated
2026-10-07T12:18:44Z,egw-ditto-things-1,83.28,603713536,74.97,egw-qemu-integrated
2026-10-07T12:18:44Z,egw-ditto-policies-1,7.18,538431488,66.86,egw-qemu-integrated
2026-10-07T12:18:44Z,egw-mongodb-1,6.71,241807360,45.04,egw-qemu-integrated
2026-10-07T12:18:44Z,egw-ditto-gateway-1,123.90,538456064,66.86,egw-qemu-integrated
2026-10-07T12:18:44Z,egw-controller-1,25.36,59375616,22.12,egw-qemu-integrated
2026-10-07T12:18:45Z,egw-mosquitto-1,2.13,5705728,4.25,egw-qemu-integrated
2026-10-07T12:18:45Z,egw-ditto-things-1,67.16,603979776,75.00,egw-qemu-integrated
2026-10-07T12:18:45Z,egw-ditto-policies-1,14.90,538427392,66.86,egw-qemu-integrated
2026-10-07T12:18:45Z,egw-mongodb-1,14.50,241811456,45.04,egw-qemu-integrated
2026-10-07T12:18:45Z,egw-ditto-gateway-1,71.37,538468352,66.87,egw-qemu-integrated
2026-10-07T12:18:45Z,egw-controller-1,27.24,59379712,22.12,egw-qemu-integrated
2026-10-07T12:18:46Z,egw-mosquitto-1,1.90,5705728,4.25,egw-qemu-integrated
2026-10-07T12:18:46Z,egw-ditto-things-1,55.69,603471872,74.94,egw-qemu-integrated
2026-10-07T12:18:46Z,egw-ditto-policies-1,25.46,538427392,66.86,egw-qemu-integrated
2026-10-07T12:18:46Z,egw-mongodb-1,7.15,242122752,45.10,egw-qemu-integrated
2026-10-07T12:18:46Z,egw-ditto-gateway-1,76.99,538476544,66.87,egw-qemu-integrated
2026-10-07T12:18:46Z,egw-controller-1,28.65,59379712,22.12,egw-qemu-integrated
2026-10-07T12:18:47Z,egw-mosquitto-1,1.92,5967872,4.45,egw-qemu-integrated
2026-10-07T12:18:47Z,egw-ditto-things-1,63.81,603475968,74.94,egw-qemu-integrated
2026-10-07T12:18:47Z,egw-ditto-policies-1,11.22,538427392,66.86,egw-qemu-integrated
2026-10-07T12:18:47Z,egw-mongodb-1,6.65,241856512,45.05,egw-qemu-integrated
2026-10-07T12:18:47Z,egw-ditto-gateway-1,52.39,538476544,66.87,egw-qemu-integrated
2026-10-07T12:18:47Z,egw-controller-1,29.96,59654144,22.22,egw-qemu-integrated
2026-10-07T12:18:48Z,egw-mosquitto-1,2.05,5713920,4.26,egw-qemu-integrated
2026-10-07T12:18:48Z,egw-ditto-things-1,73.09,603480064,74.94,egw-qemu-integrated
2026-10-07T12:18:48Z,egw-ditto-policies-1,61.78,538427392,66.86,egw-qemu-integrated
2026-10-07T12:18:48Z,egw-mongodb-1,17.18,242692096,45.20,egw-qemu-integrated
2026-10-07T12:18:48Z,egw-ditto-gateway-1,83.61,538750976,66.90,egw-qemu-integrated
2026-10-07T12:18:48Z,egw-controller-1,24.25,59396096,22.13,egw-qemu-integrated
2026-10-07T12:18:49Z,egw-mosquitto-1,1.94,5713920,4.26,egw-qemu-integrated
2026-10-07T12:18:49Z,egw-ditto-things-1,49.34,603484160,74.94,egw-qemu-integrated
2026-10-07T12:18:49Z,egw-ditto-policies-1,28.78,538435584,66.86,egw-qemu-integrated
2026-10-07T12:18:49Z,egw-mongodb-1,7.80,242941952,45.25,egw-qemu-integrated
2026-10-07T12:18:49Z,egw-ditto-gateway-1,104.54,538783744,66.90,egw-qemu-integrated
2026-10-07T12:18:49Z,egw-controller-1,27.75,59392000,22.13,egw-qemu-integrated
2026-10-07T12:18:50Z,egw-mosquitto-1,2.75,5713920,4.26,egw-qemu-integrated
2026-10-07T12:18:50Z,egw-ditto-things-1,56.24,603488256,74.94,egw-qemu-integrated
2026-10-07T12:18:50Z,egw-ditto-policies-1,28.38,538431488,66.86,egw-qemu-integrated
2026-10-07T12:18:50Z,egw-mongodb-1,8.02,243298304,45.32,egw-qemu-integrated
2026-10-07T12:18:50Z,egw-ditto-gateway-1,53.46,538783744,66.90,egw-qemu-integrated
2026-10-07T12:18:50Z,egw-controller-1,27.46,59387904,22.12,egw-qemu-integrated
2026-10-07T12:18:51Z,egw-mosquitto-1,2.00,5713920,4.26,egw-qemu-integrated
2026-10-07T12:18:51Z,egw-ditto-things-1,57.58,603488256,74.94,egw-qemu-integrated
2026-10-07T12:18:51Z,egw-ditto-policies-1,11.89,538431488,66.86,egw-qemu-integrated
2026-10-07T12:18:51Z,egw-mongodb-1,17.89,246493184,45.91,egw-qemu-integrated
2026-10-07T12:18:51Z,egw-ditto-gateway-1,68.12,538796032,66.91,egw-qemu-integrated
2026-10-07T12:18:51Z,egw-controller-1,30.36,59654144,22.22,egw-qemu-integrated
2026-10-07T12:18:52Z,egw-mosquitto-1,1.93,5718016,4.26,egw-qemu-integrated
2026-10-07T12:18:52Z,egw-ditto-things-1,50.20,603447296,74.93,egw-qemu-integrated
2026-10-07T12:18:52Z,egw-ditto-policies-1,12.15,538435584,66.86,egw-qemu-integrated
2026-10-07T12:18:52Z,egw-mongodb-1,6.10,246804480,45.97,egw-qemu-integrated
2026-10-07T12:18:52Z,egw-ditto-gateway-1,52.91,538787840,66.90,egw-qemu-integrated
2026-10-07T12:18:52Z,egw-controller-1,30.55,59400192,22.13,egw-qemu-integrated
2026-10-07T12:18:53Z,egw-mosquitto-1,1.97,5718016,4.26,egw-qemu-integrated
2026-10-07T12:18:53Z,egw-ditto-things-1,57.60,603709440,74.97,egw-qemu-integrated
2026-10-07T12:18:53Z,egw-ditto-policies-1,10.88,538431488,66.86,egw-qemu-integrated
2026-10-07T12:18:53Z,egw-mongodb-1,8.02,246910976,45.99,egw-qemu-integrated
2026-10-07T12:18:53Z,egw-ditto-gateway-1,69.56,538537984,66.87,egw-qemu-integrated
2026-10-07T12:18:53Z,egw-controller-1,28.10,59396096,22.13,egw-qemu-integrated
2026-10-07T12:18:54Z,egw-mosquitto-1,2.10,5980160,4.46,egw-qemu-integrated
2026-10-07T12:18:54Z,egw-ditto-things-1,76.21,603463680,74.94,egw-qemu-integrated
2026-10-07T12:18:54Z,egw-ditto-policies-1,12.14,538431488,66.86,egw-qemu-integrated
2026-10-07T12:18:54Z,egw-mongodb-1,16.84,250269696,46.62,egw-qemu-integrated
2026-10-07T12:18:54Z,egw-ditto-gateway-1,80.75,538808320,66.91,egw-qemu-integrated
2026-10-07T12:18:54Z,egw-controller-1,27.67,59396096,22.13,egw-qemu-integrated
2026-10-07T12:18:55Z,egw-mosquitto-1,2.21,5730304,4.27,egw-qemu-integrated
2026-10-07T12:18:55Z,egw-ditto-things-1,70.57,603475968,74.94,egw-qemu-integrated
2026-10-07T12:18:55Z,egw-ditto-policies-1,17.58,538431488,66.86,egw-qemu-integrated
2026-10-07T12:18:55Z,egw-mongodb-1,8.36,250802176,46.72,egw-qemu-integrated
2026-10-07T12:18:55Z,egw-ditto-gateway-1,54.50,538554368,66.88,egw-qemu-integrated
2026-10-07T12:18:55Z,egw-controller-1,29.51,59392000,22.13,egw-qemu-integrated
2026-10-07T12:18:56Z,egw-mosquitto-1,2.07,5726208,4.27,egw-qemu-integrated
2026-10-07T12:18:56Z,egw-ditto-things-1,87.44,603742208,74.97,egw-qemu-integrated
2026-10-07T12:18:56Z,egw-ditto-policies-1,13.24,538431488,66.86,egw-qemu-integrated
2026-10-07T12:18:56Z,egw-mongodb-1,101.64,344821760,64.23,egw-qemu-integrated
2026-10-07T12:18:56Z,egw-ditto-gateway-1,59.12,538558464,66.88,egw-qemu-integrated
2026-10-07T12:18:56Z,egw-controller-1,21.55,59396096,22.13,egw-qemu-integrated
2026-10-07T12:18:57Z,egw-mosquitto-1,2.19,6254592,4.66,egw-qemu-integrated
2026-10-07T12:18:57Z,egw-ditto-things-1,66.71,603500544,74.94,egw-qemu-integrated
2026-10-07T12:18:57Z,egw-ditto-policies-1,15.58,538435584,66.86,egw-qemu-integrated
2026-10-07T12:18:57Z,egw-mongodb-1,113.78,402092032,74.90,egw-qemu-integrated
2026-10-07T12:18:57Z,egw-ditto-gateway-1,71.12,538570752,66.88,egw-qemu-integrated
2026-10-07T12:18:57Z,egw-controller-1,22.81,59404288,22.13,egw-qemu-integrated
2026-10-07T12:18:58Z,egw-mosquitto-1,24.85,8667136,6.46,egw-qemu-integrated
2026-10-07T12:18:58Z,egw-ditto-things-1,43.81,603496448,74.94,egw-qemu-integrated
2026-10-07T12:18:58Z,egw-ditto-policies-1,22.07,538435584,66.86,egw-qemu-integrated
2026-10-07T12:18:58Z,egw-mongodb-1,109.01,405868544,75.60,egw-qemu-integrated
2026-10-07T12:18:58Z,egw-ditto-gateway-1,66.00,538578944,66.88,egw-qemu-integrated
2026-10-07T12:18:58Z,egw-controller-1,22.19,59412480,22.13,egw-qemu-integrated
2026-10-07T12:18:59Z,egw-mosquitto-1,41.61,5742592,4.28,egw-qemu-integrated
2026-10-07T12:18:59Z,egw-ditto-things-1,52.11,603500544,74.94,egw-qemu-integrated
2026-10-07T12:18:59Z,egw-ditto-policies-1,8.65,538435584,66.86,egw-qemu-integrated
2026-10-07T12:18:59Z,egw-mongodb-1,72.82,406913024,75.79,egw-qemu-integrated
2026-10-07T12:18:59Z,egw-ditto-gateway-1,59.63,538587136,66.88,egw-qemu-integrated
2026-10-07T12:18:59Z,egw-controller-1,21.49,59412480,22.13,egw-qemu-integrated
2026-10-07T12:19:00Z,egw-mosquitto-1,2.17,5742592,4.28,egw-qemu-integrated
2026-10-07T12:19:00Z,egw-ditto-things-1,53.37,603504640,74.94,egw-qemu-integrated
2026-10-07T12:19:00Z,egw-ditto-policies-1,10.52,538435584,66.86,egw-qemu-integrated
2026-10-07T12:19:00Z,egw-mongodb-1,124.80,409284608,76.24,egw-qemu-integrated
2026-10-07T12:19:00Z,egw-ditto-gateway-1,50.49,538591232,66.88,egw-qemu-integrated
2026-10-07T12:19:00Z,egw-controller-1,28.60,59412480,22.13,egw-qemu-integrated
2026-10-07T12:19:01Z,egw-mosquitto-1,2.04,5750784,4.28,egw-qemu-integrated
2026-10-07T12:19:01Z,egw-ditto-things-1,53.92,603734016,74.97,egw-qemu-integrated
2026-10-07T12:19:01Z,egw-ditto-policies-1,21.24,538435584,66.86,egw-qemu-integrated
2026-10-07T12:19:01Z,egw-mongodb-1,123.26,411373568,76.62,egw-qemu-integrated
2026-10-07T12:19:01Z,egw-ditto-gateway-1,87.33,538591232,66.88,egw-qemu-integrated
2026-10-07T12:19:01Z,egw-controller-1,20.46,59682816,22.23,egw-qemu-integrated
2026-10-07T12:19:02Z,egw-mosquitto-1,2.10,5750784,4.28,egw-qemu-integrated
2026-10-07T12:19:02Z,egw-ditto-things-1,69.38,603787264,74.98,egw-qemu-integrated
2026-10-07T12:19:02Z,egw-ditto-policies-1,15.64,538443776,66.86,egw-qemu-integrated
2026-10-07T12:19:02Z,egw-mongodb-1,57.09,246251520,45.87,egw-qemu-integrated
2026-10-07T12:19:02Z,egw-ditto-gateway-1,47.88,538607616,66.88,egw-qemu-integrated
2026-10-07T12:19:02Z,egw-controller-1,25.56,59420672,22.14,egw-qemu-integrated
2026-10-07T12:19:03Z,egw-mosquitto-1,1.94,5750784,4.28,egw-qemu-integrated
2026-10-07T12:19:03Z,egw-ditto-things-1,53.59,603529216,74.94,egw-qemu-integrated
2026-10-07T12:19:03Z,egw-ditto-policies-1,71.40,538476544,66.87,egw-qemu-integrated
2026-10-07T12:19:03Z,egw-mongodb-1,8.80,246255616,45.87,egw-qemu-integrated
2026-10-07T12:19:03Z,egw-ditto-gateway-1,47.87,538615808,66.88,egw-qemu-integrated
2026-10-07T12:19:03Z,egw-controller-1,24.77,59686912,22.24,egw-qemu-integrated
2026-10-07T12:19:04Z,egw-mosquitto-1,2.05,5754880,4.29,egw-qemu-integrated
2026-10-07T12:19:04Z,egw-ditto-things-1,78.00,603553792,74.95,egw-qemu-integrated
2026-10-07T12:19:04Z,egw-ditto-policies-1,8.56,538476544,66.87,egw-qemu-integrated
2026-10-07T12:19:04Z,egw-mongodb-1,6.54,246513664,45.92,egw-qemu-integrated
2026-10-07T12:19:04Z,egw-ditto-gateway-1,77.92,538611712,66.88,egw-qemu-integrated
2026-10-07T12:19:04Z,egw-controller-1,27.34,59424768,22.14,egw-qemu-integrated
2026-10-07T12:19:05Z,egw-mosquitto-1,1.80,5754880,4.29,egw-qemu-integrated
2026-10-07T12:19:05Z,egw-ditto-things-1,69.12,603557888,74.95,egw-qemu-integrated
2026-10-07T12:19:05Z,egw-ditto-policies-1,12.05,538476544,66.87,egw-qemu-integrated
2026-10-07T12:19:05Z,egw-mongodb-1,6.75,246251520,45.87,egw-qemu-integrated
2026-10-07T12:19:05Z,egw-ditto-gateway-1,85.23,538910720,66.92,egw-qemu-integrated
2026-10-07T12:19:05Z,egw-controller-1,72.11,63721472,23.74,egw-qemu-integrated
2026-10-07T12:19:06Z,egw-mosquitto-1,1.78,5754880,4.29,egw-qemu-integrated
2026-10-07T12:19:06Z,egw-ditto-things-1,48.77,603557888,74.95,egw-qemu-integrated
2026-10-07T12:19:06Z,egw-ditto-policies-1,16.97,538484736,66.87,egw-qemu-integrated
2026-10-07T12:19:06Z,egw-mongodb-1,9.11,246362112,45.89,egw-qemu-integrated
2026-10-07T12:19:06Z,egw-ditto-gateway-1,47.97,538648576,66.89,egw-qemu-integrated
2026-10-07T12:19:06Z,egw-controller-1,124.75,70160384,26.14,egw-qemu-integrated
2026-10-07T12:19:07Z,egw-mosquitto-1,2.02,5763072,4.29,egw-qemu-integrated
2026-10-07T12:19:07Z,egw-ditto-things-1,55.82,603570176,74.95,egw-qemu-integrated
2026-10-07T12:19:07Z,egw-ditto-policies-1,22.30,538484736,66.87,egw-qemu-integrated
2026-10-07T12:19:07Z,egw-mongodb-1,7.49,246362112,45.89,egw-qemu-integrated
2026-10-07T12:19:07Z,egw-ditto-gateway-1,70.29,538660864,66.89,egw-qemu-integrated
2026-10-07T12:19:07Z,egw-controller-1,124.13,72949760,27.18,egw-qemu-integrated
2026-10-07T12:19:08Z,egw-mosquitto-1,2.04,5767168,4.30,egw-qemu-integrated
2026-10-07T12:19:08Z,egw-ditto-things-1,67.95,603574272,74.95,egw-qemu-integrated
2026-10-07T12:19:08Z,egw-ditto-policies-1,33.26,538484736,66.87,egw-qemu-integrated
2026-10-07T12:19:08Z,egw-mongodb-1,7.33,246366208,45.89,egw-qemu-integrated
2026-10-07T12:19:08Z,egw-ditto-gateway-1,79.89,538660864,66.89,egw-qemu-integrated
2026-10-07T12:19:08Z,egw-controller-1,63.69,59432960,22.14,egw-qemu-integrated
2026-10-07T12:19:09Z,egw-mosquitto-1,3.62,5771264,4.30,egw-qemu-integrated
2026-10-07T12:19:09Z,egw-ditto-things-1,56.22,603586560,74.95,egw-qemu-integrated
2026-10-07T12:19:09Z,egw-ditto-policies-1,13.46,538488832,66.87,egw-qemu-integrated
2026-10-07T12:19:09Z,egw-mongodb-1,10.58,246366208,45.89,egw-qemu-integrated
2026-10-07T12:19:09Z,egw-ditto-gateway-1,116.10,535453696,66.49,egw-qemu-integrated
2026-10-07T12:19:09Z,egw-controller-1,24.84,59437056,22.14,egw-qemu-integrated
2026-10-07T12:19:10Z,egw-mosquitto-1,2.61,5771264,4.30,egw-qemu-integrated
2026-10-07T12:19:10Z,egw-ditto-things-1,115.47,603545600,74.95,egw-qemu-integrated
2026-10-07T12:19:10Z,egw-ditto-policies-1,41.41,538750976,66.90,egw-qemu-integrated
2026-10-07T12:19:10Z,egw-mongodb-1,25.94,246374400,45.89,egw-qemu-integrated
2026-10-07T12:19:10Z,egw-ditto-gateway-1,30.29,535453696,66.49,egw-qemu-integrated
2026-10-07T12:19:10Z,egw-controller-1,13.07,59437056,22.14,egw-qemu-integrated
2026-10-07T12:19:11Z,egw-mosquitto-1,2.28,6041600,4.50,egw-qemu-integrated
2026-10-07T12:19:11Z,egw-ditto-things-1,103.51,603570176,74.95,egw-qemu-integrated
2026-10-07T12:19:11Z,egw-ditto-policies-1,56.94,538488832,66.87,egw-qemu-integrated
2026-10-07T12:19:11Z,egw-mongodb-1,6.45,246411264,45.90,egw-qemu-integrated
2026-10-07T12:19:11Z,egw-ditto-gateway-1,121.96,535457792,66.49,egw-qemu-integrated
2026-10-07T12:19:11Z,egw-controller-1,12.12,59707392,22.24,egw-qemu-integrated
2026-10-07T12:19:12Z,egw-mosquitto-1,2.51,5791744,4.32,egw-qemu-integrated
2026-10-07T12:19:12Z,egw-ditto-things-1,64.97,603590656,74.95,egw-qemu-integrated
2026-10-07T12:19:12Z,egw-ditto-policies-1,39.31,538750976,66.90,egw-qemu-integrated
2026-10-07T12:19:12Z,egw-mongodb-1,20.53,246419456,45.90,egw-qemu-integrated
2026-10-07T12:19:12Z,egw-ditto-gateway-1,74.44,535457792,66.49,egw-qemu-integrated
2026-10-07T12:19:12Z,egw-controller-1,24.14,59457536,22.15,egw-qemu-integrated
2026-10-07T12:19:13Z,egw-mosquitto-1,2.50,5791744,4.32,egw-qemu-integrated
2026-10-07T12:19:13Z,egw-ditto-things-1,69.60,603557888,74.95,egw-qemu-integrated
2026-10-07T12:19:13Z,egw-ditto-policies-1,38.44,538497024,66.87,egw-qemu-integrated
2026-10-07T12:19:13Z,egw-mongodb-1,21.64,247930880,46.18,egw-qemu-integrated
2026-10-07T12:19:13Z,egw-ditto-gateway-1,113.71,535457792,66.49,egw-qemu-integrated
2026-10-07T12:19:13Z,egw-controller-1,20.46,59453440,22.15,egw-qemu-integrated
2026-10-07T12:19:14Z,egw-mosquitto-1,1.86,5795840,4.32,egw-qemu-integrated
2026-10-07T12:19:14Z,egw-ditto-things-1,85.20,603615232,74.95,egw-qemu-integrated
2026-10-07T12:19:14Z,egw-ditto-policies-1,17.42,538488832,66.87,egw-qemu-integrated
2026-10-07T12:19:14Z,egw-mongodb-1,6.74,247930880,46.18,egw-qemu-integrated
2026-10-07T12:19:14Z,egw-ditto-gateway-1,61.42,535719936,66.52,egw-qemu-integrated
2026-10-07T12:19:14Z,egw-controller-1,28.95,59461632,22.15,egw-qemu-integrated
2026-10-07T12:19:16Z,egw-mosquitto-1,2.10,5795840,4.32,egw-qemu-integrated
2026-10-07T12:19:16Z,egw-ditto-things-1,83.97,603635712,74.96,egw-qemu-integrated
2026-10-07T12:19:16Z,egw-ditto-policies-1,12.39,538488832,66.87,egw-qemu-integrated
2026-10-07T12:19:16Z,egw-mongodb-1,15.63,247939072,46.18,egw-qemu-integrated
2026-10-07T12:19:16Z,egw-ditto-gateway-1,52.25,535719936,66.52,egw-qemu-integrated
2026-10-07T12:19:16Z,egw-controller-1,28.72,59465728,22.15,egw-qemu-integrated
2026-10-07T12:19:17Z,egw-mosquitto-1,2.19,5799936,4.32,egw-qemu-integrated
2026-10-07T12:19:17Z,egw-ditto-things-1,74.26,603631616,74.96,egw-qemu-integrated
2026-10-07T12:19:17Z,egw-ditto-policies-1,8.62,538488832,66.87,egw-qemu-integrated
2026-10-07T12:19:17Z,egw-mongodb-1,7.98,247939072,46.18,egw-qemu-integrated
2026-10-07T12:19:17Z,egw-ditto-gateway-1,52.97,535465984,66.49,egw-qemu-integrated
2026-10-07T12:19:17Z,egw-controller-1,24.92,59977728,22.34,egw-qemu-integrated
2026-10-07T12:19:18Z,egw-mosquitto-1,1.97,5804032,4.32,egw-qemu-integrated
2026-10-07T12:19:18Z,egw-ditto-things-1,56.94,603680768,74.96,egw-qemu-integrated
2026-10-07T12:19:18Z,egw-ditto-policies-1,16.89,538492928,66.87,egw-qemu-integrated
2026-10-07T12:19:18Z,egw-mongodb-1,8.37,247939072,46.18,egw-qemu-integrated
2026-10-07T12:19:18Z,egw-ditto-gateway-1,60.91,535461888,66.49,egw-qemu-integrated
2026-10-07T12:19:18Z,egw-controller-1,27.91,59461632,22.15,egw-qemu-integrated
2026-10-07T12:19:19Z,egw-mosquitto-1,1.64,5791744,4.32,egw-qemu-integrated
2026-10-07T12:19:19Z,egw-ditto-things-1,113.45,603705344,74.97,egw-qemu-integrated
2026-10-07T12:19:19Z,egw-ditto-policies-1,48.05,538505216,66.87,egw-qemu-integrated
2026-10-07T12:19:19Z,egw-mongodb-1,17.31,247943168,46.18,egw-qemu-integrated
2026-10-07T12:19:19Z,egw-ditto-gateway-1,45.59,535457792,66.49,egw-qemu-integrated
2026-10-07T12:19:19Z,egw-controller-1,18.51,59461632,22.15,egw-qemu-integrated
2026-10-07T12:19:20Z,egw-mosquitto-1,2.11,5804032,4.32,egw-qemu-integrated
2026-10-07T12:19:20Z,egw-ditto-things-1,50.91,603709440,74.97,egw-qemu-integrated
2026-10-07T12:19:20Z,egw-ditto-policies-1,12.54,538505216,66.87,egw-qemu-integrated
2026-10-07T12:19:20Z,egw-mongodb-1,7.79,247947264,46.18,egw-qemu-integrated
2026-10-07T12:19:20Z,egw-ditto-gateway-1,47.56,535457792,66.49,egw-qemu-integrated
2026-10-07T12:19:20Z,egw-controller-1,27.38,59469824,22.15,egw-qemu-integrated
2026-10-07T12:19:21Z,egw-mosquitto-1,1.83,5808128,4.33,egw-qemu-integrated
2026-10-07T12:19:21Z,egw-ditto-things-1,47.76,603701248,74.97,egw-qemu-integrated
2026-10-07T12:19:21Z,egw-ditto-policies-1,21.84,538505216,66.87,egw-qemu-integrated
2026-10-07T12:19:21Z,egw-mongodb-1,8.57,248287232,46.25,egw-qemu-integrated
2026-10-07T12:19:21Z,egw-ditto-gateway-1,81.37,535457792,66.49,egw-qemu-integrated
2026-10-07T12:19:21Z,egw-controller-1,26.09,59469824,22.15,egw-qemu-integrated
2026-10-07T12:19:22Z,egw-mosquitto-1,2.66,6025216,4.49,egw-qemu-integrated
2026-10-07T12:19:22Z,egw-ditto-things-1,28.79,603668480,74.96,egw-qemu-integrated
2026-10-07T12:19:22Z,egw-ditto-policies-1,78.10,538533888,66.87,egw-qemu-integrated
2026-10-07T12:19:22Z,egw-mongodb-1,9.40,248291328,46.25,egw-qemu-integrated
2026-10-07T12:19:22Z,egw-ditto-gateway-1,39.60,535461888,66.49,egw-qemu-integrated
2026-10-07T12:19:23Z,egw-mosquitto-1,1.22,5771264,4.30,egw-qemu-integrated
2026-10-07T12:19:23Z,egw-ditto-things-1,26.86,603594752,74.95,egw-qemu-integrated
2026-10-07T12:19:23Z,egw-ditto-policies-1,12.88,538533888,66.87,egw-qemu-integrated
2026-10-07T12:19:23Z,egw-mongodb-1,5.59,248037376,46.20,egw-qemu-integrated
2026-10-07T12:19:23Z,egw-ditto-gateway-1,12.62,535433216,66.49,egw-qemu-integrated
2026-10-07T12:19:24Z,egw-mosquitto-1,1.72,5775360,4.30,egw-qemu-integrated
2026-10-07T12:19:24Z,egw-ditto-things-1,52.08,603607040,74.95,egw-qemu-integrated
2026-10-07T12:19:24Z,egw-ditto-policies-1,15.52,538533888,66.87,egw-qemu-integrated
2026-10-07T12:19:24Z,egw-mongodb-1,4.27,248037376,46.20,egw-qemu-integrated
2026-10-07T12:19:24Z,egw-ditto-gateway-1,15.13,535261184,66.47,egw-qemu-integrated
2026-10-07T12:19:25Z,egw-mosquitto-1,1.64,5787648,4.31,egw-qemu-integrated
2026-10-07T12:19:25Z,egw-ditto-things-1,16.35,603607040,74.95,egw-qemu-integrated
2026-10-07T12:19:25Z,egw-ditto-policies-1,11.61,538533888,66.87,egw-qemu-integrated
2026-10-07T12:19:25Z,egw-mongodb-1,7.70,248041472,46.20,egw-qemu-integrated
2026-10-07T12:19:25Z,egw-ditto-gateway-1,12.46,535261184,66.47,egw-qemu-integrated
2026-10-07T12:19:26Z,egw-mosquitto-1,2.50,6057984,4.51,egw-qemu-integrated
2026-10-07T12:19:26Z,egw-ditto-things-1,15.54,603607040,74.95,egw-qemu-integrated
2026-10-07T12:19:26Z,egw-ditto-policies-1,19.08,538550272,66.88,egw-qemu-integrated
2026-10-07T12:19:26Z,egw-mongodb-1,16.04,248201216,46.23,egw-qemu-integrated
2026-10-07T12:19:26Z,egw-ditto-gateway-1,14.30,535261184,66.47,egw-qemu-integrated
2026-10-07T12:19:26Z,egw-controller-1,9.43,3481600,1.30,egw-qemu-integrated
2026-10-07T12:19:27Z,egw-mosquitto-1,2.40,5804032,4.32,egw-qemu-integrated
2026-10-07T12:19:27Z,egw-ditto-things-1,78.59,603607040,74.95,egw-qemu-integrated
2026-10-07T12:19:27Z,egw-ditto-policies-1,58.17,538550272,66.88,egw-qemu-integrated
2026-10-07T12:19:27Z,egw-mongodb-1,16.21,248201216,46.23,egw-qemu-integrated
2026-10-07T12:19:27Z,egw-ditto-gateway-1,74.29,535261184,66.47,egw-qemu-integrated
2026-10-07T12:19:27Z,egw-controller-1,49.64,6598656,2.46,egw-qemu-integrated
2026-10-07T12:19:28Z,egw-mosquitto-1,1.16,5816320,4.33,egw-qemu-integrated
2026-10-07T12:19:28Z,egw-ditto-things-1,46.35,603615232,74.95,egw-qemu-integrated
2026-10-07T12:19:28Z,egw-ditto-policies-1,22.38,538554368,66.88,egw-qemu-integrated
2026-10-07T12:19:28Z,egw-mongodb-1,2.55,248201216,46.23,egw-qemu-integrated
2026-10-07T12:19:28Z,egw-ditto-gateway-1,33.74,535261184,66.47,egw-qemu-integrated
2026-10-07T12:19:28Z,egw-controller-1,98.08,9887744,3.68,egw-qemu-integrated
2026-10-07T12:19:29Z,egw-mosquitto-1,1.26,5820416,4.34,egw-qemu-integrated
2026-10-07T12:19:29Z,egw-ditto-things-1,46.39,603619328,74.96,egw-qemu-integrated
2026-10-07T12:19:29Z,egw-ditto-policies-1,42.52,541728768,67.27,egw-qemu-integrated
2026-10-07T12:19:29Z,egw-mongodb-1,20.62,248205312,46.23,egw-qemu-integrated
2026-10-07T12:19:29Z,egw-ditto-gateway-1,26.92,535269376,66.47,egw-qemu-integrated
2026-10-07T12:19:29Z,egw-controller-1,90.26,15138816,5.64,egw-qemu-integrated
2026-10-07T12:19:30Z,egw-mosquitto-1,1.22,5832704,4.35,egw-qemu-integrated
2026-10-07T12:19:30Z,egw-ditto-things-1,40.43,603623424,74.96,egw-qemu-integrated
2026-10-07T12:19:30Z,egw-ditto-policies-1,13.10,542052352,67.31,egw-qemu-integrated
2026-10-07T12:19:30Z,egw-mongodb-1,2.71,248205312,46.23,egw-qemu-integrated
2026-10-07T12:19:30Z,egw-ditto-gateway-1,24.26,535261184,66.47,egw-qemu-integrated
2026-10-07T12:19:30Z,egw-controller-1,96.04,16289792,6.07,egw-qemu-integrated
2026-10-07T12:19:31Z,egw-mosquitto-1,63.31,5857280,4.36,egw-qemu-integrated
2026-10-07T12:19:31Z,egw-ditto-things-1,24.68,603635712,74.96,egw-qemu-integrated
2026-10-07T12:19:31Z,egw-ditto-policies-1,10.64,542146560,67.32,egw-qemu-integrated
2026-10-07T12:19:31Z,egw-mongodb-1,7.61,248283136,46.25,egw-qemu-integrated
2026-10-07T12:19:31Z,egw-ditto-gateway-1,15.22,535265280,66.47,egw-qemu-integrated
2026-10-07T12:19:31Z,egw-controller-1,98.47,17481728,6.51,egw-qemu-integrated
2026-10-07T12:19:32Z,egw-mosquitto-1,1.16,5865472,4.37,egw-qemu-integrated
2026-10-07T12:19:32Z,egw-ditto-things-1,11.29,603631616,74.96,egw-qemu-integrated
2026-10-07T12:19:32Z,egw-ditto-policies-1,15.89,542629888,67.38,egw-qemu-integrated
2026-10-07T12:19:32Z,egw-mongodb-1,9.35,248291328,46.25,egw-qemu-integrated
2026-10-07T12:19:32Z,egw-ditto-gateway-1,9.20,535261184,66.47,egw-qemu-integrated
2026-10-07T12:19:32Z,egw-controller-1,94.76,19988480,7.45,egw-qemu-integrated
2026-10-07T12:19:33Z,egw-mosquitto-1,1.41,5869568,4.37,egw-qemu-integrated
2026-10-07T12:19:33Z,egw-ditto-things-1,12.21,603635712,74.96,egw-qemu-integrated
2026-10-07T12:19:33Z,egw-ditto-policies-1,13.98,542511104,67.37,egw-qemu-integrated
2026-10-07T12:19:33Z,egw-mongodb-1,7.43,248991744,46.38,egw-qemu-integrated
2026-10-07T12:19:33Z,egw-ditto-gateway-1,9.94,535261184,66.47,egw-qemu-integrated
2026-10-07T12:19:33Z,egw-controller-1,98.76,25518080,9.51,egw-qemu-integrated
2026-10-07T12:19:34Z,egw-mosquitto-1,1.52,5885952,4.39,egw-qemu-integrated
2026-10-07T12:19:34Z,egw-ditto-things-1,17.76,603643904,74.96,egw-qemu-integrated
2026-10-07T12:19:34Z,egw-ditto-policies-1,13.08,542965760,67.42,egw-qemu-integrated
2026-10-07T12:19:34Z,egw-mongodb-1,107.76,363995136,67.80,egw-qemu-integrated
2026-10-07T12:19:34Z,egw-ditto-gateway-1,13.93,535244800,66.46,egw-qemu-integrated
2026-10-07T12:19:34Z,egw-controller-1,100.73,28553216,10.64,egw-qemu-integrated
2026-10-07T12:19:35Z,egw-mosquitto-1,2.18,5885952,4.39,egw-qemu-integrated
2026-10-07T12:19:35Z,egw-ditto-things-1,35.45,603639808,74.96,egw-qemu-integrated
2026-10-07T12:19:35Z,egw-ditto-policies-1,56.90,543596544,67.50,egw-qemu-integrated
2026-10-07T12:19:35Z,egw-mongodb-1,79.97,395915264,73.74,egw-qemu-integrated
2026-10-07T12:19:35Z,egw-ditto-gateway-1,16.70,535261184,66.47,egw-qemu-integrated
2026-10-07T12:19:35Z,egw-controller-1,89.30,29048832,10.82,egw-qemu-integrated
2026-10-07T12:19:36Z,egw-mosquitto-1,2.18,5898240,4.39,egw-qemu-integrated
2026-10-07T12:19:36Z,egw-ditto-things-1,45.86,603652096,74.96,egw-qemu-integrated
2026-10-07T12:19:36Z,egw-ditto-policies-1,69.17,543121408,67.44,egw-qemu-integrated
2026-10-07T12:19:36Z,egw-mongodb-1,121.70,399261696,74.37,egw-qemu-integrated
2026-10-07T12:19:36Z,egw-ditto-gateway-1,13.90,535261184,66.47,egw-qemu-integrated
2026-10-07T12:19:36Z,egw-controller-1,97.80,35016704,13.04,egw-qemu-integrated
2026-10-07T12:19:37Z,egw-mosquitto-1,1.51,5910528,4.40,egw-qemu-integrated
2026-10-07T12:19:37Z,egw-ditto-things-1,16.16,603652096,74.96,egw-qemu-integrated
2026-10-07T12:19:37Z,egw-ditto-policies-1,25.89,543252480,67.46,egw-qemu-integrated
2026-10-07T12:19:37Z,egw-mongodb-1,112.73,402063360,74.89,egw-qemu-integrated
2026-10-07T12:19:37Z,egw-ditto-gateway-1,11.68,535261184,66.47,egw-qemu-integrated
2026-10-07T12:19:37Z,egw-controller-1,96.17,37785600,14.08,egw-qemu-integrated
2026-10-07T12:19:38Z,egw-mosquitto-1,1.48,5914624,4.41,egw-qemu-integrated
2026-10-07T12:19:38Z,egw-ditto-things-1,14.05,603652096,74.96,egw-qemu-integrated
2026-10-07T12:19:38Z,egw-ditto-policies-1,14.94,543502336,67.49,egw-qemu-integrated
2026-10-07T12:19:38Z,egw-mongodb-1,133.10,408678400,76.12,egw-qemu-integrated
2026-10-07T12:19:38Z,egw-ditto-gateway-1,11.71,535261184,66.47,egw-qemu-integrated
2026-10-07T12:19:38Z,egw-controller-1,93.30,41005056,15.28,egw-qemu-integrated
2026-10-07T12:19:39Z,egw-mosquitto-1,14.13,6705152,5.00,egw-qemu-integrated
2026-10-07T12:19:39Z,egw-ditto-things-1,19.43,603652096,74.96,egw-qemu-integrated
2026-10-07T12:19:39Z,egw-ditto-policies-1,36.93,547057664,67.93,egw-qemu-integrated
2026-10-07T12:19:39Z,egw-mongodb-1,114.37,412864512,76.90,egw-qemu-integrated
2026-10-07T12:19:39Z,egw-ditto-gateway-1,49.91,535269376,66.47,egw-qemu-integrated
2026-10-07T12:19:39Z,egw-controller-1,71.44,42176512,15.71,egw-qemu-integrated
2026-10-07T12:19:40Z,egw-mosquitto-1,5.75,6479872,4.83,egw-qemu-integrated
2026-10-07T12:19:40Z,egw-ditto-things-1,50.02,603967488,75.00,egw-qemu-integrated
2026-10-07T12:19:40Z,egw-ditto-policies-1,11.75,547061760,67.93,egw-qemu-integrated
2026-10-07T12:19:40Z,egw-mongodb-1,82.20,247468032,46.09,egw-qemu-integrated
2026-10-07T12:19:40Z,egw-ditto-gateway-1,51.59,535371776,66.48,egw-qemu-integrated
2026-10-07T12:19:40Z,egw-controller-1,78.92,42639360,15.88,egw-qemu-integrated
2026-10-07T12:19:41Z,egw-mosquitto-1,1.50,6189056,4.61,egw-qemu-integrated
2026-10-07T12:19:41Z,egw-ditto-things-1,65.16,603897856,74.99,egw-qemu-integrated
2026-10-07T12:19:41Z,egw-ditto-policies-1,10.57,547065856,67.93,egw-qemu-integrated
2026-10-07T12:19:41Z,egw-mongodb-1,18.21,247504896,46.10,egw-qemu-integrated
2026-10-07T12:19:41Z,egw-ditto-gateway-1,63.13,535482368,66.49,egw-qemu-integrated
2026-10-07T12:19:41Z,egw-controller-1,101.66,43126784,16.07,egw-qemu-integrated
2026-10-07T12:19:42Z,egw-mosquitto-1,3.37,6156288,4.59,egw-qemu-integrated
2026-10-07T12:19:42Z,egw-ditto-things-1,91.36,603963392,75.00,egw-qemu-integrated
2026-10-07T12:19:42Z,egw-ditto-policies-1,9.91,547069952,67.93,egw-qemu-integrated
2026-10-07T12:19:42Z,egw-mongodb-1,6.12,247504896,46.10,egw-qemu-integrated
2026-10-07T12:19:42Z,egw-ditto-gateway-1,50.30,535486464,66.49,egw-qemu-integrated
2026-10-07T12:19:42Z,egw-controller-1,92.33,43114496,16.06,egw-qemu-integrated
2026-10-07T12:19:43Z,egw-mosquitto-1,2.94,6041600,4.50,egw-qemu-integrated
2026-10-07T12:19:43Z,egw-ditto-things-1,96.17,605954048,75.25,egw-qemu-integrated
2026-10-07T12:19:43Z,egw-ditto-policies-1,11.14,547065856,67.93,egw-qemu-integrated
2026-10-07T12:19:43Z,egw-mongodb-1,5.95,247762944,46.15,egw-qemu-integrated
2026-10-07T12:19:43Z,egw-ditto-gateway-1,48.21,535486464,66.49,egw-qemu-integrated
2026-10-07T12:19:43Z,egw-controller-1,26.80,43143168,16.07,egw-qemu-integrated
2026-10-07T12:19:44Z,egw-mosquitto-1,1.88,6045696,4.50,egw-qemu-integrated
2026-10-07T12:19:44Z,egw-ditto-things-1,82.68,603979776,75.00,egw-qemu-integrated
2026-10-07T12:19:44Z,egw-ditto-policies-1,15.36,547074048,67.93,egw-qemu-integrated
2026-10-07T12:19:44Z,egw-mongodb-1,14.14,247521280,46.10,egw-qemu-integrated
2026-10-07T12:19:44Z,egw-ditto-gateway-1,58.89,535756800,66.53,egw-qemu-integrated
2026-10-07T12:19:44Z,egw-controller-1,26.26,43159552,16.08,egw-qemu-integrated
2026-10-07T12:19:45Z,egw-mosquitto-1,1.96,6049792,4.51,egw-qemu-integrated
2026-10-07T12:19:45Z,egw-ditto-things-1,45.78,603975680,75.00,egw-qemu-integrated
2026-10-07T12:19:45Z,egw-ditto-policies-1,8.46,547069952,67.93,egw-qemu-integrated
2026-10-07T12:19:45Z,egw-mongodb-1,6.09,247521280,46.10,egw-qemu-integrated
2026-10-07T12:19:45Z,egw-ditto-gateway-1,100.30,535502848,66.50,egw-qemu-integrated
2026-10-07T12:19:45Z,egw-controller-1,26.92,43446272,16.18,egw-qemu-integrated
2026-10-07T12:19:46Z,egw-mosquitto-1,2.02,6045696,4.50,egw-qemu-integrated
2026-10-07T12:19:46Z,egw-ditto-things-1,74.49,603987968,75.00,egw-qemu-integrated
2026-10-07T12:19:46Z,egw-ditto-policies-1,11.55,547074048,67.93,egw-qemu-integrated
2026-10-07T12:19:46Z,egw-mongodb-1,7.24,247521280,46.10,egw-qemu-integrated
2026-10-07T12:19:46Z,egw-ditto-gateway-1,73.28,535511040,66.50,egw-qemu-integrated
2026-10-07T12:19:46Z,egw-controller-1,28.80,43450368,16.19,egw-qemu-integrated
2026-10-07T12:19:47Z,egw-mosquitto-1,2.95,6307840,4.70,egw-qemu-integrated
2026-10-07T12:19:47Z,egw-ditto-things-1,175.38,604000256,75.00,egw-qemu-integrated
2026-10-07T12:19:47Z,egw-ditto-policies-1,28.61,547078144,67.93,egw-qemu-integrated
2026-10-07T12:19:47Z,egw-mongodb-1,15.50,247533568,46.11,egw-qemu-integrated
2026-10-07T12:19:47Z,egw-ditto-gateway-1,40.01,535511040,66.50,egw-qemu-integrated
2026-10-07T12:19:47Z,egw-controller-1,18.72,43483136,16.20,egw-qemu-integrated
2026-10-07T12:19:49Z,egw-mosquitto-1,2.13,6320128,4.71,egw-qemu-integrated
2026-10-07T12:19:49Z,egw-ditto-things-1,145.24,603959296,75.00,egw-qemu-integrated
2026-10-07T12:19:49Z,egw-ditto-policies-1,41.64,547078144,67.93,egw-qemu-integrated
2026-10-07T12:19:49Z,egw-mongodb-1,17.65,247533568,46.11,egw-qemu-integrated
2026-10-07T12:19:49Z,egw-ditto-gateway-1,54.75,535511040,66.50,egw-qemu-integrated
2026-10-07T12:19:49Z,egw-controller-1,9.63,43225088,16.10,egw-qemu-integrated
2026-10-07T12:19:50Z,egw-mosquitto-1,1.92,6062080,4.52,egw-qemu-integrated
2026-10-07T12:19:50Z,egw-ditto-things-1,69.64,603951104,75.00,egw-qemu-integrated
2026-10-07T12:19:50Z,egw-ditto-policies-1,37.17,547078144,67.93,egw-qemu-integrated
2026-10-07T12:19:50Z,egw-mongodb-1,5.70,247533568,46.11,egw-qemu-integrated
2026-10-07T12:19:50Z,egw-ditto-gateway-1,118.44,535523328,66.50,egw-qemu-integrated
2026-10-07T12:19:50Z,egw-controller-1,19.54,43233280,16.11,egw-qemu-integrated
2026-10-07T12:19:51Z,egw-mosquitto-1,1.81,6066176,4.52,egw-qemu-integrated
2026-10-07T12:19:51Z,egw-ditto-things-1,70.97,603992064,75.00,egw-qemu-integrated
2026-10-07T12:19:51Z,egw-ditto-policies-1,22.39,547078144,67.93,egw-qemu-integrated
2026-10-07T12:19:51Z,egw-mongodb-1,18.71,247554048,46.11,egw-qemu-integrated
2026-10-07T12:19:51Z,egw-ditto-gateway-1,103.97,535801856,66.53,egw-qemu-integrated
2026-10-07T12:19:51Z,egw-controller-1,25.49,43233280,16.11,egw-qemu-integrated
2026-10-07T12:19:52Z,egw-mosquitto-1,1.67,6070272,4.52,egw-qemu-integrated
2026-10-07T12:19:52Z,egw-ditto-things-1,83.36,603996160,75.00,egw-qemu-integrated
2026-10-07T12:19:52Z,egw-ditto-policies-1,8.08,547078144,67.93,egw-qemu-integrated
2026-10-07T12:19:52Z,egw-mongodb-1,9.90,247558144,46.11,egw-qemu-integrated
2026-10-07T12:19:52Z,egw-ditto-gateway-1,65.40,535814144,66.54,egw-qemu-integrated
2026-10-07T12:19:52Z,egw-controller-1,29.36,43245568,16.11,egw-qemu-integrated
2026-10-07T12:19:53Z,egw-mosquitto-1,2.20,6070272,4.52,egw-qemu-integrated
2026-10-07T12:19:53Z,egw-ditto-things-1,75.29,603996160,75.00,egw-qemu-integrated
2026-10-07T12:19:53Z,egw-ditto-policies-1,7.94,547078144,67.93,egw-qemu-integrated
2026-10-07T12:19:53Z,egw-mongodb-1,6.58,247558144,46.11,egw-qemu-integrated
2026-10-07T12:19:53Z,egw-ditto-gateway-1,91.78,535584768,66.51,egw-qemu-integrated
2026-10-07T12:19:53Z,egw-controller-1,26.87,43245568,16.11,egw-qemu-integrated
2026-10-07T12:19:54Z,egw-mosquitto-1,1.99,6066176,4.52,egw-qemu-integrated
2026-10-07T12:19:54Z,egw-ditto-things-1,127.30,604262400,75.04,egw-qemu-integrated
2026-10-07T12:19:54Z,egw-ditto-policies-1,9.97,547082240,67.93,egw-qemu-integrated
2026-10-07T12:19:54Z,egw-mongodb-1,14.59,247570432,46.11,egw-qemu-integrated
2026-10-07T12:19:54Z,egw-ditto-gateway-1,70.30,535597056,66.51,egw-qemu-integrated
2026-10-07T12:19:54Z,egw-controller-1,27.37,43274240,16.12,egw-qemu-integrated
2026-10-07T12:19:55Z,egw-mosquitto-1,2.14,6324224,4.71,egw-qemu-integrated
2026-10-07T12:19:55Z,egw-ditto-things-1,87.36,604262400,75.04,egw-qemu-integrated
2026-10-07T12:19:55Z,egw-ditto-policies-1,20.34,547082240,67.93,egw-qemu-integrated
2026-10-07T12:19:55Z,egw-mongodb-1,6.85,247586816,46.12,egw-qemu-integrated
2026-10-07T12:19:55Z,egw-ditto-gateway-1,71.89,535605248,66.51,egw-qemu-integrated
2026-10-07T12:19:55Z,egw-controller-1,27.47,43261952,16.12,egw-qemu-integrated
2026-10-07T12:19:56Z,egw-mosquitto-1,1.99,6070272,4.52,egw-qemu-integrated
2026-10-07T12:19:56Z,egw-ditto-things-1,64.63,604262400,75.04,egw-qemu-integrated
2026-10-07T12:19:56Z,egw-ditto-policies-1,9.64,547082240,67.93,egw-qemu-integrated
2026-10-07T12:19:56Z,egw-mongodb-1,7.57,248111104,46.21,egw-qemu-integrated
2026-10-07T12:19:56Z,egw-ditto-gateway-1,53.58,535605248,66.51,egw-qemu-integrated
2026-10-07T12:19:56Z,egw-controller-1,27.61,43278336,16.12,egw-qemu-integrated
2026-10-07T12:19:57Z,egw-mosquitto-1,2.16,6070272,4.52,egw-qemu-integrated
2026-10-07T12:19:57Z,egw-ditto-things-1,65.35,604012544,75.00,egw-qemu-integrated
2026-10-07T12:19:57Z,egw-ditto-policies-1,26.07,547090432,67.94,egw-qemu-integrated
2026-10-07T12:19:57Z,egw-mongodb-1,14.89,247595008,46.12,egw-qemu-integrated
2026-10-07T12:19:57Z,egw-ditto-gateway-1,61.85,535617536,66.51,egw-qemu-integrated
2026-10-07T12:19:57Z,egw-controller-1,28.69,43278336,16.12,egw-qemu-integrated
2026-10-07T12:19:58Z,egw-mosquitto-1,1.81,6074368,4.53,egw-qemu-integrated
2026-10-07T12:19:58Z,egw-ditto-things-1,50.15,604004352,75.00,egw-qemu-integrated
2026-10-07T12:19:58Z,egw-ditto-policies-1,42.38,547102720,67.94,egw-qemu-integrated
2026-10-07T12:19:58Z,egw-mongodb-1,6.71,247599104,46.12,egw-qemu-integrated
2026-10-07T12:19:58Z,egw-ditto-gateway-1,142.64,535609344,66.51,egw-qemu-integrated
2026-10-07T12:19:58Z,egw-controller-1,26.23,43544576,16.22,egw-qemu-integrated
2026-10-07T12:19:59Z,egw-mosquitto-1,2.42,6340608,4.72,egw-qemu-integrated
2026-10-07T12:19:59Z,egw-ditto-things-1,59.76,604008448,75.00,egw-qemu-integrated
2026-10-07T12:19:59Z,egw-ditto-policies-1,18.60,547102720,67.94,egw-qemu-integrated
2026-10-07T12:19:59Z,egw-mongodb-1,5.99,247595008,46.12,egw-qemu-integrated
2026-10-07T12:19:59Z,egw-ditto-gateway-1,113.01,535609344,66.51,egw-qemu-integrated
2026-10-07T12:19:59Z,egw-controller-1,51.47,44888064,16.72,egw-qemu-integrated
2026-10-07T12:20:00Z,egw-mosquitto-1,1.77,6082560,4.53,egw-qemu-integrated
2026-10-07T12:20:00Z,egw-ditto-things-1,76.41,604004352,75.00,egw-qemu-integrated
2026-10-07T12:20:00Z,egw-ditto-policies-1,24.72,547377152,67.97,egw-qemu-integrated
2026-10-07T12:20:00Z,egw-mongodb-1,15.24,247615488,46.12,egw-qemu-integrated
2026-10-07T12:20:00Z,egw-ditto-gateway-1,107.24,538992640,66.93,egw-qemu-integrated
2026-10-07T12:20:00Z,egw-controller-1,92.52,53301248,19.86,egw-qemu-integrated
2026-10-07T12:20:01Z,egw-mosquitto-1,1.80,6082560,4.53,egw-qemu-integrated
2026-10-07T12:20:01Z,egw-ditto-things-1,56.38,603975680,75.00,egw-qemu-integrated
2026-10-07T12:20:01Z,egw-ditto-policies-1,11.52,547110912,67.94,egw-qemu-integrated
2026-10-07T12:20:01Z,egw-mongodb-1,6.61,247611392,46.12,egw-qemu-integrated
2026-10-07T12:20:01Z,egw-ditto-gateway-1,66.01,539234304,66.96,egw-qemu-integrated
2026-10-07T12:20:01Z,egw-controller-1,125.23,54517760,20.31,egw-qemu-integrated
2026-10-07T12:20:02Z,egw-mosquitto-1,1.98,6086656,4.53,egw-qemu-integrated
2026-10-07T12:20:02Z,egw-ditto-things-1,60.15,604008448,75.00,egw-qemu-integrated
2026-10-07T12:20:02Z,egw-ditto-policies-1,9.02,547110912,67.94,egw-qemu-integrated
2026-10-07T12:20:02Z,egw-mongodb-1,9.42,247615488,46.12,egw-qemu-integrated
2026-10-07T12:20:02Z,egw-ditto-gateway-1,59.22,539246592,66.96,egw-qemu-integrated
2026-10-07T12:20:02Z,egw-controller-1,125.42,56602624,21.09,egw-qemu-integrated
2026-10-07T12:20:03Z,egw-mosquitto-1,49.40,7786496,5.80,egw-qemu-integrated
2026-10-07T12:20:03Z,egw-ditto-things-1,53.24,604016640,75.00,egw-qemu-integrated
2026-10-07T12:20:03Z,egw-ditto-policies-1,17.27,547160064,67.94,egw-qemu-integrated
2026-10-07T12:20:03Z,egw-mongodb-1,16.16,247881728,46.17,egw-qemu-integrated
2026-10-07T12:20:03Z,egw-ditto-gateway-1,44.67,539254784,66.96,egw-qemu-integrated
2026-10-07T12:20:03Z,egw-controller-1,41.78,43565056,16.23,egw-qemu-integrated
2026-10-07T12:20:04Z,egw-mosquitto-1,16.91,6098944,4.54,egw-qemu-integrated
2026-10-07T12:20:04Z,egw-ditto-things-1,61.00,604278784,75.04,egw-qemu-integrated
2026-10-07T12:20:04Z,egw-ditto-policies-1,10.50,547160064,67.94,egw-qemu-integrated
2026-10-07T12:20:04Z,egw-mongodb-1,7.83,247623680,46.12,egw-qemu-integrated
2026-10-07T12:20:04Z,egw-ditto-gateway-1,67.69,539258880,66.96,egw-qemu-integrated
2026-10-07T12:20:04Z,egw-controller-1,31.80,43315200,16.14,egw-qemu-integrated
2026-10-07T12:20:05Z,egw-mosquitto-1,2.24,6103040,4.55,egw-qemu-integrated
2026-10-07T12:20:05Z,egw-ditto-things-1,68.52,604033024,75.01,egw-qemu-integrated
2026-10-07T12:20:05Z,egw-ditto-policies-1,15.31,547430400,67.98,egw-qemu-integrated
2026-10-07T12:20:05Z,egw-mongodb-1,14.15,247619584,46.12,egw-qemu-integrated
2026-10-07T12:20:05Z,egw-ditto-gateway-1,53.92,539258880,66.96,egw-qemu-integrated
2026-10-07T12:20:05Z,egw-controller-1,31.14,43315200,16.14,egw-qemu-integrated
2026-10-07T12:20:06Z,egw-mosquitto-1,1.94,6103040,4.55,egw-qemu-integrated
2026-10-07T12:20:06Z,egw-ditto-things-1,59.65,604037120,75.01,egw-qemu-integrated
2026-10-07T12:20:06Z,egw-ditto-policies-1,20.28,547192832,67.95,egw-qemu-integrated
2026-10-07T12:20:06Z,egw-mongodb-1,21.05,247640064,46.13,egw-qemu-integrated
2026-10-07T12:20:06Z,egw-ditto-gateway-1,65.93,539275264,66.97,egw-qemu-integrated
2026-10-07T12:20:06Z,egw-controller-1,29.19,43327488,16.14,egw-qemu-integrated
2026-10-07T12:20:07Z,egw-mosquitto-1,2.50,6103040,4.55,egw-qemu-integrated
2026-10-07T12:20:07Z,egw-ditto-things-1,52.09,604037120,75.01,egw-qemu-integrated
2026-10-07T12:20:07Z,egw-ditto-policies-1,20.35,548126720,68.06,egw-qemu-integrated
2026-10-07T12:20:07Z,egw-mongodb-1,7.99,247640064,46.13,egw-qemu-integrated
2026-10-07T12:20:07Z,egw-ditto-gateway-1,59.57,539283456,66.97,egw-qemu-integrated
2026-10-07T12:20:07Z,egw-controller-1,30.69,43331584,16.14,egw-qemu-integrated
2026-10-07T12:20:08Z,egw-mosquitto-1,2.35,6365184,4.74,egw-qemu-integrated
2026-10-07T12:20:08Z,egw-ditto-things-1,50.01,604041216,75.01,egw-qemu-integrated
2026-10-07T12:20:08Z,egw-ditto-policies-1,74.81,547241984,67.95,egw-qemu-integrated
2026-10-07T12:20:08Z,egw-mongodb-1,7.06,247640064,46.13,egw-qemu-integrated
2026-10-07T12:20:08Z,egw-ditto-gateway-1,52.07,539291648,66.97,egw-qemu-integrated
2026-10-07T12:20:08Z,egw-controller-1,27.92,43339776,16.15,egw-qemu-integrated
2026-10-07T12:20:09Z,egw-mosquitto-1,1.79,6111232,4.55,egw-qemu-integrated
2026-10-07T12:20:09Z,egw-ditto-things-1,73.35,604053504,75.01,egw-qemu-integrated
2026-10-07T12:20:09Z,egw-ditto-policies-1,33.30,547282944,67.96,egw-qemu-integrated
2026-10-07T12:20:09Z,egw-mongodb-1,16.08,247668736,46.13,egw-qemu-integrated
2026-10-07T12:20:09Z,egw-ditto-gateway-1,140.95,539566080,67.00,egw-qemu-integrated
2026-10-07T12:20:09Z,egw-controller-1,23.72,43593728,16.24,egw-qemu-integrated
2026-10-07T12:20:10Z,egw-mosquitto-1,2.24,6115328,4.56,egw-qemu-integrated
2026-10-07T12:20:10Z,egw-ditto-things-1,70.90,604069888,75.01,egw-qemu-integrated
2026-10-07T12:20:10Z,egw-ditto-policies-1,21.41,547303424,67.96,egw-qemu-integrated
2026-10-07T12:20:10Z,egw-mongodb-1,7.35,247930880,46.18,egw-qemu-integrated
2026-10-07T12:20:10Z,egw-ditto-gateway-1,141.72,542986240,67.43,egw-qemu-integrated
2026-10-07T12:20:10Z,egw-controller-1,29.32,43335680,16.14,egw-qemu-integrated
2026-10-07T12:20:11Z,egw-mosquitto-1,2.17,6115328,4.56,egw-qemu-integrated
2026-10-07T12:20:11Z,egw-ditto-things-1,69.42,604078080,75.01,egw-qemu-integrated
2026-10-07T12:20:11Z,egw-ditto-policies-1,16.28,547303424,67.96,egw-qemu-integrated
2026-10-07T12:20:11Z,egw-mongodb-1,6.84,247926784,46.18,egw-qemu-integrated
2026-10-07T12:20:11Z,egw-ditto-gateway-1,67.07,543227904,67.46,egw-qemu-integrated
2026-10-07T12:20:11Z,egw-controller-1,30.59,43352064,16.15,egw-qemu-integrated
2026-10-07T12:20:12Z,egw-mosquitto-1,3.08,6115328,4.56,egw-qemu-integrated
2026-10-07T12:20:12Z,egw-ditto-things-1,73.12,604065792,75.01,egw-qemu-integrated
2026-10-07T12:20:12Z,egw-ditto-policies-1,11.40,547303424,67.96,egw-qemu-integrated
2026-10-07T12:20:12Z,egw-mongodb-1,78.05,254595072,47.42,egw-qemu-integrated
2026-10-07T12:20:12Z,egw-ditto-gateway-1,43.79,543227904,67.46,egw-qemu-integrated
2026-10-07T12:20:12Z,egw-controller-1,23.44,43347968,16.15,egw-qemu-integrated
2026-10-07T12:20:13Z,egw-mosquitto-1,1.96,6119424,4.56,egw-qemu-integrated
2026-10-07T12:20:13Z,egw-ditto-things-1,57.65,604069888,75.01,egw-qemu-integrated
2026-10-07T12:20:13Z,egw-ditto-policies-1,13.25,547319808,67.96,egw-qemu-integrated
2026-10-07T12:20:13Z,egw-mongodb-1,101.69,394977280,73.57,egw-qemu-integrated
2026-10-07T12:20:13Z,egw-ditto-gateway-1,69.47,538189824,66.83,egw-qemu-integrated
2026-10-07T12:20:13Z,egw-controller-1,29.43,43352064,16.15,egw-qemu-integrated
2026-10-07T12:20:14Z,egw-mosquitto-1,2.56,6119424,4.56,egw-qemu-integrated
2026-10-07T12:20:14Z,egw-ditto-things-1,46.03,604069888,75.01,egw-qemu-integrated
2026-10-07T12:20:14Z,egw-ditto-policies-1,14.35,547332096,67.97,egw-qemu-integrated
2026-10-07T12:20:14Z,egw-mongodb-1,137.63,400580608,74.61,egw-qemu-integrated
2026-10-07T12:20:14Z,egw-ditto-gateway-1,38.44,538189824,66.83,egw-qemu-integrated
2026-10-07T12:20:14Z,egw-controller-1,24.92,43356160,16.15,egw-qemu-integrated
2026-10-07T12:20:15Z,egw-mosquitto-1,1.97,6127616,4.57,egw-qemu-integrated
2026-10-07T12:20:15Z,egw-ditto-things-1,49.57,604893184,75.11,egw-qemu-integrated
2026-10-07T12:20:15Z,egw-ditto-policies-1,32.50,547336192,67.97,egw-qemu-integrated
2026-10-07T12:20:15Z,egw-mongodb-1,78.28,400777216,74.65,egw-qemu-integrated
2026-10-07T12:20:15Z,egw-ditto-gateway-1,51.29,538206208,66.83,egw-qemu-integrated
2026-10-07T12:20:15Z,egw-controller-1,24.88,43356160,16.15,egw-qemu-integrated
2026-10-07T12:20:16Z,egw-mosquitto-1,2.84,6127616,4.57,egw-qemu-integrated
2026-10-07T12:20:16Z,egw-ditto-things-1,97.98,604086272,75.01,egw-qemu-integrated
2026-10-07T12:20:16Z,egw-ditto-policies-1,18.50,547344384,67.97,egw-qemu-integrated
2026-10-07T12:20:16Z,egw-mongodb-1,107.79,405659648,75.56,egw-qemu-integrated
2026-10-07T12:20:16Z,egw-ditto-gateway-1,40.24,538193920,66.83,egw-qemu-integrated
2026-10-07T12:20:16Z,egw-controller-1,26.16,43360256,16.15,egw-qemu-integrated
2026-10-07T12:20:17Z,egw-mosquitto-1,3.94,6135808,4.57,egw-qemu-integrated
2026-10-07T12:20:17Z,egw-ditto-things-1,47.08,604078080,75.01,egw-qemu-integrated
2026-10-07T12:20:17Z,egw-ditto-policies-1,33.90,547344384,67.97,egw-qemu-integrated
2026-10-07T12:20:17Z,egw-mongodb-1,115.09,408952832,76.17,egw-qemu-integrated
2026-10-07T12:20:17Z,egw-ditto-gateway-1,76.92,540065792,67.06,egw-qemu-integrated
2026-10-07T12:20:17Z,egw-controller-1,24.14,43368448,16.16,egw-qemu-integrated
2026-10-07T12:20:18Z,egw-mosquitto-1,1.62,6139904,4.57,egw-qemu-integrated
2026-10-07T12:20:18Z,egw-ditto-things-1,97.85,603996160,75.00,egw-qemu-integrated
2026-10-07T12:20:18Z,egw-ditto-policies-1,33.23,547360768,67.97,egw-qemu-integrated
2026-10-07T12:20:18Z,egw-mongodb-1,88.90,411586560,76.66,egw-qemu-integrated
2026-10-07T12:20:18Z,egw-ditto-gateway-1,115.94,539848704,67.04,egw-qemu-integrated
2026-10-07T12:20:18Z,egw-controller-1,5.07,43380736,16.16,egw-qemu-integrated
2026-10-07T12:20:19Z,egw-mosquitto-1,2.97,6148096,4.58,egw-qemu-integrated
2026-10-07T12:20:19Z,egw-ditto-things-1,33.18,603963392,75.00,egw-qemu-integrated
2026-10-07T12:20:19Z,egw-ditto-policies-1,29.02,547364864,67.97,egw-qemu-integrated
2026-10-07T12:20:19Z,egw-mongodb-1,110.47,247738368,46.14,egw-qemu-integrated
2026-10-07T12:20:19Z,egw-ditto-gateway-1,126.24,538202112,66.83,egw-qemu-integrated
2026-10-07T12:20:19Z,egw-controller-1,10.65,43376640,16.16,egw-qemu-integrated
2026-10-07T12:20:20Z,egw-mosquitto-1,1.92,6152192,4.58,egw-qemu-integrated
2026-10-07T12:20:20Z,egw-ditto-things-1,78.33,604041216,75.01,egw-qemu-integrated
2026-10-07T12:20:20Z,egw-ditto-policies-1,59.64,547377152,67.97,egw-qemu-integrated
2026-10-07T12:20:20Z,egw-mongodb-1,8.42,247734272,46.14,egw-qemu-integrated
2026-10-07T12:20:20Z,egw-ditto-gateway-1,65.72,538230784,66.84,egw-qemu-integrated
2026-10-07T12:20:20Z,egw-controller-1,22.68,43909120,16.36,egw-qemu-integrated
2026-10-07T12:20:22Z,egw-mosquitto-1,2.33,6152192,4.58,egw-qemu-integrated
2026-10-07T12:20:22Z,egw-ditto-things-1,78.15,604065792,75.01,egw-qemu-integrated
2026-10-07T12:20:22Z,egw-ditto-policies-1,15.76,547385344,67.97,egw-qemu-integrated
2026-10-07T12:20:22Z,egw-mongodb-1,18.51,247750656,46.15,egw-qemu-integrated
2026-10-07T12:20:22Z,egw-ditto-gateway-1,52.38,538238976,66.84,egw-qemu-integrated
2026-10-07T12:20:22Z,egw-controller-1,29.54,43646976,16.26,egw-qemu-integrated
2026-10-07T12:20:23Z,egw-mosquitto-1,2.04,6152192,4.58,egw-qemu-integrated
2026-10-07T12:20:23Z,egw-ditto-things-1,54.22,604078080,75.01,egw-qemu-integrated
2026-10-07T12:20:23Z,egw-ditto-policies-1,8.59,547385344,67.97,egw-qemu-integrated
2026-10-07T12:20:23Z,egw-mongodb-1,7.90,247746560,46.15,egw-qemu-integrated
2026-10-07T12:20:23Z,egw-ditto-gateway-1,48.10,538234880,66.84,egw-qemu-integrated
2026-10-07T12:20:23Z,egw-controller-1,31.67,43905024,16.36,egw-qemu-integrated
2026-10-07T12:20:24Z,egw-mosquitto-1,1.93,6152192,4.58,egw-qemu-integrated
2026-10-07T12:20:24Z,egw-ditto-things-1,59.46,604086272,75.01,egw-qemu-integrated
2026-10-07T12:20:24Z,egw-ditto-policies-1,7.73,547385344,67.97,egw-qemu-integrated
2026-10-07T12:20:24Z,egw-mongodb-1,7.88,247750656,46.15,egw-qemu-integrated
2026-10-07T12:20:24Z,egw-ditto-gateway-1,50.05,538234880,66.84,egw-qemu-integrated
2026-10-07T12:20:24Z,egw-controller-1,29.17,43393024,16.17,egw-qemu-integrated
2026-10-07T12:20:25Z,egw-mosquitto-1,1.88,6152192,4.58,egw-qemu-integrated
2026-10-07T12:20:25Z,egw-ditto-things-1,74.99,604090368,75.01,egw-qemu-integrated
2026-10-07T12:20:25Z,egw-ditto-policies-1,9.74,547385344,67.97,egw-qemu-integrated
2026-10-07T12:20:25Z,egw-mongodb-1,12.88,247762944,46.15,egw-qemu-integrated
2026-10-07T12:20:25Z,egw-ditto-gateway-1,81.85,538271744,66.84,egw-qemu-integrated
2026-10-07T12:20:25Z,egw-controller-1,28.42,43405312,16.17,egw-qemu-integrated
2026-10-07T12:20:26Z,egw-mosquitto-1,2.33,6156288,4.59,egw-qemu-integrated
2026-10-07T12:20:26Z,egw-ditto-things-1,55.86,604094464,75.01,egw-qemu-integrated
2026-10-07T12:20:26Z,egw-ditto-policies-1,8.08,547385344,67.97,egw-qemu-integrated
2026-10-07T12:20:26Z,egw-mongodb-1,6.79,247762944,46.15,egw-qemu-integrated
2026-10-07T12:20:26Z,egw-ditto-gateway-1,51.49,538271744,66.84,egw-qemu-integrated
2026-10-07T12:20:26Z,egw-controller-1,32.29,43401216,16.17,egw-qemu-integrated
2026-10-07T12:20:27Z,egw-mosquitto-1,1.94,6156288,4.59,egw-qemu-integrated
2026-10-07T12:20:27Z,egw-ditto-things-1,47.93,604094464,75.01,egw-qemu-integrated
2026-10-07T12:20:27Z,egw-ditto-policies-1,10.29,547385344,67.97,egw-qemu-integrated
2026-10-07T12:20:27Z,egw-mongodb-1,7.05,247767040,46.15,egw-qemu-integrated
2026-10-07T12:20:27Z,egw-ditto-gateway-1,66.81,538525696,66.87,egw-qemu-integrated
2026-10-07T12:20:27Z,egw-controller-1,28.65,43401216,16.17,egw-qemu-integrated
2026-10-07T12:20:28Z,egw-mosquitto-1,2.25,6156288,4.59,egw-qemu-integrated
2026-10-07T12:20:28Z,egw-ditto-things-1,58.10,604098560,75.01,egw-qemu-integrated
2026-10-07T12:20:28Z,egw-ditto-policies-1,11.41,547385344,67.97,egw-qemu-integrated
2026-10-07T12:20:28Z,egw-mongodb-1,14.93,247767040,46.15,egw-qemu-integrated
2026-10-07T12:20:28Z,egw-ditto-gateway-1,78.38,538542080,66.87,egw-qemu-integrated
2026-10-07T12:20:28Z,egw-controller-1,30.69,43413504,16.17,egw-qemu-integrated
2026-10-07T12:20:29Z,egw-mosquitto-1,2.28,6156288,4.59,egw-qemu-integrated
2026-10-07T12:20:29Z,egw-ditto-things-1,97.54,604114944,75.02,egw-qemu-integrated
2026-10-07T12:20:29Z,egw-ditto-policies-1,14.47,547393536,67.97,egw-qemu-integrated
2026-10-07T12:20:29Z,egw-mongodb-1,7.60,247771136,46.15,egw-qemu-integrated
2026-10-07T12:20:29Z,egw-ditto-gateway-1,51.88,538279936,66.84,egw-qemu-integrated
2026-10-07T12:20:29Z,egw-controller-1,27.54,43417600,16.17,egw-qemu-integrated
2026-10-07T12:20:30Z,egw-mosquitto-1,2.21,6156288,4.59,egw-qemu-integrated
2026-10-07T12:20:30Z,egw-ditto-things-1,51.81,604110848,75.02,egw-qemu-integrated
2026-10-07T12:20:30Z,egw-ditto-policies-1,9.59,547377152,67.97,egw-qemu-integrated
2026-10-07T12:20:30Z,egw-mongodb-1,7.59,248029184,46.20,egw-qemu-integrated
2026-10-07T12:20:30Z,egw-ditto-gateway-1,51.99,538279936,66.84,egw-qemu-integrated
2026-10-07T12:20:30Z,egw-controller-1,32.61,43425792,16.18,egw-qemu-integrated
2026-10-07T12:20:31Z,egw-mosquitto-1,2.31,6156288,4.59,egw-qemu-integrated
2026-10-07T12:20:31Z,egw-ditto-things-1,63.42,604377088,75.05,egw-qemu-integrated
2026-10-07T12:20:31Z,egw-ditto-policies-1,20.85,547373056,67.97,egw-qemu-integrated
2026-10-07T12:20:31Z,egw-mongodb-1,14.69,247795712,46.16,egw-qemu-integrated
2026-10-07T12:20:31Z,egw-ditto-gateway-1,92.08,538304512,66.84,egw-qemu-integrated
2026-10-07T12:20:31Z,egw-controller-1,27.91,43417600,16.17,egw-qemu-integrated
2026-10-07T12:20:32Z,egw-mosquitto-1,2.22,6422528,4.79,egw-qemu-integrated
2026-10-07T12:20:32Z,egw-ditto-things-1,49.24,604123136,75.02,egw-qemu-integrated
2026-10-07T12:20:32Z,egw-ditto-policies-1,36.83,547385344,67.97,egw-qemu-integrated
2026-10-07T12:20:32Z,egw-mongodb-1,10.42,247799808,46.16,egw-qemu-integrated
2026-10-07T12:20:32Z,egw-ditto-gateway-1,110.42,538955776,66.93,egw-qemu-integrated
2026-10-07T12:20:32Z,egw-controller-1,28.98,43421696,16.18,egw-qemu-integrated
2026-10-07T12:20:33Z,egw-mosquitto-1,1.98,6160384,4.59,egw-qemu-integrated
2026-10-07T12:20:33Z,egw-ditto-things-1,49.16,604119040,75.02,egw-qemu-integrated
2026-10-07T12:20:33Z,egw-ditto-policies-1,29.69,547401728,67.97,egw-qemu-integrated
2026-10-07T12:20:33Z,egw-mongodb-1,7.15,248057856,46.20,egw-qemu-integrated
2026-10-07T12:20:33Z,egw-ditto-gateway-1,82.07,538468352,66.87,egw-qemu-integrated
2026-10-07T12:20:33Z,egw-controller-1,29.57,43421696,16.18,egw-qemu-integrated
2026-10-07T12:20:34Z,egw-mosquitto-1,1.99,6160384,4.59,egw-qemu-integrated
2026-10-07T12:20:34Z,egw-ditto-things-1,78.85,604135424,75.02,egw-qemu-integrated
2026-10-07T12:20:34Z,egw-ditto-policies-1,10.62,547405824,67.97,egw-qemu-integrated
2026-10-07T12:20:34Z,egw-mongodb-1,15.22,247799808,46.16,egw-qemu-integrated
2026-10-07T12:20:34Z,egw-ditto-gateway-1,67.67,538734592,66.90,egw-qemu-integrated
2026-10-07T12:20:34Z,egw-controller-1,27.06,43425792,16.18,egw-qemu-integrated
2026-10-07T12:20:35Z,egw-mosquitto-1,26.50,9256960,6.90,egw-qemu-integrated
2026-10-07T12:20:35Z,egw-ditto-things-1,42.30,604135424,75.02,egw-qemu-integrated
2026-10-07T12:20:35Z,egw-ditto-policies-1,10.35,547405824,67.97,egw-qemu-integrated
2026-10-07T12:20:35Z,egw-mongodb-1,5.85,247799808,46.16,egw-qemu-integrated
2026-10-07T12:20:35Z,egw-ditto-gateway-1,43.66,538480640,66.87,egw-qemu-integrated
2026-10-07T12:20:35Z,egw-controller-1,113.46,53112832,19.79,egw-qemu-integrated
2026-10-07T12:20:36Z,egw-mosquitto-1,44.87,6172672,4.60,egw-qemu-integrated
2026-10-07T12:20:36Z,egw-ditto-things-1,43.37,604135424,75.02,egw-qemu-integrated
2026-10-07T12:20:36Z,egw-ditto-policies-1,10.08,547405824,67.97,egw-qemu-integrated
2026-10-07T12:20:36Z,egw-mongodb-1,6.94,247799808,46.16,egw-qemu-integrated
2026-10-07T12:20:36Z,egw-ditto-gateway-1,47.88,538492928,66.87,egw-qemu-integrated
2026-10-07T12:20:36Z,egw-controller-1,122.18,54030336,20.13,egw-qemu-integrated
2026-10-07T12:20:37Z,egw-mosquitto-1,1.83,6168576,4.60,egw-qemu-integrated
2026-10-07T12:20:37Z,egw-ditto-things-1,54.11,604405760,75.05,egw-qemu-integrated
2026-10-07T12:20:37Z,egw-ditto-policies-1,11.95,547405824,67.97,egw-qemu-integrated
2026-10-07T12:20:37Z,egw-mongodb-1,14.10,247803904,46.16,egw-qemu-integrated
2026-10-07T12:20:37Z,egw-ditto-gateway-1,51.32,538484736,66.87,egw-qemu-integrated
2026-10-07T12:20:37Z,egw-controller-1,127.83,56729600,21.13,egw-qemu-integrated
2026-10-07T12:20:38Z,egw-mosquitto-1,2.10,6172672,4.60,egw-qemu-integrated
2026-10-07T12:20:38Z,egw-ditto-things-1,55.50,604426240,75.06,egw-qemu-integrated
2026-10-07T12:20:38Z,egw-ditto-policies-1,9.28,547405824,67.97,egw-qemu-integrated
2026-10-07T12:20:38Z,egw-mongodb-1,7.00,247803904,46.16,egw-qemu-integrated
2026-10-07T12:20:38Z,egw-ditto-gateway-1,126.71,540209152,67.08,egw-qemu-integrated
2026-10-07T12:20:38Z,egw-controller-1,64.96,43433984,16.18,egw-qemu-integrated
2026-10-07T12:20:39Z,egw-mosquitto-1,1.98,6172672,4.60,egw-qemu-integrated
2026-10-07T12:20:39Z,egw-ditto-things-1,80.74,604184576,75.03,egw-qemu-integrated
2026-10-07T12:20:39Z,egw-ditto-policies-1,8.28,547438592,67.98,egw-qemu-integrated
2026-10-07T12:20:39Z,egw-mongodb-1,7.58,248061952,46.21,egw-qemu-integrated
2026-10-07T12:20:39Z,egw-ditto-gateway-1,106.30,546103296,67.81,egw-qemu-integrated
2026-10-07T12:20:39Z,egw-controller-1,28.23,43442176,16.18,egw-qemu-integrated
2026-10-07T12:20:40Z,egw-mosquitto-1,2.06,6176768,4.60,egw-qemu-integrated
2026-10-07T12:20:40Z,egw-ditto-things-1,102.33,604180480,75.02,egw-qemu-integrated
2026-10-07T12:20:40Z,egw-ditto-policies-1,72.47,547594240,68.00,egw-qemu-integrated
2026-10-07T12:20:40Z,egw-mongodb-1,25.47,247844864,46.16,egw-qemu-integrated
2026-10-07T12:20:40Z,egw-ditto-gateway-1,60.16,546111488,67.81,egw-qemu-integrated
2026-10-07T12:20:40Z,egw-controller-1,22.23,43446272,16.18,egw-qemu-integrated
2026-10-07T12:20:41Z,egw-mosquitto-1,2.09,6438912,4.80,egw-qemu-integrated
2026-10-07T12:20:41Z,egw-ditto-things-1,105.85,604205056,75.03,egw-qemu-integrated
2026-10-07T12:20:41Z,egw-ditto-policies-1,18.16,547717120,68.01,egw-qemu-integrated
2026-10-07T12:20:41Z,egw-mongodb-1,6.46,247844864,46.16,egw-qemu-integrated
2026-10-07T12:20:41Z,egw-ditto-gateway-1,51.77,546107392,67.81,egw-qemu-integrated
2026-10-07T12:20:41Z,egw-controller-1,29.73,43458560,16.19,egw-qemu-integrated
2026-10-07T12:20:42Z,egw-mosquitto-1,2.05,6447104,4.80,egw-qemu-integrated
2026-10-07T12:20:42Z,egw-ditto-things-1,62.69,604213248,75.03,egw-qemu-integrated
2026-10-07T12:20:42Z,egw-ditto-policies-1,10.80,547717120,68.01,egw-qemu-integrated
2026-10-07T12:20:42Z,egw-mongodb-1,9.77,247848960,46.17,egw-qemu-integrated
2026-10-07T12:20:42Z,egw-ditto-gateway-1,77.94,546136064,67.82,egw-qemu-integrated
2026-10-07T12:20:42Z,egw-controller-1,28.07,43724800,16.29,egw-qemu-integrated
2026-10-07T12:20:43Z,egw-mosquitto-1,2.02,6180864,4.61,egw-qemu-integrated
2026-10-07T12:20:43Z,egw-ditto-things-1,58.40,604471296,75.06,egw-qemu-integrated
2026-10-07T12:20:43Z,egw-ditto-policies-1,9.41,547987456,68.05,egw-qemu-integrated
2026-10-07T12:20:43Z,egw-mongodb-1,15.52,247906304,46.18,egw-qemu-integrated
2026-10-07T12:20:43Z,egw-ditto-gateway-1,70.48,546131968,67.82,egw-qemu-integrated
2026-10-07T12:20:43Z,egw-controller-1,30.00,43716608,16.29,egw-qemu-integrated
2026-10-07T12:20:44Z,egw-mosquitto-1,2.15,6443008,4.80,egw-qemu-integrated
2026-10-07T12:20:44Z,egw-ditto-things-1,70.34,604217344,75.03,egw-qemu-integrated
2026-10-07T12:20:44Z,egw-ditto-policies-1,10.25,547721216,68.01,egw-qemu-integrated
2026-10-07T12:20:44Z,egw-mongodb-1,7.45,247951360,46.18,egw-qemu-integrated
2026-10-07T12:20:44Z,egw-ditto-gateway-1,92.01,546140160,67.82,egw-qemu-integrated
2026-10-07T12:20:44Z,egw-controller-1,28.76,43724800,16.29,egw-qemu-integrated
2026-10-07T12:20:45Z,egw-mosquitto-1,2.26,6189056,4.61,egw-qemu-integrated
2026-10-07T12:20:45Z,egw-ditto-things-1,51.40,604221440,75.03,egw-qemu-integrated
2026-10-07T12:20:45Z,egw-ditto-policies-1,8.44,547721216,68.01,egw-qemu-integrated
2026-10-07T12:20:45Z,egw-mongodb-1,7.00,247951360,46.18,egw-qemu-integrated
2026-10-07T12:20:45Z,egw-ditto-gateway-1,87.35,546152448,67.82,egw-qemu-integrated
2026-10-07T12:20:45Z,egw-controller-1,31.84,43462656,16.19,egw-qemu-integrated
2026-10-07T12:20:46Z,egw-mosquitto-1,5.19,6189056,4.61,egw-qemu-integrated
2026-10-07T12:20:46Z,egw-ditto-things-1,52.99,604217344,75.03,egw-qemu-integrated
2026-10-07T12:20:46Z,egw-ditto-policies-1,10.90,547721216,68.01,egw-qemu-integrated
2026-10-07T12:20:46Z,egw-mongodb-1,14.49,248012800,46.20,egw-qemu-integrated
2026-10-07T12:20:46Z,egw-ditto-gateway-1,108.48,546447360,67.86,egw-qemu-integrated
2026-10-07T12:20:46Z,egw-controller-1,30.64,43454464,16.19,egw-qemu-integrated
2026-10-07T12:20:47Z,egw-mosquitto-1,2.51,6197248,4.62,egw-qemu-integrated
2026-10-07T12:20:47Z,egw-ditto-things-1,87.26,604229632,75.03,egw-qemu-integrated
2026-10-07T12:20:47Z,egw-ditto-policies-1,14.15,547725312,68.01,egw-qemu-integrated
2026-10-07T12:20:47Z,egw-mongodb-1,8.16,248090624,46.21,egw-qemu-integrated
2026-10-07T12:20:47Z,egw-ditto-gateway-1,58.40,546189312,67.82,egw-qemu-integrated
2026-10-07T12:20:47Z,egw-controller-1,31.39,43466752,16.19,egw-qemu-integrated
2026-10-07T12:20:48Z,egw-mosquitto-1,2.37,6455296,4.81,egw-qemu-integrated
2026-10-07T12:20:48Z,egw-ditto-things-1,134.44,604237824,75.03,egw-qemu-integrated
2026-10-07T12:20:48Z,egw-ditto-policies-1,9.77,547725312,68.01,egw-qemu-integrated
2026-10-07T12:20:48Z,egw-mongodb-1,7.20,248090624,46.21,egw-qemu-integrated
2026-10-07T12:20:48Z,egw-ditto-gateway-1,48.60,546193408,67.82,egw-qemu-integrated
2026-10-07T12:20:48Z,egw-controller-1,25.70,43466752,16.19,egw-qemu-integrated
2026-10-07T12:20:49Z,egw-mosquitto-1,2.29,6451200,4.81,egw-qemu-integrated
2026-10-07T12:20:49Z,egw-ditto-things-1,62.69,604254208,75.03,egw-qemu-integrated
2026-10-07T12:20:49Z,egw-ditto-policies-1,12.99,547725312,68.01,egw-qemu-integrated
2026-10-07T12:20:49Z,egw-mongodb-1,16.11,248201216,46.23,egw-qemu-integrated
2026-10-07T12:20:49Z,egw-ditto-gateway-1,54.73,546193408,67.82,egw-qemu-integrated
2026-10-07T12:20:49Z,egw-controller-1,31.93,43737088,16.29,egw-qemu-integrated
2026-10-07T12:20:50Z,egw-mosquitto-1,2.20,6205440,4.62,egw-qemu-integrated
2026-10-07T12:20:50Z,egw-ditto-things-1,49.47,604250112,75.03,egw-qemu-integrated
2026-10-07T12:20:50Z,egw-ditto-policies-1,9.33,547725312,68.01,egw-qemu-integrated
2026-10-07T12:20:50Z,egw-mongodb-1,7.90,248356864,46.26,egw-qemu-integrated
2026-10-07T12:20:50Z,egw-ditto-gateway-1,93.12,546193408,67.82,egw-qemu-integrated
2026-10-07T12:20:50Z,egw-controller-1,26.25,43737088,16.29,egw-qemu-integrated
2026-10-07T12:20:51Z,egw-mosquitto-1,6.05,6201344,4.62,egw-qemu-integrated
2026-10-07T12:20:51Z,egw-ditto-things-1,41.83,604254208,75.03,egw-qemu-integrated
2026-10-07T12:20:51Z,egw-ditto-policies-1,42.71,551116800,68.44,egw-qemu-integrated
2026-10-07T12:20:51Z,egw-mongodb-1,37.69,250380288,46.64,egw-qemu-integrated
2026-10-07T12:20:51Z,egw-ditto-gateway-1,138.13,548081664,68.06,egw-qemu-integrated
2026-10-07T12:20:51Z,egw-controller-1,23.27,43479040,16.20,egw-qemu-integrated
2026-10-07T12:20:52Z,egw-mosquitto-1,2.01,6205440,4.62,egw-qemu-integrated
2026-10-07T12:20:52Z,egw-ditto-things-1,69.86,604209152,75.03,egw-qemu-integrated
2026-10-07T12:20:52Z,egw-ditto-policies-1,61.41,550993920,68.42,egw-qemu-integrated
2026-10-07T12:20:52Z,egw-mongodb-1,68.89,250736640,46.70,egw-qemu-integrated
2026-10-07T12:20:52Z,egw-ditto-gateway-1,109.85,548081664,68.06,egw-qemu-integrated
2026-10-07T12:20:52Z,egw-controller-1,13.09,43483136,16.20,egw-qemu-integrated
2026-10-07T12:20:53Z,egw-mosquitto-1,1.79,6217728,4.63,egw-qemu-integrated
2026-10-07T12:20:53Z,egw-ditto-things-1,81.70,604213248,75.03,egw-qemu-integrated
2026-10-07T12:20:53Z,egw-ditto-policies-1,27.32,551235584,68.45,egw-qemu-integrated
2026-10-07T12:20:53Z,egw-mongodb-1,94.68,363089920,67.63,egw-qemu-integrated
2026-10-07T12:20:53Z,egw-ditto-gateway-1,116.06,546160640,67.82,egw-qemu-integrated
2026-10-07T12:20:53Z,egw-controller-1,5.34,43495424,16.20,egw-qemu-integrated
2026-10-07T12:20:54Z,egw-mosquitto-1,1.56,6225920,4.64,egw-qemu-integrated
2026-10-07T12:20:54Z,egw-ditto-things-1,46.27,604221440,75.03,egw-qemu-integrated
2026-10-07T12:20:54Z,egw-ditto-policies-1,9.52,551354368,68.47,egw-qemu-integrated
2026-10-07T12:20:54Z,egw-mongodb-1,112.72,399527936,74.42,egw-qemu-integrated
2026-10-07T12:20:54Z,egw-ditto-gateway-1,112.15,543055872,67.43,egw-qemu-integrated
2026-10-07T12:20:54Z,egw-controller-1,20.26,43495424,16.20,egw-qemu-integrated
2026-10-07T12:20:56Z,egw-mosquitto-1,2.25,6225920,4.64,egw-qemu-integrated
2026-10-07T12:20:56Z,egw-ditto-things-1,62.90,604315648,75.04,egw-qemu-integrated
2026-10-07T12:20:56Z,egw-ditto-policies-1,11.88,551534592,68.49,egw-qemu-integrated
2026-10-07T12:20:56Z,egw-mongodb-1,117.83,401846272,74.85,egw-qemu-integrated
2026-10-07T12:20:56Z,egw-ditto-gateway-1,56.85,543055872,67.43,egw-qemu-integrated
2026-10-07T12:20:56Z,egw-controller-1,21.48,43753472,16.30,egw-qemu-integrated
2026-10-07T12:20:57Z,egw-mosquitto-1,2.21,6234112,4.64,egw-qemu-integrated
2026-10-07T12:20:57Z,egw-ditto-things-1,44.45,604315648,75.04,egw-qemu-integrated
2026-10-07T12:20:57Z,egw-ditto-policies-1,10.76,551649280,68.50,egw-qemu-integrated
2026-10-07T12:20:57Z,egw-mongodb-1,116.24,406327296,75.68,egw-qemu-integrated
2026-10-07T12:20:57Z,egw-ditto-gateway-1,44.35,543059968,67.44,egw-qemu-integrated
2026-10-07T12:20:57Z,egw-controller-1,29.14,43503616,16.21,egw-qemu-integrated
2026-10-07T12:20:58Z,egw-mosquitto-1,1.85,6230016,4.64,egw-qemu-integrated
2026-10-07T12:20:58Z,egw-ditto-things-1,47.70,604319744,75.04,egw-qemu-integrated
2026-10-07T12:20:58Z,egw-ditto-policies-1,10.78,551821312,68.52,egw-qemu-integrated
2026-10-07T12:20:58Z,egw-mongodb-1,128.93,413061120,76.94,egw-qemu-integrated
2026-10-07T12:20:58Z,egw-ditto-gateway-1,44.39,543059968,67.44,egw-qemu-integrated
2026-10-07T12:20:58Z,egw-controller-1,25.36,43765760,16.30,egw-qemu-integrated
2026-10-07T12:20:59Z,egw-mosquitto-1,2.57,6230016,4.64,egw-qemu-integrated
2026-10-07T12:20:59Z,egw-ditto-things-1,103.43,604286976,75.04,egw-qemu-integrated
2026-10-07T12:20:59Z,egw-ditto-policies-1,14.28,552026112,68.55,egw-qemu-integrated
2026-10-07T12:20:59Z,egw-mongodb-1,76.00,249434112,46.46,egw-qemu-integrated
2026-10-07T12:20:59Z,egw-ditto-gateway-1,47.16,543059968,67.44,egw-qemu-integrated
2026-10-07T12:20:59Z,egw-controller-1,25.34,43507712,16.21,egw-qemu-integrated
2026-10-07T12:21:00Z,egw-mosquitto-1,1.67,6234112,4.64,egw-qemu-integrated
2026-10-07T12:21:00Z,egw-ditto-things-1,67.09,604344320,75.05,egw-qemu-integrated
2026-10-07T12:21:00Z,egw-ditto-policies-1,8.87,552165376,68.57,egw-qemu-integrated
2026-10-07T12:21:00Z,egw-mongodb-1,14.54,249593856,46.49,egw-qemu-integrated
2026-10-07T12:21:00Z,egw-ditto-gateway-1,81.18,543059968,67.44,egw-qemu-integrated
2026-10-07T12:21:00Z,egw-controller-1,29.07,43773952,16.31,egw-qemu-integrated
2026-10-07T12:21:01Z,egw-mosquitto-1,1.97,6242304,4.65,egw-qemu-integrated
2026-10-07T12:21:01Z,egw-ditto-things-1,75.33,604356608,75.05,egw-qemu-integrated
2026-10-07T12:21:01Z,egw-ditto-policies-1,12.30,552300544,68.58,egw-qemu-integrated
2026-10-07T12:21:01Z,egw-mongodb-1,7.05,249643008,46.50,egw-qemu-integrated
2026-10-07T12:21:01Z,egw-ditto-gateway-1,55.76,543322112,67.47,egw-qemu-integrated
2026-10-07T12:21:01Z,egw-controller-1,25.94,43520000,16.21,egw-qemu-integrated
2026-10-07T12:21:02Z,egw-mosquitto-1,2.80,6762496,5.04,egw-qemu-integrated
2026-10-07T12:21:02Z,egw-ditto-things-1,63.79,604356608,75.05,egw-qemu-integrated
2026-10-07T12:21:02Z,egw-ditto-policies-1,26.55,555589632,68.99,egw-qemu-integrated
2026-10-07T12:21:02Z,egw-mongodb-1,6.65,249905152,46.55,egw-qemu-integrated
2026-10-07T12:21:02Z,egw-ditto-gateway-1,132.30,543338496,67.47,egw-qemu-integrated
2026-10-07T12:21:02Z,egw-controller-1,26.53,43515904,16.21,egw-qemu-integrated
2026-10-07T12:21:03Z,egw-mosquitto-1,1.62,6238208,4.65,egw-qemu-integrated
2026-10-07T12:21:03Z,egw-ditto-things-1,83.97,604622848,75.08,egw-qemu-integrated
2026-10-07T12:21:03Z,egw-ditto-policies-1,56.84,555155456,68.94,egw-qemu-integrated
2026-10-07T12:21:03Z,egw-mongodb-1,16.82,250085376,46.58,egw-qemu-integrated
2026-10-07T12:21:03Z,egw-ditto-gateway-1,58.39,543072256,67.44,egw-qemu-integrated
2026-10-07T12:21:03Z,egw-controller-1,25.92,43520000,16.21,egw-qemu-integrated
2026-10-07T12:21:04Z,egw-mosquitto-1,1.73,6242304,4.65,egw-qemu-integrated
2026-10-07T12:21:04Z,egw-ditto-things-1,98.87,604651520,75.08,egw-qemu-integrated
2026-10-07T12:21:04Z,egw-ditto-policies-1,8.79,555188224,68.94,egw-qemu-integrated
2026-10-07T12:21:04Z,egw-mongodb-1,7.45,250089472,46.58,egw-qemu-integrated
2026-10-07T12:21:04Z,egw-ditto-gateway-1,49.05,543076352,67.44,egw-qemu-integrated
2026-10-07T12:21:04Z,egw-controller-1,30.01,43778048,16.31,egw-qemu-integrated
2026-10-07T12:21:05Z,egw-mosquitto-1,1.92,6238208,4.65,egw-qemu-integrated
2026-10-07T12:21:05Z,egw-ditto-things-1,85.29,604393472,75.05,egw-qemu-integrated
2026-10-07T12:21:05Z,egw-ditto-policies-1,24.53,555196416,68.94,egw-qemu-integrated
2026-10-07T12:21:05Z,egw-mongodb-1,8.44,250122240,46.59,egw-qemu-integrated
2026-10-07T12:21:05Z,egw-ditto-gateway-1,54.14,543080448,67.44,egw-qemu-integrated
2026-10-07T12:21:05Z,egw-controller-1,29.86,43798528,16.32,egw-qemu-integrated
2026-10-07T12:21:06Z,egw-mosquitto-1,1.95,6242304,4.65,egw-qemu-integrated
2026-10-07T12:21:06Z,egw-ditto-things-1,117.92,604434432,75.06,egw-qemu-integrated
2026-10-07T12:21:06Z,egw-ditto-policies-1,26.08,555200512,68.94,egw-qemu-integrated
2026-10-07T12:21:06Z,egw-mongodb-1,14.57,250978304,46.75,egw-qemu-integrated
2026-10-07T12:21:06Z,egw-ditto-gateway-1,57.75,543084544,67.44,egw-qemu-integrated
2026-10-07T12:21:06Z,egw-controller-1,26.92,43786240,16.31,egw-qemu-integrated
2026-10-07T12:21:07Z,egw-mosquitto-1,1.95,6246400,4.65,egw-qemu-integrated
2026-10-07T12:21:07Z,egw-ditto-things-1,51.30,604434432,75.06,egw-qemu-integrated
2026-10-07T12:21:07Z,egw-ditto-policies-1,9.58,555200512,68.94,egw-qemu-integrated
2026-10-07T12:21:07Z,egw-mongodb-1,7.28,250728448,46.70,egw-qemu-integrated
2026-10-07T12:21:07Z,egw-ditto-gateway-1,93.45,543080448,67.44,egw-qemu-integrated
2026-10-07T12:21:07Z,egw-controller-1,30.61,43524096,16.21,egw-qemu-integrated
2026-10-07T12:21:08Z,egw-mosquitto-1,60.54,6516736,4.86,egw-qemu-integrated
2026-10-07T12:21:08Z,egw-ditto-things-1,46.34,604442624,75.06,egw-qemu-integrated
2026-10-07T12:21:08Z,egw-ditto-policies-1,17.19,555204608,68.94,egw-qemu-integrated
2026-10-07T12:21:08Z,egw-mongodb-1,7.81,250773504,46.71,egw-qemu-integrated
2026-10-07T12:21:08Z,egw-ditto-gateway-1,66.18,543354880,67.47,egw-qemu-integrated
2026-10-07T12:21:08Z,egw-controller-1,27.27,43532288,16.22,egw-qemu-integrated
2026-10-07T12:21:09Z,egw-mosquitto-1,2.04,6250496,4.66,egw-qemu-integrated
2026-10-07T12:21:09Z,egw-ditto-things-1,107.87,604471296,75.06,egw-qemu-integrated
2026-10-07T12:21:09Z,egw-ditto-policies-1,8.27,555204608,68.94,egw-qemu-integrated
2026-10-07T12:21:09Z,egw-mongodb-1,9.45,250818560,46.72,egw-qemu-integrated
2026-10-07T12:21:09Z,egw-ditto-gateway-1,51.06,543100928,67.44,egw-qemu-integrated
2026-10-07T12:21:09Z,egw-controller-1,25.07,43544576,16.22,egw-qemu-integrated
2026-10-07T12:21:10Z,egw-mosquitto-1,2.12,6250496,4.66,egw-qemu-integrated
2026-10-07T12:21:10Z,egw-ditto-things-1,52.78,604467200,75.06,egw-qemu-integrated
2026-10-07T12:21:10Z,egw-ditto-policies-1,14.47,555204608,68.94,egw-qemu-integrated
2026-10-07T12:21:10Z,egw-mongodb-1,7.69,250818560,46.72,egw-qemu-integrated
2026-10-07T12:21:10Z,egw-ditto-gateway-1,49.59,543105024,67.44,egw-qemu-integrated
2026-10-07T12:21:10Z,egw-controller-1,117.11,53469184,19.92,egw-qemu-integrated
2026-10-07T12:21:11Z,egw-mosquitto-1,1.97,6254592,4.66,egw-qemu-integrated
2026-10-07T12:21:11Z,egw-ditto-things-1,43.28,604467200,75.06,egw-qemu-integrated
2026-10-07T12:21:11Z,egw-ditto-policies-1,29.50,555241472,68.95,egw-qemu-integrated
2026-10-07T12:21:11Z,egw-mongodb-1,8.96,250822656,46.72,egw-qemu-integrated
2026-10-07T12:21:11Z,egw-ditto-gateway-1,50.98,543105024,67.44,egw-qemu-integrated
2026-10-07T12:21:11Z,egw-controller-1,125.12,54960128,20.47,egw-qemu-integrated
2026-10-07T12:21:12Z,egw-mosquitto-1,1.61,6254592,4.66,egw-qemu-integrated
2026-10-07T12:21:12Z,egw-ditto-things-1,47.56,604467200,75.06,egw-qemu-integrated
2026-10-07T12:21:12Z,egw-ditto-policies-1,52.81,556027904,69.05,egw-qemu-integrated
2026-10-07T12:21:12Z,egw-mongodb-1,7.61,250818560,46.72,egw-qemu-integrated
2026-10-07T12:21:12Z,egw-ditto-gateway-1,49.77,543363072,67.47,egw-qemu-integrated
2026-10-07T12:21:12Z,egw-controller-1,111.92,56844288,21.18,egw-qemu-integrated
2026-10-07T12:21:13Z,egw-mosquitto-1,1.99,6258688,4.66,egw-qemu-integrated
2026-10-07T12:21:13Z,egw-ditto-things-1,54.57,604475392,75.06,egw-qemu-integrated
2026-10-07T12:21:13Z,egw-ditto-policies-1,60.08,555270144,68.95,egw-qemu-integrated
2026-10-07T12:21:13Z,egw-mongodb-1,10.45,250892288,46.73,egw-qemu-integrated
2026-10-07T12:21:13Z,egw-ditto-gateway-1,44.15,543113216,67.44,egw-qemu-integrated
2026-10-07T12:21:13Z,egw-controller-1,43.50,43556864,16.23,egw-qemu-integrated
2026-10-07T12:21:14Z,egw-mosquitto-1,2.23,6254592,4.66,egw-qemu-integrated
2026-10-07T12:21:14Z,egw-ditto-things-1,55.65,604475392,75.06,egw-qemu-integrated
2026-10-07T12:21:14Z,egw-ditto-policies-1,10.99,555266048,68.95,egw-qemu-integrated
2026-10-07T12:21:14Z,egw-mongodb-1,7.66,250892288,46.73,egw-qemu-integrated
2026-10-07T12:21:14Z,egw-ditto-gateway-1,55.97,543113216,67.44,egw-qemu-integrated
2026-10-07T12:21:14Z,egw-controller-1,30.48,43556864,16.23,egw-qemu-integrated
2026-10-07T12:21:15Z,egw-mosquitto-1,2.29,6258688,4.66,egw-qemu-integrated
2026-10-07T12:21:15Z,egw-ditto-things-1,59.12,604733440,75.09,egw-qemu-integrated
2026-10-07T12:21:15Z,egw-ditto-policies-1,8.37,555266048,68.95,egw-qemu-integrated
2026-10-07T12:21:15Z,egw-mongodb-1,9.45,250892288,46.73,egw-qemu-integrated
2026-10-07T12:21:15Z,egw-ditto-gateway-1,53.15,543113216,67.44,egw-qemu-integrated
2026-10-07T12:21:15Z,egw-controller-1,30.98,43819008,16.32,egw-qemu-integrated
2026-10-07T12:21:16Z,egw-mosquitto-1,1.78,6258688,4.66,egw-qemu-integrated
2026-10-07T12:21:16Z,egw-ditto-things-1,53.01,604749824,75.10,egw-qemu-integrated
2026-10-07T12:21:16Z,egw-ditto-policies-1,15.94,555274240,68.95,egw-qemu-integrated
2026-10-07T12:21:16Z,egw-mongodb-1,7.14,250904576,46.73,egw-qemu-integrated
2026-10-07T12:21:16Z,egw-ditto-gateway-1,71.09,543109120,67.44,egw-qemu-integrated
2026-10-07T12:21:16Z,egw-controller-1,27.98,43565056,16.23,egw-qemu-integrated
2026-10-07T12:21:17Z,egw-mosquitto-1,2.26,6778880,5.05,egw-qemu-integrated
2026-10-07T12:21:17Z,egw-ditto-things-1,101.75,604487680,75.06,egw-qemu-integrated
2026-10-07T12:21:17Z,egw-ditto-policies-1,13.35,555286528,68.95,egw-qemu-integrated
2026-10-07T12:21:17Z,egw-mongodb-1,8.25,250900480,46.73,egw-qemu-integrated
2026-10-07T12:21:17Z,egw-ditto-gateway-1,58.26,543121408,67.44,egw-qemu-integrated
2026-10-07T12:21:17Z,egw-controller-1,31.10,43839488,16.33,egw-qemu-integrated
2026-10-07T12:21:18Z,egw-mosquitto-1,1.73,6520832,4.86,egw-qemu-integrated
2026-10-07T12:21:18Z,egw-ditto-things-1,76.36,604536832,75.07,egw-qemu-integrated
2026-10-07T12:21:18Z,egw-ditto-policies-1,13.91,555307008,68.96,egw-qemu-integrated
2026-10-07T12:21:18Z,egw-mongodb-1,8.97,250900480,46.73,egw-qemu-integrated
2026-10-07T12:21:18Z,egw-ditto-gateway-1,52.98,543121408,67.44,egw-qemu-integrated
2026-10-07T12:21:18Z,egw-controller-1,30.24,43569152,16.23,egw-qemu-integrated
2026-10-07T12:21:19Z,egw-mosquitto-1,2.36,6262784,4.67,egw-qemu-integrated
2026-10-07T12:21:19Z,egw-ditto-things-1,66.05,604536832,75.07,egw-qemu-integrated
2026-10-07T12:21:19Z,egw-ditto-policies-1,8.73,555307008,68.96,egw-qemu-integrated
2026-10-07T12:21:19Z,egw-mongodb-1,6.91,250900480,46.73,egw-qemu-integrated
2026-10-07T12:21:19Z,egw-ditto-gateway-1,78.03,543133696,67.44,egw-qemu-integrated
2026-10-07T12:21:19Z,egw-controller-1,27.42,43827200,16.33,egw-qemu-integrated
2026-10-07T12:21:20Z,egw-mosquitto-1,2.10,6266880,4.67,egw-qemu-integrated
2026-10-07T12:21:20Z,egw-ditto-things-1,108.20,606470144,75.31,egw-qemu-integrated
2026-10-07T12:21:20Z,egw-ditto-policies-1,14.35,555307008,68.96,egw-qemu-integrated
2026-10-07T12:21:20Z,egw-mongodb-1,7.81,250900480,46.73,egw-qemu-integrated
2026-10-07T12:21:20Z,egw-ditto-gateway-1,63.44,543141888,67.45,egw-qemu-integrated
2026-10-07T12:21:20Z,egw-controller-1,27.13,43831296,16.33,egw-qemu-integrated
2026-10-07T12:21:21Z,egw-mosquitto-1,2.21,6270976,4.67,egw-qemu-integrated
2026-10-07T12:21:21Z,egw-ditto-things-1,58.98,604553216,75.07,egw-qemu-integrated
2026-10-07T12:21:21Z,egw-ditto-policies-1,9.19,555311104,68.96,egw-qemu-integrated
2026-10-07T12:21:21Z,egw-mongodb-1,9.04,250900480,46.73,egw-qemu-integrated
2026-10-07T12:21:21Z,egw-ditto-gateway-1,69.74,543674368,67.51,egw-qemu-integrated
2026-10-07T12:21:21Z,egw-controller-1,28.98,43831296,16.33,egw-qemu-integrated
2026-10-07T12:21:22Z,egw-mosquitto-1,3.48,6533120,4.87,egw-qemu-integrated
2026-10-07T12:21:22Z,egw-ditto-things-1,59.22,604549120,75.07,egw-qemu-integrated
2026-10-07T12:21:22Z,egw-ditto-policies-1,65.56,555319296,68.96,egw-qemu-integrated
2026-10-07T12:21:22Z,egw-mongodb-1,11.45,250900480,46.73,egw-qemu-integrated
2026-10-07T12:21:22Z,egw-ditto-gateway-1,77.66,543154176,67.45,egw-qemu-integrated
2026-10-07T12:21:22Z,egw-controller-1,26.89,43581440,16.24,egw-qemu-integrated
2026-10-07T12:21:23Z,egw-mosquitto-1,1.83,6537216,4.87,egw-qemu-integrated
2026-10-07T12:21:23Z,egw-ditto-things-1,104.03,604557312,75.07,egw-qemu-integrated
2026-10-07T12:21:23Z,egw-ditto-policies-1,73.00,555323392,68.96,egw-qemu-integrated
2026-10-07T12:21:23Z,egw-mongodb-1,31.75,250900480,46.73,egw-qemu-integrated
2026-10-07T12:21:23Z,egw-ditto-gateway-1,118.80,543154176,67.45,egw-qemu-integrated
2026-10-07T12:21:23Z,egw-controller-1,19.55,43581440,16.24,egw-qemu-integrated
2026-10-07T12:21:24Z,egw-mosquitto-1,1.90,6545408,4.88,egw-qemu-integrated
2026-10-07T12:21:24Z,egw-ditto-things-1,104.65,604495872,75.06,egw-qemu-integrated
2026-10-07T12:21:24Z,egw-ditto-policies-1,9.47,555323392,68.96,egw-qemu-integrated
2026-10-07T12:21:24Z,egw-mongodb-1,9.45,250900480,46.73,egw-qemu-integrated
2026-10-07T12:21:24Z,egw-ditto-gateway-1,51.30,543162368,67.45,egw-qemu-integrated
2026-10-07T12:21:24Z,egw-controller-1,15.02,43585536,16.24,egw-qemu-integrated
2026-10-07T12:21:25Z,egw-mosquitto-1,2.15,6291456,4.69,egw-qemu-integrated
2026-10-07T12:21:25Z,egw-ditto-things-1,125.62,604561408,75.07,egw-qemu-integrated
2026-10-07T12:21:25Z,egw-ditto-policies-1,12.14,555323392,68.96,egw-qemu-integrated
2026-10-07T12:21:25Z,egw-mongodb-1,7.36,250904576,46.73,egw-qemu-integrated
2026-10-07T12:21:25Z,egw-ditto-gateway-1,99.62,544964608,67.67,egw-qemu-integrated
2026-10-07T12:21:25Z,egw-controller-1,22.43,43589632,16.24,egw-qemu-integrated
2026-10-07T12:21:26Z,egw-mosquitto-1,2.05,6295552,4.69,egw-qemu-integrated
2026-10-07T12:21:26Z,egw-ditto-things-1,133.13,605609984,75.20,egw-qemu-integrated
2026-10-07T12:21:26Z,egw-ditto-policies-1,10.12,555323392,68.96,egw-qemu-integrated
2026-10-07T12:21:26Z,egw-mongodb-1,6.02,250900480,46.73,egw-qemu-integrated
2026-10-07T12:21:26Z,egw-ditto-gateway-1,87.14,543170560,67.45,egw-qemu-integrated
2026-10-07T12:21:26Z,egw-controller-1,27.79,43597824,16.24,egw-qemu-integrated
2026-10-07T12:21:27Z,egw-mosquitto-1,1.98,6291456,4.69,egw-qemu-integrated
2026-10-07T12:21:27Z,egw-ditto-things-1,122.51,611098624,75.88,egw-qemu-integrated
2026-10-07T12:21:27Z,egw-ditto-policies-1,52.31,555323392,68.96,egw-qemu-integrated
2026-10-07T12:21:27Z,egw-mongodb-1,7.83,250900480,46.73,egw-qemu-integrated
2026-10-07T12:21:27Z,egw-ditto-gateway-1,57.99,543182848,67.45,egw-qemu-integrated
2026-10-07T12:21:27Z,egw-controller-1,29.09,43859968,16.34,egw-qemu-integrated
2026-10-07T12:21:29Z,egw-mosquitto-1,2.02,6299648,4.69,egw-qemu-integrated
2026-10-07T12:21:29Z,egw-ditto-things-1,48.19,610836480,75.85,egw-qemu-integrated
2026-10-07T12:21:29Z,egw-ditto-policies-1,81.85,555347968,68.96,egw-qemu-integrated
2026-10-07T12:21:29Z,egw-mongodb-1,8.70,250900480,46.73,egw-qemu-integrated
2026-10-07T12:21:29Z,egw-ditto-gateway-1,48.87,543186944,67.45,egw-qemu-integrated
2026-10-07T12:21:29Z,egw-controller-1,29.77,43864064,16.34,egw-qemu-integrated
2026-10-07T12:21:30Z,egw-mosquitto-1,2.51,6295552,4.69,egw-qemu-integrated
2026-10-07T12:21:30Z,egw-ditto-things-1,53.21,610840576,75.85,egw-qemu-integrated
2026-10-07T12:21:30Z,egw-ditto-policies-1,29.17,555360256,68.96,egw-qemu-integrated
2026-10-07T12:21:30Z,egw-mongodb-1,7.58,250900480,46.73,egw-qemu-integrated
2026-10-07T12:21:30Z,egw-ditto-gateway-1,58.80,543444992,67.48,egw-qemu-integrated
2026-10-07T12:21:30Z,egw-controller-1,26.53,43597824,16.24,egw-qemu-integrated
2026-10-07T12:21:31Z,egw-mosquitto-1,2.38,6299648,4.69,egw-qemu-integrated
2026-10-07T12:21:31Z,egw-ditto-things-1,81.44,610852864,75.85,egw-qemu-integrated
2026-10-07T12:21:31Z,egw-ditto-policies-1,13.96,555364352,68.96,egw-qemu-integrated
2026-10-07T12:21:31Z,egw-mongodb-1,73.59,307343360,57.25,egw-qemu-integrated
2026-10-07T12:21:31Z,egw-ditto-gateway-1,64.98,543457280,67.48,egw-qemu-integrated
2026-10-07T12:21:31Z,egw-controller-1,31.43,43601920,16.24,egw-qemu-integrated
2026-10-07T12:21:32Z,egw-mosquitto-1,2.16,6303744,4.70,egw-qemu-integrated
2026-10-07T12:21:32Z,egw-ditto-things-1,91.58,610861056,75.85,egw-qemu-integrated
2026-10-07T12:21:32Z,egw-ditto-policies-1,22.60,555364352,68.96,egw-qemu-integrated
2026-10-07T12:21:32Z,egw-mongodb-1,104.25,398876672,74.30,egw-qemu-integrated
2026-10-07T12:21:32Z,egw-ditto-gateway-1,46.98,543199232,67.45,egw-qemu-integrated
2026-10-07T12:21:32Z,egw-controller-1,24.61,43601920,16.24,egw-qemu-integrated
2026-10-07T12:21:33Z,egw-mosquitto-1,2.17,6303744,4.70,egw-qemu-integrated
2026-10-07T12:21:33Z,egw-ditto-things-1,57.48,610865152,75.86,egw-qemu-integrated
2026-10-07T12:21:33Z,egw-ditto-policies-1,18.66,555368448,68.96,egw-qemu-integrated
2026-10-07T12:21:33Z,egw-mongodb-1,138.43,403390464,75.14,egw-qemu-integrated
2026-10-07T12:21:33Z,egw-ditto-gateway-1,66.31,543195136,67.45,egw-qemu-integrated
2026-10-07T12:21:33Z,egw-controller-1,25.85,43610112,16.25,egw-qemu-integrated
2026-10-07T12:21:34Z,egw-mosquitto-1,1.97,6307840,4.70,egw-qemu-integrated
2026-10-07T12:21:34Z,egw-ditto-things-1,53.76,610873344,75.86,egw-qemu-integrated
2026-10-07T12:21:34Z,egw-ditto-policies-1,27.25,555401216,68.97,egw-qemu-integrated
2026-10-07T12:21:34Z,egw-mongodb-1,74.91,403738624,75.20,egw-qemu-integrated
2026-10-07T12:21:34Z,egw-ditto-gateway-1,93.95,543481856,67.49,egw-qemu-integrated
2026-10-07T12:21:34Z,egw-controller-1,22.68,43618304,16.25,egw-qemu-integrated
2026-10-07T12:21:35Z,egw-mosquitto-1,1.89,6320128,4.71,egw-qemu-integrated
2026-10-07T12:21:35Z,egw-ditto-things-1,81.06,610889728,75.86,egw-qemu-integrated
2026-10-07T12:21:35Z,egw-ditto-policies-1,11.41,555401216,68.97,egw-qemu-integrated
2026-10-07T12:21:35Z,egw-mongodb-1,119.84,409133056,76.21,egw-qemu-integrated
2026-10-07T12:21:35Z,egw-ditto-gateway-1,66.81,543227904,67.46,egw-qemu-integrated
2026-10-07T12:21:35Z,egw-controller-1,24.02,43880448,16.35,egw-qemu-integrated
2026-10-07T12:21:36Z,egw-mosquitto-1,2.03,6316032,4.71,egw-qemu-integrated
2026-10-07T12:21:36Z,egw-ditto-things-1,106.19,610873344,75.86,egw-qemu-integrated
2026-10-07T12:21:36Z,egw-ditto-policies-1,13.35,555409408,68.97,egw-qemu-integrated
2026-10-07T12:21:36Z,egw-mongodb-1,125.22,415596544,77.41,egw-qemu-integrated
2026-10-07T12:21:36Z,egw-ditto-gateway-1,49.25,543232000,67.46,egw-qemu-integrated
2026-10-07T12:21:36Z,egw-controller-1,25.45,43626496,16.25,egw-qemu-integrated
2026-10-07T12:21:37Z,egw-mosquitto-1,2.48,6574080,4.90,egw-qemu-integrated
2026-10-07T12:21:37Z,egw-ditto-things-1,66.33,610910208,75.86,egw-qemu-integrated
2026-10-07T12:21:37Z,egw-ditto-policies-1,10.35,555409408,68.97,egw-qemu-integrated
2026-10-07T12:21:37Z,egw-mongodb-1,56.14,250904576,46.73,egw-qemu-integrated
2026-10-07T12:21:37Z,egw-ditto-gateway-1,57.40,543502336,67.49,egw-qemu-integrated
2026-10-07T12:21:37Z,egw-controller-1,28.15,43626496,16.25,egw-qemu-integrated
2026-10-07T12:21:38Z,egw-mosquitto-1,2.23,6324224,4.71,egw-qemu-integrated
2026-10-07T12:21:38Z,egw-ditto-things-1,70.44,610918400,75.86,egw-qemu-integrated
2026-10-07T12:21:38Z,egw-ditto-policies-1,8.82,555409408,68.97,egw-qemu-integrated
2026-10-07T12:21:38Z,egw-mongodb-1,7.60,250908672,46.74,egw-qemu-integrated
2026-10-07T12:21:38Z,egw-ditto-gateway-1,51.99,543244288,67.46,egw-qemu-integrated
2026-10-07T12:21:38Z,egw-controller-1,30.05,44150784,16.45,egw-qemu-integrated
2026-10-07T12:21:39Z,egw-mosquitto-1,1.96,6320128,4.71,egw-qemu-integrated
2026-10-07T12:21:39Z,egw-ditto-things-1,77.21,610918400,75.86,egw-qemu-integrated
2026-10-07T12:21:39Z,egw-ditto-policies-1,11.91,555417600,68.97,egw-qemu-integrated
2026-10-07T12:21:39Z,egw-mongodb-1,6.87,250904576,46.73,egw-qemu-integrated
2026-10-07T12:21:39Z,egw-ditto-gateway-1,59.85,543248384,67.46,egw-qemu-integrated
2026-10-07T12:21:39Z,egw-controller-1,31.04,43638784,16.26,egw-qemu-integrated
2026-10-07T12:21:40Z,egw-mosquitto-1,50.49,7753728,5.78,egw-qemu-integrated
2026-10-07T12:21:40Z,egw-ditto-things-1,92.58,610942976,75.86,egw-qemu-integrated
2026-10-07T12:21:40Z,egw-ditto-policies-1,10.19,555413504,68.97,egw-qemu-integrated
2026-10-07T12:21:40Z,egw-mongodb-1,7.95,250904576,46.73,egw-qemu-integrated
2026-10-07T12:21:40Z,egw-ditto-gateway-1,50.26,543256576,67.46,egw-qemu-integrated
2026-10-07T12:21:40Z,egw-controller-1,31.55,43626496,16.25,egw-qemu-integrated
2026-10-07T12:21:41Z,egw-mosquitto-1,24.75,6332416,4.72,egw-qemu-integrated
2026-10-07T12:21:41Z,egw-ditto-things-1,89.99,610971648,75.87,egw-qemu-integrated
2026-10-07T12:21:41Z,egw-ditto-policies-1,11.89,555413504,68.97,egw-qemu-integrated
2026-10-07T12:21:41Z,egw-mongodb-1,7.92,250904576,46.73,egw-qemu-integrated
2026-10-07T12:21:41Z,egw-ditto-gateway-1,49.20,543518720,67.49,egw-qemu-integrated
2026-10-07T12:21:41Z,egw-controller-1,29.09,43638784,16.26,egw-qemu-integrated
2026-10-07T12:21:42Z,egw-mosquitto-1,1.85,6336512,4.72,egw-qemu-integrated
2026-10-07T12:21:42Z,egw-ditto-things-1,59.94,611229696,75.90,egw-qemu-integrated
2026-10-07T12:21:42Z,egw-ditto-policies-1,56.63,555429888,68.97,egw-qemu-integrated
2026-10-07T12:21:42Z,egw-mongodb-1,17.61,250892288,46.73,egw-qemu-integrated
2026-10-07T12:21:42Z,egw-ditto-gateway-1,55.41,543264768,67.46,egw-qemu-integrated
2026-10-07T12:21:42Z,egw-controller-1,29.53,43896832,16.35,egw-qemu-integrated
2026-10-07T12:21:43Z,egw-mosquitto-1,1.87,6336512,4.72,egw-qemu-integrated
2026-10-07T12:21:43Z,egw-ditto-things-1,60.28,610975744,75.87,egw-qemu-integrated
2026-10-07T12:21:43Z,egw-ditto-policies-1,20.63,555433984,68.97,egw-qemu-integrated
2026-10-07T12:21:43Z,egw-mongodb-1,11.48,250888192,46.73,egw-qemu-integrated
2026-10-07T12:21:43Z,egw-ditto-gateway-1,57.99,543272960,67.46,egw-qemu-integrated
2026-10-07T12:21:43Z,egw-controller-1,31.64,43646976,16.26,egw-qemu-integrated
2026-10-07T12:21:44Z,egw-mosquitto-1,2.22,6340608,4.72,egw-qemu-integrated
2026-10-07T12:21:44Z,egw-ditto-things-1,57.98,610971648,75.87,egw-qemu-integrated
2026-10-07T12:21:44Z,egw-ditto-policies-1,13.02,555433984,68.97,egw-qemu-integrated
2026-10-07T12:21:44Z,egw-mongodb-1,8.47,250888192,46.73,egw-qemu-integrated
2026-10-07T12:21:44Z,egw-ditto-gateway-1,44.22,543268864,67.46,egw-qemu-integrated
2026-10-07T12:21:44Z,egw-controller-1,39.07,45129728,16.81,egw-qemu-integrated
2026-10-07T12:21:45Z,egw-mosquitto-1,2.05,6344704,4.73,egw-qemu-integrated
2026-10-07T12:21:45Z,egw-ditto-things-1,49.57,610979840,75.87,egw-qemu-integrated
2026-10-07T12:21:45Z,egw-ditto-policies-1,79.24,555507712,68.98,egw-qemu-integrated
2026-10-07T12:21:45Z,egw-mongodb-1,6.39,250888192,46.73,egw-qemu-integrated
2026-10-07T12:21:45Z,egw-ditto-gateway-1,77.00,543272960,67.46,egw-qemu-integrated
2026-10-07T12:21:45Z,egw-controller-1,100.83,53342208,19.87,egw-qemu-integrated
2026-10-07T12:21:46Z,egw-mosquitto-1,1.98,6344704,4.73,egw-qemu-integrated
2026-10-07T12:21:46Z,egw-ditto-things-1,57.79,610979840,75.87,egw-qemu-integrated
2026-10-07T12:21:46Z,egw-ditto-policies-1,11.43,555433984,68.97,egw-qemu-integrated
2026-10-07T12:21:46Z,egw-mongodb-1,8.39,250888192,46.73,egw-qemu-integrated
2026-10-07T12:21:46Z,egw-ditto-gateway-1,59.46,543289344,67.46,egw-qemu-integrated
2026-10-07T12:21:46Z,egw-controller-1,119.38,54509568,20.31,egw-qemu-integrated
2026-10-07T12:21:47Z,egw-mosquitto-1,2.15,6344704,4.73,egw-qemu-integrated
2026-10-07T12:21:47Z,egw-ditto-things-1,122.87,610992128,75.87,egw-qemu-integrated
2026-10-07T12:21:47Z,egw-ditto-policies-1,8.74,555438080,68.97,egw-qemu-integrated
2026-10-07T12:21:47Z,egw-mongodb-1,6.15,250896384,46.73,egw-qemu-integrated
2026-10-07T12:21:47Z,egw-ditto-gateway-1,44.64,543547392,67.50,egw-qemu-integrated
2026-10-07T12:21:47Z,egw-controller-1,121.54,57147392,21.29,egw-qemu-integrated
2026-10-07T12:21:48Z,egw-mosquitto-1,3.74,6352896,4.73,egw-qemu-integrated
2026-10-07T12:21:48Z,egw-ditto-things-1,117.89,610947072,75.87,egw-qemu-integrated
2026-10-07T12:21:48Z,egw-ditto-policies-1,40.68,555704320,69.01,egw-qemu-integrated
2026-10-07T12:21:48Z,egw-mongodb-1,11.76,250892288,46.73,egw-qemu-integrated
2026-10-07T12:21:48Z,egw-ditto-gateway-1,86.36,543297536,67.46,egw-qemu-integrated
2026-10-07T12:21:48Z,egw-controller-1,80.28,43659264,16.26,egw-qemu-integrated
2026-10-07T12:21:49Z,egw-mosquitto-1,6.49,6885376,5.13,egw-qemu-integrated
2026-10-07T12:21:49Z,egw-ditto-things-1,123.35,610947072,75.87,egw-qemu-integrated
2026-10-07T12:21:49Z,egw-ditto-policies-1,26.43,555450368,68.97,egw-qemu-integrated
2026-10-07T12:21:49Z,egw-mongodb-1,15.82,250892288,46.73,egw-qemu-integrated
2026-10-07T12:21:49Z,egw-ditto-gateway-1,68.67,543174656,67.45,egw-qemu-integrated
2026-10-07T12:21:49Z,egw-controller-1,11.35,43663360,16.27,egw-qemu-integrated
2026-10-07T12:21:50Z,egw-mosquitto-1,1.75,6631424,4.94,egw-qemu-integrated
2026-10-07T12:21:50Z,egw-ditto-things-1,41.32,610988032,75.87,egw-qemu-integrated
2026-10-07T12:21:50Z,egw-ditto-policies-1,11.28,555458560,68.97,egw-qemu-integrated
2026-10-07T12:21:50Z,egw-mongodb-1,5.72,250892288,46.73,egw-qemu-integrated
2026-10-07T12:21:50Z,egw-ditto-gateway-1,163.96,543297536,67.46,egw-qemu-integrated
2026-10-07T12:21:50Z,egw-controller-1,22.53,43671552,16.27,egw-qemu-integrated
2026-10-07T12:21:51Z,egw-mosquitto-1,1.91,6369280,4.75,egw-qemu-integrated
2026-10-07T12:21:51Z,egw-ditto-things-1,68.51,610988032,75.87,egw-qemu-integrated
2026-10-07T12:21:51Z,egw-ditto-policies-1,9.68,555458560,68.97,egw-qemu-integrated
2026-10-07T12:21:51Z,egw-mongodb-1,7.43,250892288,46.73,egw-qemu-integrated
2026-10-07T12:21:51Z,egw-ditto-gateway-1,112.40,543592448,67.50,egw-qemu-integrated
2026-10-07T12:21:51Z,egw-controller-1,27.16,43671552,16.27,egw-qemu-integrated
2026-10-07T12:21:52Z,egw-mosquitto-1,2.17,6377472,4.75,egw-qemu-integrated
2026-10-07T12:21:52Z,egw-ditto-things-1,87.28,613810176,76.22,egw-qemu-integrated
2026-10-07T12:21:52Z,egw-ditto-policies-1,9.63,555458560,68.97,egw-qemu-integrated
2026-10-07T12:21:52Z,egw-mongodb-1,12.36,250888192,46.73,egw-qemu-integrated
2026-10-07T12:21:52Z,egw-ditto-gateway-1,120.61,543358976,67.47,egw-qemu-integrated
2026-10-07T12:21:52Z,egw-controller-1,25.96,43683840,16.27,egw-qemu-integrated
2026-10-07T12:21:53Z,egw-mosquitto-1,1.99,6377472,4.75,egw-qemu-integrated
2026-10-07T12:21:53Z,egw-ditto-things-1,136.57,611028992,75.88,egw-qemu-integrated
2026-10-07T12:21:53Z,egw-ditto-policies-1,37.95,555462656,68.98,egw-qemu-integrated
2026-10-07T12:21:53Z,egw-mongodb-1,6.10,250888192,46.73,egw-qemu-integrated
2026-10-07T12:21:53Z,egw-ditto-gateway-1,95.81,543387648,67.48,egw-qemu-integrated
2026-10-07T12:21:53Z,egw-controller-1,24.11,43679744,16.27,egw-qemu-integrated
2026-10-07T12:21:54Z,egw-mosquitto-1,2.00,6381568,4.75,egw-qemu-integrated
2026-10-07T12:21:54Z,egw-ditto-things-1,134.94,611033088,75.88,egw-qemu-integrated
2026-10-07T12:21:54Z,egw-ditto-policies-1,41.85,555466752,68.98,egw-qemu-integrated
2026-10-07T12:21:54Z,egw-mongodb-1,7.86,250892288,46.73,egw-qemu-integrated
2026-10-07T12:21:54Z,egw-ditto-gateway-1,82.67,543404032,67.48,egw-qemu-integrated
2026-10-07T12:21:54Z,egw-controller-1,24.91,43683840,16.27,egw-qemu-integrated
2026-10-07T12:21:55Z,egw-mosquitto-1,1.76,6381568,4.75,egw-qemu-integrated
2026-10-07T12:21:55Z,egw-ditto-things-1,104.61,611008512,75.87,egw-qemu-integrated
2026-10-07T12:21:55Z,egw-ditto-policies-1,50.43,555479040,68.98,egw-qemu-integrated
2026-10-07T12:21:55Z,egw-mongodb-1,8.63,250888192,46.73,egw-qemu-integrated
2026-10-07T12:21:55Z,egw-ditto-gateway-1,70.24,543412224,67.48,egw-qemu-integrated
2026-10-07T12:21:55Z,egw-controller-1,28.36,43958272,16.38,egw-qemu-integrated
2026-10-07T12:21:56Z,egw-mosquitto-1,2.16,6377472,4.75,egw-qemu-integrated
2026-10-07T12:21:56Z,egw-ditto-things-1,58.34,611008512,75.87,egw-qemu-integrated
2026-10-07T12:21:56Z,egw-ditto-policies-1,8.82,555479040,68.98,egw-qemu-integrated
2026-10-07T12:21:56Z,egw-mongodb-1,7.83,250888192,46.73,egw-qemu-integrated
2026-10-07T12:21:56Z,egw-ditto-gateway-1,60.38,543428608,67.48,egw-qemu-integrated
2026-10-07T12:21:56Z,egw-controller-1,32.31,43945984,16.37,egw-qemu-integrated
2026-10-07T12:21:57Z,egw-mosquitto-1,2.19,6385664,4.76,egw-qemu-integrated
2026-10-07T12:21:57Z,egw-ditto-things-1,55.03,611012608,75.87,egw-qemu-integrated
2026-10-07T12:21:57Z,egw-ditto-policies-1,11.72,555479040,68.98,egw-qemu-integrated
2026-10-07T12:21:57Z,egw-mongodb-1,7.23,250888192,46.73,egw-qemu-integrated
2026-10-07T12:21:57Z,egw-ditto-gateway-1,67.07,544694272,67.64,egw-qemu-integrated
2026-10-07T12:21:57Z,egw-controller-1,29.48,43692032,16.28,egw-qemu-integrated
2026-10-07T12:21:58Z,egw-mosquitto-1,2.81,6389760,4.76,egw-qemu-integrated
2026-10-07T12:21:58Z,egw-ditto-things-1,51.09,611008512,75.87,egw-qemu-integrated
2026-10-07T12:21:58Z,egw-ditto-policies-1,14.33,555487232,68.98,egw-qemu-integrated
2026-10-07T12:21:58Z,egw-mongodb-1,8.65,250892288,46.73,egw-qemu-integrated
2026-10-07T12:21:58Z,egw-ditto-gateway-1,113.38,543444992,67.48,egw-qemu-integrated
2026-10-07T12:21:58Z,egw-controller-1,30.09,43696128,16.28,egw-qemu-integrated
2026-10-07T12:21:59Z,egw-mosquitto-1,2.70,6651904,4.96,egw-qemu-integrated
2026-10-07T12:21:59Z,egw-ditto-things-1,45.69,611012608,75.87,egw-qemu-integrated
2026-10-07T12:21:59Z,egw-ditto-policies-1,11.25,555483136,68.98,egw-qemu-integrated
2026-10-07T12:21:59Z,egw-mongodb-1,8.20,250896384,46.73,egw-qemu-integrated
2026-10-07T12:21:59Z,egw-ditto-gateway-1,105.55,543481856,67.49,egw-qemu-integrated
2026-10-07T12:21:59Z,egw-controller-1,30.94,43700224,16.28,egw-qemu-integrated
2026-10-07T12:22:00Z,egw-mosquitto-1,2.02,6389760,4.76,egw-qemu-integrated
2026-10-07T12:22:00Z,egw-ditto-things-1,57.20,611012608,75.87,egw-qemu-integrated
2026-10-07T12:22:00Z,egw-ditto-policies-1,9.57,555483136,68.98,egw-qemu-integrated
2026-10-07T12:22:00Z,egw-mongodb-1,6.97,250892288,46.73,egw-qemu-integrated
2026-10-07T12:22:00Z,egw-ditto-gateway-1,82.44,543760384,67.52,egw-qemu-integrated
2026-10-07T12:22:00Z,egw-controller-1,31.95,43708416,16.28,egw-qemu-integrated
2026-10-07T12:22:01Z,egw-mosquitto-1,2.36,6393856,4.76,egw-qemu-integrated
2026-10-07T12:22:01Z,egw-ditto-things-1,127.14,611270656,75.91,egw-qemu-integrated
2026-10-07T12:22:01Z,egw-ditto-policies-1,10.34,555483136,68.98,egw-qemu-integrated
2026-10-07T12:22:01Z,egw-mongodb-1,9.39,251150336,46.78,egw-qemu-integrated
2026-10-07T12:22:01Z,egw-ditto-gateway-1,55.55,543760384,67.52,egw-qemu-integrated
2026-10-07T12:22:01Z,egw-controller-1,28.64,43708416,16.28,egw-qemu-integrated
2026-10-07T12:22:03Z,egw-mosquitto-1,1.89,6389760,4.76,egw-qemu-integrated
2026-10-07T12:22:03Z,egw-ditto-things-1,136.99,611233792,75.90,egw-qemu-integrated
2026-10-07T12:22:03Z,egw-ditto-policies-1,11.70,555483136,68.98,egw-qemu-integrated
2026-10-07T12:22:03Z,egw-mongodb-1,10.07,250896384,46.73,egw-qemu-integrated
2026-10-07T12:22:03Z,egw-ditto-gateway-1,48.36,543506432,67.49,egw-qemu-integrated
2026-10-07T12:22:03Z,egw-controller-1,30.37,43708416,16.28,egw-qemu-integrated
2026-10-07T12:22:04Z,egw-mosquitto-1,1.98,6393856,4.76,egw-qemu-integrated
2026-10-07T12:22:04Z,egw-ditto-things-1,70.20,611233792,75.90,egw-qemu-integrated
2026-10-07T12:22:04Z,egw-ditto-policies-1,12.21,555487232,68.98,egw-qemu-integrated
2026-10-07T12:22:04Z,egw-mongodb-1,9.99,250077184,46.58,egw-qemu-integrated
2026-10-07T12:22:04Z,egw-ditto-gateway-1,49.13,543510528,67.49,egw-qemu-integrated
2026-10-07T12:22:04Z,egw-controller-1,29.38,43716608,16.29,egw-qemu-integrated
2026-10-07T12:22:05Z,egw-mosquitto-1,2.24,6397952,4.77,egw-qemu-integrated
2026-10-07T12:22:05Z,egw-ditto-things-1,70.70,611241984,75.90,egw-qemu-integrated
2026-10-07T12:22:05Z,egw-ditto-policies-1,27.85,555491328,68.98,egw-qemu-integrated
2026-10-07T12:22:05Z,egw-mongodb-1,10.41,249815040,46.53,egw-qemu-integrated
2026-10-07T12:22:05Z,egw-ditto-gateway-1,53.40,543510528,67.49,egw-qemu-integrated
2026-10-07T12:22:05Z,egw-controller-1,29.13,44240896,16.48,egw-qemu-integrated
2026-10-07T12:22:06Z,egw-mosquitto-1,2.35,6397952,4.77,egw-qemu-integrated
2026-10-07T12:22:06Z,egw-ditto-things-1,51.27,611241984,75.90,egw-qemu-integrated
2026-10-07T12:22:06Z,egw-ditto-policies-1,10.05,555491328,68.98,egw-qemu-integrated
2026-10-07T12:22:06Z,egw-mongodb-1,9.95,249815040,46.53,egw-qemu-integrated
2026-10-07T12:22:06Z,egw-ditto-gateway-1,54.29,543518720,67.49,egw-qemu-integrated
2026-10-07T12:22:06Z,egw-controller-1,32.75,43716608,16.29,egw-qemu-integrated
2026-10-07T12:22:07Z,egw-mosquitto-1,2.09,6656000,4.96,egw-qemu-integrated
2026-10-07T12:22:07Z,egw-ditto-things-1,52.48,611233792,75.90,egw-qemu-integrated
2026-10-07T12:22:07Z,egw-ditto-policies-1,11.97,555491328,68.98,egw-qemu-integrated
2026-10-07T12:22:07Z,egw-mongodb-1,7.85,249815040,46.53,egw-qemu-integrated
2026-10-07T12:22:07Z,egw-ditto-gateway-1,50.10,543768576,67.52,egw-qemu-integrated
2026-10-07T12:22:07Z,egw-controller-1,34.12,43720704,16.29,egw-qemu-integrated
2026-10-07T12:22:08Z,egw-mosquitto-1,2.19,6397952,4.77,egw-qemu-integrated
2026-10-07T12:22:08Z,egw-ditto-things-1,59.06,611274752,75.91,egw-qemu-integrated
2026-10-07T12:22:08Z,egw-ditto-policies-1,12.69,555495424,68.98,egw-qemu-integrated
2026-10-07T12:22:08Z,egw-mongodb-1,10.34,249815040,46.53,egw-qemu-integrated
2026-10-07T12:22:08Z,egw-ditto-gateway-1,130.92,543526912,67.49,egw-qemu-integrated
2026-10-07T12:22:08Z,egw-controller-1,28.48,43720704,16.29,egw-qemu-integrated
2026-10-07T12:22:09Z,egw-mosquitto-1,2.54,6402048,4.77,egw-qemu-integrated
2026-10-07T12:22:09Z,egw-ditto-things-1,52.69,611278848,75.91,egw-qemu-integrated
2026-10-07T12:22:09Z,egw-ditto-policies-1,11.12,555495424,68.98,egw-qemu-integrated
2026-10-07T12:22:09Z,egw-mongodb-1,92.02,337256448,62.82,egw-qemu-integrated
2026-10-07T12:22:09Z,egw-ditto-gateway-1,115.66,543514624,67.49,egw-qemu-integrated
2026-10-07T12:22:09Z,egw-controller-1,22.37,43720704,16.29,egw-qemu-integrated
2026-10-07T12:22:10Z,egw-mosquitto-1,2.01,6410240,4.78,egw-qemu-integrated
2026-10-07T12:22:10Z,egw-ditto-things-1,93.48,611287040,75.91,egw-qemu-integrated
2026-10-07T12:22:10Z,egw-ditto-policies-1,11.88,555495424,68.98,egw-qemu-integrated
2026-10-07T12:22:10Z,egw-mongodb-1,108.67,398381056,74.20,egw-qemu-integrated
2026-10-07T12:22:10Z,egw-ditto-gateway-1,88.55,543817728,67.53,egw-qemu-integrated
2026-10-07T12:22:10Z,egw-controller-1,25.13,43728896,16.29,egw-qemu-integrated
2026-10-07T12:22:11Z,egw-mosquitto-1,2.00,6410240,4.78,egw-qemu-integrated
2026-10-07T12:22:11Z,egw-ditto-things-1,124.92,611282944,75.91,egw-qemu-integrated
2026-10-07T12:22:11Z,egw-ditto-policies-1,12.80,555495424,68.98,egw-qemu-integrated
2026-10-07T12:22:11Z,egw-mongodb-1,126.33,401649664,74.81,egw-qemu-integrated
2026-10-07T12:22:11Z,egw-ditto-gateway-1,39.13,543821824,67.53,egw-qemu-integrated
2026-10-07T12:22:11Z,egw-controller-1,26.76,43999232,16.39,egw-qemu-integrated
2026-10-07T12:22:12Z,egw-mosquitto-1,11.55,7761920,5.78,egw-qemu-integrated
2026-10-07T12:22:12Z,egw-ditto-things-1,111.05,612249600,76.03,egw-qemu-integrated
2026-10-07T12:22:12Z,egw-ditto-policies-1,11.57,555495424,68.98,egw-qemu-integrated
2026-10-07T12:22:12Z,egw-mongodb-1,82.81,404750336,75.39,egw-qemu-integrated
2026-10-07T12:22:12Z,egw-ditto-gateway-1,40.80,544079872,67.56,egw-qemu-integrated
2026-10-07T12:22:12Z,egw-controller-1,23.22,43732992,16.29,egw-qemu-integrated
2026-10-07T12:22:13Z,egw-mosquitto-1,53.07,6434816,4.79,egw-qemu-integrated
2026-10-07T12:22:13Z,egw-ditto-things-1,60.13,612552704,76.06,egw-qemu-integrated
2026-10-07T12:22:13Z,egw-ditto-policies-1,27.58,555499520,68.98,egw-qemu-integrated
2026-10-07T12:22:13Z,egw-mongodb-1,106.17,408649728,76.12,egw-qemu-integrated
2026-10-07T12:22:13Z,egw-ditto-gateway-1,41.58,543821824,67.53,egw-qemu-integrated
2026-10-07T12:22:13Z,egw-controller-1,23.17,43732992,16.29,egw-qemu-integrated
2026-10-07T12:22:14Z,egw-mosquitto-1,2.35,6426624,4.79,egw-qemu-integrated
2026-10-07T12:22:14Z,egw-ditto-things-1,48.14,612302848,76.03,egw-qemu-integrated
2026-10-07T12:22:14Z,egw-ditto-policies-1,26.16,555503616,68.98,egw-qemu-integrated
2026-10-07T12:22:14Z,egw-mongodb-1,143.37,415084544,77.32,egw-qemu-integrated
2026-10-07T12:22:14Z,egw-ditto-gateway-1,42.72,543825920,67.53,egw-qemu-integrated
2026-10-07T12:22:14Z,egw-controller-1,28.75,44269568,16.49,egw-qemu-integrated
2026-10-07T12:22:15Z,egw-mosquitto-1,2.72,6438912,4.80,egw-qemu-integrated
2026-10-07T12:22:15Z,egw-ditto-things-1,76.01,612319232,76.04,egw-qemu-integrated
2026-10-07T12:22:15Z,egw-ditto-policies-1,23.82,555507712,68.98,egw-qemu-integrated
2026-10-07T12:22:15Z,egw-mongodb-1,34.28,249827328,46.53,egw-qemu-integrated
2026-10-07T12:22:15Z,egw-ditto-gateway-1,58.10,543821824,67.53,egw-qemu-integrated
2026-10-07T12:22:15Z,egw-controller-1,27.30,43753472,16.30,egw-qemu-integrated
2026-10-07T12:22:16Z,egw-mosquitto-1,2.11,6696960,4.99,egw-qemu-integrated
2026-10-07T12:22:16Z,egw-ditto-things-1,54.45,612323328,76.04,egw-qemu-integrated
2026-10-07T12:22:16Z,egw-ditto-policies-1,11.28,555507712,68.98,egw-qemu-integrated
2026-10-07T12:22:16Z,egw-mongodb-1,8.19,249823232,46.53,egw-qemu-integrated
2026-10-07T12:22:16Z,egw-ditto-gateway-1,93.35,544088064,67.56,egw-qemu-integrated
2026-10-07T12:22:16Z,egw-controller-1,28.97,43753472,16.30,egw-qemu-integrated
2026-10-07T12:22:17Z,egw-mosquitto-1,2.30,6434816,4.79,egw-qemu-integrated
2026-10-07T12:22:17Z,egw-ditto-things-1,60.22,612331520,76.04,egw-qemu-integrated
2026-10-07T12:22:17Z,egw-ditto-policies-1,37.74,558346240,69.33,egw-qemu-integrated
2026-10-07T12:22:17Z,egw-mongodb-1,14.21,249823232,46.53,egw-qemu-integrated
2026-10-07T12:22:17Z,egw-ditto-gateway-1,134.08,539561984,67.00,egw-qemu-integrated
2026-10-07T12:22:17Z,egw-controller-1,23.01,43753472,16.30,egw-qemu-integrated
2026-10-07T12:22:18Z,egw-mosquitto-1,4.42,6443008,4.80,egw-qemu-integrated
2026-10-07T12:22:18Z,egw-ditto-things-1,107.01,612278272,76.03,egw-qemu-integrated
2026-10-07T12:22:18Z,egw-ditto-policies-1,93.60,555536384,68.98,egw-qemu-integrated
2026-10-07T12:22:18Z,egw-mongodb-1,8.47,249823232,46.53,egw-qemu-integrated
2026-10-07T12:22:18Z,egw-ditto-gateway-1,61.03,539566080,67.00,egw-qemu-integrated
2026-10-07T12:22:18Z,egw-controller-1,22.68,43757568,16.30,egw-qemu-integrated
2026-10-07T12:22:19Z,egw-mosquitto-1,1.82,6447104,4.80,egw-qemu-integrated
2026-10-07T12:22:19Z,egw-ditto-things-1,108.16,612298752,76.03,egw-qemu-integrated
2026-10-07T12:22:19Z,egw-ditto-policies-1,58.99,555532288,68.98,egw-qemu-integrated
2026-10-07T12:22:19Z,egw-mongodb-1,13.94,249823232,46.53,egw-qemu-integrated
2026-10-07T12:22:19Z,egw-ditto-gateway-1,151.41,539836416,67.03,egw-qemu-integrated
2026-10-07T12:22:19Z,egw-controller-1,14.26,43757568,16.30,egw-qemu-integrated
2026-10-07T12:22:20Z,egw-mosquitto-1,2.27,6451200,4.81,egw-qemu-integrated
2026-10-07T12:22:20Z,egw-ditto-things-1,115.57,612319232,76.04,egw-qemu-integrated
2026-10-07T12:22:20Z,egw-ditto-policies-1,33.39,555536384,68.98,egw-qemu-integrated
2026-10-07T12:22:20Z,egw-mongodb-1,10.27,249823232,46.53,egw-qemu-integrated
2026-10-07T12:22:20Z,egw-ditto-gateway-1,34.35,539566080,67.00,egw-qemu-integrated
2026-10-07T12:22:20Z,egw-controller-1,26.87,45719552,17.03,egw-qemu-integrated
2026-10-07T12:22:21Z,egw-mosquitto-1,1.89,6455296,4.81,egw-qemu-integrated
2026-10-07T12:22:21Z,egw-ditto-things-1,66.02,612364288,76.04,egw-qemu-integrated
2026-10-07T12:22:21Z,egw-ditto-policies-1,16.28,555532288,68.98,egw-qemu-integrated
2026-10-07T12:22:21Z,egw-mongodb-1,14.57,249823232,46.53,egw-qemu-integrated
2026-10-07T12:22:21Z,egw-ditto-gateway-1,45.56,539574272,67.00,egw-qemu-integrated
2026-10-07T12:22:21Z,egw-controller-1,110.40,53526528,19.94,egw-qemu-integrated
2026-10-07T12:22:22Z,egw-mosquitto-1,1.77,6459392,4.81,egw-qemu-integrated
2026-10-07T12:22:22Z,egw-ditto-things-1,75.70,612380672,76.04,egw-qemu-integrated
2026-10-07T12:22:22Z,egw-ditto-policies-1,10.40,555536384,68.98,egw-qemu-integrated
2026-10-07T12:22:22Z,egw-mongodb-1,7.77,249823232,46.53,egw-qemu-integrated
2026-10-07T12:22:22Z,egw-ditto-gateway-1,60.54,539570176,67.00,egw-qemu-integrated
2026-10-07T12:22:22Z,egw-controller-1,120.85,55455744,20.66,egw-qemu-integrated
2026-10-07T12:22:23Z,egw-mosquitto-1,1.85,6459392,4.81,egw-qemu-integrated
2026-10-07T12:22:23Z,egw-ditto-things-1,43.16,612376576,76.04,egw-qemu-integrated
2026-10-07T12:22:23Z,egw-ditto-policies-1,17.67,555532288,68.98,egw-qemu-integrated
2026-10-07T12:22:23Z,egw-mongodb-1,10.14,249831424,46.53,egw-qemu-integrated
2026-10-07T12:22:23Z,egw-ditto-gateway-1,105.72,539848704,67.04,egw-qemu-integrated
2026-10-07T12:22:23Z,egw-controller-1,118.02,57081856,21.26,egw-qemu-integrated
2026-10-07T12:22:24Z,egw-mosquitto-1,1.97,6459392,4.81,egw-qemu-integrated
2026-10-07T12:22:24Z,egw-ditto-things-1,51.76,612376576,76.04,egw-qemu-integrated
2026-10-07T12:22:24Z,egw-ditto-policies-1,26.64,555802624,69.02,egw-qemu-integrated
2026-10-07T12:22:24Z,egw-mongodb-1,7.13,249827328,46.53,egw-qemu-integrated
2026-10-07T12:22:24Z,egw-ditto-gateway-1,65.64,539590656,67.00,egw-qemu-integrated
2026-10-07T12:22:24Z,egw-controller-1,37.02,43782144,16.31,egw-qemu-integrated
2026-10-07T12:22:25Z,egw-mosquitto-1,1.62,6467584,4.82,egw-qemu-integrated
2026-10-07T12:22:25Z,egw-ditto-things-1,125.09,612392960,76.04,egw-qemu-integrated
2026-10-07T12:22:25Z,egw-ditto-policies-1,34.24,555544576,68.99,egw-qemu-integrated
2026-10-07T12:22:25Z,egw-mongodb-1,8.12,249827328,46.53,egw-qemu-integrated
2026-10-07T12:22:25Z,egw-ditto-gateway-1,57.76,539598848,67.01,egw-qemu-integrated
2026-10-07T12:22:25Z,egw-controller-1,22.17,43782144,16.31,egw-qemu-integrated
2026-10-07T12:22:26Z,egw-mosquitto-1,2.29,6467584,4.82,egw-qemu-integrated
2026-10-07T12:22:26Z,egw-ditto-things-1,69.98,612405248,76.05,egw-qemu-integrated
2026-10-07T12:22:26Z,egw-ditto-policies-1,17.18,555552768,68.99,egw-qemu-integrated
2026-10-07T12:22:26Z,egw-mongodb-1,9.01,249831424,46.53,egw-qemu-integrated
2026-10-07T12:22:26Z,egw-ditto-gateway-1,61.15,539594752,67.00,egw-qemu-integrated
2026-10-07T12:22:26Z,egw-controller-1,31.67,43782144,16.31,egw-qemu-integrated
2026-10-07T12:22:27Z,egw-mosquitto-1,1.86,6729728,5.01,egw-qemu-integrated
2026-10-07T12:22:27Z,egw-ditto-things-1,98.82,612405248,76.05,egw-qemu-integrated
2026-10-07T12:22:27Z,egw-ditto-policies-1,13.92,555552768,68.99,egw-qemu-integrated
2026-10-07T12:22:27Z,egw-mongodb-1,7.32,249827328,46.53,egw-qemu-integrated
2026-10-07T12:22:27Z,egw-ditto-gateway-1,56.54,539598848,67.01,egw-qemu-integrated
2026-10-07T12:22:27Z,egw-controller-1,32.15,44044288,16.41,egw-qemu-integrated
2026-10-07T12:22:28Z,egw-mosquitto-1,1.91,6725632,5.01,egw-qemu-integrated
2026-10-07T12:22:28Z,egw-ditto-things-1,55.98,612421632,76.05,egw-qemu-integrated
2026-10-07T12:22:28Z,egw-ditto-policies-1,10.88,555556864,68.99,egw-qemu-integrated
2026-10-07T12:22:28Z,egw-mongodb-1,7.42,249827328,46.53,egw-qemu-integrated
2026-10-07T12:22:28Z,egw-ditto-gateway-1,100.42,539594752,67.00,egw-qemu-integrated
2026-10-07T12:22:28Z,egw-controller-1,30.35,44036096,16.40,egw-qemu-integrated
2026-10-07T12:22:29Z,egw-mosquitto-1,2.14,6467584,4.82,egw-qemu-integrated
2026-10-07T12:22:29Z,egw-ditto-things-1,70.40,612433920,76.05,egw-qemu-integrated
2026-10-07T12:22:29Z,egw-ditto-policies-1,10.24,555552768,68.99,egw-qemu-integrated
2026-10-07T12:22:29Z,egw-mongodb-1,7.65,250093568,46.58,egw-qemu-integrated
2026-10-07T12:22:29Z,egw-ditto-gateway-1,65.54,539611136,67.01,egw-qemu-integrated
2026-10-07T12:22:29Z,egw-controller-1,29.57,43782144,16.31,egw-qemu-integrated
2026-10-07T12:22:30Z,egw-mosquitto-1,2.57,6467584,4.82,egw-qemu-integrated
2026-10-07T12:22:30Z,egw-ditto-things-1,44.35,612429824,76.05,egw-qemu-integrated
2026-10-07T12:22:30Z,egw-ditto-policies-1,11.30,555560960,68.99,egw-qemu-integrated
2026-10-07T12:22:30Z,egw-mongodb-1,8.04,249827328,46.53,egw-qemu-integrated
2026-10-07T12:22:30Z,egw-ditto-gateway-1,114.37,539615232,67.01,egw-qemu-integrated
2026-10-07T12:22:30Z,egw-controller-1,32.09,44048384,16.41,egw-qemu-integrated
2026-10-07T12:22:31Z,egw-mosquitto-1,2.11,6467584,4.82,egw-qemu-integrated
2026-10-07T12:22:31Z,egw-ditto-things-1,46.79,612433920,76.05,egw-qemu-integrated
2026-10-07T12:22:31Z,egw-ditto-policies-1,15.10,555552768,68.99,egw-qemu-integrated
2026-10-07T12:22:31Z,egw-mongodb-1,6.89,249827328,46.53,egw-qemu-integrated
2026-10-07T12:22:31Z,egw-ditto-gateway-1,88.18,540151808,67.07,egw-qemu-integrated
2026-10-07T12:22:31Z,egw-controller-1,34.90,43786240,16.31,egw-qemu-integrated
2026-10-07T12:22:32Z,egw-mosquitto-1,2.27,6725632,5.01,egw-qemu-integrated
2026-10-07T12:22:32Z,egw-ditto-things-1,51.54,612433920,76.05,egw-qemu-integrated
2026-10-07T12:22:32Z,egw-ditto-policies-1,9.46,555552768,68.99,egw-qemu-integrated
2026-10-07T12:22:32Z,egw-mongodb-1,8.53,249827328,46.53,egw-qemu-integrated
2026-10-07T12:22:32Z,egw-ditto-gateway-1,50.26,539635712,67.01,egw-qemu-integrated
2026-10-07T12:22:32Z,egw-controller-1,33.85,43786240,16.31,egw-qemu-integrated
2026-10-07T12:22:33Z,egw-mosquitto-1,2.21,6467584,4.82,egw-qemu-integrated
2026-10-07T12:22:33Z,egw-ditto-things-1,69.58,612831232,76.10,egw-qemu-integrated
2026-10-07T12:22:33Z,egw-ditto-policies-1,14.80,555577344,68.99,egw-qemu-integrated
2026-10-07T12:22:33Z,egw-mongodb-1,9.97,249827328,46.53,egw-qemu-integrated
2026-10-07T12:22:33Z,egw-ditto-gateway-1,80.73,539648000,67.01,egw-qemu-integrated
2026-10-07T12:22:33Z,egw-controller-1,30.63,43790336,16.31,egw-qemu-integrated
2026-10-07T12:22:34Z,egw-mosquitto-1,2.15,6467584,4.82,egw-qemu-integrated
2026-10-07T12:22:34Z,egw-ditto-things-1,54.57,612577280,76.07,egw-qemu-integrated
2026-10-07T12:22:34Z,egw-ditto-policies-1,11.35,555626496,69.00,egw-qemu-integrated
2026-10-07T12:22:34Z,egw-mongodb-1,8.43,249827328,46.53,egw-qemu-integrated
2026-10-07T12:22:34Z,egw-ditto-gateway-1,51.53,539656192,67.01,egw-qemu-integrated
2026-10-07T12:22:34Z,egw-controller-1,33.32,44310528,16.51,egw-qemu-integrated
2026-10-07T12:22:35Z,egw-mosquitto-1,2.08,6725632,5.01,egw-qemu-integrated
2026-10-07T12:22:35Z,egw-ditto-things-1,53.24,612573184,76.07,egw-qemu-integrated
2026-10-07T12:22:35Z,egw-ditto-policies-1,32.76,556199936,69.07,egw-qemu-integrated
2026-10-07T12:22:35Z,egw-mongodb-1,8.18,249827328,46.53,egw-qemu-integrated
2026-10-07T12:22:35Z,egw-ditto-gateway-1,62.79,539652096,67.01,egw-qemu-integrated
2026-10-07T12:22:35Z,egw-controller-1,31.56,44060672,16.41,egw-qemu-integrated
2026-10-07T12:22:36Z,egw-mosquitto-1,2.12,6467584,4.82,egw-qemu-integrated
2026-10-07T12:22:36Z,egw-ditto-things-1,54.49,612577280,76.07,egw-qemu-integrated
2026-10-07T12:22:36Z,egw-ditto-policies-1,12.87,556183552,69.06,egw-qemu-integrated
2026-10-07T12:22:36Z,egw-mongodb-1,9.66,250089472,46.58,egw-qemu-integrated
2026-10-07T12:22:36Z,egw-ditto-gateway-1,59.17,539660288,67.01,egw-qemu-integrated
2026-10-07T12:22:36Z,egw-controller-1,31.57,43798528,16.32,egw-qemu-integrated
2026-10-07T12:22:37Z,egw-mosquitto-1,2.16,6725632,5.01,egw-qemu-integrated
2026-10-07T12:22:37Z,egw-ditto-things-1,50.50,612577280,76.07,egw-qemu-integrated
2026-10-07T12:22:37Z,egw-ditto-policies-1,9.95,556183552,69.06,egw-qemu-integrated
2026-10-07T12:22:37Z,egw-mongodb-1,7.44,249827328,46.53,egw-qemu-integrated
2026-10-07T12:22:37Z,egw-ditto-gateway-1,60.65,539926528,67.05,egw-qemu-integrated
2026-10-07T12:22:37Z,egw-controller-1,32.05,44052480,16.41,egw-qemu-integrated
2026-10-07T12:22:38Z,egw-mosquitto-1,1.69,6467584,4.82,egw-qemu-integrated
2026-10-07T12:22:38Z,egw-ditto-things-1,59.49,612581376,76.07,egw-qemu-integrated
2026-10-07T12:22:38Z,egw-ditto-policies-1,10.67,556183552,69.06,egw-qemu-integrated
2026-10-07T12:22:38Z,egw-mongodb-1,8.02,250093568,46.58,egw-qemu-integrated
2026-10-07T12:22:38Z,egw-ditto-gateway-1,49.87,539926528,67.05,egw-qemu-integrated
2026-10-07T12:22:38Z,egw-controller-1,30.09,43790336,16.31,egw-qemu-integrated
2026-10-07T12:22:39Z,egw-mosquitto-1,1.91,6467584,4.82,egw-qemu-integrated
2026-10-07T12:22:39Z,egw-ditto-things-1,54.78,612589568,76.07,egw-qemu-integrated
2026-10-07T12:22:39Z,egw-ditto-policies-1,8.00,556183552,69.06,egw-qemu-integrated
2026-10-07T12:22:39Z,egw-mongodb-1,7.72,249827328,46.53,egw-qemu-integrated
2026-10-07T12:22:39Z,egw-ditto-gateway-1,71.11,539672576,67.01,egw-qemu-integrated
2026-10-07T12:22:39Z,egw-controller-1,31.84,43794432,16.31,egw-qemu-integrated
2026-10-07T12:22:40Z,egw-mosquitto-1,2.03,6467584,4.82,egw-qemu-integrated
2026-10-07T12:22:40Z,egw-ditto-things-1,56.44,612855808,76.10,egw-qemu-integrated
2026-10-07T12:22:40Z,egw-ditto-policies-1,11.63,556195840,69.07,egw-qemu-integrated
2026-10-07T12:22:40Z,egw-mongodb-1,7.43,249827328,46.53,egw-qemu-integrated
2026-10-07T12:22:40Z,egw-ditto-gateway-1,79.50,539725824,67.02,egw-qemu-integrated
2026-10-07T12:22:40Z,egw-controller-1,29.35,43794432,16.31,egw-qemu-integrated
2026-10-07T12:22:41Z,egw-mosquitto-1,2.11,6721536,5.01,egw-qemu-integrated
2026-10-07T12:22:41Z,egw-ditto-things-1,48.00,612589568,76.07,egw-qemu-integrated
2026-10-07T12:22:41Z,egw-ditto-policies-1,18.97,556199936,69.07,egw-qemu-integrated
2026-10-07T12:22:41Z,egw-mongodb-1,7.41,249831424,46.53,egw-qemu-integrated
2026-10-07T12:22:41Z,egw-ditto-gateway-1,47.90,539721728,67.02,egw-qemu-integrated
2026-10-07T12:22:41Z,egw-controller-1,34.62,44060672,16.41,egw-qemu-integrated
2026-10-07T12:22:42Z,egw-mosquitto-1,1.96,6471680,4.82,egw-qemu-integrated
2026-10-07T12:22:42Z,egw-ditto-things-1,56.71,612597760,76.07,egw-qemu-integrated
2026-10-07T12:22:42Z,egw-ditto-policies-1,8.90,556199936,69.07,egw-qemu-integrated
2026-10-07T12:22:42Z,egw-mongodb-1,9.48,249827328,46.53,egw-qemu-integrated
2026-10-07T12:22:42Z,egw-ditto-gateway-1,54.13,539725824,67.02,egw-qemu-integrated
2026-10-07T12:22:42Z,egw-controller-1,33.72,44060672,16.41,egw-qemu-integrated
2026-10-07T12:22:43Z,egw-mosquitto-1,2.01,6467584,4.82,egw-qemu-integrated
2026-10-07T12:22:43Z,egw-ditto-things-1,57.23,612593664,76.07,egw-qemu-integrated
2026-10-07T12:22:43Z,egw-ditto-policies-1,16.32,556204032,69.07,egw-qemu-integrated
2026-10-07T12:22:43Z,egw-mongodb-1,12.93,249819136,46.53,egw-qemu-integrated
2026-10-07T12:22:43Z,egw-ditto-gateway-1,50.57,539987968,67.05,egw-qemu-integrated
2026-10-07T12:22:43Z,egw-controller-1,30.61,43790336,16.31,egw-qemu-integrated
2026-10-07T12:22:44Z,egw-mosquitto-1,68.14,6479872,4.83,egw-qemu-integrated
2026-10-07T12:22:44Z,egw-ditto-things-1,44.15,613076992,76.13,egw-qemu-integrated
2026-10-07T12:22:44Z,egw-ditto-policies-1,15.97,556204032,69.07,egw-qemu-integrated
2026-10-07T12:22:44Z,egw-mongodb-1,15.24,249778176,46.52,egw-qemu-integrated
2026-10-07T12:22:44Z,egw-ditto-gateway-1,43.85,539725824,67.02,egw-qemu-integrated
2026-10-07T12:22:44Z,egw-controller-1,27.86,43790336,16.31,egw-qemu-integrated
2026-10-07T12:22:45Z,egw-mosquitto-1,1.97,6483968,4.83,egw-qemu-integrated
2026-10-07T12:22:45Z,egw-ditto-things-1,55.52,612593664,76.07,egw-qemu-integrated
2026-10-07T12:22:45Z,egw-ditto-policies-1,17.96,556204032,69.07,egw-qemu-integrated
2026-10-07T12:22:45Z,egw-mongodb-1,44.68,251297792,46.81,egw-qemu-integrated
2026-10-07T12:22:45Z,egw-ditto-gateway-1,51.75,539725824,67.02,egw-qemu-integrated
2026-10-07T12:22:45Z,egw-controller-1,27.30,43794432,16.31,egw-qemu-integrated
2026-10-07T12:22:46Z,egw-mosquitto-1,2.03,6483968,4.83,egw-qemu-integrated
2026-10-07T12:22:46Z,egw-ditto-things-1,48.05,612601856,76.07,egw-qemu-integrated
2026-10-07T12:22:46Z,egw-ditto-policies-1,13.88,556204032,69.07,egw-qemu-integrated
2026-10-07T12:22:46Z,egw-mongodb-1,98.57,384614400,71.64,egw-qemu-integrated
2026-10-07T12:22:46Z,egw-ditto-gateway-1,59.09,539738112,67.02,egw-qemu-integrated
2026-10-07T12:22:46Z,egw-controller-1,34.54,43802624,16.32,egw-qemu-integrated
2026-10-07T12:22:47Z,egw-mosquitto-1,2.11,6483968,4.83,egw-qemu-integrated
2026-10-07T12:22:47Z,egw-ditto-things-1,49.90,612614144,76.07,egw-qemu-integrated
2026-10-07T12:22:47Z,egw-ditto-policies-1,7.97,556204032,69.07,egw-qemu-integrated
2026-10-07T12:22:47Z,egw-mongodb-1,134.39,401305600,74.75,egw-qemu-integrated
2026-10-07T12:22:47Z,egw-ditto-gateway-1,46.78,539738112,67.02,egw-qemu-integrated
2026-10-07T12:22:47Z,egw-controller-1,28.19,43802624,16.32,egw-qemu-integrated
2026-10-07T12:22:48Z,egw-mosquitto-1,2.30,6475776,4.82,egw-qemu-integrated
2026-10-07T12:22:48Z,egw-ditto-things-1,56.08,612626432,76.07,egw-qemu-integrated
2026-10-07T12:22:48Z,egw-ditto-policies-1,9.07,556204032,69.07,egw-qemu-integrated
2026-10-07T12:22:48Z,egw-mongodb-1,97.63,402468864,74.97,egw-qemu-integrated
2026-10-07T12:22:48Z,egw-ditto-gateway-1,44.85,539746304,67.02,egw-qemu-integrated
2026-10-07T12:22:48Z,egw-controller-1,29.40,43798528,16.32,egw-qemu-integrated
2026-10-07T12:22:49Z,egw-mosquitto-1,2.55,6488064,4.83,egw-qemu-integrated
2026-10-07T12:22:49Z,egw-ditto-things-1,41.09,612884480,76.11,egw-qemu-integrated
2026-10-07T12:22:49Z,egw-ditto-policies-1,45.54,558333952,69.33,egw-qemu-integrated
2026-10-07T12:22:49Z,egw-mongodb-1,106.91,407810048,75.96,egw-qemu-integrated
2026-10-07T12:22:49Z,egw-ditto-gateway-1,48.30,539746304,67.02,egw-qemu-integrated
2026-10-07T12:22:49Z,egw-controller-1,28.46,43806720,16.32,egw-qemu-integrated
2026-10-07T12:22:50Z,egw-mosquitto-1,3.85,6750208,5.03,egw-qemu-integrated
2026-10-07T12:22:50Z,egw-ditto-things-1,54.02,612888576,76.11,egw-qemu-integrated
2026-10-07T12:22:50Z,egw-ditto-policies-1,41.29,556216320,69.07,egw-qemu-integrated
2026-10-07T12:22:50Z,egw-mongodb-1,119.45,412942336,76.92,egw-qemu-integrated
2026-10-07T12:22:50Z,egw-ditto-gateway-1,39.00,539746304,67.02,egw-qemu-integrated
2026-10-07T12:22:50Z,egw-controller-1,26.24,43810816,16.32,egw-qemu-integrated
2026-10-07T12:22:51Z,egw-mosquitto-1,6.02,6500352,4.84,egw-qemu-integrated
2026-10-07T12:22:51Z,egw-ditto-things-1,79.52,612585472,76.07,egw-qemu-integrated
2026-10-07T12:22:51Z,egw-ditto-policies-1,38.26,556212224,69.07,egw-qemu-integrated
2026-10-07T12:22:51Z,egw-mongodb-1,110.07,414855168,77.27,egw-qemu-integrated
2026-10-07T12:22:51Z,egw-ditto-gateway-1,73.76,539750400,67.02,egw-qemu-integrated
2026-10-07T12:22:51Z,egw-controller-1,12.92,43814912,16.32,egw-qemu-integrated
2026-10-07T12:22:52Z,egw-mosquitto-1,2.41,6500352,4.84,egw-qemu-integrated
2026-10-07T12:22:52Z,egw-ditto-things-1,73.31,612630528,76.07,egw-qemu-integrated
2026-10-07T12:22:52Z,egw-ditto-policies-1,17.63,556212224,69.07,egw-qemu-integrated
2026-10-07T12:22:52Z,egw-mongodb-1,19.75,249823232,46.53,egw-qemu-integrated
2026-10-07T12:22:52Z,egw-ditto-gateway-1,84.95,539758592,67.03,egw-qemu-integrated
2026-10-07T12:22:52Z,egw-controller-1,17.69,43819008,16.32,egw-qemu-integrated
2026-10-07T12:22:53Z,egw-mosquitto-1,2.27,6504448,4.85,egw-qemu-integrated
2026-10-07T12:22:53Z,egw-ditto-things-1,59.21,612626432,76.07,egw-qemu-integrated
2026-10-07T12:22:53Z,egw-ditto-policies-1,10.38,556212224,69.07,egw-qemu-integrated
2026-10-07T12:22:53Z,egw-mongodb-1,10.19,249823232,46.53,egw-qemu-integrated
2026-10-07T12:22:53Z,egw-ditto-gateway-1,60.63,539766784,67.03,egw-qemu-integrated
2026-10-07T12:22:53Z,egw-controller-1,30.06,43823104,16.33,egw-qemu-integrated
2026-10-07T12:22:54Z,egw-mosquitto-1,2.69,6512640,4.85,egw-qemu-integrated
2026-10-07T12:22:54Z,egw-ditto-things-1,59.94,612630528,76.07,egw-qemu-integrated
2026-10-07T12:22:54Z,egw-ditto-policies-1,21.50,556216320,69.07,egw-qemu-integrated
2026-10-07T12:22:54Z,egw-mongodb-1,8.54,249823232,46.53,egw-qemu-integrated
2026-10-07T12:22:54Z,egw-ditto-gateway-1,55.60,539770880,67.03,egw-qemu-integrated
2026-10-07T12:22:54Z,egw-controller-1,62.55,45502464,16.95,egw-qemu-integrated
2026-10-07T12:22:55Z,egw-mosquitto-1,2.10,6508544,4.85,egw-qemu-integrated
2026-10-07T12:22:55Z,egw-ditto-things-1,77.93,612904960,76.11,egw-qemu-integrated
2026-10-07T12:22:55Z,egw-ditto-policies-1,26.11,556220416,69.07,egw-qemu-integrated
2026-10-07T12:22:55Z,egw-mongodb-1,7.13,249823232,46.53,egw-qemu-integrated
2026-10-07T12:22:55Z,egw-ditto-gateway-1,66.70,539774976,67.03,egw-qemu-integrated
2026-10-07T12:22:55Z,egw-controller-1,108.23,53776384,20.03,egw-qemu-integrated
2026-10-07T12:22:56Z,egw-mosquitto-1,2.00,6516736,4.86,egw-qemu-integrated
2026-10-07T12:22:56Z,egw-ditto-things-1,113.10,614199296,76.27,egw-qemu-integrated
2026-10-07T12:22:56Z,egw-ditto-policies-1,12.00,556216320,69.07,egw-qemu-integrated
2026-10-07T12:22:56Z,egw-mongodb-1,5.89,249823232,46.53,egw-qemu-integrated
2026-10-07T12:22:56Z,egw-ditto-gateway-1,46.99,539783168,67.03,egw-qemu-integrated
2026-10-07T12:22:56Z,egw-controller-1,101.87,55029760,20.50,egw-qemu-integrated
2026-10-07T12:22:57Z,egw-mosquitto-1,1.83,6516736,4.86,egw-qemu-integrated
2026-10-07T12:22:57Z,egw-ditto-things-1,117.10,613007360,76.12,egw-qemu-integrated
2026-10-07T12:22:57Z,egw-ditto-policies-1,8.42,556216320,69.07,egw-qemu-integrated
2026-10-07T12:22:57Z,egw-mongodb-1,8.00,249823232,46.53,egw-qemu-integrated
2026-10-07T12:22:57Z,egw-ditto-gateway-1,44.87,539787264,67.03,egw-qemu-integrated
2026-10-07T12:22:57Z,egw-controller-1,116.04,57143296,21.29,egw-qemu-integrated
2026-10-07T12:22:58Z,egw-mosquitto-1,1.88,6524928,4.86,egw-qemu-integrated
2026-10-07T12:22:58Z,egw-ditto-things-1,64.34,613015552,76.12,egw-qemu-integrated
2026-10-07T12:22:58Z,egw-ditto-policies-1,13.88,556228608,69.07,egw-qemu-integrated
2026-10-07T12:22:58Z,egw-mongodb-1,7.99,249823232,46.53,egw-qemu-integrated
2026-10-07T12:22:58Z,egw-ditto-gateway-1,53.46,539795456,67.03,egw-qemu-integrated
2026-10-07T12:22:58Z,egw-controller-1,58.14,44097536,16.43,egw-qemu-integrated
2026-10-07T12:22:59Z,egw-mosquitto-1,2.51,6520832,4.86,egw-qemu-integrated
2026-10-07T12:22:59Z,egw-ditto-things-1,54.42,613015552,76.12,egw-qemu-integrated
2026-10-07T12:22:59Z,egw-ditto-policies-1,7.68,556228608,69.07,egw-qemu-integrated
2026-10-07T12:22:59Z,egw-mongodb-1,7.70,249823232,46.53,egw-qemu-integrated
2026-10-07T12:22:59Z,egw-ditto-gateway-1,52.91,539795456,67.03,egw-qemu-integrated
2026-10-07T12:22:59Z,egw-controller-1,33.08,44101632,16.43,egw-qemu-integrated
2026-10-07T12:23:00Z,egw-mosquitto-1,2.33,6520832,4.86,egw-qemu-integrated
2026-10-07T12:23:00Z,egw-ditto-things-1,81.03,613040128,76.13,egw-qemu-integrated
2026-10-07T12:23:00Z,egw-ditto-policies-1,31.43,556232704,69.07,egw-qemu-integrated
2026-10-07T12:23:00Z,egw-mongodb-1,12.66,249864192,46.54,egw-qemu-integrated
2026-10-07T12:23:00Z,egw-ditto-gateway-1,46.96,539795456,67.03,egw-qemu-integrated
2026-10-07T12:23:00Z,egw-controller-1,28.80,43851776,16.34,egw-qemu-integrated
2026-10-07T12:23:01Z,egw-mosquitto-1,2.05,6520832,4.86,egw-qemu-integrated
2026-10-07T12:23:01Z,egw-ditto-things-1,45.39,613298176,76.16,egw-qemu-integrated
2026-10-07T12:23:01Z,egw-ditto-policies-1,19.61,556232704,69.07,egw-qemu-integrated
2026-10-07T12:23:01Z,egw-mongodb-1,8.38,249860096,46.54,egw-qemu-integrated
2026-10-07T12:23:01Z,egw-ditto-gateway-1,114.26,539799552,67.03,egw-qemu-integrated
2026-10-07T12:23:01Z,egw-controller-1,29.33,43847680,16.33,egw-qemu-integrated
2026-10-07T12:23:02Z,egw-mosquitto-1,2.16,6529024,4.86,egw-qemu-integrated
2026-10-07T12:23:02Z,egw-ditto-things-1,48.22,613044224,76.13,egw-qemu-integrated
2026-10-07T12:23:02Z,egw-ditto-policies-1,35.29,556273664,69.08,egw-qemu-integrated
2026-10-07T12:23:02Z,egw-mongodb-1,13.72,249864192,46.54,egw-qemu-integrated
2026-10-07T12:23:02Z,egw-ditto-gateway-1,101.11,540065792,67.06,egw-qemu-integrated
2026-10-07T12:23:02Z,egw-controller-1,26.02,44105728,16.43,egw-qemu-integrated
2026-10-07T12:23:03Z,egw-mosquitto-1,2.26,6787072,5.06,egw-qemu-integrated
2026-10-07T12:23:03Z,egw-ditto-things-1,54.60,613023744,76.12,egw-qemu-integrated
2026-10-07T12:23:03Z,egw-ditto-policies-1,10.42,556277760,69.08,egw-qemu-integrated
2026-10-07T12:23:03Z,egw-mongodb-1,17.78,249884672,46.54,egw-qemu-integrated
2026-10-07T12:23:03Z,egw-ditto-gateway-1,108.77,539836416,67.03,egw-qemu-integrated
2026-10-07T12:23:03Z,egw-controller-1,29.77,43843584,16.33,egw-qemu-integrated
2026-10-07T12:23:04Z,egw-mosquitto-1,2.18,6520832,4.86,egw-qemu-integrated
2026-10-07T12:23:04Z,egw-ditto-things-1,118.31,613285888,76.16,egw-qemu-integrated
2026-10-07T12:23:04Z,egw-ditto-policies-1,11.14,556277760,69.08,egw-qemu-integrated
2026-10-07T12:23:04Z,egw-mongodb-1,7.63,249888768,46.55,egw-qemu-integrated
2026-10-07T12:23:04Z,egw-ditto-gateway-1,59.36,539836416,67.03,egw-qemu-integrated
2026-10-07T12:23:04Z,egw-controller-1,31.45,43851776,16.34,egw-qemu-integrated
2026-10-07T12:23:05Z,egw-mosquitto-1,1.83,6533120,4.87,egw-qemu-integrated
2026-10-07T12:23:05Z,egw-ditto-things-1,61.41,613052416,76.13,egw-qemu-integrated
2026-10-07T12:23:05Z,egw-ditto-policies-1,17.54,556281856,69.08,egw-qemu-integrated
2026-10-07T12:23:05Z,egw-mongodb-1,7.55,249884672,46.54,egw-qemu-integrated
2026-10-07T12:23:05Z,egw-ditto-gateway-1,72.46,540127232,67.07,egw-qemu-integrated
2026-10-07T12:23:05Z,egw-controller-1,27.32,43851776,16.34,egw-qemu-integrated
2026-10-07T12:23:06Z,egw-mosquitto-1,1.72,6529024,4.86,egw-qemu-integrated
2026-10-07T12:23:06Z,egw-ditto-things-1,53.59,613052416,76.13,egw-qemu-integrated
2026-10-07T12:23:06Z,egw-ditto-policies-1,9.99,556277760,69.08,egw-qemu-integrated
2026-10-07T12:23:06Z,egw-mongodb-1,16.10,249892864,46.55,egw-qemu-integrated
2026-10-07T12:23:06Z,egw-ditto-gateway-1,48.58,540127232,67.07,egw-qemu-integrated
2026-10-07T12:23:06Z,egw-controller-1,33.83,44113920,16.43,egw-qemu-integrated
2026-10-07T12:23:08Z,egw-mosquitto-1,2.26,6791168,5.06,egw-qemu-integrated
2026-10-07T12:23:08Z,egw-ditto-things-1,53.93,613011456,76.12,egw-qemu-integrated
2026-10-07T12:23:08Z,egw-ditto-policies-1,9.69,556277760,69.08,egw-qemu-integrated
2026-10-07T12:23:08Z,egw-mongodb-1,9.26,249892864,46.55,egw-qemu-integrated
2026-10-07T12:23:08Z,egw-ditto-gateway-1,65.30,540139520,67.07,egw-qemu-integrated
2026-10-07T12:23:08Z,egw-controller-1,31.08,44113920,16.43,egw-qemu-integrated
2026-10-07T12:23:09Z,egw-mosquitto-1,1.87,6791168,5.06,egw-qemu-integrated
2026-10-07T12:23:09Z,egw-ditto-things-1,50.75,613011456,76.12,egw-qemu-integrated
2026-10-07T12:23:09Z,egw-ditto-policies-1,7.33,556277760,69.08,egw-qemu-integrated
2026-10-07T12:23:09Z,egw-mongodb-1,8.57,249892864,46.55,egw-qemu-integrated
2026-10-07T12:23:09Z,egw-ditto-gateway-1,55.16,540139520,67.07,egw-qemu-integrated
2026-10-07T12:23:09Z,egw-controller-1,32.45,43851776,16.34,egw-qemu-integrated
2026-10-07T12:23:10Z,egw-mosquitto-1,2.29,6795264,5.06,egw-qemu-integrated
2026-10-07T12:23:10Z,egw-ditto-things-1,64.95,613015552,76.12,egw-qemu-integrated
2026-10-07T12:23:10Z,egw-ditto-policies-1,13.23,556277760,69.08,egw-qemu-integrated
2026-10-07T12:23:10Z,egw-mongodb-1,14.25,249905152,46.55,egw-qemu-integrated
2026-10-07T12:23:10Z,egw-ditto-gateway-1,81.19,540160000,67.08,egw-qemu-integrated
2026-10-07T12:23:10Z,egw-controller-1,30.64,43855872,16.34,egw-qemu-integrated
2026-10-07T12:23:11Z,egw-mosquitto-1,2.33,6795264,5.06,egw-qemu-integrated
2026-10-07T12:23:11Z,egw-ditto-things-1,52.01,613019648,76.12,egw-qemu-integrated
2026-10-07T12:23:11Z,egw-ditto-policies-1,8.47,556277760,69.08,egw-qemu-integrated
2026-10-07T12:23:11Z,egw-mongodb-1,8.12,249913344,46.55,egw-qemu-integrated
2026-10-07T12:23:11Z,egw-ditto-gateway-1,51.19,540168192,67.08,egw-qemu-integrated
2026-10-07T12:23:11Z,egw-controller-1,33.75,44118016,16.44,egw-qemu-integrated
2026-10-07T12:23:12Z,egw-mosquitto-1,2.06,6537216,4.87,egw-qemu-integrated
2026-10-07T12:23:12Z,egw-ditto-things-1,57.56,613023744,76.12,egw-qemu-integrated
2026-10-07T12:23:12Z,egw-ditto-policies-1,26.31,556281856,69.08,egw-qemu-integrated
2026-10-07T12:23:12Z,egw-mongodb-1,7.81,249917440,46.55,egw-qemu-integrated
2026-10-07T12:23:12Z,egw-ditto-gateway-1,54.84,540164096,67.08,egw-qemu-integrated
2026-10-07T12:23:12Z,egw-controller-1,31.69,43855872,16.34,egw-qemu-integrated
2026-10-07T12:23:13Z,egw-mosquitto-1,2.10,6803456,5.07,egw-qemu-integrated
2026-10-07T12:23:13Z,egw-ditto-things-1,50.83,613027840,76.12,egw-qemu-integrated
2026-10-07T12:23:13Z,egw-ditto-policies-1,8.70,556281856,69.08,egw-qemu-integrated
2026-10-07T12:23:13Z,egw-mongodb-1,16.83,249929728,46.55,egw-qemu-integrated
2026-10-07T12:23:13Z,egw-ditto-gateway-1,66.57,540180480,67.08,egw-qemu-integrated
2026-10-07T12:23:13Z,egw-controller-1,33.50,44126208,16.44,egw-qemu-integrated
2026-10-07T12:23:14Z,egw-mosquitto-1,2.17,6803456,5.07,egw-qemu-integrated
2026-10-07T12:23:14Z,egw-ditto-things-1,64.91,613068800,76.13,egw-qemu-integrated
2026-10-07T12:23:14Z,egw-ditto-policies-1,12.49,556281856,69.08,egw-qemu-integrated
2026-10-07T12:23:14Z,egw-mongodb-1,7.93,249946112,46.56,egw-qemu-integrated
2026-10-07T12:23:14Z,egw-ditto-gateway-1,52.74,540180480,67.08,egw-qemu-integrated
2026-10-07T12:23:14Z,egw-controller-1,31.89,44122112,16.44,egw-qemu-integrated
2026-10-07T12:23:15Z,egw-mosquitto-1,2.13,6537216,4.87,egw-qemu-integrated
2026-10-07T12:23:15Z,egw-ditto-things-1,68.06,613081088,76.13,egw-qemu-integrated
2026-10-07T12:23:15Z,egw-ditto-policies-1,26.42,556290048,69.08,egw-qemu-integrated
2026-10-07T12:23:15Z,egw-mongodb-1,11.38,249950208,46.56,egw-qemu-integrated
2026-10-07T12:23:15Z,egw-ditto-gateway-1,49.50,540176384,67.08,egw-qemu-integrated
2026-10-07T12:23:15Z,egw-controller-1,33.34,44118016,16.44,egw-qemu-integrated
2026-10-07T12:23:16Z,egw-mosquitto-1,41.16,8257536,6.15,egw-qemu-integrated
2026-10-07T12:23:16Z,egw-ditto-things-1,84.29,613089280,76.13,egw-qemu-integrated
2026-10-07T12:23:16Z,egw-ditto-policies-1,28.75,556556288,69.11,egw-qemu-integrated
2026-10-07T12:23:16Z,egw-mongodb-1,14.78,249974784,46.56,egw-qemu-integrated
2026-10-07T12:23:16Z,egw-ditto-gateway-1,56.20,540184576,67.08,egw-qemu-integrated
2026-10-07T12:23:16Z,egw-controller-1,27.54,43855872,16.34,egw-qemu-integrated
2026-10-07T12:23:17Z,egw-mosquitto-1,28.06,6561792,4.89,egw-qemu-integrated
2026-10-07T12:23:17Z,egw-ditto-things-1,52.46,613085184,76.13,egw-qemu-integrated
2026-10-07T12:23:17Z,egw-ditto-policies-1,10.27,556318720,69.08,egw-qemu-integrated
2026-10-07T12:23:17Z,egw-mongodb-1,8.84,249974784,46.56,egw-qemu-integrated
2026-10-07T12:23:17Z,egw-ditto-gateway-1,50.27,540442624,67.11,egw-qemu-integrated
2026-10-07T12:23:17Z,egw-controller-1,31.25,43859968,16.34,egw-qemu-integrated
2026-10-07T12:23:18Z,egw-mosquitto-1,2.11,6557696,4.89,egw-qemu-integrated
2026-10-07T12:23:18Z,egw-ditto-things-1,69.25,613105664,76.13,egw-qemu-integrated
2026-10-07T12:23:18Z,egw-ditto-policies-1,11.52,556318720,69.08,egw-qemu-integrated
2026-10-07T12:23:18Z,egw-mongodb-1,8.32,249974784,46.56,egw-qemu-integrated
2026-10-07T12:23:18Z,egw-ditto-gateway-1,56.62,540188672,67.08,egw-qemu-integrated
2026-10-07T12:23:18Z,egw-controller-1,34.90,44126208,16.44,egw-qemu-integrated
2026-10-07T12:23:19Z,egw-mosquitto-1,2.02,6553600,4.88,egw-qemu-integrated
2026-10-07T12:23:19Z,egw-ditto-things-1,54.46,613109760,76.13,egw-qemu-integrated
2026-10-07T12:23:19Z,egw-ditto-policies-1,10.80,556326912,69.08,egw-qemu-integrated
2026-10-07T12:23:19Z,egw-mongodb-1,17.95,249982976,46.56,egw-qemu-integrated
2026-10-07T12:23:19Z,egw-ditto-gateway-1,76.43,540213248,67.08,egw-qemu-integrated
2026-10-07T12:23:19Z,egw-controller-1,34.52,43872256,16.34,egw-qemu-integrated
2026-10-07T12:23:20Z,egw-mosquitto-1,2.60,7073792,5.27,egw-qemu-integrated
2026-10-07T12:23:20Z,egw-ditto-things-1,54.98,613113856,76.13,egw-qemu-integrated
2026-10-07T12:23:20Z,egw-ditto-policies-1,11.57,556326912,69.08,egw-qemu-integrated
2026-10-07T12:23:20Z,egw-mongodb-1,7.39,249982976,46.56,egw-qemu-integrated
2026-10-07T12:23:20Z,egw-ditto-gateway-1,58.50,540221440,67.08,egw-qemu-integrated
2026-10-07T12:23:20Z,egw-controller-1,32.23,44122112,16.44,egw-qemu-integrated
2026-10-07T12:23:21Z,egw-mosquitto-1,2.31,6553600,4.88,egw-qemu-integrated
2026-10-07T12:23:21Z,egw-ditto-things-1,45.87,613117952,76.13,egw-qemu-integrated
2026-10-07T12:23:21Z,egw-ditto-policies-1,102.91,558272512,69.32,egw-qemu-integrated
2026-10-07T12:23:21Z,egw-mongodb-1,7.70,249982976,46.56,egw-qemu-integrated
2026-10-07T12:23:21Z,egw-ditto-gateway-1,48.33,540217344,67.08,egw-qemu-integrated
2026-10-07T12:23:21Z,egw-controller-1,27.87,43859968,16.34,egw-qemu-integrated
2026-10-07T12:23:22Z,egw-mosquitto-1,2.28,6557696,4.89,egw-qemu-integrated
2026-10-07T12:23:22Z,egw-ditto-things-1,55.10,613113856,76.13,egw-qemu-integrated
2026-10-07T12:23:22Z,egw-ditto-policies-1,65.76,556408832,69.09,egw-qemu-integrated
2026-10-07T12:23:22Z,egw-mongodb-1,18.71,249982976,46.56,egw-qemu-integrated
2026-10-07T12:23:22Z,egw-ditto-gateway-1,44.84,540479488,67.11,egw-qemu-integrated
2026-10-07T12:23:22Z,egw-controller-1,31.27,44130304,16.44,egw-qemu-integrated
2026-10-07T12:23:23Z,egw-mosquitto-1,2.09,6553600,4.88,egw-qemu-integrated
2026-10-07T12:23:23Z,egw-ditto-things-1,49.28,613113856,76.13,egw-qemu-integrated
2026-10-07T12:23:23Z,egw-ditto-policies-1,9.85,556670976,69.13,egw-qemu-integrated
2026-10-07T12:23:23Z,egw-mongodb-1,29.24,252190720,46.97,egw-qemu-integrated
2026-10-07T12:23:23Z,egw-ditto-gateway-1,49.00,540221440,67.08,egw-qemu-integrated
2026-10-07T12:23:23Z,egw-controller-1,31.85,43864064,16.34,egw-qemu-integrated
2026-10-07T12:23:24Z,egw-mosquitto-1,2.48,6823936,5.08,egw-qemu-integrated
2026-10-07T12:23:24Z,egw-ditto-things-1,46.89,613113856,76.13,egw-qemu-integrated
2026-10-07T12:23:24Z,egw-ditto-policies-1,13.48,556408832,69.09,egw-qemu-integrated
2026-10-07T12:23:24Z,egw-mongodb-1,108.00,363745280,67.75,egw-qemu-integrated
2026-10-07T12:23:24Z,egw-ditto-gateway-1,44.05,540221440,67.08,egw-qemu-integrated
2026-10-07T12:23:24Z,egw-controller-1,30.91,44130304,16.44,egw-qemu-integrated
2026-10-07T12:23:25Z,egw-mosquitto-1,3.83,6823936,5.08,egw-qemu-integrated
2026-10-07T12:23:25Z,egw-ditto-things-1,87.60,613081088,76.13,egw-qemu-integrated
2026-10-07T12:23:25Z,egw-ditto-policies-1,40.18,556675072,69.13,egw-qemu-integrated
2026-10-07T12:23:25Z,egw-mongodb-1,112.07,398077952,74.15,egw-qemu-integrated
2026-10-07T12:23:25Z,egw-ditto-gateway-1,51.35,540217344,67.08,egw-qemu-integrated
2026-10-07T12:23:25Z,egw-controller-1,22.34,43868160,16.34,egw-qemu-integrated
2026-10-07T12:23:26Z,egw-mosquitto-1,1.85,6574080,4.90,egw-qemu-integrated
2026-10-07T12:23:26Z,egw-ditto-things-1,67.59,613044224,76.13,egw-qemu-integrated
2026-10-07T12:23:26Z,egw-ditto-policies-1,46.25,556408832,69.09,egw-qemu-integrated
2026-10-07T12:23:26Z,egw-mongodb-1,113.22,401469440,74.78,egw-qemu-integrated
2026-10-07T12:23:26Z,egw-ditto-gateway-1,106.67,540221440,67.08,egw-qemu-integrated
2026-10-07T12:23:26Z,egw-controller-1,5.50,43872256,16.34,egw-qemu-integrated
2026-10-07T12:23:27Z,egw-mosquitto-1,1.76,6574080,4.90,egw-qemu-integrated
2026-10-07T12:23:27Z,egw-ditto-things-1,56.75,613085184,76.13,egw-qemu-integrated
2026-10-07T12:23:27Z,egw-ditto-policies-1,51.03,556425216,69.09,egw-qemu-integrated
2026-10-07T12:23:27Z,egw-mongodb-1,90.36,402505728,74.97,egw-qemu-integrated
2026-10-07T12:23:27Z,egw-ditto-gateway-1,46.10,540225536,67.08,egw-qemu-integrated
2026-10-07T12:23:27Z,egw-controller-1,24.13,43880448,16.35,egw-qemu-integrated
2026-10-07T12:23:28Z,egw-mosquitto-1,2.50,6574080,4.90,egw-qemu-integrated
2026-10-07T12:23:28Z,egw-ditto-things-1,68.23,613130240,76.14,egw-qemu-integrated
2026-10-07T12:23:28Z,egw-ditto-policies-1,9.83,556425216,69.09,egw-qemu-integrated
2026-10-07T12:23:28Z,egw-mongodb-1,111.41,406556672,75.73,egw-qemu-integrated
2026-10-07T12:23:28Z,egw-ditto-gateway-1,38.67,540225536,67.08,egw-qemu-integrated
2026-10-07T12:23:28Z,egw-controller-1,25.42,43888640,16.35,egw-qemu-integrated
2026-10-07T12:23:29Z,egw-mosquitto-1,1.90,6582272,4.90,egw-qemu-integrated
2026-10-07T12:23:29Z,egw-ditto-things-1,96.07,615059456,76.38,egw-qemu-integrated
2026-10-07T12:23:29Z,egw-ditto-policies-1,6.97,556425216,69.09,egw-qemu-integrated
2026-10-07T12:23:29Z,egw-mongodb-1,83.90,409956352,76.36,egw-qemu-integrated
2026-10-07T12:23:29Z,egw-ditto-gateway-1,67.08,540221440,67.08,egw-qemu-integrated
2026-10-07T12:23:29Z,egw-controller-1,19.40,43888640,16.35,egw-qemu-integrated
2026-10-07T12:23:30Z,egw-mosquitto-1,1.76,6590464,4.91,egw-qemu-integrated
2026-10-07T12:23:30Z,egw-ditto-things-1,88.05,613097472,76.13,egw-qemu-integrated
2026-10-07T12:23:30Z,egw-ditto-policies-1,10.89,556425216,69.09,egw-qemu-integrated
2026-10-07T12:23:30Z,egw-mongodb-1,112.38,415649792,77.42,egw-qemu-integrated
2026-10-07T12:23:30Z,egw-ditto-gateway-1,38.62,540495872,67.12,egw-qemu-integrated
2026-10-07T12:23:30Z,egw-controller-1,87.67,53325824,19.87,egw-qemu-integrated
2026-10-07T12:23:31Z,egw-mosquitto-1,1.59,6586368,4.91,egw-qemu-integrated
2026-10-07T12:23:31Z,egw-ditto-things-1,131.46,613146624,76.14,egw-qemu-integrated
2026-10-07T12:23:31Z,egw-ditto-policies-1,8.44,556425216,69.09,egw-qemu-integrated
2026-10-07T12:23:31Z,egw-mongodb-1,23.70,250044416,46.57,egw-qemu-integrated
2026-10-07T12:23:31Z,egw-ditto-gateway-1,33.08,540237824,67.08,egw-qemu-integrated
2026-10-07T12:23:31Z,egw-controller-1,114.44,54775808,20.41,egw-qemu-integrated
2026-10-07T12:23:32Z,egw-mosquitto-1,1.96,6594560,4.91,egw-qemu-integrated
2026-10-07T12:23:32Z,egw-ditto-things-1,55.88,613146624,76.14,egw-qemu-integrated
2026-10-07T12:23:32Z,egw-ditto-policies-1,11.51,556425216,69.09,egw-qemu-integrated
2026-10-07T12:23:32Z,egw-mongodb-1,5.80,250060800,46.58,egw-qemu-integrated
2026-10-07T12:23:32Z,egw-ditto-gateway-1,140.63,533827584,66.29,egw-qemu-integrated
2026-10-07T12:23:32Z,egw-controller-1,115.39,57196544,21.31,egw-qemu-integrated
2026-10-07T12:23:33Z,egw-mosquitto-1,1.70,6594560,4.91,egw-qemu-integrated
2026-10-07T12:23:33Z,egw-ditto-things-1,45.52,613150720,76.14,egw-qemu-integrated
2026-10-07T12:23:33Z,egw-ditto-policies-1,26.40,556429312,69.10,egw-qemu-integrated
2026-10-07T12:23:33Z,egw-mongodb-1,8.96,250060800,46.58,egw-qemu-integrated
2026-10-07T12:23:33Z,egw-ditto-gateway-1,90.05,536006656,66.56,egw-qemu-integrated
2026-10-07T12:23:33Z,egw-controller-1,38.95,44171264,16.46,egw-qemu-integrated
2026-10-07T12:23:34Z,egw-mosquitto-1,2.15,6860800,5.11,egw-qemu-integrated
2026-10-07T12:23:34Z,egw-ditto-things-1,58.37,613154816,76.14,egw-qemu-integrated
2026-10-07T12:23:34Z,egw-ditto-policies-1,26.65,556433408,69.10,egw-qemu-integrated
2026-10-07T12:23:34Z,egw-mongodb-1,15.94,250068992,46.58,egw-qemu-integrated
2026-10-07T12:23:34Z,egw-ditto-gateway-1,72.93,533827584,66.29,egw-qemu-integrated
2026-10-07T12:23:34Z,egw-controller-1,29.55,43909120,16.36,egw-qemu-integrated
2026-10-07T12:23:35Z,egw-mosquitto-1,2.13,6602752,4.92,egw-qemu-integrated
2026-10-07T12:23:35Z,egw-ditto-things-1,51.20,613154816,76.14,egw-qemu-integrated
2026-10-07T12:23:35Z,egw-ditto-policies-1,8.79,556437504,69.10,egw-qemu-integrated
2026-10-07T12:23:35Z,egw-mongodb-1,8.02,250073088,46.58,egw-qemu-integrated
2026-10-07T12:23:35Z,egw-ditto-gateway-1,52.14,533831680,66.29,egw-qemu-integrated
2026-10-07T12:23:35Z,egw-controller-1,35.27,44167168,16.45,egw-qemu-integrated
2026-10-07T12:23:36Z,egw-mosquitto-1,1.81,6594560,4.91,egw-qemu-integrated
2026-10-07T12:23:36Z,egw-ditto-things-1,68.00,613158912,76.14,egw-qemu-integrated
2026-10-07T12:23:36Z,egw-ditto-policies-1,31.07,556441600,69.10,egw-qemu-integrated
2026-10-07T12:23:36Z,egw-mongodb-1,8.22,250085376,46.58,egw-qemu-integrated
2026-10-07T12:23:36Z,egw-ditto-gateway-1,54.51,534093824,66.32,egw-qemu-integrated
2026-10-07T12:23:36Z,egw-controller-1,30.62,43917312,16.36,egw-qemu-integrated
2026-10-07T12:23:37Z,egw-mosquitto-1,2.07,6594560,4.91,egw-qemu-integrated
2026-10-07T12:23:37Z,egw-ditto-things-1,58.03,613154816,76.14,egw-qemu-integrated
2026-10-07T12:23:37Z,egw-ditto-policies-1,36.63,556457984,69.10,egw-qemu-integrated
2026-10-07T12:23:37Z,egw-mongodb-1,16.58,250105856,46.59,egw-qemu-integrated
2026-10-07T12:23:37Z,egw-ditto-gateway-1,58.73,533831680,66.29,egw-qemu-integrated
2026-10-07T12:23:37Z,egw-controller-1,29.19,44183552,16.46,egw-qemu-integrated
2026-10-07T12:23:38Z,egw-mosquitto-1,2.29,6856704,5.11,egw-qemu-integrated
2026-10-07T12:23:38Z,egw-ditto-things-1,53.16,613158912,76.14,egw-qemu-integrated
2026-10-07T12:23:38Z,egw-ditto-policies-1,8.83,556457984,69.10,egw-qemu-integrated
2026-10-07T12:23:38Z,egw-mongodb-1,8.41,250105856,46.59,egw-qemu-integrated
2026-10-07T12:23:38Z,egw-ditto-gateway-1,51.32,533827584,66.29,egw-qemu-integrated
2026-10-07T12:23:38Z,egw-controller-1,35.18,43913216,16.36,egw-qemu-integrated
2026-10-07T12:23:39Z,egw-mosquitto-1,2.02,6594560,4.91,egw-qemu-integrated
2026-10-07T12:23:39Z,egw-ditto-things-1,51.62,613416960,76.17,egw-qemu-integrated
2026-10-07T12:23:39Z,egw-ditto-policies-1,8.50,556462080,69.10,egw-qemu-integrated
2026-10-07T12:23:39Z,egw-mongodb-1,8.28,250105856,46.59,egw-qemu-integrated
2026-10-07T12:23:39Z,egw-ditto-gateway-1,52.79,533831680,66.29,egw-qemu-integrated
2026-10-07T12:23:39Z,egw-controller-1,32.71,43913216,16.36,egw-qemu-integrated
2026-10-07T12:23:40Z,egw-mosquitto-1,2.21,6594560,4.91,egw-qemu-integrated
2026-10-07T12:23:40Z,egw-ditto-things-1,80.13,613421056,76.17,egw-qemu-integrated
2026-10-07T12:23:40Z,egw-ditto-policies-1,7.96,556457984,69.10,egw-qemu-integrated
2026-10-07T12:23:40Z,egw-mongodb-1,14.54,250109952,46.59,egw-qemu-integrated
2026-10-07T12:23:40Z,egw-ditto-gateway-1,61.71,533831680,66.29,egw-qemu-integrated
2026-10-07T12:23:40Z,egw-controller-1,30.55,44179456,16.46,egw-qemu-integrated
2026-10-07T12:23:42Z,egw-mosquitto-1,1.91,6856704,5.11,egw-qemu-integrated
2026-10-07T12:23:42Z,egw-ditto-things-1,82.27,613154816,76.14,egw-qemu-integrated
2026-10-07T12:23:42Z,egw-ditto-policies-1,10.85,556457984,69.10,egw-qemu-integrated
2026-10-07T12:23:42Z,egw-mongodb-1,8.44,250105856,46.59,egw-qemu-integrated
2026-10-07T12:23:42Z,egw-ditto-gateway-1,46.28,533831680,66.29,egw-qemu-integrated
2026-10-07T12:23:42Z,egw-controller-1,32.49,44445696,16.56,egw-qemu-integrated
2026-10-07T12:23:43Z,egw-mosquitto-1,2.15,6594560,4.91,egw-qemu-integrated
2026-10-07T12:23:43Z,egw-ditto-things-1,79.22,613158912,76.14,egw-qemu-integrated
2026-10-07T12:23:43Z,egw-ditto-policies-1,16.03,556478464,69.10,egw-qemu-integrated
2026-10-07T12:23:43Z,egw-mongodb-1,9.92,250105856,46.59,egw-qemu-integrated
2026-10-07T12:23:43Z,egw-ditto-gateway-1,51.20,534351872,66.35,egw-qemu-integrated
2026-10-07T12:23:43Z,egw-controller-1,30.54,43913216,16.36,egw-qemu-integrated
2026-10-07T12:23:44Z,egw-mosquitto-1,2.09,6594560,4.91,egw-qemu-integrated
2026-10-07T12:23:44Z,egw-ditto-things-1,63.18,613158912,76.14,egw-qemu-integrated
2026-10-07T12:23:44Z,egw-ditto-policies-1,8.71,556482560,69.10,egw-qemu-integrated
2026-10-07T12:23:44Z,egw-mongodb-1,16.22,250118144,46.59,egw-qemu-integrated
2026-10-07T12:23:44Z,egw-ditto-gateway-1,46.76,533848064,66.29,egw-qemu-integrated
2026-10-07T12:23:44Z,egw-controller-1,35.22,43917312,16.36,egw-qemu-integrated
2026-10-07T12:23:45Z,egw-mosquitto-1,2.34,6606848,4.92,egw-qemu-integrated
2026-10-07T12:23:45Z,egw-ditto-things-1,53.97,613175296,76.14,egw-qemu-integrated
2026-10-07T12:23:45Z,egw-ditto-policies-1,12.24,556486656,69.10,egw-qemu-integrated
2026-10-07T12:23:45Z,egw-mongodb-1,7.67,250126336,46.59,egw-qemu-integrated
2026-10-07T12:23:45Z,egw-ditto-gateway-1,62.37,533839872,66.29,egw-qemu-integrated
2026-10-07T12:23:45Z,egw-controller-1,33.01,43917312,16.36,egw-qemu-integrated
2026-10-07T12:23:46Z,egw-mosquitto-1,2.11,6598656,4.92,egw-qemu-integrated
2026-10-07T12:23:46Z,egw-ditto-things-1,54.00,613179392,76.14,egw-qemu-integrated
2026-10-07T12:23:46Z,egw-ditto-policies-1,17.07,556482560,69.10,egw-qemu-integrated
2026-10-07T12:23:46Z,egw-mongodb-1,18.63,250126336,46.59,egw-qemu-integrated
2026-10-07T12:23:46Z,egw-ditto-gateway-1,47.67,533848064,66.29,egw-qemu-integrated
2026-10-07T12:23:46Z,egw-controller-1,34.98,44179456,16.46,egw-qemu-integrated
2026-10-07T12:23:47Z,egw-mosquitto-1,2.40,6598656,4.92,egw-qemu-integrated
2026-10-07T12:23:47Z,egw-ditto-things-1,58.42,613179392,76.14,egw-qemu-integrated
2026-10-07T12:23:47Z,egw-ditto-policies-1,22.83,556974080,69.16,egw-qemu-integrated
2026-10-07T12:23:47Z,egw-mongodb-1,18.46,250155008,46.60,egw-qemu-integrated
2026-10-07T12:23:47Z,egw-ditto-gateway-1,57.95,533843968,66.29,egw-qemu-integrated
2026-10-07T12:23:47Z,egw-controller-1,31.46,43921408,16.36,egw-qemu-integrated
2026-10-07T12:23:48Z,egw-mosquitto-1,44.62,8372224,6.24,egw-qemu-integrated
2026-10-07T12:23:48Z,egw-ditto-things-1,55.16,613179392,76.14,egw-qemu-integrated
2026-10-07T12:23:48Z,egw-ditto-policies-1,12.69,556732416,69.13,egw-qemu-integrated
2026-10-07T12:23:48Z,egw-mongodb-1,8.44,250150912,46.59,egw-qemu-integrated
2026-10-07T12:23:48Z,egw-ditto-gateway-1,45.89,534106112,66.32,egw-qemu-integrated
2026-10-07T12:23:48Z,egw-controller-1,31.09,43925504,16.36,egw-qemu-integrated
2026-10-07T12:23:49Z,egw-mosquitto-1,20.78,6877184,5.12,egw-qemu-integrated
2026-10-07T12:23:49Z,egw-ditto-things-1,52.28,613179392,76.14,egw-qemu-integrated
2026-10-07T12:23:49Z,egw-ditto-policies-1,10.00,556732416,69.13,egw-qemu-integrated
2026-10-07T12:23:49Z,egw-mongodb-1,8.12,250155008,46.60,egw-qemu-integrated
2026-10-07T12:23:49Z,egw-ditto-gateway-1,48.62,534102016,66.32,egw-qemu-integrated
2026-10-07T12:23:49Z,egw-controller-1,32.69,43933696,16.37,egw-qemu-integrated
2026-10-07T12:23:50Z,egw-mosquitto-1,2.06,6610944,4.93,egw-qemu-integrated
2026-10-07T12:23:50Z,egw-ditto-things-1,67.40,613179392,76.14,egw-qemu-integrated
2026-10-07T12:23:50Z,egw-ditto-policies-1,9.53,556732416,69.13,egw-qemu-integrated
2026-10-07T12:23:50Z,egw-mongodb-1,16.08,250433536,46.65,egw-qemu-integrated
2026-10-07T12:23:50Z,egw-ditto-gateway-1,51.05,533852160,66.29,egw-qemu-integrated
2026-10-07T12:23:50Z,egw-controller-1,31.68,44187648,16.46,egw-qemu-integrated
2026-10-07T12:23:51Z,egw-mosquitto-1,2.02,6610944,4.93,egw-qemu-integrated
2026-10-07T12:23:51Z,egw-ditto-things-1,59.75,613179392,76.14,egw-qemu-integrated
2026-10-07T12:23:51Z,egw-ditto-policies-1,9.61,556728320,69.13,egw-qemu-integrated
2026-10-07T12:23:51Z,egw-mongodb-1,7.63,250175488,46.60,egw-qemu-integrated
2026-10-07T12:23:51Z,egw-ditto-gateway-1,54.77,533856256,66.29,egw-qemu-integrated
2026-10-07T12:23:51Z,egw-controller-1,34.70,43937792,16.37,egw-qemu-integrated
2026-10-07T12:23:52Z,egw-mosquitto-1,2.01,6610944,4.93,egw-qemu-integrated
2026-10-07T12:23:52Z,egw-ditto-things-1,50.97,613179392,76.14,egw-qemu-integrated
2026-10-07T12:23:52Z,egw-ditto-policies-1,16.76,556736512,69.13,egw-qemu-integrated
2026-10-07T12:23:52Z,egw-mongodb-1,7.27,250175488,46.60,egw-qemu-integrated
2026-10-07T12:23:52Z,egw-ditto-gateway-1,51.96,534376448,66.36,egw-qemu-integrated
2026-10-07T12:23:52Z,egw-controller-1,33.31,44191744,16.46,egw-qemu-integrated
2026-10-07T12:23:53Z,egw-mosquitto-1,1.86,6610944,4.93,egw-qemu-integrated
2026-10-07T12:23:53Z,egw-ditto-things-1,54.15,613179392,76.14,egw-qemu-integrated
2026-10-07T12:23:53Z,egw-ditto-policies-1,31.72,558841856,69.39,egw-qemu-integrated
2026-10-07T12:23:53Z,egw-mongodb-1,20.58,250183680,46.60,egw-qemu-integrated
2026-10-07T12:23:53Z,egw-ditto-gateway-1,52.58,533852160,66.29,egw-qemu-integrated
2026-10-07T12:23:53Z,egw-controller-1,29.73,43929600,16.37,egw-qemu-integrated
2026-10-07T12:23:54Z,egw-mosquitto-1,8.32,6627328,4.94,egw-qemu-integrated
2026-10-07T12:23:54Z,egw-ditto-things-1,40.94,613404672,76.17,egw-qemu-integrated
2026-10-07T12:23:54Z,egw-ditto-policies-1,107.68,558960640,69.41,egw-qemu-integrated
2026-10-07T12:23:54Z,egw-mongodb-1,15.09,250183680,46.60,egw-qemu-integrated
2026-10-07T12:23:54Z,egw-ditto-gateway-1,81.69,533852160,66.29,egw-qemu-integrated
2026-10-07T12:23:54Z,egw-controller-1,27.80,43933696,16.37,egw-qemu-integrated
2026-10-07T12:23:55Z,egw-mosquitto-1,1.72,6627328,4.94,egw-qemu-integrated
2026-10-07T12:23:55Z,egw-ditto-things-1,105.46,613179392,76.14,egw-qemu-integrated
2026-10-07T12:23:55Z,egw-ditto-policies-1,31.81,556773376,69.14,egw-qemu-integrated
2026-10-07T12:23:55Z,egw-mongodb-1,7.91,250183680,46.60,egw-qemu-integrated
2026-10-07T12:23:55Z,egw-ditto-gateway-1,38.07,533852160,66.29,egw-qemu-integrated
2026-10-07T12:23:55Z,egw-controller-1,12.84,43937792,16.37,egw-qemu-integrated
2026-10-07T12:23:56Z,egw-mosquitto-1,2.33,6627328,4.94,egw-qemu-integrated
2026-10-07T12:23:56Z,egw-ditto-things-1,61.18,613183488,76.14,egw-qemu-integrated
2026-10-07T12:23:56Z,egw-ditto-policies-1,29.27,557039616,69.17,egw-qemu-integrated
2026-10-07T12:23:56Z,egw-mongodb-1,19.85,250195968,46.60,egw-qemu-integrated
2026-10-07T12:23:56Z,egw-ditto-gateway-1,62.17,534110208,66.32,egw-qemu-integrated
2026-10-07T12:23:56Z,egw-controller-1,32.27,43941888,16.37,egw-qemu-integrated
2026-10-07T12:23:57Z,egw-mosquitto-1,2.08,6619136,4.93,egw-qemu-integrated
2026-10-07T12:23:57Z,egw-ditto-things-1,62.58,613179392,76.14,egw-qemu-integrated
2026-10-07T12:23:57Z,egw-ditto-policies-1,38.13,557047808,69.17,egw-qemu-integrated
2026-10-07T12:23:57Z,egw-mongodb-1,7.20,250191872,46.60,egw-qemu-integrated
2026-10-07T12:23:57Z,egw-ditto-gateway-1,65.83,533856256,66.29,egw-qemu-integrated
2026-10-07T12:23:57Z,egw-controller-1,30.03,44212224,16.47,egw-qemu-integrated
2026-10-07T12:23:58Z,egw-mosquitto-1,2.14,6631424,4.94,egw-qemu-integrated
2026-10-07T12:23:58Z,egw-ditto-things-1,50.56,613187584,76.14,egw-qemu-integrated
2026-10-07T12:23:58Z,egw-ditto-policies-1,11.44,556802048,69.14,egw-qemu-integrated
2026-10-07T12:23:58Z,egw-mongodb-1,8.67,250191872,46.60,egw-qemu-integrated
2026-10-07T12:23:58Z,egw-ditto-gateway-1,47.49,534110208,66.32,egw-qemu-integrated
2026-10-07T12:23:58Z,egw-controller-1,34.45,43958272,16.38,egw-qemu-integrated
2026-10-07T12:23:59Z,egw-mosquitto-1,2.38,6631424,4.94,egw-qemu-integrated
2026-10-07T12:23:59Z,egw-ditto-things-1,54.61,613187584,76.14,egw-qemu-integrated
2026-10-07T12:23:59Z,egw-ditto-policies-1,9.82,556797952,69.14,egw-qemu-integrated
2026-10-07T12:23:59Z,egw-mongodb-1,16.15,250208256,46.60,egw-qemu-integrated
2026-10-07T12:23:59Z,egw-ditto-gateway-1,49.90,533860352,66.29,egw-qemu-integrated
2026-10-07T12:23:59Z,egw-controller-1,32.37,44216320,16.47,egw-qemu-integrated
2026-10-07T12:24:00Z,egw-mosquitto-1,2.07,6631424,4.94,egw-qemu-integrated
2026-10-07T12:24:00Z,egw-ditto-things-1,52.75,613179392,76.14,egw-qemu-integrated
2026-10-07T12:24:00Z,egw-ditto-policies-1,9.05,556802048,69.14,egw-qemu-integrated
2026-10-07T12:24:00Z,egw-mongodb-1,9.56,250216448,46.61,egw-qemu-integrated
2026-10-07T12:24:00Z,egw-ditto-gateway-1,50.35,533860352,66.29,egw-qemu-integrated
2026-10-07T12:24:00Z,egw-controller-1,36.07,43962368,16.38,egw-qemu-integrated
2026-10-07T12:24:01Z,egw-mosquitto-1,2.46,6631424,4.94,egw-qemu-integrated
2026-10-07T12:24:01Z,egw-ditto-things-1,96.26,615108608,76.38,egw-qemu-integrated
2026-10-07T12:24:01Z,egw-ditto-policies-1,10.49,556797952,69.14,egw-qemu-integrated
2026-10-07T12:24:01Z,egw-mongodb-1,6.84,250216448,46.61,egw-qemu-integrated
2026-10-07T12:24:01Z,egw-ditto-gateway-1,57.04,533864448,66.29,egw-qemu-integrated
2026-10-07T12:24:01Z,egw-controller-1,29.38,43950080,16.37,egw-qemu-integrated
2026-10-07T12:24:02Z,egw-mosquitto-1,2.10,6635520,4.94,egw-qemu-integrated
2026-10-07T12:24:02Z,egw-ditto-things-1,66.24,613183488,76.14,egw-qemu-integrated
2026-10-07T12:24:02Z,egw-ditto-policies-1,11.49,556802048,69.14,egw-qemu-integrated
2026-10-07T12:24:02Z,egw-mongodb-1,67.70,257466368,47.96,egw-qemu-integrated
2026-10-07T12:24:02Z,egw-ditto-gateway-1,37.57,533864448,66.29,egw-qemu-integrated
2026-10-07T12:24:02Z,egw-controller-1,27.45,43966464,16.38,egw-qemu-integrated
2026-10-07T12:24:03Z,egw-mosquitto-1,1.81,6639616,4.95,egw-qemu-integrated
2026-10-07T12:24:03Z,egw-ditto-things-1,83.04,613183488,76.14,egw-qemu-integrated
2026-10-07T12:24:03Z,egw-ditto-policies-1,12.12,556797952,69.14,egw-qemu-integrated
2026-10-07T12:24:03Z,egw-mongodb-1,105.76,397983744,74.13,egw-qemu-integrated
2026-10-07T12:24:03Z,egw-ditto-gateway-1,44.43,533856256,66.29,egw-qemu-integrated
2026-10-07T12:24:03Z,egw-controller-1,29.94,43958272,16.38,egw-qemu-integrated
2026-10-07T12:24:04Z,egw-mosquitto-1,2.23,6639616,4.95,egw-qemu-integrated
2026-10-07T12:24:04Z,egw-ditto-things-1,77.30,613187584,76.14,egw-qemu-integrated
2026-10-07T12:24:04Z,egw-ditto-policies-1,10.21,556797952,69.14,egw-qemu-integrated
2026-10-07T12:24:04Z,egw-mongodb-1,109.15,400953344,74.68,egw-qemu-integrated
2026-10-07T12:24:04Z,egw-ditto-gateway-1,33.79,533860352,66.29,egw-qemu-integrated
2026-10-07T12:24:04Z,egw-controller-1,58.30,46530560,17.33,egw-qemu-integrated
2026-10-07T12:24:05Z,egw-mosquitto-1,1.95,6647808,4.95,egw-qemu-integrated
2026-10-07T12:24:05Z,egw-ditto-things-1,39.65,613146624,76.14,egw-qemu-integrated
2026-10-07T12:24:05Z,egw-ditto-policies-1,10.11,556797952,69.14,egw-qemu-integrated
2026-10-07T12:24:05Z,egw-mongodb-1,87.65,402698240,75.01,egw-qemu-integrated
2026-10-07T12:24:05Z,egw-ditto-gateway-1,71.40,535703552,66.52,egw-qemu-integrated
2026-10-07T12:24:05Z,egw-controller-1,93.47,53731328,20.02,egw-qemu-integrated
2026-10-07T12:24:06Z,egw-mosquitto-1,1.83,6647808,4.95,egw-qemu-integrated
2026-10-07T12:24:06Z,egw-ditto-things-1,40.32,613183488,76.14,egw-qemu-integrated
2026-10-07T12:24:06Z,egw-ditto-policies-1,9.89,556797952,69.14,egw-qemu-integrated
2026-10-07T12:24:06Z,egw-mongodb-1,104.28,407617536,75.92,egw-qemu-integrated
2026-10-07T12:24:06Z,egw-ditto-gateway-1,60.79,533864448,66.29,egw-qemu-integrated
2026-10-07T12:24:06Z,egw-controller-1,104.23,55418880,20.65,egw-qemu-integrated
2026-10-07T12:24:07Z,egw-mosquitto-1,2.37,6647808,4.95,egw-qemu-integrated
2026-10-07T12:24:07Z,egw-ditto-things-1,47.66,613183488,76.14,egw-qemu-integrated
2026-10-07T12:24:07Z,egw-ditto-policies-1,18.30,556802048,69.14,egw-qemu-integrated
2026-10-07T12:24:07Z,egw-mongodb-1,106.22,411963392,76.73,egw-qemu-integrated
2026-10-07T12:24:07Z,egw-ditto-gateway-1,43.32,533860352,66.29,egw-qemu-integrated
2026-10-07T12:24:07Z,egw-controller-1,105.35,57475072,21.41,egw-qemu-integrated
2026-10-07T12:24:08Z,egw-mosquitto-1,2.92,6651904,4.96,egw-qemu-integrated
2026-10-07T12:24:08Z,egw-ditto-things-1,39.73,613191680,76.14,egw-qemu-integrated
2026-10-07T12:24:08Z,egw-ditto-policies-1,8.96,556797952,69.14,egw-qemu-integrated
2026-10-07T12:24:08Z,egw-mongodb-1,121.25,250523648,46.66,egw-qemu-integrated
2026-10-07T12:24:08Z,egw-ditto-gateway-1,36.04,533860352,66.29,egw-qemu-integrated
2026-10-07T12:24:08Z,egw-controller-1,85.63,43970560,16.38,egw-qemu-integrated
2026-10-07T12:24:09Z,egw-mosquitto-1,2.12,6651904,4.96,egw-qemu-integrated
2026-10-07T12:24:09Z,egw-ditto-things-1,53.99,613191680,76.14,egw-qemu-integrated
2026-10-07T12:24:09Z,egw-ditto-policies-1,11.09,556797952,69.14,egw-qemu-integrated
2026-10-07T12:24:09Z,egw-mongodb-1,7.44,250261504,46.61,egw-qemu-integrated
2026-10-07T12:24:09Z,egw-ditto-gateway-1,61.41,533868544,66.29,egw-qemu-integrated
2026-10-07T12:24:09Z,egw-controller-1,33.46,43982848,16.38,egw-qemu-integrated
2026-10-07T12:24:10Z,egw-mosquitto-1,2.20,6651904,4.96,egw-qemu-integrated
2026-10-07T12:24:10Z,egw-ditto-things-1,46.76,613187584,76.14,egw-qemu-integrated
2026-10-07T12:24:10Z,egw-ditto-policies-1,10.94,556797952,69.14,egw-qemu-integrated
2026-10-07T12:24:10Z,egw-mongodb-1,7.11,250257408,46.61,egw-qemu-integrated
2026-10-07T12:24:10Z,egw-ditto-gateway-1,95.29,533893120,66.30,egw-qemu-integrated
2026-10-07T12:24:10Z,egw-controller-1,33.12,44236800,16.48,egw-qemu-integrated
2026-10-07T12:24:11Z,egw-mosquitto-1,2.20,6656000,4.96,egw-qemu-integrated
2026-10-07T12:24:11Z,egw-ditto-things-1,87.65,613187584,76.14,egw-qemu-integrated
2026-10-07T12:24:11Z,egw-ditto-policies-1,9.58,556797952,69.14,egw-qemu-integrated
2026-10-07T12:24:11Z,egw-mongodb-1,14.23,250261504,46.61,egw-qemu-integrated
2026-10-07T12:24:11Z,egw-ditto-gateway-1,52.32,533901312,66.30,egw-qemu-integrated
2026-10-07T12:24:11Z,egw-controller-1,33.11,43982848,16.38,egw-qemu-integrated
2026-10-07T12:24:12Z,egw-mosquitto-1,1.86,6651904,4.96,egw-qemu-integrated
2026-10-07T12:24:12Z,egw-ditto-things-1,69.17,613191680,76.14,egw-qemu-integrated
2026-10-07T12:24:12Z,egw-ditto-policies-1,10.90,556797952,69.14,egw-qemu-integrated
2026-10-07T12:24:12Z,egw-mongodb-1,7.17,250257408,46.61,egw-qemu-integrated
2026-10-07T12:24:12Z,egw-ditto-gateway-1,52.08,534155264,66.33,egw-qemu-integrated
2026-10-07T12:24:12Z,egw-controller-1,32.16,43978752,16.38,egw-qemu-integrated
2026-10-07T12:24:13Z,egw-mosquitto-1,2.20,6651904,4.96,egw-qemu-integrated
2026-10-07T12:24:13Z,egw-ditto-things-1,53.06,613191680,76.14,egw-qemu-integrated
2026-10-07T12:24:13Z,egw-ditto-policies-1,10.88,556797952,69.14,egw-qemu-integrated
2026-10-07T12:24:13Z,egw-mongodb-1,10.05,250261504,46.61,egw-qemu-integrated
2026-10-07T12:24:13Z,egw-ditto-gateway-1,55.40,533897216,66.30,egw-qemu-integrated
2026-10-07T12:24:13Z,egw-controller-1,32.85,44249088,16.48,egw-qemu-integrated
2026-10-07T12:24:15Z,egw-mosquitto-1,2.08,6651904,4.96,egw-qemu-integrated
2026-10-07T12:24:15Z,egw-ditto-things-1,67.71,613150720,76.14,egw-qemu-integrated
2026-10-07T12:24:15Z,egw-ditto-policies-1,9.44,556797952,69.14,egw-qemu-integrated
2026-10-07T12:24:15Z,egw-mongodb-1,19.01,250265600,46.62,egw-qemu-integrated
2026-10-07T12:24:15Z,egw-ditto-gateway-1,52.18,534167552,66.33,egw-qemu-integrated
2026-10-07T12:24:15Z,egw-controller-1,33.61,43978752,16.38,egw-qemu-integrated
2026-10-07T12:24:16Z,egw-mosquitto-1,2.47,6914048,5.15,egw-qemu-integrated
2026-10-07T12:24:16Z,egw-ditto-things-1,47.35,613150720,76.14,egw-qemu-integrated
2026-10-07T12:24:16Z,egw-ditto-policies-1,13.52,556797952,69.14,egw-qemu-integrated
2026-10-07T12:24:16Z,egw-mongodb-1,7.72,250265600,46.62,egw-qemu-integrated
2026-10-07T12:24:16Z,egw-ditto-gateway-1,80.41,534163456,66.33,egw-qemu-integrated
2026-10-07T12:24:16Z,egw-controller-1,32.61,44244992,16.48,egw-qemu-integrated
2026-10-07T12:24:17Z,egw-mosquitto-1,1.81,6651904,4.96,egw-qemu-integrated
2026-10-07T12:24:17Z,egw-ditto-things-1,57.36,613150720,76.14,egw-qemu-integrated
2026-10-07T12:24:17Z,egw-ditto-policies-1,37.72,556847104,69.15,egw-qemu-integrated
2026-10-07T12:24:17Z,egw-mongodb-1,9.93,250277888,46.62,egw-qemu-integrated
2026-10-07T12:24:17Z,egw-ditto-gateway-1,66.04,533917696,66.30,egw-qemu-integrated
2026-10-07T12:24:17Z,egw-controller-1,30.92,44244992,16.48,egw-qemu-integrated
2026-10-07T12:24:18Z,egw-mosquitto-1,2.42,6656000,4.96,egw-qemu-integrated
2026-10-07T12:24:18Z,egw-ditto-things-1,58.15,613404672,76.17,egw-qemu-integrated
2026-10-07T12:24:18Z,egw-ditto-policies-1,19.27,556847104,69.15,egw-qemu-integrated
2026-10-07T12:24:18Z,egw-mongodb-1,9.25,250273792,46.62,egw-qemu-integrated
2026-10-07T12:24:18Z,egw-ditto-gateway-1,56.07,533913600,66.30,egw-qemu-integrated
2026-10-07T12:24:18Z,egw-controller-1,35.05,44240896,16.48,egw-qemu-integrated
2026-10-07T12:24:19Z,egw-mosquitto-1,2.09,6660096,4.96,egw-qemu-integrated
2026-10-07T12:24:19Z,egw-ditto-things-1,58.03,613175296,76.14,egw-qemu-integrated
2026-10-07T12:24:19Z,egw-ditto-policies-1,11.33,556912640,69.16,egw-qemu-integrated
2026-10-07T12:24:19Z,egw-mongodb-1,8.68,250273792,46.62,egw-qemu-integrated
2026-10-07T12:24:19Z,egw-ditto-gateway-1,56.77,534192128,66.33,egw-qemu-integrated
2026-10-07T12:24:19Z,egw-controller-1,33.79,43986944,16.39,egw-qemu-integrated
2026-10-07T12:24:20Z,egw-mosquitto-1,43.41,8437760,6.29,egw-qemu-integrated
2026-10-07T12:24:20Z,egw-ditto-things-1,48.87,613216256,76.15,egw-qemu-integrated
2026-10-07T12:24:20Z,egw-ditto-policies-1,32.77,556912640,69.16,egw-qemu-integrated
2026-10-07T12:24:20Z,egw-mongodb-1,9.57,250273792,46.62,egw-qemu-integrated
2026-10-07T12:24:20Z,egw-ditto-gateway-1,42.24,533934080,66.30,egw-qemu-integrated
2026-10-07T12:24:20Z,egw-controller-1,30.23,43978752,16.38,egw-qemu-integrated
2026-10-07T12:24:21Z,egw-mosquitto-1,23.00,6672384,4.97,egw-qemu-integrated
2026-10-07T12:24:21Z,egw-ditto-things-1,61.19,613212160,76.15,egw-qemu-integrated
2026-10-07T12:24:21Z,egw-ditto-policies-1,122.66,549441536,68.23,egw-qemu-integrated
2026-10-07T12:24:21Z,egw-mongodb-1,17.49,250273792,46.62,egw-qemu-integrated
2026-10-07T12:24:21Z,egw-ditto-gateway-1,56.25,533946368,66.30,egw-qemu-integrated
2026-10-07T12:24:21Z,egw-controller-1,27.45,43986944,16.39,egw-qemu-integrated
2026-10-07T12:24:22Z,egw-mosquitto-1,1.96,6668288,4.97,egw-qemu-integrated
2026-10-07T12:24:22Z,egw-ditto-things-1,88.35,613433344,76.17,egw-qemu-integrated
2026-10-07T12:24:22Z,egw-ditto-policies-1,62.94,549441536,68.23,egw-qemu-integrated
2026-10-07T12:24:22Z,egw-mongodb-1,9.78,250273792,46.62,egw-qemu-integrated
2026-10-07T12:24:22Z,egw-ditto-gateway-1,98.46,533942272,66.30,egw-qemu-integrated
2026-10-07T12:24:22Z,egw-controller-1,12.99,44249088,16.48,egw-qemu-integrated
2026-10-07T12:24:23Z,egw-mosquitto-1,1.58,6680576,4.98,egw-qemu-integrated
2026-10-07T12:24:23Z,egw-ditto-things-1,87.35,613478400,76.18,egw-qemu-integrated
2026-10-07T12:24:23Z,egw-ditto-policies-1,11.88,549441536,68.23,egw-qemu-integrated
2026-10-07T12:24:23Z,egw-mongodb-1,12.25,250273792,46.62,egw-qemu-integrated
2026-10-07T12:24:23Z,egw-ditto-gateway-1,42.49,533942272,66.30,egw-qemu-integrated
2026-10-07T12:24:23Z,egw-controller-1,26.74,44261376,16.49,egw-qemu-integrated
2026-10-07T12:24:24Z,egw-mosquitto-1,2.17,6946816,5.18,egw-qemu-integrated
2026-10-07T12:24:24Z,egw-ditto-things-1,140.22,613216256,76.15,egw-qemu-integrated
2026-10-07T12:24:24Z,egw-ditto-policies-1,44.60,549441536,68.23,egw-qemu-integrated
2026-10-07T12:24:24Z,egw-mongodb-1,12.10,250277888,46.62,egw-qemu-integrated
2026-10-07T12:24:24Z,egw-ditto-gateway-1,53.27,533946368,66.30,egw-qemu-integrated
2026-10-07T12:24:24Z,egw-controller-1,28.23,43986944,16.39,egw-qemu-integrated
2026-10-07T12:24:25Z,egw-mosquitto-1,1.92,6680576,4.98,egw-qemu-integrated
2026-10-07T12:24:25Z,egw-ditto-things-1,102.49,613220352,76.15,egw-qemu-integrated
2026-10-07T12:24:25Z,egw-ditto-policies-1,12.79,549445632,68.23,egw-qemu-integrated
2026-10-07T12:24:25Z,egw-mongodb-1,8.43,250277888,46.62,egw-qemu-integrated
2026-10-07T12:24:25Z,egw-ditto-gateway-1,49.94,533946368,66.30,egw-qemu-integrated
2026-10-07T12:24:25Z,egw-controller-1,33.63,43999232,16.39,egw-qemu-integrated
2026-10-07T12:24:26Z,egw-mosquitto-1,2.42,6688768,4.98,egw-qemu-integrated
2026-10-07T12:24:26Z,egw-ditto-things-1,92.81,613232640,76.15,egw-qemu-integrated
2026-10-07T12:24:26Z,egw-ditto-policies-1,28.09,551915520,68.53,egw-qemu-integrated
2026-10-07T12:24:26Z,egw-mongodb-1,7.04,250277888,46.62,egw-qemu-integrated
2026-10-07T12:24:26Z,egw-ditto-gateway-1,61.53,533946368,66.30,egw-qemu-integrated
2026-10-07T12:24:26Z,egw-controller-1,29.12,43995136,16.39,egw-qemu-integrated
2026-10-07T12:24:27Z,egw-mosquitto-1,2.99,6660096,4.96,egw-qemu-integrated
2026-10-07T12:24:27Z,egw-ditto-things-1,70.84,613240832,76.15,egw-qemu-integrated
2026-10-07T12:24:27Z,egw-ditto-policies-1,77.15,549449728,68.23,egw-qemu-integrated
2026-10-07T12:24:27Z,egw-mongodb-1,8.81,250277888,46.62,egw-qemu-integrated
2026-10-07T12:24:27Z,egw-ditto-gateway-1,56.70,533950464,66.30,egw-qemu-integrated
2026-10-07T12:24:27Z,egw-controller-1,26.41,44515328,16.58,egw-qemu-integrated
2026-10-07T12:24:28Z,egw-mosquitto-1,0.51,6651904,4.96,egw-qemu-integrated
2026-10-07T12:24:28Z,egw-ditto-things-1,65.02,613236736,76.15,egw-qemu-integrated
2026-10-07T12:24:28Z,egw-ditto-policies-1,38.02,549453824,68.23,egw-qemu-integrated
2026-10-07T12:24:28Z,egw-mongodb-1,10.48,250281984,46.62,egw-qemu-integrated
2026-10-07T12:24:28Z,egw-ditto-gateway-1,65.20,533954560,66.30,egw-qemu-integrated
2026-10-07T12:24:28Z,egw-controller-1,23.79,43995136,16.39,egw-qemu-integrated
