ts_utc,container,cpu_pct,mem_bytes,mem_pct,host
2026-10-03T13:32:12Z,egw-mosquitto-1,0.14,4349952,3.24,egw-qemu-integrated
2026-10-03T13:32:12Z,egw-ditto-things-1,132.57,525205504,65.22,egw-qemu-integrated
2026-10-03T13:32:12Z,egw-ditto-policies-1,13.45,525017088,65.19,egw-qemu-integrated
2026-10-03T13:32:12Z,egw-mongodb-1,14.44,254640128,47.43,egw-qemu-integrated
2026-10-03T13:32:12Z,egw-ditto-gateway-1,68.00,551432192,68.47,egw-qemu-integrated
2026-10-03T13:32:12Z,egw-controller-1,2.22,57479168,21.41,egw-qemu-integrated
2026-10-03T13:32:13Z,egw-mosquitto-1,7.66,4378624,3.26,egw-qemu-integrated
2026-10-03T13:32:13Z,egw-ditto-things-1,49.50,526295040,65.35,egw-qemu-integrated
2026-10-03T13:32:13Z,egw-ditto-policies-1,8.49,525017088,65.19,egw-qemu-integrated
2026-10-03T13:32:13Z,egw-mongodb-1,3.78,254636032,47.43,egw-qemu-integrated
2026-10-03T13:32:13Z,egw-ditto-gateway-1,81.50,551993344,68.54,egw-qemu-integrated
2026-10-03T13:32:13Z,egw-controller-1,23.60,58298368,21.72,egw-qemu-integrated
2026-10-03T13:32:14Z,egw-mosquitto-1,2.24,4374528,3.26,egw-qemu-integrated
2026-10-03T13:32:14Z,egw-ditto-things-1,12.49,526512128,65.38,egw-qemu-integrated
2026-10-03T13:32:14Z,egw-ditto-policies-1,104.66,525938688,65.31,egw-qemu-integrated
2026-10-03T13:32:14Z,egw-mongodb-1,3.53,254640128,47.43,egw-qemu-integrated
2026-10-03T13:32:14Z,egw-ditto-gateway-1,86.09,552554496,68.61,egw-qemu-integrated
2026-10-03T13:32:14Z,egw-controller-1,5.01,58298368,21.72,egw-qemu-integrated
2026-10-03T13:32:15Z,egw-mosquitto-1,3.68,4648960,3.46,egw-qemu-integrated
2026-10-03T13:32:15Z,egw-ditto-things-1,55.39,527294464,65.48,egw-qemu-integrated
2026-10-03T13:32:15Z,egw-ditto-policies-1,134.81,528412672,65.62,egw-qemu-integrated
2026-10-03T13:32:15Z,egw-mongodb-1,3.56,254640128,47.43,egw-qemu-integrated
2026-10-03T13:32:15Z,egw-ditto-gateway-1,60.46,555003904,68.92,egw-qemu-integrated
2026-10-03T13:32:15Z,egw-controller-1,8.39,58298368,21.72,egw-qemu-integrated
2026-10-03T13:32:16Z,egw-mosquitto-1,1.72,4395008,3.27,egw-qemu-integrated
2026-10-03T13:32:16Z,egw-ditto-things-1,86.65,528932864,65.68,egw-qemu-integrated
2026-10-03T13:32:16Z,egw-ditto-policies-1,91.14,528412672,65.62,egw-qemu-integrated
2026-10-03T13:32:16Z,egw-mongodb-1,41.16,257667072,47.99,egw-qemu-integrated
2026-10-03T13:32:16Z,egw-ditto-gateway-1,78.94,554307584,68.83,egw-qemu-integrated
2026-10-03T13:32:16Z,egw-controller-1,9.01,58302464,21.72,egw-qemu-integrated
2026-10-03T13:32:17Z,egw-mosquitto-1,1.70,4403200,3.28,egw-qemu-integrated
2026-10-03T13:32:17Z,egw-ditto-things-1,50.34,527446016,65.50,egw-qemu-integrated
2026-10-03T13:32:17Z,egw-ditto-policies-1,147.15,528420864,65.62,egw-qemu-integrated
2026-10-03T13:32:17Z,egw-mongodb-1,75.12,345378816,64.33,egw-qemu-integrated
2026-10-03T13:32:17Z,egw-ditto-gateway-1,52.56,552390656,68.59,egw-qemu-integrated
2026-10-03T13:32:17Z,egw-controller-1,5.08,58306560,21.72,egw-qemu-integrated
2026-10-03T13:32:18Z,egw-mosquitto-1,1.80,4407296,3.28,egw-qemu-integrated
2026-10-03T13:32:18Z,egw-ditto-things-1,31.31,527831040,65.54,egw-qemu-integrated
2026-10-03T13:32:18Z,egw-ditto-policies-1,177.74,543252480,67.46,egw-qemu-integrated
2026-10-03T13:32:18Z,egw-mongodb-1,94.78,402571264,74.98,egw-qemu-integrated
2026-10-03T13:32:18Z,egw-ditto-gateway-1,60.15,552390656,68.59,egw-qemu-integrated
2026-10-03T13:32:18Z,egw-controller-1,4.45,58310656,21.72,egw-qemu-integrated
2026-10-03T13:32:19Z,egw-mosquitto-1,1.61,4419584,3.29,egw-qemu-integrated
2026-10-03T13:32:19Z,egw-ditto-things-1,12.60,527749120,65.53,egw-qemu-integrated
2026-10-03T13:32:19Z,egw-ditto-policies-1,151.76,546693120,67.89,egw-qemu-integrated
2026-10-03T13:32:19Z,egw-mongodb-1,132.62,407261184,75.86,egw-qemu-integrated
2026-10-03T13:32:19Z,egw-ditto-gateway-1,19.69,552398848,68.59,egw-qemu-integrated
2026-10-03T13:32:19Z,egw-controller-1,5.99,58306560,21.72,egw-qemu-integrated
2026-10-03T13:32:20Z,egw-mosquitto-1,2.43,4427776,3.30,egw-qemu-integrated
2026-10-03T13:32:20Z,egw-ditto-things-1,18.59,527962112,65.56,egw-qemu-integrated
2026-10-03T13:32:20Z,egw-ditto-policies-1,194.11,549007360,68.17,egw-qemu-integrated
2026-10-03T13:32:20Z,egw-mongodb-1,109.96,411336704,76.62,egw-qemu-integrated
2026-10-03T13:32:20Z,egw-ditto-gateway-1,12.14,552398848,68.59,egw-qemu-integrated
2026-10-03T13:32:20Z,egw-controller-1,5.96,58306560,21.72,egw-qemu-integrated
2026-10-03T13:32:21Z,egw-mosquitto-1,1.68,4440064,3.31,egw-qemu-integrated
2026-10-03T13:32:21Z,egw-ditto-things-1,37.47,530669568,65.90,egw-qemu-integrated
2026-10-03T13:32:21Z,egw-ditto-policies-1,176.95,550416384,68.35,egw-qemu-integrated
2026-10-03T13:32:21Z,egw-mongodb-1,92.49,414588928,77.22,egw-qemu-integrated
2026-10-03T13:32:21Z,egw-ditto-gateway-1,40.28,552423424,68.60,egw-qemu-integrated
2026-10-03T13:32:21Z,egw-controller-1,4.21,58314752,21.72,egw-qemu-integrated
2026-10-03T13:32:22Z,egw-mosquitto-1,1.77,4452352,3.32,egw-qemu-integrated
2026-10-03T13:32:22Z,egw-ditto-things-1,32.91,530841600,65.92,egw-qemu-integrated
2026-10-03T13:32:22Z,egw-ditto-policies-1,168.54,552284160,68.58,egw-qemu-integrated
2026-10-03T13:32:22Z,egw-mongodb-1,126.53,420491264,78.32,egw-qemu-integrated
2026-10-03T13:32:22Z,egw-ditto-gateway-1,8.60,552419328,68.60,egw-qemu-integrated
2026-10-03T13:32:22Z,egw-controller-1,5.46,58310656,21.72,egw-qemu-integrated
2026-10-03T13:32:23Z,egw-mosquitto-1,1.96,4460544,3.32,egw-qemu-integrated
2026-10-03T13:32:23Z,egw-ditto-things-1,26.64,531095552,65.95,egw-qemu-integrated
2026-10-03T13:32:23Z,egw-ditto-policies-1,162.32,555708416,69.01,egw-qemu-integrated
2026-10-03T13:32:23Z,egw-mongodb-1,27.80,254980096,47.49,egw-qemu-integrated
2026-10-03T13:32:23Z,egw-ditto-gateway-1,27.86,552755200,68.64,egw-qemu-integrated
2026-10-03T13:32:23Z,egw-controller-1,7.65,58306560,21.72,egw-qemu-integrated
2026-10-03T13:32:24Z,egw-mosquitto-1,1.54,4468736,3.33,egw-qemu-integrated
2026-10-03T13:32:24Z,egw-ditto-things-1,17.88,531386368,65.99,egw-qemu-integrated
2026-10-03T13:32:24Z,egw-ditto-policies-1,134.12,562368512,69.83,egw-qemu-integrated
2026-10-03T13:32:24Z,egw-mongodb-1,5.10,254984192,47.49,egw-qemu-integrated
2026-10-03T13:32:24Z,egw-ditto-gateway-1,122.51,553713664,68.76,egw-qemu-integrated
2026-10-03T13:32:24Z,egw-controller-1,10.91,58314752,21.72,egw-qemu-integrated
2026-10-03T13:32:25Z,egw-mosquitto-1,1.56,4476928,3.34,egw-qemu-integrated
2026-10-03T13:32:25Z,egw-ditto-things-1,132.85,538525696,66.87,egw-qemu-integrated
2026-10-03T13:32:25Z,egw-ditto-policies-1,91.75,565268480,70.19,egw-qemu-integrated
2026-10-03T13:32:25Z,egw-mongodb-1,2.24,254984192,47.49,egw-qemu-integrated
2026-10-03T13:32:25Z,egw-ditto-gateway-1,44.03,553906176,68.78,egw-qemu-integrated
2026-10-03T13:32:25Z,egw-controller-1,4.32,58314752,21.72,egw-qemu-integrated
2026-10-03T13:32:26Z,egw-mosquitto-1,14.52,5623808,4.19,egw-qemu-integrated
2026-10-03T13:32:26Z,egw-ditto-things-1,127.10,548622336,68.13,egw-qemu-integrated
2026-10-03T13:32:26Z,egw-ditto-policies-1,107.71,547160064,67.94,egw-qemu-integrated
2026-10-03T13:32:26Z,egw-mongodb-1,3.93,254984192,47.49,egw-qemu-integrated
2026-10-03T13:32:26Z,egw-ditto-gateway-1,15.01,553717760,68.76,egw-qemu-integrated
2026-10-03T13:32:26Z,egw-controller-1,5.58,58314752,21.72,egw-qemu-integrated
2026-10-03T13:32:27Z,egw-mosquitto-1,73.62,4517888,3.37,egw-qemu-integrated
2026-10-03T13:32:27Z,egw-ditto-things-1,156.44,551968768,68.54,egw-qemu-integrated
2026-10-03T13:32:27Z,egw-ditto-policies-1,16.99,547160064,67.94,egw-qemu-integrated
2026-10-03T13:32:27Z,egw-mongodb-1,15.22,255053824,47.51,egw-qemu-integrated
2026-10-03T13:32:27Z,egw-ditto-gateway-1,21.37,553734144,68.76,egw-qemu-integrated
2026-10-03T13:32:27Z,egw-controller-1,4.96,58314752,21.72,egw-qemu-integrated
2026-10-03T13:32:28Z,egw-mosquitto-1,2.02,4784128,3.56,egw-qemu-integrated
2026-10-03T13:32:28Z,egw-ditto-things-1,119.08,552271872,68.58,egw-qemu-integrated
2026-10-03T13:32:28Z,egw-ditto-policies-1,24.34,547160064,67.94,egw-qemu-integrated
2026-10-03T13:32:28Z,egw-mongodb-1,3.10,255057920,47.51,egw-qemu-integrated
2026-10-03T13:32:28Z,egw-ditto-gateway-1,102.44,554405888,68.84,egw-qemu-integrated
2026-10-03T13:32:28Z,egw-controller-1,12.46,58327040,21.73,egw-qemu-integrated
2026-10-03T13:32:29Z,egw-mosquitto-1,1.72,4526080,3.37,egw-qemu-integrated
2026-10-03T13:32:29Z,egw-ditto-things-1,103.39,552976384,68.67,egw-qemu-integrated
2026-10-03T13:32:29Z,egw-ditto-policies-1,102.65,547409920,67.98,egw-qemu-integrated
2026-10-03T13:32:29Z,egw-mongodb-1,5.87,255066112,47.51,egw-qemu-integrated
2026-10-03T13:32:29Z,egw-ditto-gateway-1,112.02,555290624,68.95,egw-qemu-integrated
2026-10-03T13:32:29Z,egw-controller-1,8.26,58327040,21.73,egw-qemu-integrated
2026-10-03T13:32:30Z,egw-mosquitto-1,1.89,4534272,3.38,egw-qemu-integrated
2026-10-03T13:32:30Z,egw-ditto-things-1,75.52,553525248,68.73,egw-qemu-integrated
2026-10-03T13:32:30Z,egw-ditto-policies-1,79.26,548712448,68.14,egw-qemu-integrated
2026-10-03T13:32:30Z,egw-mongodb-1,5.08,255082496,47.51,egw-qemu-integrated
2026-10-03T13:32:30Z,egw-ditto-gateway-1,81.11,554811392,68.89,egw-qemu-integrated
2026-10-03T13:32:30Z,egw-controller-1,9.95,58327040,21.73,egw-qemu-integrated
2026-10-03T13:32:31Z,egw-mosquitto-1,1.73,4538368,3.38,egw-qemu-integrated
2026-10-03T13:32:31Z,egw-ditto-things-1,121.93,553840640,68.77,egw-qemu-integrated
2026-10-03T13:32:31Z,egw-ditto-policies-1,73.85,555057152,68.92,egw-qemu-integrated
2026-10-03T13:32:31Z,egw-mongodb-1,5.12,255098880,47.52,egw-qemu-integrated
2026-10-03T13:32:31Z,egw-ditto-gateway-1,94.70,555040768,68.92,egw-qemu-integrated
2026-10-03T13:32:31Z,egw-controller-1,11.73,58327040,21.73,egw-qemu-integrated
2026-10-03T13:32:32Z,egw-mosquitto-1,1.67,4546560,3.39,egw-qemu-integrated
2026-10-03T13:32:32Z,egw-ditto-things-1,99.96,553783296,68.77,egw-qemu-integrated
2026-10-03T13:32:32Z,egw-ditto-policies-1,17.88,554860544,68.90,egw-qemu-integrated
2026-10-03T13:32:32Z,egw-mongodb-1,5.20,255119360,47.52,egw-qemu-integrated
2026-10-03T13:32:32Z,egw-ditto-gateway-1,107.48,556093440,69.05,egw-qemu-integrated
2026-10-03T13:32:32Z,egw-controller-1,16.35,58327040,21.73,egw-qemu-integrated
2026-10-03T13:32:33Z,egw-mosquitto-1,1.88,4558848,3.40,egw-qemu-integrated
2026-10-03T13:32:33Z,egw-ditto-things-1,77.34,554221568,68.82,egw-qemu-integrated
2026-10-03T13:32:33Z,egw-ditto-policies-1,70.21,555429888,68.97,egw-qemu-integrated
2026-10-03T13:32:33Z,egw-mongodb-1,3.88,255131648,47.52,egw-qemu-integrated
2026-10-03T13:32:33Z,egw-ditto-gateway-1,82.07,555872256,69.03,egw-qemu-integrated
2026-10-03T13:32:33Z,egw-controller-1,12.21,58331136,21.73,egw-qemu-integrated
2026-10-03T13:32:34Z,egw-mosquitto-1,1.84,4558848,3.40,egw-qemu-integrated
2026-10-03T13:32:34Z,egw-ditto-things-1,123.28,555200512,68.94,egw-qemu-integrated
2026-10-03T13:32:34Z,egw-ditto-policies-1,10.21,555311104,68.96,egw-qemu-integrated
2026-10-03T13:32:34Z,egw-mongodb-1,8.19,255156224,47.53,egw-qemu-integrated
2026-10-03T13:32:34Z,egw-ditto-gateway-1,100.19,556523520,69.11,egw-qemu-integrated
2026-10-03T13:32:34Z,egw-controller-1,14.70,58327040,21.73,egw-qemu-integrated
2026-10-03T13:32:35Z,egw-mosquitto-1,1.86,4571136,3.41,egw-qemu-integrated
2026-10-03T13:32:35Z,egw-ditto-things-1,75.03,555028480,68.92,egw-qemu-integrated
2026-10-03T13:32:35Z,egw-ditto-policies-1,9.85,555597824,68.99,egw-qemu-integrated
2026-10-03T13:32:35Z,egw-mongodb-1,3.38,255180800,47.53,egw-qemu-integrated
2026-10-03T13:32:35Z,egw-ditto-gateway-1,156.25,520880128,64.68,egw-qemu-integrated
2026-10-03T13:32:35Z,egw-controller-1,13.75,58331136,21.73,egw-qemu-integrated
2026-10-03T13:32:36Z,egw-mosquitto-1,1.91,4567040,3.40,egw-qemu-integrated
2026-10-03T13:32:36Z,egw-ditto-things-1,97.22,555409408,68.97,egw-qemu-integrated
2026-10-03T13:32:36Z,egw-ditto-policies-1,10.94,555778048,69.01,egw-qemu-integrated
2026-10-03T13:32:36Z,egw-mongodb-1,5.07,255209472,47.54,egw-qemu-integrated
2026-10-03T13:32:36Z,egw-ditto-gateway-1,87.79,523481088,65.00,egw-qemu-integrated
2026-10-03T13:32:36Z,egw-controller-1,17.72,58335232,21.73,egw-qemu-integrated
2026-10-03T13:32:37Z,egw-mosquitto-1,3.65,4583424,3.41,egw-qemu-integrated
2026-10-03T13:32:37Z,egw-ditto-things-1,89.72,555577344,68.99,egw-qemu-integrated
2026-10-03T13:32:37Z,egw-ditto-policies-1,37.70,556466176,69.10,egw-qemu-integrated
2026-10-03T13:32:37Z,egw-mongodb-1,5.46,255225856,47.54,egw-qemu-integrated
2026-10-03T13:32:37Z,egw-ditto-gateway-1,120.25,527585280,65.51,egw-qemu-integrated
2026-10-03T13:32:37Z,egw-controller-1,17.13,58339328,21.73,egw-qemu-integrated
2026-10-03T13:32:38Z,egw-mosquitto-1,1.94,4583424,3.41,egw-qemu-integrated
2026-10-03T13:32:38Z,egw-ditto-things-1,112.32,555618304,68.99,egw-qemu-integrated
2026-10-03T13:32:38Z,egw-ditto-policies-1,61.77,556949504,69.16,egw-qemu-integrated
2026-10-03T13:32:38Z,egw-mongodb-1,15.31,255225856,47.54,egw-qemu-integrated
2026-10-03T13:32:38Z,egw-ditto-gateway-1,132.70,528822272,65.67,egw-qemu-integrated
2026-10-03T13:32:38Z,egw-controller-1,8.45,58343424,21.73,egw-qemu-integrated
2026-10-03T13:32:39Z,egw-mosquitto-1,1.84,4591616,3.42,egw-qemu-integrated
2026-10-03T13:32:39Z,egw-ditto-things-1,103.54,556003328,69.04,egw-qemu-integrated
2026-10-03T13:32:39Z,egw-ditto-policies-1,28.32,556617728,69.12,egw-qemu-integrated
2026-10-03T13:32:39Z,egw-mongodb-1,8.48,255242240,47.54,egw-qemu-integrated
2026-10-03T13:32:39Z,egw-ditto-gateway-1,87.24,531361792,65.98,egw-qemu-integrated
2026-10-03T13:32:39Z,egw-controller-1,17.87,58343424,21.73,egw-qemu-integrated
2026-10-03T13:32:40Z,egw-mosquitto-1,2.06,4603904,3.43,egw-qemu-integrated
2026-10-03T13:32:40Z,egw-ditto-things-1,98.85,555950080,69.04,egw-qemu-integrated
2026-10-03T13:32:40Z,egw-ditto-policies-1,57.47,559030272,69.42,egw-qemu-integrated
2026-10-03T13:32:40Z,egw-mongodb-1,4.97,255254528,47.54,egw-qemu-integrated
2026-10-03T13:32:40Z,egw-ditto-gateway-1,69.97,534462464,66.37,egw-qemu-integrated
2026-10-03T13:32:40Z,egw-controller-1,54.26,61542400,22.93,egw-qemu-integrated
2026-10-03T13:32:41Z,egw-mosquitto-1,1.87,4608000,3.43,egw-qemu-integrated
2026-10-03T13:32:41Z,egw-ditto-things-1,77.76,556036096,69.05,egw-qemu-integrated
2026-10-03T13:32:41Z,egw-ditto-policies-1,47.47,562544640,69.85,egw-qemu-integrated
2026-10-03T13:32:41Z,egw-mongodb-1,4.69,255270912,47.55,egw-qemu-integrated
2026-10-03T13:32:41Z,egw-ditto-gateway-1,85.40,534708224,66.40,egw-qemu-integrated
2026-10-03T13:32:41Z,egw-controller-1,94.92,68308992,25.45,egw-qemu-integrated
2026-10-03T13:32:42Z,egw-mosquitto-1,2.28,4608000,3.43,egw-qemu-integrated
2026-10-03T13:32:42Z,egw-ditto-things-1,99.45,556707840,69.13,egw-qemu-integrated
2026-10-03T13:32:42Z,egw-ditto-policies-1,11.50,562692096,69.87,egw-qemu-integrated
2026-10-03T13:32:42Z,egw-mongodb-1,5.14,255291392,47.55,egw-qemu-integrated
2026-10-03T13:32:42Z,egw-ditto-gateway-1,71.12,534745088,66.40,egw-qemu-integrated
2026-10-03T13:32:42Z,egw-controller-1,105.67,70434816,26.24,egw-qemu-integrated
2026-10-03T13:32:43Z,egw-mosquitto-1,2.27,4886528,3.64,egw-qemu-integrated
2026-10-03T13:32:43Z,egw-ditto-things-1,70.61,556535808,69.11,egw-qemu-integrated
2026-10-03T13:32:43Z,egw-ditto-policies-1,27.59,562814976,69.89,egw-qemu-integrated
2026-10-03T13:32:43Z,egw-mongodb-1,3.98,255307776,47.55,egw-qemu-integrated
2026-10-03T13:32:43Z,egw-ditto-gateway-1,111.24,534863872,66.42,egw-qemu-integrated
2026-10-03T13:32:43Z,egw-controller-1,101.24,72212480,26.90,egw-qemu-integrated
2026-10-03T13:32:44Z,egw-mosquitto-1,1.90,4624384,3.45,egw-qemu-integrated
2026-10-03T13:32:44Z,egw-ditto-things-1,112.26,556793856,69.14,egw-qemu-integrated
2026-10-03T13:32:44Z,egw-ditto-policies-1,20.74,563306496,69.95,egw-qemu-integrated
2026-10-03T13:32:44Z,egw-mongodb-1,8.17,255324160,47.56,egw-qemu-integrated
2026-10-03T13:32:44Z,egw-ditto-gateway-1,116.69,534892544,66.42,egw-qemu-integrated
2026-10-03T13:32:44Z,egw-controller-1,24.18,58368000,21.74,egw-qemu-integrated
2026-10-03T13:32:45Z,egw-mosquitto-1,1.78,4890624,3.64,egw-qemu-integrated
2026-10-03T13:32:45Z,egw-ditto-things-1,84.38,557334528,69.21,egw-qemu-integrated
2026-10-03T13:32:45Z,egw-ditto-policies-1,13.74,563187712,69.93,egw-qemu-integrated
2026-10-03T13:32:45Z,egw-mongodb-1,13.54,255352832,47.56,egw-qemu-integrated
2026-10-03T13:32:45Z,egw-ditto-gateway-1,148.82,535052288,66.44,egw-qemu-integrated
2026-10-03T13:32:45Z,egw-controller-1,17.98,58372096,21.75,egw-qemu-integrated
2026-10-03T13:32:46Z,egw-mosquitto-1,3.44,4636672,3.45,egw-qemu-integrated
2026-10-03T13:32:46Z,egw-ditto-things-1,106.62,559226880,69.44,egw-qemu-integrated
2026-10-03T13:32:46Z,egw-ditto-policies-1,9.62,563310592,69.95,egw-qemu-integrated
2026-10-03T13:32:46Z,egw-mongodb-1,5.19,255348736,47.56,egw-qemu-integrated
2026-10-03T13:32:46Z,egw-ditto-gateway-1,85.52,535449600,66.49,egw-qemu-integrated
2026-10-03T13:32:46Z,egw-controller-1,15.17,58634240,21.84,egw-qemu-integrated
2026-10-03T13:32:47Z,egw-mosquitto-1,2.63,4648960,3.46,egw-qemu-integrated
2026-10-03T13:32:47Z,egw-ditto-things-1,133.10,557400064,69.22,egw-qemu-integrated
2026-10-03T13:32:47Z,egw-ditto-policies-1,17.09,563527680,69.98,egw-qemu-integrated
2026-10-03T13:32:47Z,egw-mongodb-1,4.37,255348736,47.56,egw-qemu-integrated
2026-10-03T13:32:47Z,egw-ditto-gateway-1,135.10,535814144,66.54,egw-qemu-integrated
2026-10-03T13:32:47Z,egw-controller-1,14.15,58376192,21.75,egw-qemu-integrated
2026-10-03T13:32:48Z,egw-mosquitto-1,2.16,4653056,3.47,egw-qemu-integrated
2026-10-03T13:32:48Z,egw-ditto-things-1,105.70,557621248,69.24,egw-qemu-integrated
2026-10-03T13:32:48Z,egw-ditto-policies-1,21.59,563703808,70.00,egw-qemu-integrated
2026-10-03T13:32:48Z,egw-mongodb-1,5.31,255348736,47.56,egw-qemu-integrated
2026-10-03T13:32:48Z,egw-ditto-gateway-1,124.34,535744512,66.53,egw-qemu-integrated
2026-10-03T13:32:48Z,egw-controller-1,17.31,58392576,21.75,egw-qemu-integrated
2026-10-03T13:32:49Z,egw-mosquitto-1,2.46,4661248,3.47,egw-qemu-integrated
2026-10-03T13:32:49Z,egw-ditto-things-1,105.57,557809664,69.27,egw-qemu-integrated
2026-10-03T13:32:49Z,egw-ditto-policies-1,11.48,563879936,70.02,egw-qemu-integrated
2026-10-03T13:32:49Z,egw-mongodb-1,6.11,255352832,47.56,egw-qemu-integrated
2026-10-03T13:32:49Z,egw-ditto-gateway-1,76.07,535863296,66.54,egw-qemu-integrated
2026-10-03T13:32:49Z,egw-controller-1,17.23,58400768,21.76,egw-qemu-integrated
2026-10-03T13:32:50Z,egw-mosquitto-1,2.39,4661248,3.47,egw-qemu-integrated
2026-10-03T13:32:50Z,egw-ditto-things-1,114.64,558157824,69.31,egw-qemu-integrated
2026-10-03T13:32:50Z,egw-ditto-policies-1,46.26,567308288,70.45,egw-qemu-integrated
2026-10-03T13:32:50Z,egw-mongodb-1,4.99,255348736,47.56,egw-qemu-integrated
2026-10-03T13:32:50Z,egw-ditto-gateway-1,94.94,536281088,66.59,egw-qemu-integrated
2026-10-03T13:32:50Z,egw-controller-1,17.33,58400768,21.76,egw-qemu-integrated
2026-10-03T13:32:51Z,egw-mosquitto-1,2.07,4665344,3.48,egw-qemu-integrated
2026-10-03T13:32:51Z,egw-ditto-things-1,97.31,558391296,69.34,egw-qemu-integrated
2026-10-03T13:32:51Z,egw-ditto-policies-1,25.96,567373824,70.45,egw-qemu-integrated
2026-10-03T13:32:51Z,egw-mongodb-1,5.87,255352832,47.56,egw-qemu-integrated
2026-10-03T13:32:51Z,egw-ditto-gateway-1,90.84,536199168,66.58,egw-qemu-integrated
2026-10-03T13:32:51Z,egw-controller-1,16.32,58920960,21.95,egw-qemu-integrated
2026-10-03T13:32:52Z,egw-mosquitto-1,2.43,4673536,3.48,egw-qemu-integrated
2026-10-03T13:32:52Z,egw-ditto-things-1,83.71,558583808,69.36,egw-qemu-integrated
2026-10-03T13:32:52Z,egw-ditto-policies-1,12.29,567377920,70.45,egw-qemu-integrated
2026-10-03T13:32:52Z,egw-mongodb-1,39.45,256536576,47.78,egw-qemu-integrated
2026-10-03T13:32:52Z,egw-ditto-gateway-1,71.28,536305664,66.60,egw-qemu-integrated
2026-10-03T13:32:52Z,egw-controller-1,18.06,58413056,21.76,egw-qemu-integrated
2026-10-03T13:32:53Z,egw-mosquitto-1,1.63,4677632,3.49,egw-qemu-integrated
2026-10-03T13:32:53Z,egw-ditto-things-1,86.11,558694400,69.38,egw-qemu-integrated
2026-10-03T13:32:53Z,egw-ditto-policies-1,13.95,567377920,70.45,egw-qemu-integrated
2026-10-03T13:32:53Z,egw-mongodb-1,96.49,396165120,73.79,egw-qemu-integrated
2026-10-03T13:32:53Z,egw-ditto-gateway-1,91.09,536375296,66.61,egw-qemu-integrated
2026-10-03T13:32:53Z,egw-controller-1,15.47,58421248,21.76,egw-qemu-integrated
2026-10-03T13:32:54Z,egw-mosquitto-1,1.84,4685824,3.49,egw-qemu-integrated
2026-10-03T13:32:54Z,egw-ditto-things-1,61.89,558780416,69.39,egw-qemu-integrated
2026-10-03T13:32:54Z,egw-ditto-policies-1,9.73,567377920,70.45,egw-qemu-integrated
2026-10-03T13:32:54Z,egw-mongodb-1,133.71,406392832,75.70,egw-qemu-integrated
2026-10-03T13:32:54Z,egw-ditto-gateway-1,77.33,536682496,66.64,egw-qemu-integrated
2026-10-03T13:32:54Z,egw-controller-1,18.80,58417152,21.76,egw-qemu-integrated
2026-10-03T13:32:55Z,egw-mosquitto-1,2.49,4689920,3.49,egw-qemu-integrated
2026-10-03T13:32:55Z,egw-ditto-things-1,65.72,558796800,69.39,egw-qemu-integrated
2026-10-03T13:32:55Z,egw-ditto-policies-1,28.47,567377920,70.45,egw-qemu-integrated
2026-10-03T13:32:55Z,egw-mongodb-1,93.01,407969792,75.99,egw-qemu-integrated
2026-10-03T13:32:55Z,egw-ditto-gateway-1,82.25,537034752,66.69,egw-qemu-integrated
2026-10-03T13:32:55Z,egw-controller-1,16.28,58433536,21.77,egw-qemu-integrated
2026-10-03T13:32:56Z,egw-mosquitto-1,1.73,4960256,3.70,egw-qemu-integrated
2026-10-03T13:32:56Z,egw-ditto-things-1,79.70,558903296,69.40,egw-qemu-integrated
2026-10-03T13:32:56Z,egw-ditto-policies-1,12.47,567377920,70.45,egw-qemu-integrated
2026-10-03T13:32:56Z,egw-mongodb-1,101.65,413523968,77.02,egw-qemu-integrated
2026-10-03T13:32:56Z,egw-ditto-gateway-1,77.88,536600576,66.63,egw-qemu-integrated
2026-10-03T13:32:56Z,egw-controller-1,15.83,58437632,21.77,egw-qemu-integrated
2026-10-03T13:32:57Z,egw-mosquitto-1,60.87,4919296,3.67,egw-qemu-integrated
2026-10-03T13:32:57Z,egw-ditto-things-1,47.22,558903296,69.40,egw-qemu-integrated
2026-10-03T13:32:57Z,egw-ditto-policies-1,22.43,567382016,70.46,egw-qemu-integrated
2026-10-03T13:32:57Z,egw-mongodb-1,94.42,416968704,77.67,egw-qemu-integrated
2026-10-03T13:32:57Z,egw-ditto-gateway-1,79.59,536727552,66.65,egw-qemu-integrated
2026-10-03T13:32:57Z,egw-controller-1,14.35,58433536,21.77,egw-qemu-integrated
2026-10-03T13:32:58Z,egw-mosquitto-1,2.15,4714496,3.51,egw-qemu-integrated
2026-10-03T13:32:58Z,egw-ditto-things-1,75.88,559030272,69.42,egw-qemu-integrated
2026-10-03T13:32:58Z,egw-ditto-policies-1,12.44,567386112,70.46,egw-qemu-integrated
2026-10-03T13:32:58Z,egw-mongodb-1,122.91,414826496,77.27,egw-qemu-integrated
2026-10-03T13:32:58Z,egw-ditto-gateway-1,66.44,536842240,66.66,egw-qemu-integrated
2026-10-03T13:32:58Z,egw-controller-1,13.52,58445824,21.77,egw-qemu-integrated
2026-10-03T13:32:59Z,egw-mosquitto-1,1.52,4980736,3.71,egw-qemu-integrated
2026-10-03T13:32:59Z,egw-ditto-things-1,94.40,559198208,69.44,egw-qemu-integrated
2026-10-03T13:32:59Z,egw-ditto-policies-1,13.87,567386112,70.46,egw-qemu-integrated
2026-10-03T13:32:59Z,egw-mongodb-1,10.49,249847808,46.54,egw-qemu-integrated
2026-10-03T13:32:59Z,egw-ditto-gateway-1,91.26,537247744,66.71,egw-qemu-integrated
2026-10-03T13:32:59Z,egw-controller-1,21.92,58449920,21.77,egw-qemu-integrated
2026-10-03T13:33:00Z,egw-mosquitto-1,1.91,4718592,3.52,egw-qemu-integrated
2026-10-03T13:33:00Z,egw-ditto-things-1,117.67,559734784,69.51,egw-qemu-integrated
2026-10-03T13:33:00Z,egw-ditto-policies-1,46.74,567660544,70.49,egw-qemu-integrated
2026-10-03T13:33:00Z,egw-mongodb-1,4.65,249847808,46.54,egw-qemu-integrated
2026-10-03T13:33:00Z,egw-ditto-gateway-1,78.32,537071616,66.69,egw-qemu-integrated
2026-10-03T13:33:00Z,egw-controller-1,15.58,58716160,21.87,egw-qemu-integrated
2026-10-03T13:33:01Z,egw-mosquitto-1,1.85,4726784,3.52,egw-qemu-integrated
2026-10-03T13:33:01Z,egw-ditto-things-1,165.84,559890432,69.53,egw-qemu-integrated
2026-10-03T13:33:01Z,egw-ditto-policies-1,28.94,567443456,70.46,egw-qemu-integrated
2026-10-03T13:33:01Z,egw-mongodb-1,5.63,249847808,46.54,egw-qemu-integrated
2026-10-03T13:33:01Z,egw-ditto-gateway-1,62.19,537178112,66.70,egw-qemu-integrated
2026-10-03T13:33:01Z,egw-controller-1,16.22,58720256,21.88,egw-qemu-integrated
2026-10-03T13:33:02Z,egw-mosquitto-1,1.87,4734976,3.53,egw-qemu-integrated
2026-10-03T13:33:02Z,egw-ditto-things-1,137.93,560492544,69.60,egw-qemu-integrated
2026-10-03T13:33:02Z,egw-ditto-policies-1,11.08,567443456,70.46,egw-qemu-integrated
2026-10-03T13:33:02Z,egw-mongodb-1,21.78,250220544,46.61,egw-qemu-integrated
2026-10-03T13:33:02Z,egw-ditto-gateway-1,66.28,537210880,66.71,egw-qemu-integrated
2026-10-03T13:33:02Z,egw-controller-1,20.66,58458112,21.78,egw-qemu-integrated
2026-10-03T13:33:03Z,egw-mosquitto-1,3.82,4743168,3.53,egw-qemu-integrated
2026-10-03T13:33:03Z,egw-ditto-things-1,113.29,560488448,69.60,egw-qemu-integrated
2026-10-03T13:33:03Z,egw-ditto-policies-1,33.98,567799808,70.51,egw-qemu-integrated
2026-10-03T13:33:03Z,egw-mongodb-1,23.25,250232832,46.61,egw-qemu-integrated
2026-10-03T13:33:03Z,egw-ditto-gateway-1,79.02,537481216,66.74,egw-qemu-integrated
2026-10-03T13:33:03Z,egw-controller-1,11.08,58470400,21.78,egw-qemu-integrated
2026-10-03T13:33:04Z,egw-mosquitto-1,2.54,4747264,3.54,egw-qemu-integrated
2026-10-03T13:33:04Z,egw-ditto-things-1,131.73,561381376,69.71,egw-qemu-integrated
2026-10-03T13:33:04Z,egw-ditto-policies-1,77.98,569376768,70.70,egw-qemu-integrated
2026-10-03T13:33:04Z,egw-mongodb-1,16.88,250310656,46.62,egw-qemu-integrated
2026-10-03T13:33:04Z,egw-ditto-gateway-1,84.55,537128960,66.70,egw-qemu-integrated
2026-10-03T13:33:04Z,egw-controller-1,15.03,58478592,21.78,egw-qemu-integrated
2026-10-03T13:33:05Z,egw-mosquitto-1,1.53,4751360,3.54,egw-qemu-integrated
2026-10-03T13:33:05Z,egw-ditto-things-1,174.73,561614848,69.74,egw-qemu-integrated
2026-10-03T13:33:05Z,egw-ditto-policies-1,44.62,567455744,70.46,egw-qemu-integrated
2026-10-03T13:33:05Z,egw-mongodb-1,16.46,251019264,46.76,egw-qemu-integrated
2026-10-03T13:33:05Z,egw-ditto-gateway-1,43.73,537239552,66.71,egw-qemu-integrated
2026-10-03T13:33:05Z,egw-controller-1,10.84,58474496,21.78,egw-qemu-integrated
2026-10-03T13:33:06Z,egw-mosquitto-1,1.91,4759552,3.55,egw-qemu-integrated
2026-10-03T13:33:06Z,egw-ditto-things-1,96.84,561684480,69.75,egw-qemu-integrated
2026-10-03T13:33:06Z,egw-ditto-policies-1,9.97,567455744,70.46,egw-qemu-integrated
2026-10-03T13:33:06Z,egw-mongodb-1,5.59,250765312,46.71,egw-qemu-integrated
2026-10-03T13:33:06Z,egw-ditto-gateway-1,96.33,537346048,66.73,egw-qemu-integrated
2026-10-03T13:33:06Z,egw-controller-1,22.33,58482688,21.79,egw-qemu-integrated
2026-10-03T13:33:08Z,egw-mosquitto-1,1.86,4767744,3.55,egw-qemu-integrated
2026-10-03T13:33:08Z,egw-ditto-things-1,95.42,561803264,69.76,egw-qemu-integrated
2026-10-03T13:33:08Z,egw-ditto-policies-1,17.69,567468032,70.47,egw-qemu-integrated
2026-10-03T13:33:08Z,egw-mongodb-1,5.07,250765312,46.71,egw-qemu-integrated
2026-10-03T13:33:08Z,egw-ditto-gateway-1,95.59,537604096,66.76,egw-qemu-integrated
2026-10-03T13:33:08Z,egw-controller-1,19.22,58519552,21.80,egw-qemu-integrated
2026-10-03T13:33:09Z,egw-mosquitto-1,1.95,4775936,3.56,egw-qemu-integrated
2026-10-03T13:33:09Z,egw-ditto-things-1,114.33,561856512,69.77,egw-qemu-integrated
2026-10-03T13:33:09Z,egw-ditto-policies-1,15.89,567484416,70.47,egw-qemu-integrated
2026-10-03T13:33:09Z,egw-mongodb-1,6.64,250765312,46.71,egw-qemu-integrated
2026-10-03T13:33:09Z,egw-ditto-gateway-1,81.68,537657344,66.76,egw-qemu-integrated
2026-10-03T13:33:09Z,egw-controller-1,18.76,58777600,21.90,egw-qemu-integrated
2026-10-03T13:33:10Z,egw-mosquitto-1,1.61,4780032,3.56,egw-qemu-integrated
2026-10-03T13:33:10Z,egw-ditto-things-1,144.37,564236288,70.06,egw-qemu-integrated
2026-10-03T13:33:10Z,egw-ditto-policies-1,33.75,568139776,70.55,egw-qemu-integrated
2026-10-03T13:33:10Z,egw-mongodb-1,5.59,250769408,46.71,egw-qemu-integrated
2026-10-03T13:33:10Z,egw-ditto-gateway-1,85.33,537747456,66.78,egw-qemu-integrated
2026-10-03T13:33:10Z,egw-controller-1,19.71,58785792,21.90,egw-qemu-integrated
2026-10-03T13:33:11Z,egw-mosquitto-1,1.77,4788224,3.57,egw-qemu-integrated
2026-10-03T13:33:11Z,egw-ditto-things-1,123.88,564637696,70.11,egw-qemu-integrated
2026-10-03T13:33:11Z,egw-ditto-policies-1,12.23,568143872,70.55,egw-qemu-integrated
2026-10-03T13:33:11Z,egw-mongodb-1,5.07,250769408,46.71,egw-qemu-integrated
2026-10-03T13:33:11Z,egw-ditto-gateway-1,98.92,537882624,66.79,egw-qemu-integrated
2026-10-03T13:33:11Z,egw-controller-1,19.43,58523648,21.80,egw-qemu-integrated
2026-10-03T13:33:12Z,egw-mosquitto-1,1.81,4788224,3.57,egw-qemu-integrated
2026-10-03T13:33:12Z,egw-ditto-things-1,85.63,564858880,70.14,egw-qemu-integrated
2026-10-03T13:33:12Z,egw-ditto-policies-1,10.30,568139776,70.55,egw-qemu-integrated
2026-10-03T13:33:12Z,egw-mongodb-1,6.21,250765312,46.71,egw-qemu-integrated
2026-10-03T13:33:12Z,egw-ditto-gateway-1,83.15,538030080,66.81,egw-qemu-integrated
2026-10-03T13:33:12Z,egw-controller-1,20.40,58540032,21.81,egw-qemu-integrated
2026-10-03T13:33:13Z,egw-mosquitto-1,2.04,4792320,3.57,egw-qemu-integrated
2026-10-03T13:33:13Z,egw-ditto-things-1,92.37,565112832,70.17,egw-qemu-integrated
2026-10-03T13:33:13Z,egw-ditto-policies-1,10.24,568139776,70.55,egw-qemu-integrated
2026-10-03T13:33:13Z,egw-mongodb-1,5.23,250765312,46.71,egw-qemu-integrated
2026-10-03T13:33:13Z,egw-ditto-gateway-1,73.46,538140672,66.82,egw-qemu-integrated
2026-10-03T13:33:13Z,egw-controller-1,24.51,59658240,22.22,egw-qemu-integrated
2026-10-03T13:33:14Z,egw-mosquitto-1,1.85,5062656,3.77,egw-qemu-integrated
2026-10-03T13:33:14Z,egw-ditto-things-1,82.19,565141504,70.18,egw-qemu-integrated
2026-10-03T13:33:14Z,egw-ditto-policies-1,12.07,568139776,70.55,egw-qemu-integrated
2026-10-03T13:33:14Z,egw-mongodb-1,7.02,250880000,46.73,egw-qemu-integrated
2026-10-03T13:33:14Z,egw-ditto-gateway-1,74.39,538218496,66.83,egw-qemu-integrated
2026-10-03T13:33:14Z,egw-controller-1,109.77,68665344,25.58,egw-qemu-integrated
2026-10-03T13:33:15Z,egw-mosquitto-1,1.62,4800512,3.58,egw-qemu-integrated
2026-10-03T13:33:15Z,egw-ditto-things-1,118.13,565329920,70.20,egw-qemu-integrated
2026-10-03T13:33:15Z,egw-ditto-policies-1,9.29,568139776,70.55,egw-qemu-integrated
2026-10-03T13:33:15Z,egw-mongodb-1,5.04,250929152,46.74,egw-qemu-integrated
2026-10-03T13:33:15Z,egw-ditto-gateway-1,83.45,538378240,66.85,egw-qemu-integrated
2026-10-03T13:33:15Z,egw-controller-1,111.94,69963776,26.06,egw-qemu-integrated
2026-10-03T13:33:16Z,egw-mosquitto-1,1.89,4820992,3.59,egw-qemu-integrated
2026-10-03T13:33:16Z,egw-ditto-things-1,89.20,565420032,70.21,egw-qemu-integrated
2026-10-03T13:33:16Z,egw-ditto-policies-1,9.83,568139776,70.55,egw-qemu-integrated
2026-10-03T13:33:16Z,egw-mongodb-1,5.97,250933248,46.74,egw-qemu-integrated
2026-10-03T13:33:16Z,egw-ditto-gateway-1,66.85,538443776,66.86,egw-qemu-integrated
2026-10-03T13:33:16Z,egw-controller-1,118.61,58560512,21.82,egw-qemu-integrated
2026-10-03T13:33:17Z,egw-mosquitto-1,2.44,4812800,3.59,egw-qemu-integrated
2026-10-03T13:33:17Z,egw-ditto-things-1,85.00,565833728,70.26,egw-qemu-integrated
2026-10-03T13:33:17Z,egw-ditto-policies-1,31.52,568147968,70.55,egw-qemu-integrated
2026-10-03T13:33:17Z,egw-mongodb-1,4.49,250933248,46.74,egw-qemu-integrated
2026-10-03T13:33:17Z,egw-ditto-gateway-1,72.08,540856320,67.16,egw-qemu-integrated
2026-10-03T13:33:17Z,egw-controller-1,16.31,58548224,21.81,egw-qemu-integrated
2026-10-03T13:33:18Z,egw-mosquitto-1,2.18,4812800,3.59,egw-qemu-integrated
2026-10-03T13:33:18Z,egw-ditto-things-1,135.40,565538816,70.23,egw-qemu-integrated
2026-10-03T13:33:18Z,egw-ditto-policies-1,14.97,568147968,70.55,egw-qemu-integrated
2026-10-03T13:33:18Z,egw-mongodb-1,6.37,250933248,46.74,egw-qemu-integrated
2026-10-03T13:33:18Z,egw-ditto-gateway-1,98.16,538783744,66.90,egw-qemu-integrated
2026-10-03T13:33:18Z,egw-controller-1,17.85,58810368,21.91,egw-qemu-integrated
2026-10-03T13:33:19Z,egw-mosquitto-1,1.82,4816896,3.59,egw-qemu-integrated
2026-10-03T13:33:19Z,egw-ditto-things-1,82.17,565604352,70.23,egw-qemu-integrated
2026-10-03T13:33:19Z,egw-ditto-policies-1,29.05,568152064,70.55,egw-qemu-integrated
2026-10-03T13:33:19Z,egw-mongodb-1,6.71,251195392,46.79,egw-qemu-integrated
2026-10-03T13:33:19Z,egw-ditto-gateway-1,80.59,538951680,66.93,egw-qemu-integrated
2026-10-03T13:33:19Z,egw-controller-1,21.55,58560512,21.82,egw-qemu-integrated
2026-10-03T13:33:20Z,egw-mosquitto-1,2.14,5087232,3.79,egw-qemu-integrated
2026-10-03T13:33:20Z,egw-ditto-things-1,125.40,565596160,70.23,egw-qemu-integrated
2026-10-03T13:33:20Z,egw-ditto-policies-1,68.39,568258560,70.56,egw-qemu-integrated
2026-10-03T13:33:20Z,egw-mongodb-1,8.28,250933248,46.74,egw-qemu-integrated
2026-10-03T13:33:20Z,egw-ditto-gateway-1,107.68,538791936,66.91,egw-qemu-integrated
2026-10-03T13:33:20Z,egw-controller-1,17.29,58564608,21.82,egw-qemu-integrated
2026-10-03T13:33:21Z,egw-mosquitto-1,1.71,5103616,3.80,egw-qemu-integrated
2026-10-03T13:33:21Z,egw-ditto-things-1,118.10,565989376,70.28,egw-qemu-integrated
2026-10-03T13:33:21Z,egw-ditto-policies-1,87.37,568332288,70.57,egw-qemu-integrated
2026-10-03T13:33:21Z,egw-mongodb-1,5.45,250933248,46.74,egw-qemu-integrated
2026-10-03T13:33:21Z,egw-ditto-gateway-1,78.25,538935296,66.92,egw-qemu-integrated
2026-10-03T13:33:21Z,egw-controller-1,17.00,58568704,21.82,egw-qemu-integrated
2026-10-03T13:33:22Z,egw-mosquitto-1,1.56,4837376,3.60,egw-qemu-integrated
2026-10-03T13:33:22Z,egw-ditto-things-1,111.17,565837824,70.26,egw-qemu-integrated
2026-10-03T13:33:22Z,egw-ditto-policies-1,59.54,569688064,70.74,egw-qemu-integrated
2026-10-03T13:33:22Z,egw-mongodb-1,5.23,250933248,46.74,egw-qemu-integrated
2026-10-03T13:33:22Z,egw-ditto-gateway-1,122.34,539279360,66.97,egw-qemu-integrated
2026-10-03T13:33:22Z,egw-controller-1,16.67,58572800,21.82,egw-qemu-integrated
2026-10-03T13:33:23Z,egw-mosquitto-1,1.88,4845568,3.61,egw-qemu-integrated
2026-10-03T13:33:23Z,egw-ditto-things-1,95.23,565993472,70.28,egw-qemu-integrated
2026-10-03T13:33:23Z,egw-ditto-policies-1,12.98,569692160,70.74,egw-qemu-integrated
2026-10-03T13:33:23Z,egw-mongodb-1,5.46,250933248,46.74,egw-qemu-integrated
2026-10-03T13:33:23Z,egw-ditto-gateway-1,93.11,539160576,66.95,egw-qemu-integrated
2026-10-03T13:33:23Z,egw-controller-1,22.20,59101184,22.02,egw-qemu-integrated
2026-10-03T13:33:24Z,egw-mosquitto-1,1.54,4845568,3.61,egw-qemu-integrated
2026-10-03T13:33:24Z,egw-ditto-things-1,87.32,566865920,70.39,egw-qemu-integrated
2026-10-03T13:33:24Z,egw-ditto-policies-1,8.84,569692160,70.74,egw-qemu-integrated
2026-10-03T13:33:24Z,egw-mongodb-1,8.14,250998784,46.75,egw-qemu-integrated
2026-10-03T13:33:24Z,egw-ditto-gateway-1,91.72,539492352,66.99,egw-qemu-integrated
2026-10-03T13:33:24Z,egw-controller-1,18.84,58576896,21.82,egw-qemu-integrated
2026-10-03T13:33:25Z,egw-mosquitto-1,2.02,5111808,3.81,egw-qemu-integrated
2026-10-03T13:33:25Z,egw-ditto-things-1,90.72,566910976,70.40,egw-qemu-integrated
2026-10-03T13:33:25Z,egw-ditto-policies-1,11.76,569696256,70.74,egw-qemu-integrated
2026-10-03T13:33:25Z,egw-mongodb-1,5.13,250998784,46.75,egw-qemu-integrated
2026-10-03T13:33:25Z,egw-ditto-gateway-1,101.51,539885568,67.04,egw-qemu-integrated
2026-10-03T13:33:25Z,egw-controller-1,22.99,58580992,21.82,egw-qemu-integrated
2026-10-03T13:33:26Z,egw-mosquitto-1,2.01,4853760,3.62,egw-qemu-integrated
2026-10-03T13:33:26Z,egw-ditto-things-1,105.55,566943744,70.40,egw-qemu-integrated
2026-10-03T13:33:26Z,egw-ditto-policies-1,12.98,569692160,70.74,egw-qemu-integrated
2026-10-03T13:33:26Z,egw-mongodb-1,5.88,251015168,46.76,egw-qemu-integrated
2026-10-03T13:33:26Z,egw-ditto-gateway-1,93.32,539721728,67.02,egw-qemu-integrated
2026-10-03T13:33:26Z,egw-controller-1,20.16,58585088,21.82,egw-qemu-integrated
2026-10-03T13:33:27Z,egw-mosquitto-1,22.03,7827456,5.83,egw-qemu-integrated
2026-10-03T13:33:27Z,egw-ditto-things-1,81.34,566992896,70.41,egw-qemu-integrated
2026-10-03T13:33:27Z,egw-ditto-policies-1,11.44,569692160,70.74,egw-qemu-integrated
2026-10-03T13:33:27Z,egw-mongodb-1,4.87,251015168,46.76,egw-qemu-integrated
2026-10-03T13:33:27Z,egw-ditto-gateway-1,77.13,539721728,67.02,egw-qemu-integrated
2026-10-03T13:33:27Z,egw-controller-1,20.21,58589184,21.83,egw-qemu-integrated
2026-10-03T13:33:28Z,egw-mosquitto-1,37.18,4882432,3.64,egw-qemu-integrated
2026-10-03T13:33:28Z,egw-ditto-things-1,75.75,567083008,70.42,egw-qemu-integrated
2026-10-03T13:33:28Z,egw-ditto-policies-1,11.48,569692160,70.74,egw-qemu-integrated
2026-10-03T13:33:28Z,egw-mongodb-1,10.89,251723776,46.89,egw-qemu-integrated
2026-10-03T13:33:28Z,egw-ditto-gateway-1,101.60,539815936,67.03,egw-qemu-integrated
2026-10-03T13:33:28Z,egw-controller-1,20.07,58847232,21.92,egw-qemu-integrated
2026-10-03T13:33:29Z,egw-mosquitto-1,1.70,5144576,3.83,egw-qemu-integrated
2026-10-03T13:33:29Z,egw-ditto-things-1,80.17,567148544,70.43,egw-qemu-integrated
2026-10-03T13:33:29Z,egw-ditto-policies-1,56.34,569696256,70.74,egw-qemu-integrated
2026-10-03T13:33:29Z,egw-mongodb-1,88.05,341995520,63.70,egw-qemu-integrated
2026-10-03T13:33:29Z,egw-ditto-gateway-1,90.06,539869184,67.04,egw-qemu-integrated
2026-10-03T13:33:29Z,egw-controller-1,16.27,58597376,21.83,egw-qemu-integrated
2026-10-03T13:33:30Z,egw-mosquitto-1,2.23,4890624,3.64,egw-qemu-integrated
2026-10-03T13:33:30Z,egw-ditto-things-1,77.71,567230464,70.44,egw-qemu-integrated
2026-10-03T13:33:30Z,egw-ditto-policies-1,50.74,569544704,70.72,egw-qemu-integrated
2026-10-03T13:33:30Z,egw-mongodb-1,95.80,399396864,74.39,egw-qemu-integrated
2026-10-03T13:33:30Z,egw-ditto-gateway-1,111.87,539897856,67.04,egw-qemu-integrated
2026-10-03T13:33:30Z,egw-controller-1,13.46,58597376,21.83,egw-qemu-integrated
2026-10-03T13:33:31Z,egw-mosquitto-1,3.00,4894720,3.65,egw-qemu-integrated
2026-10-03T13:33:31Z,egw-ditto-things-1,101.19,567152640,70.43,egw-qemu-integrated
2026-10-03T13:33:31Z,egw-ditto-policies-1,42.40,569540608,70.72,egw-qemu-integrated
2026-10-03T13:33:31Z,egw-mongodb-1,90.92,401915904,74.86,egw-qemu-integrated
2026-10-03T13:33:31Z,egw-ditto-gateway-1,102.06,532455424,66.12,egw-qemu-integrated
2026-10-03T13:33:31Z,egw-controller-1,14.91,58601472,21.83,egw-qemu-integrated
2026-10-03T13:33:32Z,egw-mosquitto-1,1.57,4902912,3.65,egw-qemu-integrated
2026-10-03T13:33:32Z,egw-ditto-things-1,124.12,567586816,70.48,egw-qemu-integrated
2026-10-03T13:33:32Z,egw-ditto-policies-1,29.79,569540608,70.72,egw-qemu-integrated
2026-10-03T13:33:32Z,egw-mongodb-1,90.36,403927040,75.24,egw-qemu-integrated
2026-10-03T13:33:32Z,egw-ditto-gateway-1,112.56,532283392,66.10,egw-qemu-integrated
2026-10-03T13:33:32Z,egw-controller-1,4.64,58605568,21.83,egw-qemu-integrated
2026-10-03T13:33:33Z,egw-mosquitto-1,1.59,4911104,3.66,egw-qemu-integrated
2026-10-03T13:33:33Z,egw-ditto-things-1,84.68,568291328,70.57,egw-qemu-integrated
2026-10-03T13:33:33Z,egw-ditto-policies-1,17.15,569581568,70.73,egw-qemu-integrated
2026-10-03T13:33:33Z,egw-mongodb-1,114.63,408166400,76.03,egw-qemu-integrated
2026-10-03T13:33:33Z,egw-ditto-gateway-1,79.45,532508672,66.12,egw-qemu-integrated
2026-10-03T13:33:33Z,egw-controller-1,15.45,58609664,21.83,egw-qemu-integrated
2026-10-03T13:33:34Z,egw-mosquitto-1,1.78,4911104,3.66,egw-qemu-integrated
2026-10-03T13:33:34Z,egw-ditto-things-1,56.77,568332288,70.57,egw-qemu-integrated
2026-10-03T13:33:34Z,egw-ditto-policies-1,63.65,570003456,70.78,egw-qemu-integrated
2026-10-03T13:33:34Z,egw-mongodb-1,94.36,411467776,76.64,egw-qemu-integrated
2026-10-03T13:33:34Z,egw-ditto-gateway-1,63.81,532508672,66.12,egw-qemu-integrated
2026-10-03T13:33:34Z,egw-controller-1,15.57,58621952,21.84,egw-qemu-integrated
2026-10-03T13:33:35Z,egw-mosquitto-1,2.28,4919296,3.67,egw-qemu-integrated
2026-10-03T13:33:35Z,egw-ditto-things-1,60.46,568328192,70.57,egw-qemu-integrated
2026-10-03T13:33:35Z,egw-ditto-policies-1,86.34,572452864,71.09,egw-qemu-integrated
2026-10-03T13:33:35Z,egw-mongodb-1,103.13,414105600,77.13,egw-qemu-integrated
2026-10-03T13:33:35Z,egw-ditto-gateway-1,49.87,532500480,66.12,egw-qemu-integrated
2026-10-03T13:33:35Z,egw-controller-1,13.08,58613760,21.84,egw-qemu-integrated
2026-10-03T13:33:36Z,egw-mosquitto-1,1.96,4919296,3.67,egw-qemu-integrated
2026-10-03T13:33:36Z,egw-ditto-things-1,63.21,568455168,70.59,egw-qemu-integrated
2026-10-03T13:33:36Z,egw-ditto-policies-1,62.20,570155008,70.80,egw-qemu-integrated
2026-10-03T13:33:36Z,egw-mongodb-1,57.25,248344576,46.26,egw-qemu-integrated
2026-10-03T13:33:36Z,egw-ditto-gateway-1,77.97,532504576,66.12,egw-qemu-integrated
2026-10-03T13:33:36Z,egw-controller-1,17.62,58621952,21.84,egw-qemu-integrated
2026-10-03T13:33:37Z,egw-mosquitto-1,2.14,4931584,3.67,egw-qemu-integrated
2026-10-03T13:33:37Z,egw-ditto-things-1,101.11,568639488,70.61,egw-qemu-integrated
2026-10-03T13:33:37Z,egw-ditto-policies-1,20.87,570155008,70.80,egw-qemu-integrated
2026-10-03T13:33:37Z,egw-mongodb-1,5.10,248344576,46.26,egw-qemu-integrated
2026-10-03T13:33:37Z,egw-ditto-gateway-1,104.98,532525056,66.13,egw-qemu-integrated
2026-10-03T13:33:37Z,egw-controller-1,21.80,58892288,21.94,egw-qemu-integrated
2026-10-03T13:33:39Z,egw-mosquitto-1,1.97,4939776,3.68,egw-qemu-integrated
2026-10-03T13:33:39Z,egw-ditto-things-1,91.47,568893440,70.64,egw-qemu-integrated
2026-10-03T13:33:39Z,egw-ditto-policies-1,20.60,570183680,70.80,egw-qemu-integrated
2026-10-03T13:33:39Z,egw-mongodb-1,5.80,248344576,46.26,egw-qemu-integrated
2026-10-03T13:33:39Z,egw-ditto-gateway-1,82.81,532541440,66.13,egw-qemu-integrated
2026-10-03T13:33:39Z,egw-controller-1,20.65,58638336,21.84,egw-qemu-integrated
2026-10-03T13:33:40Z,egw-mosquitto-1,2.17,4939776,3.68,egw-qemu-integrated
2026-10-03T13:33:40Z,egw-ditto-things-1,123.37,568963072,70.65,egw-qemu-integrated
2026-10-03T13:33:40Z,egw-ditto-policies-1,15.54,570179584,70.80,egw-qemu-integrated
2026-10-03T13:33:40Z,egw-mongodb-1,6.15,248344576,46.26,egw-qemu-integrated
2026-10-03T13:33:40Z,egw-ditto-gateway-1,118.85,532582400,66.13,egw-qemu-integrated
2026-10-03T13:33:40Z,egw-controller-1,20.87,58658816,21.85,egw-qemu-integrated
2026-10-03T13:33:41Z,egw-mosquitto-1,2.13,4943872,3.68,egw-qemu-integrated
2026-10-03T13:33:41Z,egw-ditto-things-1,90.14,569081856,70.67,egw-qemu-integrated
2026-10-03T13:33:41Z,egw-ditto-policies-1,12.21,570183680,70.80,egw-qemu-integrated
2026-10-03T13:33:41Z,egw-mongodb-1,5.87,248606720,46.31,egw-qemu-integrated
2026-10-03T13:33:41Z,egw-ditto-gateway-1,75.64,532590592,66.14,egw-qemu-integrated
2026-10-03T13:33:41Z,egw-controller-1,21.61,58654720,21.85,egw-qemu-integrated
2026-10-03T13:33:42Z,egw-mosquitto-1,2.23,4939776,3.68,egw-qemu-integrated
2026-10-03T13:33:42Z,egw-ditto-things-1,65.35,569102336,70.67,egw-qemu-integrated
2026-10-03T13:33:42Z,egw-ditto-policies-1,10.36,570183680,70.80,egw-qemu-integrated
2026-10-03T13:33:42Z,egw-mongodb-1,7.02,248348672,46.26,egw-qemu-integrated
2026-10-03T13:33:42Z,egw-ditto-gateway-1,107.12,532623360,66.14,egw-qemu-integrated
2026-10-03T13:33:42Z,egw-controller-1,23.47,58667008,21.86,egw-qemu-integrated
2026-10-03T13:33:43Z,egw-mosquitto-1,1.97,4943872,3.68,egw-qemu-integrated
2026-10-03T13:33:43Z,egw-ditto-things-1,109.56,569159680,70.68,egw-qemu-integrated
2026-10-03T13:33:43Z,egw-ditto-policies-1,11.29,570183680,70.80,egw-qemu-integrated
2026-10-03T13:33:43Z,egw-mongodb-1,6.13,248344576,46.26,egw-qemu-integrated
2026-10-03T13:33:43Z,egw-ditto-gateway-1,80.66,532660224,66.14,egw-qemu-integrated
2026-10-03T13:33:43Z,egw-controller-1,22.46,58671104,21.86,egw-qemu-integrated
2026-10-03T13:33:44Z,egw-mosquitto-1,1.98,4952064,3.69,egw-qemu-integrated
2026-10-03T13:33:44Z,egw-ditto-things-1,105.16,569200640,70.68,egw-qemu-integrated
2026-10-03T13:33:44Z,egw-ditto-policies-1,8.14,570183680,70.80,egw-qemu-integrated
2026-10-03T13:33:44Z,egw-mongodb-1,14.07,248414208,46.27,egw-qemu-integrated
2026-10-03T13:33:44Z,egw-ditto-gateway-1,83.77,532959232,66.18,egw-qemu-integrated
2026-10-03T13:33:44Z,egw-controller-1,20.27,58920960,21.95,egw-qemu-integrated
2026-10-03T13:33:45Z,egw-mosquitto-1,1.99,4952064,3.69,egw-qemu-integrated
2026-10-03T13:33:45Z,egw-ditto-things-1,102.12,569266176,70.69,egw-qemu-integrated
2026-10-03T13:33:45Z,egw-ditto-policies-1,10.51,570183680,70.80,egw-qemu-integrated
2026-10-03T13:33:45Z,egw-mongodb-1,5.41,248414208,46.27,egw-qemu-integrated
2026-10-03T13:33:45Z,egw-ditto-gateway-1,127.91,532721664,66.15,egw-qemu-integrated
2026-10-03T13:33:45Z,egw-controller-1,21.99,58671104,21.86,egw-qemu-integrated
2026-10-03T13:33:46Z,egw-mosquitto-1,3.74,4972544,3.70,egw-qemu-integrated
2026-10-03T13:33:46Z,egw-ditto-things-1,78.72,569282560,70.69,egw-qemu-integrated
2026-10-03T13:33:46Z,egw-ditto-policies-1,33.22,570191872,70.80,egw-qemu-integrated
2026-10-03T13:33:46Z,egw-mongodb-1,5.90,248410112,46.27,egw-qemu-integrated
2026-10-03T13:33:46Z,egw-ditto-gateway-1,89.41,532746240,66.15,egw-qemu-integrated
2026-10-03T13:33:46Z,egw-controller-1,24.05,59375616,22.12,egw-qemu-integrated
2026-10-03T13:33:47Z,egw-mosquitto-1,1.98,4972544,3.70,egw-qemu-integrated
2026-10-03T13:33:47Z,egw-ditto-things-1,65.64,569389056,70.70,egw-qemu-integrated
2026-10-03T13:33:47Z,egw-ditto-policies-1,27.51,570200064,70.81,egw-qemu-integrated
2026-10-03T13:33:47Z,egw-mongodb-1,5.23,248410112,46.27,egw-qemu-integrated
2026-10-03T13:33:47Z,egw-ditto-gateway-1,68.84,532750336,66.15,egw-qemu-integrated
2026-10-03T13:33:47Z,egw-controller-1,110.23,68435968,25.49,egw-qemu-integrated
2026-10-03T13:33:48Z,egw-mosquitto-1,1.70,4980736,3.71,egw-qemu-integrated
2026-10-03T13:33:48Z,egw-ditto-things-1,90.83,570650624,70.86,egw-qemu-integrated
2026-10-03T13:33:48Z,egw-ditto-policies-1,12.07,570200064,70.81,egw-qemu-integrated
2026-10-03T13:33:48Z,egw-mongodb-1,4.67,248410112,46.27,egw-qemu-integrated
2026-10-03T13:33:48Z,egw-ditto-gateway-1,78.57,535535616,66.50,egw-qemu-integrated
2026-10-03T13:33:48Z,egw-controller-1,84.96,69267456,25.80,egw-qemu-integrated
2026-10-03T13:33:49Z,egw-mosquitto-1,1.93,4984832,3.71,egw-qemu-integrated
2026-10-03T13:33:49Z,egw-ditto-things-1,102.84,569667584,70.74,egw-qemu-integrated
2026-10-03T13:33:49Z,egw-ditto-policies-1,41.06,570200064,70.81,egw-qemu-integrated
2026-10-03T13:33:49Z,egw-mongodb-1,6.45,248672256,46.32,egw-qemu-integrated
2026-10-03T13:33:49Z,egw-ditto-gateway-1,107.09,532803584,66.16,egw-qemu-integrated
2026-10-03T13:33:49Z,egw-controller-1,86.51,70639616,26.32,egw-qemu-integrated
2026-10-03T13:33:50Z,egw-mosquitto-1,1.72,4988928,3.72,egw-qemu-integrated
2026-10-03T13:33:50Z,egw-ditto-things-1,79.97,569856000,70.76,egw-qemu-integrated
2026-10-03T13:33:50Z,egw-ditto-policies-1,11.71,570200064,70.81,egw-qemu-integrated
2026-10-03T13:33:50Z,egw-mongodb-1,6.14,248414208,46.27,egw-qemu-integrated
2026-10-03T13:33:50Z,egw-ditto-gateway-1,72.83,533082112,66.20,egw-qemu-integrated
2026-10-03T13:33:50Z,egw-controller-1,98.00,58699776,21.87,egw-qemu-integrated
2026-10-03T13:33:51Z,egw-mosquitto-1,1.92,5246976,3.91,egw-qemu-integrated
2026-10-03T13:33:51Z,egw-ditto-things-1,89.37,570114048,70.79,egw-qemu-integrated
2026-10-03T13:33:51Z,egw-ditto-policies-1,11.61,570200064,70.81,egw-qemu-integrated
2026-10-03T13:33:51Z,egw-mongodb-1,5.71,248414208,46.27,egw-qemu-integrated
2026-10-03T13:33:51Z,egw-ditto-gateway-1,106.82,532910080,66.17,egw-qemu-integrated
2026-10-03T13:33:51Z,egw-controller-1,22.85,58961920,21.97,egw-qemu-integrated
2026-10-03T13:33:52Z,egw-mosquitto-1,1.97,4993024,3.72,egw-qemu-integrated
2026-10-03T13:33:52Z,egw-ditto-things-1,93.70,570765312,70.88,egw-qemu-integrated
2026-10-03T13:33:52Z,egw-ditto-policies-1,16.93,570204160,70.81,egw-qemu-integrated
2026-10-03T13:33:52Z,egw-mongodb-1,5.65,248414208,46.27,egw-qemu-integrated
2026-10-03T13:33:52Z,egw-ditto-gateway-1,68.37,532918272,66.18,egw-qemu-integrated
2026-10-03T13:33:52Z,egw-controller-1,20.74,58699776,21.87,egw-qemu-integrated
2026-10-03T13:33:53Z,egw-mosquitto-1,2.16,4993024,3.72,egw-qemu-integrated
2026-10-03T13:33:53Z,egw-ditto-things-1,108.75,570466304,70.84,egw-qemu-integrated
2026-10-03T13:33:53Z,egw-ditto-policies-1,9.77,570204160,70.81,egw-qemu-integrated
2026-10-03T13:33:53Z,egw-mongodb-1,6.19,248414208,46.27,egw-qemu-integrated
2026-10-03T13:33:53Z,egw-ditto-gateway-1,62.08,532934656,66.18,egw-qemu-integrated
2026-10-03T13:33:53Z,egw-controller-1,24.48,58974208,21.97,egw-qemu-integrated
2026-10-03T13:33:54Z,egw-mosquitto-1,2.10,5001216,3.73,egw-qemu-integrated
2026-10-03T13:33:54Z,egw-ditto-things-1,90.44,570494976,70.84,egw-qemu-integrated
2026-10-03T13:33:54Z,egw-ditto-policies-1,11.21,570208256,70.81,egw-qemu-integrated
2026-10-03T13:33:54Z,egw-mongodb-1,17.66,248758272,46.33,egw-qemu-integrated
2026-10-03T13:33:54Z,egw-ditto-gateway-1,78.51,532955136,66.18,egw-qemu-integrated
2026-10-03T13:33:54Z,egw-controller-1,22.40,58712064,21.87,egw-qemu-integrated
2026-10-03T13:33:55Z,egw-mosquitto-1,3.25,5009408,3.73,egw-qemu-integrated
2026-10-03T13:33:55Z,egw-ditto-things-1,111.50,570466304,70.84,egw-qemu-integrated
2026-10-03T13:33:55Z,egw-ditto-policies-1,52.14,570208256,70.81,egw-qemu-integrated
2026-10-03T13:33:55Z,egw-mongodb-1,17.99,248758272,46.33,egw-qemu-integrated
2026-10-03T13:33:55Z,egw-ditto-gateway-1,83.87,532951040,66.18,egw-qemu-integrated
2026-10-03T13:33:55Z,egw-controller-1,17.18,58716160,21.87,egw-qemu-integrated
2026-10-03T13:33:56Z,egw-mosquitto-1,1.58,5017600,3.74,egw-qemu-integrated
2026-10-03T13:33:56Z,egw-ditto-things-1,89.88,570753024,70.87,egw-qemu-integrated
2026-10-03T13:33:56Z,egw-ditto-policies-1,23.13,570216448,70.81,egw-qemu-integrated
2026-10-03T13:33:56Z,egw-mongodb-1,5.66,248758272,46.33,egw-qemu-integrated
2026-10-03T13:33:56Z,egw-ditto-gateway-1,87.26,532955136,66.18,egw-qemu-integrated
2026-10-03T13:33:56Z,egw-controller-1,15.19,58720256,21.88,egw-qemu-integrated
2026-10-03T13:33:57Z,egw-mosquitto-1,1.73,5017600,3.74,egw-qemu-integrated
2026-10-03T13:33:57Z,egw-ditto-things-1,90.20,570839040,70.88,egw-qemu-integrated
2026-10-03T13:33:57Z,egw-ditto-policies-1,23.20,570220544,70.81,egw-qemu-integrated
2026-10-03T13:33:57Z,egw-mongodb-1,5.49,248758272,46.33,egw-qemu-integrated
2026-10-03T13:33:57Z,egw-ditto-gateway-1,65.18,532967424,66.18,egw-qemu-integrated
2026-10-03T13:33:57Z,egw-controller-1,21.64,58724352,21.88,egw-qemu-integrated
2026-10-03T13:33:58Z,egw-mosquitto-1,36.75,6180864,4.61,egw-qemu-integrated
2026-10-03T13:33:58Z,egw-ditto-things-1,106.72,577703936,71.74,egw-qemu-integrated
2026-10-03T13:33:58Z,egw-ditto-policies-1,43.40,570236928,70.81,egw-qemu-integrated
2026-10-03T13:33:58Z,egw-mongodb-1,5.60,248758272,46.33,egw-qemu-integrated
2026-10-03T13:33:58Z,egw-ditto-gateway-1,73.34,532983808,66.18,egw-qemu-integrated
2026-10-03T13:33:58Z,egw-controller-1,19.46,58728448,21.88,egw-qemu-integrated
2026-10-03T13:33:59Z,egw-mosquitto-1,29.43,5038080,3.75,egw-qemu-integrated
2026-10-03T13:33:59Z,egw-ditto-things-1,74.66,577703936,71.74,egw-qemu-integrated
2026-10-03T13:33:59Z,egw-ditto-policies-1,58.98,570245120,70.81,egw-qemu-integrated
2026-10-03T13:33:59Z,egw-mongodb-1,7.36,248762368,46.34,egw-qemu-integrated
2026-10-03T13:33:59Z,egw-ditto-gateway-1,85.03,532996096,66.19,egw-qemu-integrated
2026-10-03T13:33:59Z,egw-controller-1,19.41,58732544,21.88,egw-qemu-integrated
2026-10-03T13:34:00Z,egw-mosquitto-1,1.61,5038080,3.75,egw-qemu-integrated
2026-10-03T13:34:00Z,egw-ditto-things-1,64.63,577773568,71.75,egw-qemu-integrated
2026-10-03T13:34:00Z,egw-ditto-policies-1,26.36,570253312,70.81,egw-qemu-integrated
2026-10-03T13:34:00Z,egw-mongodb-1,6.67,248758272,46.33,egw-qemu-integrated
2026-10-03T13:34:00Z,egw-ditto-gateway-1,83.72,533008384,66.19,egw-qemu-integrated
2026-10-03T13:34:00Z,egw-controller-1,24.38,58744832,21.88,egw-qemu-integrated
2026-10-03T13:34:01Z,egw-mosquitto-1,1.85,5038080,3.75,egw-qemu-integrated
2026-10-03T13:34:01Z,egw-ditto-things-1,95.01,577794048,71.75,egw-qemu-integrated
2026-10-03T13:34:01Z,egw-ditto-policies-1,13.09,570253312,70.81,egw-qemu-integrated
2026-10-03T13:34:01Z,egw-mongodb-1,5.44,248758272,46.33,egw-qemu-integrated
2026-10-03T13:34:01Z,egw-ditto-gateway-1,97.36,533024768,66.19,egw-qemu-integrated
2026-10-03T13:34:01Z,egw-controller-1,22.87,58748928,21.89,egw-qemu-integrated
2026-10-03T13:34:02Z,egw-mosquitto-1,2.32,5312512,3.96,egw-qemu-integrated
2026-10-03T13:34:02Z,egw-ditto-things-1,108.45,577818624,71.75,egw-qemu-integrated
2026-10-03T13:34:02Z,egw-ditto-policies-1,10.58,570253312,70.81,egw-qemu-integrated
2026-10-03T13:34:02Z,egw-mongodb-1,6.21,248758272,46.33,egw-qemu-integrated
2026-10-03T13:34:02Z,egw-ditto-gateway-1,79.28,533057536,66.19,egw-qemu-integrated
2026-10-03T13:34:02Z,egw-controller-1,23.53,59269120,22.08,egw-qemu-integrated
2026-10-03T13:34:03Z,egw-mosquitto-1,1.99,5046272,3.76,egw-qemu-integrated
2026-10-03T13:34:03Z,egw-ditto-things-1,87.42,577880064,71.76,egw-qemu-integrated
2026-10-03T13:34:03Z,egw-ditto-policies-1,11.78,570257408,70.81,egw-qemu-integrated
2026-10-03T13:34:03Z,egw-mongodb-1,5.82,248758272,46.33,egw-qemu-integrated
2026-10-03T13:34:03Z,egw-ditto-gateway-1,90.65,533078016,66.20,egw-qemu-integrated
2026-10-03T13:34:03Z,egw-controller-1,24.29,58761216,21.89,egw-qemu-integrated
2026-10-03T13:34:04Z,egw-mosquitto-1,2.06,5046272,3.76,egw-qemu-integrated
2026-10-03T13:34:04Z,egw-ditto-things-1,85.77,577908736,71.76,egw-qemu-integrated
2026-10-03T13:34:04Z,egw-ditto-policies-1,12.90,570257408,70.81,egw-qemu-integrated
2026-10-03T13:34:04Z,egw-mongodb-1,8.89,248758272,46.33,egw-qemu-integrated
2026-10-03T13:34:04Z,egw-ditto-gateway-1,91.37,533102592,66.20,egw-qemu-integrated
2026-10-03T13:34:04Z,egw-controller-1,20.42,59019264,21.99,egw-qemu-integrated
2026-10-03T13:34:05Z,egw-mosquitto-1,2.55,5050368,3.76,egw-qemu-integrated
2026-10-03T13:34:05Z,egw-ditto-things-1,85.27,577925120,71.76,egw-qemu-integrated
2026-10-03T13:34:05Z,egw-ditto-policies-1,11.50,570257408,70.81,egw-qemu-integrated
2026-10-03T13:34:05Z,egw-mongodb-1,6.09,248758272,46.33,egw-qemu-integrated
2026-10-03T13:34:05Z,egw-ditto-gateway-1,69.58,533110784,66.20,egw-qemu-integrated
2026-10-03T13:34:05Z,egw-controller-1,25.80,58765312,21.89,egw-qemu-integrated
2026-10-03T13:34:06Z,egw-mosquitto-1,2.55,5050368,3.76,egw-qemu-integrated
2026-10-03T13:34:06Z,egw-ditto-things-1,79.89,577900544,71.76,egw-qemu-integrated
2026-10-03T13:34:06Z,egw-ditto-policies-1,38.05,571117568,70.92,egw-qemu-integrated
2026-10-03T13:34:06Z,egw-mongodb-1,39.59,249507840,46.47,egw-qemu-integrated
2026-10-03T13:34:06Z,egw-ditto-gateway-1,63.27,533159936,66.21,egw-qemu-integrated
2026-10-03T13:34:06Z,egw-controller-1,19.96,58765312,21.89,egw-qemu-integrated
2026-10-03T13:34:07Z,egw-mosquitto-1,2.21,5324800,3.97,egw-qemu-integrated
2026-10-03T13:34:07Z,egw-ditto-things-1,79.50,577990656,71.77,egw-qemu-integrated
2026-10-03T13:34:07Z,egw-ditto-policies-1,56.84,570302464,70.82,egw-qemu-integrated
2026-10-03T13:34:07Z,egw-mongodb-1,85.15,363163648,67.64,egw-qemu-integrated
2026-10-03T13:34:07Z,egw-ditto-gateway-1,75.82,533438464,66.24,egw-qemu-integrated
2026-10-03T13:34:07Z,egw-controller-1,16.70,58769408,21.89,egw-qemu-integrated
2026-10-03T13:34:08Z,egw-mosquitto-1,2.10,5070848,3.78,egw-qemu-integrated
2026-10-03T13:34:08Z,egw-ditto-things-1,54.21,577978368,71.77,egw-qemu-integrated
2026-10-03T13:34:08Z,egw-ditto-policies-1,11.76,570306560,70.82,egw-qemu-integrated
2026-10-03T13:34:08Z,egw-mongodb-1,116.29,398647296,74.25,egw-qemu-integrated
2026-10-03T13:34:08Z,egw-ditto-gateway-1,94.82,533196800,66.21,egw-qemu-integrated
2026-10-03T13:34:08Z,egw-controller-1,21.99,59035648,21.99,egw-qemu-integrated
2026-10-03T13:34:09Z,egw-mosquitto-1,1.89,5074944,3.78,egw-qemu-integrated
2026-10-03T13:34:09Z,egw-ditto-things-1,66.53,578031616,71.78,egw-qemu-integrated
2026-10-03T13:34:09Z,egw-ditto-policies-1,29.45,570318848,70.82,egw-qemu-integrated
2026-10-03T13:34:09Z,egw-mongodb-1,111.31,401649664,74.81,egw-qemu-integrated
2026-10-03T13:34:09Z,egw-ditto-gateway-1,78.52,533250048,66.22,egw-qemu-integrated
2026-10-03T13:34:09Z,egw-controller-1,17.27,58773504,21.89,egw-qemu-integrated
2026-10-03T13:34:11Z,egw-mosquitto-1,2.01,5083136,3.79,egw-qemu-integrated
2026-10-03T13:34:11Z,egw-ditto-things-1,72.85,578609152,71.85,egw-qemu-integrated
2026-10-03T13:34:11Z,egw-ditto-policies-1,10.31,570318848,70.82,egw-qemu-integrated
2026-10-03T13:34:11Z,egw-mongodb-1,107.16,413896704,77.09,egw-qemu-integrated
2026-10-03T13:34:11Z,egw-ditto-gateway-1,59.97,533803008,66.29,egw-qemu-integrated
2026-10-03T13:34:11Z,egw-controller-1,19.63,58789888,21.90,egw-qemu-integrated
2026-10-03T13:34:12Z,egw-mosquitto-1,1.89,5091328,3.79,egw-qemu-integrated
2026-10-03T13:34:12Z,egw-ditto-things-1,76.49,578686976,71.86,egw-qemu-integrated
2026-10-03T13:34:12Z,egw-ditto-policies-1,9.57,570318848,70.82,egw-qemu-integrated
2026-10-03T13:34:12Z,egw-mongodb-1,54.19,248426496,46.27,egw-qemu-integrated
2026-10-03T13:34:12Z,egw-ditto-gateway-1,73.05,533864448,66.29,egw-qemu-integrated
2026-10-03T13:34:12Z,egw-controller-1,24.01,58793984,21.90,egw-qemu-integrated
2026-10-03T13:34:13Z,egw-mosquitto-1,1.72,5353472,3.99,egw-qemu-integrated
2026-10-03T13:34:13Z,egw-ditto-things-1,102.93,578809856,71.87,egw-qemu-integrated
2026-10-03T13:34:13Z,egw-ditto-policies-1,11.94,570318848,70.82,egw-qemu-integrated
2026-10-03T13:34:13Z,egw-mongodb-1,5.62,248426496,46.27,egw-qemu-integrated
2026-10-03T13:34:13Z,egw-ditto-gateway-1,75.30,534175744,66.33,egw-qemu-integrated
2026-10-03T13:34:13Z,egw-controller-1,22.74,58798080,21.90,egw-qemu-integrated
2026-10-03T13:34:14Z,egw-mosquitto-1,1.97,5095424,3.80,egw-qemu-integrated
2026-10-03T13:34:14Z,egw-ditto-things-1,120.59,579166208,71.92,egw-qemu-integrated
2026-10-03T13:34:14Z,egw-ditto-policies-1,17.13,570327040,70.82,egw-qemu-integrated
2026-10-03T13:34:14Z,egw-mongodb-1,8.87,248500224,46.29,egw-qemu-integrated
2026-10-03T13:34:14Z,egw-ditto-gateway-1,81.34,533929984,66.30,egw-qemu-integrated
2026-10-03T13:34:14Z,egw-controller-1,22.62,59064320,22.00,egw-qemu-integrated
2026-10-03T13:34:15Z,egw-mosquitto-1,2.01,5099520,3.80,egw-qemu-integrated
2026-10-03T13:34:15Z,egw-ditto-things-1,82.69,579223552,71.93,egw-qemu-integrated
2026-10-03T13:34:15Z,egw-ditto-policies-1,10.51,570331136,70.82,egw-qemu-integrated
2026-10-03T13:34:15Z,egw-mongodb-1,5.45,248500224,46.29,egw-qemu-integrated
2026-10-03T13:34:15Z,egw-ditto-gateway-1,74.39,534200320,66.34,egw-qemu-integrated
2026-10-03T13:34:15Z,egw-controller-1,25.19,58806272,21.91,egw-qemu-integrated
2026-10-03T13:34:16Z,egw-mosquitto-1,2.51,5357568,3.99,egw-qemu-integrated
2026-10-03T13:34:16Z,egw-ditto-things-1,96.92,579022848,71.90,egw-qemu-integrated
2026-10-03T13:34:16Z,egw-ditto-policies-1,11.64,570331136,70.82,egw-qemu-integrated
2026-10-03T13:34:16Z,egw-mongodb-1,6.98,248500224,46.29,egw-qemu-integrated
2026-10-03T13:34:16Z,egw-ditto-gateway-1,58.69,534212608,66.34,egw-qemu-integrated
2026-10-03T13:34:16Z,egw-controller-1,25.92,59072512,22.01,egw-qemu-integrated
2026-10-03T13:34:17Z,egw-mosquitto-1,1.97,5099520,3.80,egw-qemu-integrated
2026-10-03T13:34:17Z,egw-ditto-things-1,72.82,579039232,71.90,egw-qemu-integrated
2026-10-03T13:34:17Z,egw-ditto-policies-1,14.49,570335232,70.82,egw-qemu-integrated
2026-10-03T13:34:17Z,egw-mongodb-1,6.38,248762368,46.34,egw-qemu-integrated
2026-10-03T13:34:17Z,egw-ditto-gateway-1,71.08,533954560,66.30,egw-qemu-integrated
2026-10-03T13:34:17Z,egw-controller-1,23.05,58806272,21.91,egw-qemu-integrated
2026-10-03T13:34:18Z,egw-mosquitto-1,2.16,5103616,3.80,egw-qemu-integrated
2026-10-03T13:34:18Z,egw-ditto-things-1,55.20,579006464,71.90,egw-qemu-integrated
2026-10-03T13:34:18Z,egw-ditto-policies-1,78.18,570368000,70.83,egw-qemu-integrated
2026-10-03T13:34:18Z,egw-mongodb-1,10.35,248500224,46.29,egw-qemu-integrated
2026-10-03T13:34:18Z,egw-ditto-gateway-1,84.11,533966848,66.31,egw-qemu-integrated
2026-10-03T13:34:18Z,egw-controller-1,22.26,58810368,21.91,egw-qemu-integrated
2026-10-03T13:34:19Z,egw-mosquitto-1,2.02,5111808,3.81,egw-qemu-integrated
2026-10-03T13:34:19Z,egw-ditto-things-1,91.45,581492736,72.21,egw-qemu-integrated
2026-10-03T13:34:19Z,egw-ditto-policies-1,75.92,570544128,70.85,egw-qemu-integrated
2026-10-03T13:34:19Z,egw-mongodb-1,7.49,248500224,46.29,egw-qemu-integrated
2026-10-03T13:34:19Z,egw-ditto-gateway-1,51.36,534970368,66.43,egw-qemu-integrated
2026-10-03T13:34:19Z,egw-controller-1,16.91,58810368,21.91,egw-qemu-integrated
2026-10-03T13:34:20Z,egw-mosquitto-1,3.98,5124096,3.82,egw-qemu-integrated
2026-10-03T13:34:20Z,egw-ditto-things-1,122.06,580968448,72.14,egw-qemu-integrated
2026-10-03T13:34:20Z,egw-ditto-policies-1,30.84,570544128,70.85,egw-qemu-integrated
2026-10-03T13:34:20Z,egw-mongodb-1,5.11,248500224,46.29,egw-qemu-integrated
2026-10-03T13:34:20Z,egw-ditto-gateway-1,106.26,536084480,66.57,egw-qemu-integrated
2026-10-03T13:34:20Z,egw-controller-1,15.58,58814464,21.91,egw-qemu-integrated
2026-10-03T13:34:21Z,egw-mosquitto-1,1.76,5128192,3.82,egw-qemu-integrated
2026-10-03T13:34:21Z,egw-ditto-things-1,100.76,579317760,71.94,egw-qemu-integrated
2026-10-03T13:34:21Z,egw-ditto-policies-1,30.33,570544128,70.85,egw-qemu-integrated
2026-10-03T13:34:21Z,egw-mongodb-1,14.99,248500224,46.29,egw-qemu-integrated
2026-10-03T13:34:21Z,egw-ditto-gateway-1,82.11,533774336,66.28,egw-qemu-integrated
2026-10-03T13:34:21Z,egw-controller-1,64.53,62169088,23.16,egw-qemu-integrated
2026-10-03T13:34:22Z,egw-mosquitto-1,1.85,5128192,3.82,egw-qemu-integrated
2026-10-03T13:34:22Z,egw-ditto-things-1,84.36,579612672,71.97,egw-qemu-integrated
2026-10-03T13:34:22Z,egw-ditto-policies-1,17.05,570544128,70.85,egw-qemu-integrated
2026-10-03T13:34:22Z,egw-mongodb-1,7.46,248500224,46.29,egw-qemu-integrated
2026-10-03T13:34:22Z,egw-ditto-gateway-1,79.61,533979136,66.31,egw-qemu-integrated
2026-10-03T13:34:22Z,egw-controller-1,100.16,69050368,25.72,egw-qemu-integrated
2026-10-03T13:34:23Z,egw-mosquitto-1,1.61,5406720,4.03,egw-qemu-integrated
2026-10-03T13:34:23Z,egw-ditto-things-1,84.23,579354624,71.94,egw-qemu-integrated
2026-10-03T13:34:23Z,egw-ditto-policies-1,15.79,570544128,70.85,egw-qemu-integrated
2026-10-03T13:34:23Z,egw-mongodb-1,14.07,248963072,46.37,egw-qemu-integrated
2026-10-03T13:34:23Z,egw-ditto-gateway-1,61.40,533999616,66.31,egw-qemu-integrated
2026-10-03T13:34:23Z,egw-controller-1,112.52,71065600,26.47,egw-qemu-integrated
2026-10-03T13:34:24Z,egw-mosquitto-1,2.30,5148672,3.84,egw-qemu-integrated
2026-10-03T13:34:24Z,egw-ditto-things-1,108.43,579346432,71.94,egw-qemu-integrated
2026-10-03T13:34:24Z,egw-ditto-policies-1,11.70,570548224,70.85,egw-qemu-integrated
2026-10-03T13:34:24Z,egw-mongodb-1,8.75,248700928,46.32,egw-qemu-integrated
2026-10-03T13:34:24Z,egw-ditto-gateway-1,107.38,534032384,66.31,egw-qemu-integrated
2026-10-03T13:34:24Z,egw-controller-1,93.14,59121664,22.02,egw-qemu-integrated
2026-10-03T13:34:25Z,egw-mosquitto-1,1.71,5152768,3.84,egw-qemu-integrated
2026-10-03T13:34:25Z,egw-ditto-things-1,92.33,579600384,71.97,egw-qemu-integrated
2026-10-03T13:34:25Z,egw-ditto-policies-1,9.31,570548224,70.85,egw-qemu-integrated
2026-10-03T13:34:25Z,egw-mongodb-1,5.72,248700928,46.32,egw-qemu-integrated
2026-10-03T13:34:25Z,egw-ditto-gateway-1,104.05,534315008,66.35,egw-qemu-integrated
2026-10-03T13:34:25Z,egw-controller-1,22.47,58851328,21.92,egw-qemu-integrated
2026-10-03T13:34:26Z,egw-mosquitto-1,2.01,5152768,3.84,egw-qemu-integrated
2026-10-03T13:34:26Z,egw-ditto-things-1,68.98,579407872,71.95,egw-qemu-integrated
2026-10-03T13:34:26Z,egw-ditto-policies-1,9.24,570548224,70.85,egw-qemu-integrated
2026-10-03T13:34:26Z,egw-mongodb-1,7.08,248705024,46.32,egw-qemu-integrated
2026-10-03T13:34:26Z,egw-ditto-gateway-1,86.09,534077440,66.32,egw-qemu-integrated
2026-10-03T13:34:26Z,egw-controller-1,23.17,58855424,21.93,egw-qemu-integrated
2026-10-03T13:34:27Z,egw-mosquitto-1,1.70,5152768,3.84,egw-qemu-integrated
2026-10-03T13:34:27Z,egw-ditto-things-1,95.09,579424256,71.95,egw-qemu-integrated
2026-10-03T13:34:27Z,egw-ditto-policies-1,13.55,570552320,70.85,egw-qemu-integrated
2026-10-03T13:34:27Z,egw-mongodb-1,6.32,248705024,46.32,egw-qemu-integrated
2026-10-03T13:34:27Z,egw-ditto-gateway-1,88.18,534106112,66.32,egw-qemu-integrated
2026-10-03T13:34:27Z,egw-controller-1,23.73,58859520,21.93,egw-qemu-integrated
2026-10-03T13:34:28Z,egw-mosquitto-1,2.06,5160960,3.85,egw-qemu-integrated
2026-10-03T13:34:28Z,egw-ditto-things-1,117.87,579416064,71.95,egw-qemu-integrated
2026-10-03T13:34:28Z,egw-ditto-policies-1,56.64,570617856,70.86,egw-qemu-integrated
2026-10-03T13:34:28Z,egw-mongodb-1,6.53,248700928,46.32,egw-qemu-integrated
2026-10-03T13:34:28Z,egw-ditto-gateway-1,90.01,534151168,66.33,egw-qemu-integrated
2026-10-03T13:34:28Z,egw-controller-1,20.04,58863616,21.93,egw-qemu-integrated
2026-10-03T13:34:29Z,egw-mosquitto-1,59.85,7176192,5.35,egw-qemu-integrated
2026-10-03T13:34:29Z,egw-ditto-things-1,72.16,579424256,71.95,egw-qemu-integrated
2026-10-03T13:34:29Z,egw-ditto-policies-1,53.09,570650624,70.86,egw-qemu-integrated
2026-10-03T13:34:29Z,egw-mongodb-1,6.97,248963072,46.37,egw-qemu-integrated
2026-10-03T13:34:29Z,egw-ditto-gateway-1,66.01,534167552,66.33,egw-qemu-integrated
2026-10-03T13:34:29Z,egw-controller-1,20.00,58871808,21.93,egw-qemu-integrated
2026-10-03T13:34:30Z,egw-mosquitto-1,9.39,5173248,3.85,egw-qemu-integrated
2026-10-03T13:34:30Z,egw-ditto-things-1,76.14,579747840,71.99,egw-qemu-integrated
2026-10-03T13:34:30Z,egw-ditto-policies-1,15.74,570654720,70.86,egw-qemu-integrated
2026-10-03T13:34:30Z,egw-mongodb-1,6.36,248700928,46.32,egw-qemu-integrated
2026-10-03T13:34:30Z,egw-ditto-gateway-1,67.72,534175744,66.33,egw-qemu-integrated
2026-10-03T13:34:30Z,egw-controller-1,25.98,58880000,21.93,egw-qemu-integrated
2026-10-03T13:34:31Z,egw-mosquitto-1,1.80,5177344,3.86,egw-qemu-integrated
2026-10-03T13:34:31Z,egw-ditto-things-1,82.32,579813376,72.00,egw-qemu-integrated
2026-10-03T13:34:31Z,egw-ditto-policies-1,35.05,570654720,70.86,egw-qemu-integrated
2026-10-03T13:34:31Z,egw-mongodb-1,6.65,248705024,46.32,egw-qemu-integrated
2026-10-03T13:34:31Z,egw-ditto-gateway-1,65.08,534192128,66.33,egw-qemu-integrated
2026-10-03T13:34:31Z,egw-controller-1,22.07,58875904,21.93,egw-qemu-integrated
2026-10-03T13:34:32Z,egw-mosquitto-1,1.89,5177344,3.86,egw-qemu-integrated
2026-10-03T13:34:32Z,egw-ditto-things-1,80.54,579653632,71.98,egw-qemu-integrated
2026-10-03T13:34:32Z,egw-ditto-policies-1,10.62,570658816,70.86,egw-qemu-integrated
2026-10-03T13:34:32Z,egw-mongodb-1,9.01,248700928,46.32,egw-qemu-integrated
2026-10-03T13:34:32Z,egw-ditto-gateway-1,70.82,534798336,66.41,egw-qemu-integrated
2026-10-03T13:34:32Z,egw-controller-1,24.86,58880000,21.93,egw-qemu-integrated
2026-10-03T13:34:33Z,egw-mosquitto-1,1.76,5177344,3.86,egw-qemu-integrated
2026-10-03T13:34:33Z,egw-ditto-things-1,80.81,579719168,71.99,egw-qemu-integrated
2026-10-03T13:34:33Z,egw-ditto-policies-1,42.49,570671104,70.86,egw-qemu-integrated
2026-10-03T13:34:33Z,egw-mongodb-1,5.85,248958976,46.37,egw-qemu-integrated
2026-10-03T13:34:33Z,egw-ditto-gateway-1,96.23,534638592,66.39,egw-qemu-integrated
2026-10-03T13:34:33Z,egw-controller-1,20.69,58880000,21.93,egw-qemu-integrated
2026-10-03T13:34:34Z,egw-mosquitto-1,1.94,5181440,3.86,egw-qemu-integrated
2026-10-03T13:34:34Z,egw-ditto-things-1,85.72,579891200,72.01,egw-qemu-integrated
2026-10-03T13:34:34Z,egw-ditto-policies-1,51.65,570695680,70.87,egw-qemu-integrated
2026-10-03T13:34:34Z,egw-mongodb-1,7.43,248733696,46.33,egw-qemu-integrated
2026-10-03T13:34:34Z,egw-ditto-gateway-1,104.12,534495232,66.37,egw-qemu-integrated
2026-10-03T13:34:34Z,egw-controller-1,22.87,58892288,21.94,egw-qemu-integrated
2026-10-03T13:34:35Z,egw-mosquitto-1,1.83,5181440,3.86,egw-qemu-integrated
2026-10-03T13:34:35Z,egw-ditto-things-1,73.65,579948544,72.02,egw-qemu-integrated
2026-10-03T13:34:35Z,egw-ditto-policies-1,18.92,570691584,70.87,egw-qemu-integrated
2026-10-03T13:34:35Z,egw-mongodb-1,5.67,248733696,46.33,egw-qemu-integrated
2026-10-03T13:34:35Z,egw-ditto-gateway-1,110.68,534798336,66.41,egw-qemu-integrated
2026-10-03T13:34:35Z,egw-controller-1,22.09,59150336,22.04,egw-qemu-integrated
2026-10-03T13:34:36Z,egw-mosquitto-1,1.93,5185536,3.86,egw-qemu-integrated
2026-10-03T13:34:36Z,egw-ditto-things-1,67.56,579940352,72.01,egw-qemu-integrated
2026-10-03T13:34:36Z,egw-ditto-policies-1,22.90,570699776,70.87,egw-qemu-integrated
2026-10-03T13:34:36Z,egw-mongodb-1,5.95,248729600,46.33,egw-qemu-integrated
2026-10-03T13:34:36Z,egw-ditto-gateway-1,98.26,534581248,66.38,egw-qemu-integrated
2026-10-03T13:34:36Z,egw-controller-1,23.67,58896384,21.94,egw-qemu-integrated
2026-10-03T13:34:37Z,egw-mosquitto-1,2.03,5189632,3.87,egw-qemu-integrated
2026-10-03T13:34:37Z,egw-ditto-things-1,92.72,580194304,72.05,egw-qemu-integrated
2026-10-03T13:34:37Z,egw-ditto-policies-1,64.33,572633088,71.11,egw-qemu-integrated
2026-10-03T13:34:37Z,egw-mongodb-1,5.30,248729600,46.33,egw-qemu-integrated
2026-10-03T13:34:37Z,egw-ditto-gateway-1,61.34,534581248,66.38,egw-qemu-integrated
2026-10-03T13:34:37Z,egw-controller-1,22.15,58900480,21.94,egw-qemu-integrated
2026-10-03T13:34:38Z,egw-mosquitto-1,1.75,5197824,3.87,egw-qemu-integrated
2026-10-03T13:34:38Z,egw-ditto-things-1,82.53,579993600,72.02,egw-qemu-integrated
2026-10-03T13:34:38Z,egw-ditto-policies-1,39.51,570724352,70.87,egw-qemu-integrated
2026-10-03T13:34:38Z,egw-mongodb-1,7.08,248729600,46.33,egw-qemu-integrated
2026-10-03T13:34:38Z,egw-ditto-gateway-1,75.83,534593536,66.38,egw-qemu-integrated
2026-10-03T13:34:38Z,egw-controller-1,22.36,58896384,21.94,egw-qemu-integrated
2026-10-03T13:34:39Z,egw-mosquitto-1,2.16,5197824,3.87,egw-qemu-integrated
2026-10-03T13:34:39Z,egw-ditto-things-1,83.17,580014080,72.02,egw-qemu-integrated
2026-10-03T13:34:39Z,egw-ditto-policies-1,21.26,570761216,70.88,egw-qemu-integrated
2026-10-03T13:34:39Z,egw-mongodb-1,7.03,248729600,46.33,egw-qemu-integrated
2026-10-03T13:34:39Z,egw-ditto-gateway-1,87.32,534667264,66.39,egw-qemu-integrated
2026-10-03T13:34:39Z,egw-controller-1,23.54,58908672,21.95,egw-qemu-integrated
2026-10-03T13:34:40Z,egw-mosquitto-1,1.89,5201920,3.88,egw-qemu-integrated
2026-10-03T13:34:40Z,egw-ditto-things-1,66.33,580026368,72.03,egw-qemu-integrated
2026-10-03T13:34:40Z,egw-ditto-policies-1,14.98,570785792,70.88,egw-qemu-integrated
2026-10-03T13:34:40Z,egw-mongodb-1,6.55,248729600,46.33,egw-qemu-integrated
2026-10-03T13:34:40Z,egw-ditto-gateway-1,62.63,534679552,66.39,egw-qemu-integrated
2026-10-03T13:34:40Z,egw-controller-1,26.10,59174912,22.04,egw-qemu-integrated
2026-10-03T13:34:41Z,egw-mosquitto-1,2.05,5459968,4.07,egw-qemu-integrated
2026-10-03T13:34:41Z,egw-ditto-things-1,61.29,580038656,72.03,egw-qemu-integrated
2026-10-03T13:34:41Z,egw-ditto-policies-1,9.12,570781696,70.88,egw-qemu-integrated
2026-10-03T13:34:41Z,egw-mongodb-1,6.53,248737792,46.33,egw-qemu-integrated
2026-10-03T13:34:41Z,egw-ditto-gateway-1,66.70,534720512,66.40,egw-qemu-integrated
2026-10-03T13:34:41Z,egw-controller-1,26.95,58912768,21.95,egw-qemu-integrated
2026-10-03T13:34:43Z,egw-mosquitto-1,2.19,5210112,3.88,egw-qemu-integrated
2026-10-03T13:34:43Z,egw-ditto-things-1,63.99,580075520,72.03,egw-qemu-integrated
2026-10-03T13:34:43Z,egw-ditto-policies-1,12.48,570785792,70.88,egw-qemu-integrated
2026-10-03T13:34:43Z,egw-mongodb-1,68.29,389902336,72.62,egw-qemu-integrated
2026-10-03T13:34:43Z,egw-ditto-gateway-1,49.75,534732800,66.40,egw-qemu-integrated
2026-10-03T13:34:43Z,egw-controller-1,23.28,58925056,21.95,egw-qemu-integrated
2026-10-03T13:34:44Z,egw-mosquitto-1,2.02,5218304,3.89,egw-qemu-integrated
2026-10-03T13:34:44Z,egw-ditto-things-1,59.13,580087808,72.03,egw-qemu-integrated
2026-10-03T13:34:44Z,egw-ditto-policies-1,39.80,570798080,70.88,egw-qemu-integrated
2026-10-03T13:34:44Z,egw-mongodb-1,118.80,399515648,74.42,egw-qemu-integrated
2026-10-03T13:34:44Z,egw-ditto-gateway-1,44.46,534732800,66.40,egw-qemu-integrated
2026-10-03T13:34:44Z,egw-controller-1,23.19,58929152,21.95,egw-qemu-integrated
2026-10-03T13:34:45Z,egw-mosquitto-1,4.62,5222400,3.89,egw-qemu-integrated
2026-10-03T13:34:45Z,egw-ditto-things-1,78.96,580075520,72.03,egw-qemu-integrated
2026-10-03T13:34:45Z,egw-ditto-policies-1,14.21,570798080,70.88,egw-qemu-integrated
2026-10-03T13:34:45Z,egw-mongodb-1,109.11,401387520,74.76,egw-qemu-integrated
2026-10-03T13:34:45Z,egw-ditto-gateway-1,83.06,534749184,66.40,egw-qemu-integrated
2026-10-03T13:34:45Z,egw-controller-1,23.22,58933248,21.95,egw-qemu-integrated
2026-10-03T13:34:46Z,egw-mosquitto-1,2.04,5226496,3.89,egw-qemu-integrated
2026-10-03T13:34:46Z,egw-ditto-things-1,90.11,580116480,72.04,egw-qemu-integrated
2026-10-03T13:34:46Z,egw-ditto-policies-1,11.25,570793984,70.88,egw-qemu-integrated
2026-10-03T13:34:46Z,egw-mongodb-1,114.73,406638592,75.74,egw-qemu-integrated
2026-10-03T13:34:46Z,egw-ditto-gateway-1,51.37,534781952,66.41,egw-qemu-integrated
2026-10-03T13:34:46Z,egw-controller-1,24.71,58933248,21.95,egw-qemu-integrated
2026-10-03T13:34:47Z,egw-mosquitto-1,2.21,5230592,3.90,egw-qemu-integrated
2026-10-03T13:34:47Z,egw-ditto-things-1,71.32,580399104,72.07,egw-qemu-integrated
2026-10-03T13:34:47Z,egw-ditto-policies-1,12.25,570798080,70.88,egw-qemu-integrated
2026-10-03T13:34:47Z,egw-mongodb-1,102.21,409964544,76.36,egw-qemu-integrated
2026-10-03T13:34:47Z,egw-ditto-gateway-1,86.14,534790144,66.41,egw-qemu-integrated
2026-10-03T13:34:47Z,egw-controller-1,22.74,58937344,21.96,egw-qemu-integrated
2026-10-03T13:34:48Z,egw-mosquitto-1,3.79,5238784,3.90,egw-qemu-integrated
2026-10-03T13:34:48Z,egw-ditto-things-1,90.72,580104192,72.04,egw-qemu-integrated
2026-10-03T13:34:48Z,egw-ditto-policies-1,80.02,571088896,70.92,egw-qemu-integrated
2026-10-03T13:34:48Z,egw-mongodb-1,91.48,412229632,76.78,egw-qemu-integrated
2026-10-03T13:34:48Z,egw-ditto-gateway-1,69.24,534802432,66.41,egw-qemu-integrated
2026-10-03T13:34:48Z,egw-controller-1,14.72,59199488,22.05,egw-qemu-integrated
2026-10-03T13:34:49Z,egw-mosquitto-1,1.64,5513216,4.11,egw-qemu-integrated
2026-10-03T13:34:49Z,egw-ditto-things-1,113.92,580120576,72.04,egw-qemu-integrated
2026-10-03T13:34:49Z,egw-ditto-policies-1,39.38,570843136,70.89,egw-qemu-integrated
2026-10-03T13:34:49Z,egw-mongodb-1,105.98,413581312,77.04,egw-qemu-integrated
2026-10-03T13:34:49Z,egw-ditto-gateway-1,59.27,534802432,66.41,egw-qemu-integrated
2026-10-03T13:34:49Z,egw-controller-1,8.16,58945536,21.96,egw-qemu-integrated
2026-10-03T13:34:50Z,egw-mosquitto-1,2.46,5255168,3.92,egw-qemu-integrated
2026-10-03T13:34:50Z,egw-ditto-things-1,56.19,580124672,72.04,egw-qemu-integrated
2026-10-03T13:34:50Z,egw-ditto-policies-1,10.87,570851328,70.89,egw-qemu-integrated
2026-10-03T13:34:50Z,egw-mongodb-1,21.22,248410112,46.27,egw-qemu-integrated
2026-10-03T13:34:50Z,egw-ditto-gateway-1,89.91,534818816,66.41,egw-qemu-integrated
2026-10-03T13:34:50Z,egw-controller-1,18.52,58966016,21.97,egw-qemu-integrated
2026-10-03T13:34:51Z,egw-mosquitto-1,1.96,5251072,3.91,egw-qemu-integrated
2026-10-03T13:34:51Z,egw-ditto-things-1,76.15,581738496,72.24,egw-qemu-integrated
2026-10-03T13:34:51Z,egw-ditto-policies-1,23.66,570851328,70.89,egw-qemu-integrated
2026-10-03T13:34:51Z,egw-mongodb-1,4.86,248410112,46.27,egw-qemu-integrated
2026-10-03T13:34:51Z,egw-ditto-gateway-1,145.57,536535040,66.62,egw-qemu-integrated
2026-10-03T13:34:51Z,egw-controller-1,15.68,59224064,22.06,egw-qemu-integrated
2026-10-03T13:34:52Z,egw-mosquitto-1,1.85,5791744,4.32,egw-qemu-integrated
2026-10-03T13:34:52Z,egw-ditto-things-1,92.29,580157440,72.04,egw-qemu-integrated
2026-10-03T13:34:52Z,egw-ditto-policies-1,9.72,570851328,70.89,egw-qemu-integrated
2026-10-03T13:34:52Z,egw-mongodb-1,5.87,248410112,46.27,egw-qemu-integrated
2026-10-03T13:34:52Z,egw-ditto-gateway-1,187.78,535027712,66.44,egw-qemu-integrated
2026-10-03T13:34:52Z,egw-controller-1,13.69,58966016,21.97,egw-qemu-integrated
2026-10-03T13:34:53Z,egw-mosquitto-1,1.64,5795840,4.32,egw-qemu-integrated
2026-10-03T13:34:53Z,egw-ditto-things-1,156.22,580243456,72.05,egw-qemu-integrated
2026-10-03T13:34:53Z,egw-ditto-policies-1,29.45,570875904,70.89,egw-qemu-integrated
2026-10-03T13:34:53Z,egw-mongodb-1,4.77,248410112,46.27,egw-qemu-integrated
2026-10-03T13:34:53Z,egw-ditto-gateway-1,103.41,531820544,66.04,egw-qemu-integrated
2026-10-03T13:34:53Z,egw-controller-1,14.91,59236352,22.07,egw-qemu-integrated
2026-10-03T13:34:54Z,egw-mosquitto-1,1.82,5275648,3.93,egw-qemu-integrated
2026-10-03T13:34:54Z,egw-ditto-things-1,129.84,580202496,72.05,egw-qemu-integrated
2026-10-03T13:34:54Z,egw-ditto-policies-1,29.72,570884096,70.89,egw-qemu-integrated
2026-10-03T13:34:54Z,egw-mongodb-1,9.15,248799232,46.34,egw-qemu-integrated
2026-10-03T13:34:54Z,egw-ditto-gateway-1,63.20,531824640,66.04,egw-qemu-integrated
2026-10-03T13:34:54Z,egw-controller-1,41.86,59387904,22.12,egw-qemu-integrated
2026-10-03T13:34:55Z,egw-mosquitto-1,1.96,5279744,3.93,egw-qemu-integrated
2026-10-03T13:34:55Z,egw-ditto-things-1,106.00,580255744,72.05,egw-qemu-integrated
2026-10-03T13:34:55Z,egw-ditto-policies-1,9.67,570884096,70.89,egw-qemu-integrated
2026-10-03T13:34:55Z,egw-mongodb-1,6.35,248799232,46.34,egw-qemu-integrated
2026-10-03T13:34:55Z,egw-ditto-gateway-1,105.49,531824640,66.04,egw-qemu-integrated
2026-10-03T13:34:55Z,egw-controller-1,111.98,68952064,25.69,egw-qemu-integrated
2026-10-03T13:34:56Z,egw-mosquitto-1,2.36,5279744,3.93,egw-qemu-integrated
2026-10-03T13:34:56Z,egw-ditto-things-1,79.13,580280320,72.06,egw-qemu-integrated
2026-10-03T13:34:56Z,egw-ditto-policies-1,7.71,570884096,70.89,egw-qemu-integrated
2026-10-03T13:34:56Z,egw-mongodb-1,6.78,248799232,46.34,egw-qemu-integrated
2026-10-03T13:34:56Z,egw-ditto-gateway-1,73.83,531828736,66.04,egw-qemu-integrated
2026-10-03T13:34:56Z,egw-controller-1,119.55,70995968,26.45,egw-qemu-integrated
2026-10-03T13:34:57Z,egw-mosquitto-1,1.92,5292032,3.94,egw-qemu-integrated
2026-10-03T13:34:57Z,egw-ditto-things-1,76.85,580231168,72.05,egw-qemu-integrated
2026-10-03T13:34:57Z,egw-ditto-policies-1,15.25,570888192,70.89,egw-qemu-integrated
2026-10-03T13:34:57Z,egw-mongodb-1,5.29,248799232,46.34,egw-qemu-integrated
2026-10-03T13:34:57Z,egw-ditto-gateway-1,57.05,532090880,66.07,egw-qemu-integrated
2026-10-03T13:34:57Z,egw-controller-1,101.44,59006976,21.98,egw-qemu-integrated
2026-10-03T13:34:58Z,egw-mosquitto-1,2.07,5296128,3.95,egw-qemu-integrated
2026-10-03T13:34:58Z,egw-ditto-things-1,85.06,580276224,72.06,egw-qemu-integrated
2026-10-03T13:34:58Z,egw-ditto-policies-1,43.24,570912768,70.89,egw-qemu-integrated
2026-10-03T13:34:58Z,egw-mongodb-1,7.08,248799232,46.34,egw-qemu-integrated
2026-10-03T13:34:58Z,egw-ditto-gateway-1,93.19,532111360,66.08,egw-qemu-integrated
2026-10-03T13:34:58Z,egw-controller-1,24.20,58998784,21.98,egw-qemu-integrated
2026-10-03T13:34:59Z,egw-mosquitto-1,19.84,8065024,6.01,egw-qemu-integrated
2026-10-03T13:34:59Z,egw-ditto-things-1,76.63,580288512,72.06,egw-qemu-integrated
2026-10-03T13:34:59Z,egw-ditto-policies-1,16.14,570953728,70.90,egw-qemu-integrated
2026-10-03T13:34:59Z,egw-mongodb-1,8.31,248799232,46.34,egw-qemu-integrated
2026-10-03T13:34:59Z,egw-ditto-gateway-1,52.06,532111360,66.08,egw-qemu-integrated
2026-10-03T13:34:59Z,egw-controller-1,24.34,58998784,21.98,egw-qemu-integrated
2026-10-03T13:35:00Z,egw-mosquitto-1,48.41,5312512,3.96,egw-qemu-integrated
2026-10-03T13:35:00Z,egw-ditto-things-1,56.94,580546560,72.09,egw-qemu-integrated
2026-10-03T13:35:00Z,egw-ditto-policies-1,20.51,570990592,70.90,egw-qemu-integrated
2026-10-03T13:35:00Z,egw-mongodb-1,5.28,248799232,46.34,egw-qemu-integrated
2026-10-03T13:35:00Z,egw-ditto-gateway-1,60.87,531869696,66.05,egw-qemu-integrated
2026-10-03T13:35:00Z,egw-controller-1,25.73,59277312,22.08,egw-qemu-integrated
2026-10-03T13:35:01Z,egw-mosquitto-1,1.78,5832704,4.35,egw-qemu-integrated
2026-10-03T13:35:01Z,egw-ditto-things-1,64.52,580296704,72.06,egw-qemu-integrated
2026-10-03T13:35:01Z,egw-ditto-policies-1,13.40,570990592,70.90,egw-qemu-integrated
2026-10-03T13:35:01Z,egw-mongodb-1,6.31,248799232,46.34,egw-qemu-integrated
2026-10-03T13:35:01Z,egw-ditto-gateway-1,58.32,531869696,66.05,egw-qemu-integrated
2026-10-03T13:35:01Z,egw-controller-1,26.23,59011072,21.98,egw-qemu-integrated
2026-10-03T13:35:02Z,egw-mosquitto-1,1.95,5312512,3.96,egw-qemu-integrated
2026-10-03T13:35:02Z,egw-ditto-things-1,80.09,580304896,72.06,egw-qemu-integrated
2026-10-03T13:35:02Z,egw-ditto-policies-1,14.26,570994688,70.90,egw-qemu-integrated
2026-10-03T13:35:02Z,egw-mongodb-1,7.18,248799232,46.34,egw-qemu-integrated
2026-10-03T13:35:02Z,egw-ditto-gateway-1,83.83,532156416,66.08,egw-qemu-integrated
2026-10-03T13:35:02Z,egw-controller-1,26.65,59277312,22.08,egw-qemu-integrated
2026-10-03T13:35:03Z,egw-mosquitto-1,1.90,5312512,3.96,egw-qemu-integrated
2026-10-03T13:35:03Z,egw-ditto-things-1,79.39,580325376,72.06,egw-qemu-integrated
2026-10-03T13:35:03Z,egw-ditto-policies-1,15.13,571027456,70.91,egw-qemu-integrated
2026-10-03T13:35:03Z,egw-mongodb-1,6.28,248799232,46.34,egw-qemu-integrated
2026-10-03T13:35:03Z,egw-ditto-gateway-1,65.35,531898368,66.05,egw-qemu-integrated
2026-10-03T13:35:03Z,egw-controller-1,26.87,59273216,22.08,egw-qemu-integrated
2026-10-03T13:35:04Z,egw-mosquitto-1,2.33,5320704,3.96,egw-qemu-integrated
2026-10-03T13:35:04Z,egw-ditto-things-1,69.17,580333568,72.06,egw-qemu-integrated
2026-10-03T13:35:04Z,egw-ditto-policies-1,9.66,571035648,70.91,egw-qemu-integrated
2026-10-03T13:35:04Z,egw-mongodb-1,10.20,248803328,46.34,egw-qemu-integrated
2026-10-03T13:35:04Z,egw-ditto-gateway-1,75.68,531918848,66.05,egw-qemu-integrated
2026-10-03T13:35:04Z,egw-controller-1,26.50,59019264,21.99,egw-qemu-integrated
2026-10-03T13:35:05Z,egw-mosquitto-1,2.03,5316608,3.96,egw-qemu-integrated
2026-10-03T13:35:05Z,egw-ditto-things-1,52.60,580337664,72.06,egw-qemu-integrated
2026-10-03T13:35:05Z,egw-ditto-policies-1,8.62,571031552,70.91,egw-qemu-integrated
2026-10-03T13:35:05Z,egw-mongodb-1,6.17,248803328,46.34,egw-qemu-integrated
2026-10-03T13:35:05Z,egw-ditto-gateway-1,63.74,532176896,66.08,egw-qemu-integrated
2026-10-03T13:35:05Z,egw-controller-1,27.55,59023360,21.99,egw-qemu-integrated
2026-10-03T13:35:06Z,egw-mosquitto-1,1.97,5316608,3.96,egw-qemu-integrated
2026-10-03T13:35:06Z,egw-ditto-things-1,89.82,580358144,72.07,egw-qemu-integrated
2026-10-03T13:35:06Z,egw-ditto-policies-1,11.62,571035648,70.91,egw-qemu-integrated
2026-10-03T13:35:06Z,egw-mongodb-1,7.67,248803328,46.34,egw-qemu-integrated
2026-10-03T13:35:06Z,egw-ditto-gateway-1,52.96,531927040,66.05,egw-qemu-integrated
2026-10-03T13:35:06Z,egw-controller-1,25.71,59031552,21.99,egw-qemu-integrated
2026-10-03T13:35:07Z,egw-mosquitto-1,2.25,5574656,4.15,egw-qemu-integrated
2026-10-03T13:35:07Z,egw-ditto-things-1,74.20,580374528,72.07,egw-qemu-integrated
2026-10-03T13:35:07Z,egw-ditto-policies-1,25.21,572878848,71.14,egw-qemu-integrated
2026-10-03T13:35:07Z,egw-mongodb-1,5.34,248803328,46.34,egw-qemu-integrated
2026-10-03T13:35:07Z,egw-ditto-gateway-1,69.27,531922944,66.05,egw-qemu-integrated
2026-10-03T13:35:07Z,egw-controller-1,24.46,59031552,21.99,egw-qemu-integrated
2026-10-03T13:35:08Z,egw-mosquitto-1,2.48,5328896,3.97,egw-qemu-integrated
2026-10-03T13:35:08Z,egw-ditto-things-1,87.58,580395008,72.07,egw-qemu-integrated
2026-10-03T13:35:08Z,egw-ditto-policies-1,82.38,571064320,70.91,egw-qemu-integrated
2026-10-03T13:35:08Z,egw-mongodb-1,5.92,248803328,46.34,egw-qemu-integrated
2026-10-03T13:35:08Z,egw-ditto-gateway-1,81.08,531947520,66.06,egw-qemu-integrated
2026-10-03T13:35:08Z,egw-controller-1,21.16,59301888,22.09,egw-qemu-integrated
2026-10-03T13:35:09Z,egw-mosquitto-1,1.94,5328896,3.97,egw-qemu-integrated
2026-10-03T13:35:09Z,egw-ditto-things-1,73.95,580407296,72.07,egw-qemu-integrated
2026-10-03T13:35:09Z,egw-ditto-policies-1,15.68,571080704,70.91,egw-qemu-integrated
2026-10-03T13:35:09Z,egw-mongodb-1,7.74,248803328,46.34,egw-qemu-integrated
2026-10-03T13:35:09Z,egw-ditto-gateway-1,75.70,531959808,66.06,egw-qemu-integrated
2026-10-03T13:35:09Z,egw-controller-1,25.06,59047936,22.00,egw-qemu-integrated
2026-10-03T13:35:10Z,egw-mosquitto-1,2.03,5328896,3.97,egw-qemu-integrated
2026-10-03T13:35:10Z,egw-ditto-things-1,71.11,580673536,72.11,egw-qemu-integrated
2026-10-03T13:35:10Z,egw-ditto-policies-1,10.37,571084800,70.92,egw-qemu-integrated
2026-10-03T13:35:10Z,egw-mongodb-1,6.58,248807424,46.34,egw-qemu-integrated
2026-10-03T13:35:10Z,egw-ditto-gateway-1,76.06,531968000,66.06,egw-qemu-integrated
2026-10-03T13:35:10Z,egw-controller-1,26.37,59043840,22.00,egw-qemu-integrated
2026-10-03T13:35:11Z,egw-mosquitto-1,2.02,5341184,3.98,egw-qemu-integrated
2026-10-03T13:35:11Z,egw-ditto-things-1,79.64,580685824,72.11,egw-qemu-integrated
2026-10-03T13:35:11Z,egw-ditto-policies-1,27.44,571097088,70.92,egw-qemu-integrated
2026-10-03T13:35:11Z,egw-mongodb-1,6.22,248803328,46.34,egw-qemu-integrated
2026-10-03T13:35:11Z,egw-ditto-gateway-1,113.34,531996672,66.06,egw-qemu-integrated
2026-10-03T13:35:11Z,egw-controller-1,24.86,59043840,22.00,egw-qemu-integrated
2026-10-03T13:35:12Z,egw-mosquitto-1,1.75,5345280,3.98,egw-qemu-integrated
2026-10-03T13:35:12Z,egw-ditto-things-1,121.78,580505600,72.09,egw-qemu-integrated
2026-10-03T13:35:12Z,egw-ditto-policies-1,14.40,571101184,70.92,egw-qemu-integrated
2026-10-03T13:35:12Z,egw-mongodb-1,6.66,248803328,46.34,egw-qemu-integrated
2026-10-03T13:35:12Z,egw-ditto-gateway-1,122.15,532037632,66.07,egw-qemu-integrated
2026-10-03T13:35:12Z,egw-controller-1,23.57,59052032,22.00,egw-qemu-integrated
2026-10-03T13:35:13Z,egw-mosquitto-1,1.79,5337088,3.98,egw-qemu-integrated
2026-10-03T13:35:13Z,egw-ditto-things-1,106.47,580546560,72.09,egw-qemu-integrated
2026-10-03T13:35:13Z,egw-ditto-policies-1,8.88,571101184,70.92,egw-qemu-integrated
2026-10-03T13:35:13Z,egw-mongodb-1,5.70,248803328,46.34,egw-qemu-integrated
2026-10-03T13:35:13Z,egw-ditto-gateway-1,59.97,532307968,66.10,egw-qemu-integrated
2026-10-03T13:35:13Z,egw-controller-1,25.29,59322368,22.10,egw-qemu-integrated
2026-10-03T13:35:14Z,egw-mosquitto-1,2.03,5332992,3.97,egw-qemu-integrated
2026-10-03T13:35:14Z,egw-ditto-things-1,91.22,580571136,72.09,egw-qemu-integrated
2026-10-03T13:35:14Z,egw-ditto-policies-1,11.94,571113472,70.92,egw-qemu-integrated
2026-10-03T13:35:14Z,egw-mongodb-1,8.55,248807424,46.34,egw-qemu-integrated
2026-10-03T13:35:14Z,egw-ditto-gateway-1,72.98,532070400,66.07,egw-qemu-integrated
2026-10-03T13:35:14Z,egw-controller-1,27.07,59064320,22.00,egw-qemu-integrated
2026-10-03T13:35:15Z,egw-mosquitto-1,1.84,5349376,3.99,egw-qemu-integrated
2026-10-03T13:35:15Z,egw-ditto-things-1,81.38,580571136,72.09,egw-qemu-integrated
2026-10-03T13:35:15Z,egw-ditto-policies-1,8.87,571117568,70.92,egw-qemu-integrated
2026-10-03T13:35:15Z,egw-mongodb-1,6.63,248807424,46.34,egw-qemu-integrated
2026-10-03T13:35:15Z,egw-ditto-gateway-1,62.39,532074496,66.07,egw-qemu-integrated
2026-10-03T13:35:15Z,egw-controller-1,27.23,59326464,22.10,egw-qemu-integrated
2026-10-03T13:35:16Z,egw-mosquitto-1,2.16,5607424,4.18,egw-qemu-integrated
2026-10-03T13:35:16Z,egw-ditto-things-1,98.11,580591616,72.10,egw-qemu-integrated
2026-10-03T13:35:16Z,egw-ditto-policies-1,11.38,571113472,70.92,egw-qemu-integrated
2026-10-03T13:35:16Z,egw-mongodb-1,7.25,248807424,46.34,egw-qemu-integrated
2026-10-03T13:35:16Z,egw-ditto-gateway-1,73.05,532336640,66.10,egw-qemu-integrated
2026-10-03T13:35:16Z,egw-controller-1,28.63,59080704,22.01,egw-qemu-integrated
2026-10-03T13:35:17Z,egw-mosquitto-1,4.45,5615616,4.18,egw-qemu-integrated
2026-10-03T13:35:17Z,egw-ditto-things-1,78.10,580599808,72.10,egw-qemu-integrated
2026-10-03T13:35:17Z,egw-ditto-policies-1,55.84,571154432,70.92,egw-qemu-integrated
2026-10-03T13:35:17Z,egw-mongodb-1,10.59,248807424,46.34,egw-qemu-integrated
2026-10-03T13:35:17Z,egw-ditto-gateway-1,81.72,532094976,66.07,egw-qemu-integrated
2026-10-03T13:35:17Z,egw-controller-1,22.89,59072512,22.01,egw-qemu-integrated
2026-10-03T13:35:18Z,egw-mosquitto-1,1.99,5357568,3.99,egw-qemu-integrated
2026-10-03T13:35:18Z,egw-ditto-things-1,107.75,580567040,72.09,egw-qemu-integrated
2026-10-03T13:35:18Z,egw-ditto-policies-1,105.68,571162624,70.92,egw-qemu-integrated
2026-10-03T13:35:18Z,egw-mongodb-1,35.57,248807424,46.34,egw-qemu-integrated
2026-10-03T13:35:18Z,egw-ditto-gateway-1,92.19,532049920,66.07,egw-qemu-integrated
2026-10-03T13:35:18Z,egw-controller-1,9.36,59076608,22.01,egw-qemu-integrated
2026-10-03T13:35:19Z,egw-mosquitto-1,1.44,5365760,4.00,egw-qemu-integrated
2026-10-03T13:35:19Z,egw-ditto-things-1,73.50,580571136,72.09,egw-qemu-integrated
2026-10-03T13:35:19Z,egw-ditto-policies-1,9.12,571166720,70.93,egw-qemu-integrated
2026-10-03T13:35:19Z,egw-mongodb-1,6.54,248807424,46.34,egw-qemu-integrated
2026-10-03T13:35:19Z,egw-ditto-gateway-1,61.22,532090880,66.07,egw-qemu-integrated
2026-10-03T13:35:19Z,egw-controller-1,13.72,59080704,22.01,egw-qemu-integrated
2026-10-03T13:35:20Z,egw-mosquitto-1,2.11,5369856,4.00,egw-qemu-integrated
2026-10-03T13:35:20Z,egw-ditto-things-1,62.79,580620288,72.10,egw-qemu-integrated
2026-10-03T13:35:20Z,egw-ditto-policies-1,34.99,571174912,70.93,egw-qemu-integrated
2026-10-03T13:35:20Z,egw-mongodb-1,62.39,260308992,48.49,egw-qemu-integrated
2026-10-03T13:35:20Z,egw-ditto-gateway-1,78.15,532103168,66.07,egw-qemu-integrated
2026-10-03T13:35:20Z,egw-controller-1,20.56,59092992,22.01,egw-qemu-integrated
2026-10-03T13:35:21Z,egw-mosquitto-1,1.72,5373952,4.00,egw-qemu-integrated
2026-10-03T13:35:21Z,egw-ditto-things-1,80.84,580587520,72.10,egw-qemu-integrated
2026-10-03T13:35:21Z,egw-ditto-policies-1,9.15,571170816,70.93,egw-qemu-integrated
2026-10-03T13:35:21Z,egw-mongodb-1,91.35,395010048,73.58,egw-qemu-integrated
2026-10-03T13:35:21Z,egw-ditto-gateway-1,60.71,532365312,66.11,egw-qemu-integrated
2026-10-03T13:35:21Z,egw-controller-1,25.38,59092992,22.01,egw-qemu-integrated
2026-10-03T13:35:22Z,egw-mosquitto-1,2.19,5382144,4.01,egw-qemu-integrated
2026-10-03T13:35:22Z,egw-ditto-things-1,75.84,583237632,72.42,egw-qemu-integrated
2026-10-03T13:35:22Z,egw-ditto-policies-1,23.38,571174912,70.93,egw-qemu-integrated
2026-10-03T13:35:22Z,egw-mongodb-1,81.60,398299136,74.19,egw-qemu-integrated
2026-10-03T13:35:22Z,egw-ditto-gateway-1,51.75,533233664,66.22,egw-qemu-integrated
2026-10-03T13:35:22Z,egw-controller-1,17.83,59101184,22.02,egw-qemu-integrated
2026-10-03T13:35:23Z,egw-mosquitto-1,1.95,5398528,4.02,egw-qemu-integrated
2026-10-03T13:35:23Z,egw-ditto-things-1,85.96,580558848,72.09,egw-qemu-integrated
2026-10-03T13:35:23Z,egw-ditto-policies-1,13.68,571179008,70.93,egw-qemu-integrated
2026-10-03T13:35:23Z,egw-mongodb-1,96.65,400736256,74.64,egw-qemu-integrated
2026-10-03T13:35:23Z,egw-ditto-gateway-1,107.19,534032384,66.31,egw-qemu-integrated
2026-10-03T13:35:23Z,egw-controller-1,18.45,59113472,22.02,egw-qemu-integrated
2026-10-03T13:35:24Z,egw-mosquitto-1,1.80,5390336,4.02,egw-qemu-integrated
2026-10-03T13:35:24Z,egw-ditto-things-1,50.36,580603904,72.10,egw-qemu-integrated
2026-10-03T13:35:24Z,egw-ditto-policies-1,9.46,571179008,70.93,egw-qemu-integrated
2026-10-03T13:35:24Z,egw-mongodb-1,82.48,402259968,74.93,egw-qemu-integrated
2026-10-03T13:35:24Z,egw-ditto-gateway-1,86.60,532140032,66.08,egw-qemu-integrated
2026-10-03T13:35:24Z,egw-controller-1,23.37,59113472,22.02,egw-qemu-integrated
2026-10-03T13:35:25Z,egw-mosquitto-1,1.91,5652480,4.21,egw-qemu-integrated
2026-10-03T13:35:25Z,egw-ditto-things-1,46.44,580603904,72.10,egw-qemu-integrated
2026-10-03T13:35:25Z,egw-ditto-policies-1,7.86,571179008,70.93,egw-qemu-integrated
2026-10-03T13:35:25Z,egw-mongodb-1,117.06,407969792,75.99,egw-qemu-integrated
2026-10-03T13:35:25Z,egw-ditto-gateway-1,86.44,532164608,66.08,egw-qemu-integrated
2026-10-03T13:35:25Z,egw-controller-1,25.09,59387904,22.12,egw-qemu-integrated
2026-10-03T13:35:26Z,egw-mosquitto-1,1.71,5402624,4.03,egw-qemu-integrated
2026-10-03T13:35:26Z,egw-ditto-things-1,55.33,580612096,72.10,egw-qemu-integrated
2026-10-03T13:35:26Z,egw-ditto-policies-1,18.85,571183104,70.93,egw-qemu-integrated
2026-10-03T13:35:26Z,egw-mongodb-1,139.81,412553216,76.84,egw-qemu-integrated
2026-10-03T13:35:26Z,egw-ditto-gateway-1,55.53,532168704,66.08,egw-qemu-integrated
2026-10-03T13:35:26Z,egw-controller-1,20.89,59383808,22.12,egw-qemu-integrated
2026-10-03T13:35:27Z,egw-mosquitto-1,2.06,5664768,4.22,egw-qemu-integrated
2026-10-03T13:35:27Z,egw-ditto-things-1,80.50,580583424,72.09,egw-qemu-integrated
2026-10-03T13:35:27Z,egw-ditto-policies-1,63.65,571187200,70.93,egw-qemu-integrated
2026-10-03T13:35:27Z,egw-mongodb-1,19.79,245620736,45.75,egw-qemu-integrated
2026-10-03T13:35:27Z,egw-ditto-gateway-1,87.80,532185088,66.08,egw-qemu-integrated
2026-10-03T13:35:27Z,egw-controller-1,41.11,59867136,22.30,egw-qemu-integrated
2026-10-03T13:35:28Z,egw-mosquitto-1,1.95,5668864,4.22,egw-qemu-integrated
2026-10-03T13:35:28Z,egw-ditto-things-1,76.07,580636672,72.10,egw-qemu-integrated
2026-10-03T13:35:28Z,egw-ditto-policies-1,20.42,571195392,70.93,egw-qemu-integrated
2026-10-03T13:35:28Z,egw-mongodb-1,7.14,245620736,45.75,egw-qemu-integrated
2026-10-03T13:35:28Z,egw-ditto-gateway-1,68.23,532201472,66.09,egw-qemu-integrated
2026-10-03T13:35:28Z,egw-controller-1,113.65,69148672,25.76,egw-qemu-integrated
2026-10-03T13:35:29Z,egw-mosquitto-1,1.64,5406720,4.03,egw-qemu-integrated
2026-10-03T13:35:29Z,egw-ditto-things-1,82.24,580653056,72.10,egw-qemu-integrated
2026-10-03T13:35:29Z,egw-ditto-policies-1,10.51,571195392,70.93,egw-qemu-integrated
2026-10-03T13:35:29Z,egw-mongodb-1,6.59,245620736,45.75,egw-qemu-integrated
2026-10-03T13:35:29Z,egw-ditto-gateway-1,46.97,532205568,66.09,egw-qemu-integrated
2026-10-03T13:35:29Z,egw-controller-1,116.19,71217152,26.53,egw-qemu-integrated
2026-10-03T13:35:30Z,egw-mosquitto-1,62.25,5525504,4.12,egw-qemu-integrated
2026-10-03T13:35:30Z,egw-ditto-things-1,54.08,580624384,72.10,egw-qemu-integrated
2026-10-03T13:35:30Z,egw-ditto-policies-1,15.50,571195392,70.93,egw-qemu-integrated
2026-10-03T13:35:30Z,egw-mongodb-1,9.72,245620736,45.75,egw-qemu-integrated
2026-10-03T13:35:30Z,egw-ditto-gateway-1,40.60,532201472,66.09,egw-qemu-integrated
2026-10-03T13:35:30Z,egw-controller-1,105.86,72441856,26.99,egw-qemu-integrated
2026-10-03T13:35:31Z,egw-mosquitto-1,1.86,5431296,4.05,egw-qemu-integrated
2026-10-03T13:35:31Z,egw-ditto-things-1,63.56,580677632,72.11,egw-qemu-integrated
2026-10-03T13:35:31Z,egw-ditto-policies-1,9.35,571195392,70.93,egw-qemu-integrated
2026-10-03T13:35:31Z,egw-mongodb-1,6.78,245624832,45.75,egw-qemu-integrated
2026-10-03T13:35:31Z,egw-ditto-gateway-1,70.07,532283392,66.10,egw-qemu-integrated
2026-10-03T13:35:31Z,egw-controller-1,40.76,59400192,22.13,egw-qemu-integrated
2026-10-03T13:35:32Z,egw-mosquitto-1,1.59,5697536,4.24,egw-qemu-integrated
2026-10-03T13:35:32Z,egw-ditto-things-1,65.62,580685824,72.11,egw-qemu-integrated
2026-10-03T13:35:32Z,egw-ditto-policies-1,44.81,571215872,70.93,egw-qemu-integrated
2026-10-03T13:35:32Z,egw-mongodb-1,6.86,245624832,45.75,egw-qemu-integrated
2026-10-03T13:35:32Z,egw-ditto-gateway-1,92.58,532283392,66.10,egw-qemu-integrated
2026-10-03T13:35:32Z,egw-controller-1,27.72,59142144,22.03,egw-qemu-integrated
2026-10-03T13:35:33Z,egw-mosquitto-1,2.01,5705728,4.25,egw-qemu-integrated
2026-10-03T13:35:33Z,egw-ditto-things-1,78.14,580689920,72.11,egw-qemu-integrated
2026-10-03T13:35:33Z,egw-ditto-policies-1,9.73,571215872,70.93,egw-qemu-integrated
2026-10-03T13:35:33Z,egw-mongodb-1,9.04,245624832,45.75,egw-qemu-integrated
2026-10-03T13:35:33Z,egw-ditto-gateway-1,86.36,532566016,66.13,egw-qemu-integrated
2026-10-03T13:35:33Z,egw-controller-1,26.17,59142144,22.03,egw-qemu-integrated
2026-10-03T13:35:34Z,egw-mosquitto-1,1.98,5439488,4.05,egw-qemu-integrated
2026-10-03T13:35:34Z,egw-ditto-things-1,74.52,580702208,72.11,egw-qemu-integrated
2026-10-03T13:35:34Z,egw-ditto-policies-1,11.10,571219968,70.93,egw-qemu-integrated
2026-10-03T13:35:34Z,egw-mongodb-1,6.72,245886976,45.80,egw-qemu-integrated
2026-10-03T13:35:34Z,egw-ditto-gateway-1,80.01,532590592,66.14,egw-qemu-integrated
2026-10-03T13:35:34Z,egw-controller-1,25.16,59146240,22.03,egw-qemu-integrated
2026-10-03T13:35:35Z,egw-mosquitto-1,1.80,5439488,4.05,egw-qemu-integrated
2026-10-03T13:35:35Z,egw-ditto-things-1,57.48,580706304,72.11,egw-qemu-integrated
2026-10-03T13:35:35Z,egw-ditto-policies-1,12.70,571228160,70.93,egw-qemu-integrated
2026-10-03T13:35:35Z,egw-mongodb-1,6.38,245624832,45.75,egw-qemu-integrated
2026-10-03T13:35:35Z,egw-ditto-gateway-1,86.25,532357120,66.11,egw-qemu-integrated
2026-10-03T13:35:35Z,egw-controller-1,28.48,59150336,22.04,egw-qemu-integrated
2026-10-03T13:35:36Z,egw-mosquitto-1,1.99,5443584,4.06,egw-qemu-integrated
2026-10-03T13:35:36Z,egw-ditto-things-1,61.86,580714496,72.11,egw-qemu-integrated
2026-10-03T13:35:36Z,egw-ditto-policies-1,9.00,571224064,70.93,egw-qemu-integrated
2026-10-03T13:35:36Z,egw-mongodb-1,7.91,245891072,45.80,egw-qemu-integrated
2026-10-03T13:35:36Z,egw-ditto-gateway-1,72.76,532361216,66.11,egw-qemu-integrated
2026-10-03T13:35:36Z,egw-controller-1,27.04,59154432,22.04,egw-qemu-integrated
2026-10-03T13:35:37Z,egw-mosquitto-1,1.77,5443584,4.06,egw-qemu-integrated
2026-10-03T13:35:37Z,egw-ditto-things-1,80.70,580734976,72.11,egw-qemu-integrated
2026-10-03T13:35:37Z,egw-ditto-policies-1,30.27,571228160,70.93,egw-qemu-integrated
2026-10-03T13:35:37Z,egw-mongodb-1,7.79,245628928,45.75,egw-qemu-integrated
2026-10-03T13:35:37Z,egw-ditto-gateway-1,104.82,532373504,66.11,egw-qemu-integrated
2026-10-03T13:35:37Z,egw-controller-1,24.26,59158528,22.04,egw-qemu-integrated
2026-10-03T13:35:38Z,egw-mosquitto-1,2.34,5455872,4.06,egw-qemu-integrated
2026-10-03T13:35:38Z,egw-ditto-things-1,82.94,580734976,72.11,egw-qemu-integrated
2026-10-03T13:35:38Z,egw-ditto-policies-1,65.48,573161472,71.17,egw-qemu-integrated
2026-10-03T13:35:38Z,egw-mongodb-1,6.95,245891072,45.80,egw-qemu-integrated
2026-10-03T13:35:38Z,egw-ditto-gateway-1,93.69,532393984,66.11,egw-qemu-integrated
2026-10-03T13:35:38Z,egw-controller-1,22.90,59158528,22.04,egw-qemu-integrated
2026-10-03T13:35:39Z,egw-mosquitto-1,2.08,5451776,4.06,egw-qemu-integrated
2026-10-03T13:35:39Z,egw-ditto-things-1,92.30,580747264,72.12,egw-qemu-integrated
2026-10-03T13:35:39Z,egw-ditto-policies-1,55.55,571244544,70.94,egw-qemu-integrated
2026-10-03T13:35:39Z,egw-mongodb-1,7.05,245624832,45.75,egw-qemu-integrated
2026-10-03T13:35:39Z,egw-ditto-gateway-1,74.80,532414464,66.11,egw-qemu-integrated
2026-10-03T13:35:39Z,egw-controller-1,26.08,59166720,22.04,egw-qemu-integrated
2026-10-03T13:35:40Z,egw-mosquitto-1,1.95,5451776,4.06,egw-qemu-integrated
2026-10-03T13:35:40Z,egw-ditto-things-1,116.36,580775936,72.12,egw-qemu-integrated
2026-10-03T13:35:40Z,egw-ditto-policies-1,11.39,571244544,70.94,egw-qemu-integrated
2026-10-03T13:35:40Z,egw-mongodb-1,7.18,245624832,45.75,egw-qemu-integrated
2026-10-03T13:35:40Z,egw-ditto-gateway-1,76.36,532426752,66.11,egw-qemu-integrated
2026-10-03T13:35:40Z,egw-controller-1,25.07,59170816,22.04,egw-qemu-integrated
2026-10-03T13:35:41Z,egw-mosquitto-1,2.04,5455872,4.06,egw-qemu-integrated
2026-10-03T13:35:41Z,egw-ditto-things-1,137.04,580907008,72.13,egw-qemu-integrated
2026-10-03T13:35:41Z,egw-ditto-policies-1,11.34,571244544,70.94,egw-qemu-integrated
2026-10-03T13:35:41Z,egw-mongodb-1,6.88,245633024,45.75,egw-qemu-integrated
2026-10-03T13:35:41Z,egw-ditto-gateway-1,79.03,532443136,66.12,egw-qemu-integrated
2026-10-03T13:35:41Z,egw-controller-1,26.84,59428864,22.14,egw-qemu-integrated
2026-10-03T13:35:42Z,egw-mosquitto-1,3.86,5722112,4.26,egw-qemu-integrated
2026-10-03T13:35:42Z,egw-ditto-things-1,81.45,580915200,72.14,egw-qemu-integrated
2026-10-03T13:35:42Z,egw-ditto-policies-1,14.32,571244544,70.94,egw-qemu-integrated
2026-10-03T13:35:42Z,egw-mongodb-1,8.96,245899264,45.80,egw-qemu-integrated
2026-10-03T13:35:42Z,egw-ditto-gateway-1,68.61,532463616,66.12,egw-qemu-integrated
2026-10-03T13:35:42Z,egw-controller-1,24.33,59170816,22.04,egw-qemu-integrated
2026-10-03T13:35:43Z,egw-mosquitto-1,1.51,5468160,4.07,egw-qemu-integrated
2026-10-03T13:35:43Z,egw-ditto-things-1,73.94,580911104,72.14,egw-qemu-integrated
2026-10-03T13:35:43Z,egw-ditto-policies-1,28.53,571248640,70.94,egw-qemu-integrated
2026-10-03T13:35:43Z,egw-mongodb-1,25.02,245751808,45.77,egw-qemu-integrated
2026-10-03T13:35:43Z,egw-ditto-gateway-1,112.42,532459520,66.12,egw-qemu-integrated
2026-10-03T13:35:43Z,egw-controller-1,16.40,59170816,22.04,egw-qemu-integrated
2026-10-03T13:35:44Z,egw-mosquitto-1,1.84,5464064,4.07,egw-qemu-integrated
2026-10-03T13:35:44Z,egw-ditto-things-1,94.11,580878336,72.13,egw-qemu-integrated
2026-10-03T13:35:44Z,egw-ditto-policies-1,19.82,571248640,70.94,egw-qemu-integrated
2026-10-03T13:35:44Z,egw-mongodb-1,9.60,245809152,45.79,egw-qemu-integrated
2026-10-03T13:35:44Z,egw-ditto-gateway-1,64.93,532471808,66.12,egw-qemu-integrated
2026-10-03T13:35:44Z,egw-controller-1,19.36,59183104,22.05,egw-qemu-integrated
2026-10-03T13:35:45Z,egw-mosquitto-1,3.32,5472256,4.08,egw-qemu-integrated
2026-10-03T13:35:45Z,egw-ditto-things-1,94.77,581029888,72.15,egw-qemu-integrated
2026-10-03T13:35:45Z,egw-ditto-policies-1,7.62,571244544,70.94,egw-qemu-integrated
2026-10-03T13:35:45Z,egw-mongodb-1,9.19,245813248,45.79,egw-qemu-integrated
2026-10-03T13:35:45Z,egw-ditto-gateway-1,54.89,532729856,66.15,egw-qemu-integrated
2026-10-03T13:35:45Z,egw-controller-1,26.91,59453440,22.15,egw-qemu-integrated
2026-10-03T13:35:46Z,egw-mosquitto-1,1.98,5468160,4.07,egw-qemu-integrated
2026-10-03T13:35:46Z,egw-ditto-things-1,63.14,581091328,72.16,egw-qemu-integrated
2026-10-03T13:35:46Z,egw-ditto-policies-1,40.59,571252736,70.94,egw-qemu-integrated
2026-10-03T13:35:46Z,egw-mongodb-1,7.64,245813248,45.79,egw-qemu-integrated
2026-10-03T13:35:46Z,egw-ditto-gateway-1,54.66,532475904,66.12,egw-qemu-integrated
2026-10-03T13:35:46Z,egw-controller-1,26.57,59183104,22.05,egw-qemu-integrated
2026-10-03T13:35:47Z,egw-mosquitto-1,2.14,5476352,4.08,egw-qemu-integrated
2026-10-03T13:35:47Z,egw-ditto-things-1,65.39,581091328,72.16,egw-qemu-integrated
2026-10-03T13:35:47Z,egw-ditto-policies-1,89.95,571252736,70.94,egw-qemu-integrated
2026-10-03T13:35:47Z,egw-mongodb-1,5.90,245813248,45.79,egw-qemu-integrated
2026-10-03T13:35:47Z,egw-ditto-gateway-1,74.13,532484096,66.12,egw-qemu-integrated
2026-10-03T13:35:47Z,egw-controller-1,22.91,59187200,22.05,egw-qemu-integrated
2026-10-03T13:35:48Z,egw-mosquitto-1,2.25,5480448,4.08,egw-qemu-integrated
2026-10-03T13:35:48Z,egw-ditto-things-1,82.97,581111808,72.16,egw-qemu-integrated
2026-10-03T13:35:48Z,egw-ditto-policies-1,13.30,571252736,70.94,egw-qemu-integrated
2026-10-03T13:35:48Z,egw-mongodb-1,7.54,245813248,45.79,egw-qemu-integrated
2026-10-03T13:35:48Z,egw-ditto-gateway-1,75.38,532492288,66.12,egw-qemu-integrated
2026-10-03T13:35:48Z,egw-controller-1,26.67,59453440,22.15,egw-qemu-integrated
2026-10-03T13:35:49Z,egw-mosquitto-1,2.01,5472256,4.08,egw-qemu-integrated
2026-10-03T13:35:49Z,egw-ditto-things-1,61.27,581156864,72.17,egw-qemu-integrated
2026-10-03T13:35:49Z,egw-ditto-policies-1,9.50,571256832,70.94,egw-qemu-integrated
2026-10-03T13:35:49Z,egw-mongodb-1,6.98,245841920,45.79,egw-qemu-integrated
2026-10-03T13:35:49Z,egw-ditto-gateway-1,76.25,532508672,66.12,egw-qemu-integrated
2026-10-03T13:35:49Z,egw-controller-1,22.79,59199488,22.05,egw-qemu-integrated
2026-10-03T13:35:50Z,egw-mosquitto-1,1.96,5734400,4.27,egw-qemu-integrated
2026-10-03T13:35:50Z,egw-ditto-things-1,63.27,581177344,72.17,egw-qemu-integrated
2026-10-03T13:35:50Z,egw-ditto-policies-1,13.02,571256832,70.94,egw-qemu-integrated
2026-10-03T13:35:50Z,egw-mongodb-1,6.75,245833728,45.79,egw-qemu-integrated
2026-10-03T13:35:50Z,egw-ditto-gateway-1,71.51,532512768,66.13,egw-qemu-integrated
2026-10-03T13:35:50Z,egw-controller-1,29.38,59453440,22.15,egw-qemu-integrated
2026-10-03T13:35:51Z,egw-mosquitto-1,1.85,5742592,4.28,egw-qemu-integrated
2026-10-03T13:35:51Z,egw-ditto-things-1,62.91,581464064,72.20,egw-qemu-integrated
2026-10-03T13:35:51Z,egw-ditto-policies-1,12.51,571260928,70.94,egw-qemu-integrated
2026-10-03T13:35:51Z,egw-mongodb-1,7.25,245833728,45.79,egw-qemu-integrated
2026-10-03T13:35:51Z,egw-ditto-gateway-1,54.11,532516864,66.13,egw-qemu-integrated
2026-10-03T13:35:51Z,egw-controller-1,28.61,59715584,22.25,egw-qemu-integrated
2026-10-03T13:35:52Z,egw-mosquitto-1,1.91,5480448,4.08,egw-qemu-integrated
2026-10-03T13:35:52Z,egw-ditto-things-1,61.15,581214208,72.17,egw-qemu-integrated
2026-10-03T13:35:52Z,egw-ditto-policies-1,10.76,571260928,70.94,egw-qemu-integrated
2026-10-03T13:35:52Z,egw-mongodb-1,7.15,245837824,45.79,egw-qemu-integrated
2026-10-03T13:35:52Z,egw-ditto-gateway-1,94.05,532537344,66.13,egw-qemu-integrated
2026-10-03T13:35:52Z,egw-controller-1,28.46,59469824,22.15,egw-qemu-integrated
2026-10-03T13:35:53Z,egw-mosquitto-1,2.18,5492736,4.09,egw-qemu-integrated
2026-10-03T13:35:53Z,egw-ditto-things-1,85.68,583667712,72.48,egw-qemu-integrated
2026-10-03T13:35:53Z,egw-ditto-policies-1,11.77,571265024,70.94,egw-qemu-integrated
2026-10-03T13:35:53Z,egw-mongodb-1,5.35,245837824,45.79,egw-qemu-integrated
2026-10-03T13:35:53Z,egw-ditto-gateway-1,51.05,533303296,66.22,egw-qemu-integrated
2026-10-03T13:35:53Z,egw-controller-1,21.52,59199488,22.05,egw-qemu-integrated
2026-10-03T13:35:54Z,egw-mosquitto-1,1.90,5480448,4.08,egw-qemu-integrated
2026-10-03T13:35:54Z,egw-ditto-things-1,107.61,581234688,72.18,egw-qemu-integrated
2026-10-03T13:35:54Z,egw-ditto-policies-1,14.37,571269120,70.94,egw-qemu-integrated
2026-10-03T13:35:54Z,egw-mongodb-1,8.65,246022144,45.83,egw-qemu-integrated
2026-10-03T13:35:54Z,egw-ditto-gateway-1,103.09,532553728,66.13,egw-qemu-integrated
2026-10-03T13:35:54Z,egw-controller-1,21.89,59199488,22.05,egw-qemu-integrated
2026-10-03T13:35:55Z,egw-mosquitto-1,1.74,5754880,4.29,egw-qemu-integrated
2026-10-03T13:35:55Z,egw-ditto-things-1,51.24,581234688,72.18,egw-qemu-integrated
2026-10-03T13:35:55Z,egw-ditto-policies-1,9.18,571269120,70.94,egw-qemu-integrated
2026-10-03T13:35:55Z,egw-mongodb-1,8.02,246022144,45.83,egw-qemu-integrated
2026-10-03T13:35:55Z,egw-ditto-gateway-1,56.29,532807680,66.16,egw-qemu-integrated
2026-10-03T13:35:55Z,egw-controller-1,31.15,59207680,22.06,egw-qemu-integrated
2026-10-03T13:35:56Z,egw-mosquitto-1,1.73,5492736,4.09,egw-qemu-integrated
2026-10-03T13:35:56Z,egw-ditto-things-1,94.91,581259264,72.18,egw-qemu-integrated
2026-10-03T13:35:56Z,egw-ditto-policies-1,17.35,571273216,70.94,egw-qemu-integrated
2026-10-03T13:35:56Z,egw-mongodb-1,9.62,246738944,45.96,egw-qemu-integrated
2026-10-03T13:35:56Z,egw-ditto-gateway-1,70.99,532561920,66.13,egw-qemu-integrated
2026-10-03T13:35:56Z,egw-controller-1,21.62,59203584,22.06,egw-qemu-integrated
2026-10-03T13:35:57Z,egw-mosquitto-1,2.08,5496832,4.10,egw-qemu-integrated
2026-10-03T13:35:57Z,egw-ditto-things-1,66.99,581275648,72.18,egw-qemu-integrated
2026-10-03T13:35:57Z,egw-ditto-policies-1,93.89,571314176,70.94,egw-qemu-integrated
2026-10-03T13:35:57Z,egw-mongodb-1,79.15,316448768,58.94,egw-qemu-integrated
2026-10-03T13:35:57Z,egw-ditto-gateway-1,45.53,532570112,66.13,egw-qemu-integrated
2026-10-03T13:35:57Z,egw-controller-1,22.98,59207680,22.06,egw-qemu-integrated
2026-10-03T13:35:58Z,egw-mosquitto-1,1.79,5500928,4.10,egw-qemu-integrated
2026-10-03T13:35:58Z,egw-ditto-things-1,61.67,581509120,72.21,egw-qemu-integrated
2026-10-03T13:35:58Z,egw-ditto-policies-1,70.88,545656832,67.76,egw-qemu-integrated
2026-10-03T13:35:58Z,egw-mongodb-1,101.01,394203136,73.43,egw-qemu-integrated
2026-10-03T13:35:58Z,egw-ditto-gateway-1,45.41,532570112,66.13,egw-qemu-integrated
2026-10-03T13:35:58Z,egw-controller-1,22.39,59215872,22.06,egw-qemu-integrated
2026-10-03T13:35:59Z,egw-mosquitto-1,1.85,5763072,4.29,egw-qemu-integrated
2026-10-03T13:35:59Z,egw-ditto-things-1,71.60,581296128,72.18,egw-qemu-integrated
2026-10-03T13:35:59Z,egw-ditto-policies-1,21.30,545656832,67.76,egw-qemu-integrated
2026-10-03T13:35:59Z,egw-mongodb-1,131.30,398544896,74.23,egw-qemu-integrated
2026-10-03T13:35:59Z,egw-ditto-gateway-1,60.63,532582400,66.13,egw-qemu-integrated
2026-10-03T13:35:59Z,egw-controller-1,23.29,59482112,22.16,egw-qemu-integrated
2026-10-03T13:36:00Z,egw-mosquitto-1,4.74,6230016,4.64,egw-qemu-integrated
2026-10-03T13:36:00Z,egw-ditto-things-1,50.21,581308416,72.18,egw-qemu-integrated
2026-10-03T13:36:00Z,egw-ditto-policies-1,10.49,545656832,67.76,egw-qemu-integrated
2026-10-03T13:36:00Z,egw-mongodb-1,84.80,400764928,74.65,egw-qemu-integrated
2026-10-03T13:36:00Z,egw-ditto-gateway-1,47.12,532582400,66.13,egw-qemu-integrated
2026-10-03T13:36:00Z,egw-controller-1,20.16,59224064,22.06,egw-qemu-integrated
2026-10-03T13:36:01Z,egw-mosquitto-1,68.70,5521408,4.11,egw-qemu-integrated
2026-10-03T13:36:01Z,egw-ditto-things-1,53.90,581283840,72.18,egw-qemu-integrated
2026-10-03T13:36:01Z,egw-ditto-policies-1,10.53,545656832,67.76,egw-qemu-integrated
2026-10-03T13:36:01Z,egw-mongodb-1,67.92,402964480,75.06,egw-qemu-integrated
2026-10-03T13:36:01Z,egw-ditto-gateway-1,57.47,532594688,66.14,egw-qemu-integrated
2026-10-03T13:36:01Z,egw-controller-1,65.99,61792256,23.02,egw-qemu-integrated
2026-10-03T13:36:02Z,egw-mosquitto-1,1.77,5529600,4.12,egw-qemu-integrated
2026-10-03T13:36:02Z,egw-ditto-things-1,59.43,581332992,72.19,egw-qemu-integrated
2026-10-03T13:36:02Z,egw-ditto-policies-1,38.77,545656832,67.76,egw-qemu-integrated
2026-10-03T13:36:02Z,egw-mongodb-1,98.66,407355392,75.88,egw-qemu-integrated
2026-10-03T13:36:02Z,egw-ditto-gateway-1,46.20,532598784,66.14,egw-qemu-integrated
2026-10-03T13:36:02Z,egw-controller-1,100.76,69410816,25.86,egw-qemu-integrated
2026-10-03T13:36:03Z,egw-mosquitto-1,2.00,5525504,4.12,egw-qemu-integrated
2026-10-03T13:36:03Z,egw-ditto-things-1,63.48,581341184,72.19,egw-qemu-integrated
2026-10-03T13:36:03Z,egw-ditto-policies-1,7.78,545656832,67.76,egw-qemu-integrated
2026-10-03T13:36:03Z,egw-mongodb-1,104.54,246198272,45.86,egw-qemu-integrated
2026-10-03T13:36:03Z,egw-ditto-gateway-1,43.27,532602880,66.14,egw-qemu-integrated
2026-10-03T13:36:03Z,egw-controller-1,105.35,70901760,26.41,egw-qemu-integrated
2026-10-03T13:36:04Z,egw-mosquitto-1,1.96,5529600,4.12,egw-qemu-integrated
2026-10-03T13:36:04Z,egw-ditto-things-1,53.48,581611520,72.22,egw-qemu-integrated
2026-10-03T13:36:04Z,egw-ditto-policies-1,7.96,545656832,67.76,egw-qemu-integrated
2026-10-03T13:36:04Z,egw-mongodb-1,8.11,246214656,45.86,egw-qemu-integrated
2026-10-03T13:36:04Z,egw-ditto-gateway-1,84.00,532615168,66.14,egw-qemu-integrated
2026-10-03T13:36:04Z,egw-controller-1,125.04,73056256,27.22,egw-qemu-integrated
2026-10-03T13:36:05Z,egw-mosquitto-1,1.93,5529600,4.12,egw-qemu-integrated
2026-10-03T13:36:05Z,egw-ditto-things-1,64.23,581312512,72.19,egw-qemu-integrated
2026-10-03T13:36:05Z,egw-ditto-policies-1,11.56,545656832,67.76,egw-qemu-integrated
2026-10-03T13:36:05Z,egw-mongodb-1,6.53,246251520,45.87,egw-qemu-integrated
2026-10-03T13:36:05Z,egw-ditto-gateway-1,93.36,532885504,66.17,egw-qemu-integrated
2026-10-03T13:36:05Z,egw-controller-1,35.56,59240448,22.07,egw-qemu-integrated
2026-10-03T13:36:06Z,egw-mosquitto-1,1.86,5791744,4.32,egw-qemu-integrated
2026-10-03T13:36:06Z,egw-ditto-things-1,91.38,581394432,72.20,egw-qemu-integrated
2026-10-03T13:36:06Z,egw-ditto-policies-1,13.13,545656832,67.76,egw-qemu-integrated
2026-10-03T13:36:06Z,egw-mongodb-1,6.70,246251520,45.87,egw-qemu-integrated
2026-10-03T13:36:06Z,egw-ditto-gateway-1,68.91,532647936,66.14,egw-qemu-integrated
2026-10-03T13:36:06Z,egw-controller-1,26.48,59248640,22.07,egw-qemu-integrated
2026-10-03T13:36:07Z,egw-mosquitto-1,1.78,5533696,4.12,egw-qemu-integrated
2026-10-03T13:36:07Z,egw-ditto-things-1,70.72,581427200,72.20,egw-qemu-integrated
2026-10-03T13:36:07Z,egw-ditto-policies-1,18.96,545656832,67.76,egw-qemu-integrated
2026-10-03T13:36:07Z,egw-mongodb-1,7.13,246251520,45.87,egw-qemu-integrated
2026-10-03T13:36:07Z,egw-ditto-gateway-1,63.64,532664320,66.14,egw-qemu-integrated
2026-10-03T13:36:07Z,egw-controller-1,26.73,59506688,22.17,egw-qemu-integrated
2026-10-03T13:36:08Z,egw-mosquitto-1,2.10,5537792,4.13,egw-qemu-integrated
2026-10-03T13:36:08Z,egw-ditto-things-1,49.26,581423104,72.20,egw-qemu-integrated
2026-10-03T13:36:08Z,egw-ditto-policies-1,31.16,546787328,67.90,egw-qemu-integrated
2026-10-03T13:36:08Z,egw-mongodb-1,8.00,246251520,45.87,egw-qemu-integrated
2026-10-03T13:36:08Z,egw-ditto-gateway-1,71.08,532676608,66.15,egw-qemu-integrated
2026-10-03T13:36:08Z,egw-controller-1,26.98,59248640,22.07,egw-qemu-integrated
2026-10-03T13:36:09Z,egw-mosquitto-1,3.79,5804032,4.32,egw-qemu-integrated
2026-10-03T13:36:09Z,egw-ditto-things-1,68.18,581427200,72.20,egw-qemu-integrated
2026-10-03T13:36:09Z,egw-ditto-policies-1,100.60,547586048,68.00,egw-qemu-integrated
2026-10-03T13:36:09Z,egw-mongodb-1,15.77,246251520,45.87,egw-qemu-integrated
2026-10-03T13:36:09Z,egw-ditto-gateway-1,103.81,532680704,66.15,egw-qemu-integrated
2026-10-03T13:36:09Z,egw-controller-1,12.96,59252736,22.07,egw-qemu-integrated
2026-10-03T13:36:10Z,egw-mosquitto-1,1.67,5812224,4.33,egw-qemu-integrated
2026-10-03T13:36:10Z,egw-ditto-things-1,84.50,581390336,72.19,egw-qemu-integrated
2026-10-03T13:36:10Z,egw-ditto-policies-1,36.02,545660928,67.76,egw-qemu-integrated
2026-10-03T13:36:10Z,egw-mongodb-1,8.67,246251520,45.87,egw-qemu-integrated
2026-10-03T13:36:10Z,egw-ditto-gateway-1,71.77,532692992,66.15,egw-qemu-integrated
2026-10-03T13:36:10Z,egw-controller-1,15.06,59260928,22.08,egw-qemu-integrated
2026-10-03T13:36:11Z,egw-mosquitto-1,1.98,5812224,4.33,egw-qemu-integrated
2026-10-03T13:36:11Z,egw-ditto-things-1,63.83,581431296,72.20,egw-qemu-integrated
2026-10-03T13:36:11Z,egw-ditto-policies-1,27.46,545660928,67.76,egw-qemu-integrated
2026-10-03T13:36:11Z,egw-mongodb-1,7.03,246251520,45.87,egw-qemu-integrated
2026-10-03T13:36:11Z,egw-ditto-gateway-1,97.84,532692992,66.15,egw-qemu-integrated
2026-10-03T13:36:11Z,egw-controller-1,24.02,59777024,22.27,egw-qemu-integrated
2026-10-03T13:36:12Z,egw-mosquitto-1,3.89,5558272,4.14,egw-qemu-integrated
2026-10-03T13:36:12Z,egw-ditto-things-1,92.45,581451776,72.20,egw-qemu-integrated
2026-10-03T13:36:12Z,egw-ditto-policies-1,11.38,545660928,67.76,egw-qemu-integrated
2026-10-03T13:36:12Z,egw-mongodb-1,7.16,246251520,45.87,egw-qemu-integrated
2026-10-03T13:36:12Z,egw-ditto-gateway-1,66.01,532701184,66.15,egw-qemu-integrated
2026-10-03T13:36:12Z,egw-controller-1,29.99,59518976,22.17,egw-qemu-integrated
2026-10-03T13:36:13Z,egw-mosquitto-1,2.20,5816320,4.33,egw-qemu-integrated
2026-10-03T13:36:13Z,egw-ditto-things-1,64.41,581451776,72.20,egw-qemu-integrated
2026-10-03T13:36:13Z,egw-ditto-policies-1,7.26,545660928,67.76,egw-qemu-integrated
2026-10-03T13:36:13Z,egw-mongodb-1,6.60,246255616,45.87,egw-qemu-integrated
2026-10-03T13:36:13Z,egw-ditto-gateway-1,88.28,532709376,66.15,egw-qemu-integrated
2026-10-03T13:36:13Z,egw-controller-1,27.26,59523072,22.17,egw-qemu-integrated
2026-10-03T13:36:14Z,egw-mosquitto-1,1.78,5820416,4.34,egw-qemu-integrated
2026-10-03T13:36:14Z,egw-ditto-things-1,68.52,581722112,72.24,egw-qemu-integrated
2026-10-03T13:36:14Z,egw-ditto-policies-1,14.21,545660928,67.76,egw-qemu-integrated
2026-10-03T13:36:14Z,egw-mongodb-1,8.76,246276096,45.87,egw-qemu-integrated
2026-10-03T13:36:14Z,egw-ditto-gateway-1,96.99,532742144,66.15,egw-qemu-integrated
2026-10-03T13:36:14Z,egw-controller-1,26.60,59265024,22.08,egw-qemu-integrated
2026-10-03T13:36:15Z,egw-mosquitto-1,2.03,5562368,4.14,egw-qemu-integrated
2026-10-03T13:36:15Z,egw-ditto-things-1,117.37,581795840,72.25,egw-qemu-integrated
2026-10-03T13:36:15Z,egw-ditto-policies-1,8.24,545660928,67.76,egw-qemu-integrated
2026-10-03T13:36:15Z,egw-mongodb-1,7.39,246272000,45.87,egw-qemu-integrated
2026-10-03T13:36:15Z,egw-ditto-gateway-1,56.72,532750336,66.15,egw-qemu-integrated
2026-10-03T13:36:15Z,egw-controller-1,25.13,59269120,22.08,egw-qemu-integrated
2026-10-03T13:36:16Z,egw-mosquitto-1,1.82,6074368,4.53,egw-qemu-integrated
2026-10-03T13:36:16Z,egw-ditto-things-1,95.16,581558272,72.22,egw-qemu-integrated
2026-10-03T13:36:16Z,egw-ditto-policies-1,58.29,545673216,67.76,egw-qemu-integrated
2026-10-03T13:36:16Z,egw-mongodb-1,7.94,246534144,45.92,egw-qemu-integrated
2026-10-03T13:36:16Z,egw-ditto-gateway-1,73.42,533012480,66.19,egw-qemu-integrated
2026-10-03T13:36:16Z,egw-controller-1,20.58,59265024,22.08,egw-qemu-integrated
2026-10-03T13:36:17Z,egw-mosquitto-1,1.63,5820416,4.34,egw-qemu-integrated
2026-10-03T13:36:17Z,egw-ditto-things-1,63.51,581566464,72.22,egw-qemu-integrated
2026-10-03T13:36:17Z,egw-ditto-policies-1,9.45,545669120,67.76,egw-qemu-integrated
2026-10-03T13:36:17Z,egw-mongodb-1,6.55,246272000,45.87,egw-qemu-integrated
2026-10-03T13:36:17Z,egw-ditto-gateway-1,138.58,528482304,65.62,egw-qemu-integrated
2026-10-03T13:36:17Z,egw-controller-1,24.18,59535360,22.18,egw-qemu-integrated
2026-10-03T13:36:18Z,egw-mosquitto-1,2.02,5570560,4.15,egw-qemu-integrated
2026-10-03T13:36:18Z,egw-ditto-things-1,74.11,581840896,72.25,egw-qemu-integrated
2026-10-03T13:36:18Z,egw-ditto-policies-1,14.48,545669120,67.76,egw-qemu-integrated
2026-10-03T13:36:18Z,egw-mongodb-1,7.27,246534144,45.92,egw-qemu-integrated
2026-10-03T13:36:18Z,egw-ditto-gateway-1,94.65,528482304,65.62,egw-qemu-integrated
2026-10-03T13:36:18Z,egw-controller-1,27.38,59539456,22.18,egw-qemu-integrated
2026-10-03T13:36:19Z,egw-mosquitto-1,1.94,5566464,4.15,egw-qemu-integrated
2026-10-03T13:36:19Z,egw-ditto-things-1,64.59,581623808,72.22,egw-qemu-integrated
2026-10-03T13:36:19Z,egw-ditto-policies-1,11.01,545669120,67.76,egw-qemu-integrated
2026-10-03T13:36:19Z,egw-mongodb-1,6.81,246272000,45.87,egw-qemu-integrated
2026-10-03T13:36:19Z,egw-ditto-gateway-1,79.69,528510976,65.63,egw-qemu-integrated
2026-10-03T13:36:19Z,egw-controller-1,28.86,59281408,22.08,egw-qemu-integrated
2026-10-03T13:36:20Z,egw-mosquitto-1,1.98,5566464,4.15,egw-qemu-integrated
2026-10-03T13:36:20Z,egw-ditto-things-1,54.27,581890048,72.26,egw-qemu-integrated
2026-10-03T13:36:20Z,egw-ditto-policies-1,9.80,545669120,67.76,egw-qemu-integrated
2026-10-03T13:36:20Z,egw-mongodb-1,6.92,246272000,45.87,egw-qemu-integrated
2026-10-03T13:36:20Z,egw-ditto-gateway-1,84.39,528515072,65.63,egw-qemu-integrated
2026-10-03T13:36:20Z,egw-controller-1,29.26,59543552,22.18,egw-qemu-integrated
2026-10-03T13:36:21Z,egw-mosquitto-1,2.23,5832704,4.35,egw-qemu-integrated
2026-10-03T13:36:21Z,egw-ditto-things-1,54.02,581640192,72.23,egw-qemu-integrated
2026-10-03T13:36:21Z,egw-ditto-policies-1,10.77,545673216,67.76,egw-qemu-integrated
2026-10-03T13:36:21Z,egw-mongodb-1,7.62,246272000,45.87,egw-qemu-integrated
2026-10-03T13:36:21Z,egw-ditto-gateway-1,94.05,528535552,65.63,egw-qemu-integrated
2026-10-03T13:36:21Z,egw-controller-1,27.77,59543552,22.18,egw-qemu-integrated
2026-10-03T13:36:22Z,egw-mosquitto-1,1.84,6098944,4.54,egw-qemu-integrated
2026-10-03T13:36:22Z,egw-ditto-things-1,126.39,581713920,72.24,egw-qemu-integrated
2026-10-03T13:36:22Z,egw-ditto-policies-1,12.44,545681408,67.76,egw-qemu-integrated
2026-10-03T13:36:22Z,egw-mongodb-1,7.21,246272000,45.87,egw-qemu-integrated
2026-10-03T13:36:22Z,egw-ditto-gateway-1,53.89,528797696,65.66,egw-qemu-integrated
2026-10-03T13:36:22Z,egw-controller-1,26.18,59285504,22.09,egw-qemu-integrated
2026-10-03T13:36:23Z,egw-mosquitto-1,1.61,5836800,4.35,egw-qemu-integrated
2026-10-03T13:36:23Z,egw-ditto-things-1,97.25,581795840,72.25,egw-qemu-integrated
2026-10-03T13:36:23Z,egw-ditto-policies-1,7.72,545673216,67.76,egw-qemu-integrated
2026-10-03T13:36:23Z,egw-mongodb-1,7.00,246272000,45.87,egw-qemu-integrated
2026-10-03T13:36:23Z,egw-ditto-gateway-1,54.32,528543744,65.63,egw-qemu-integrated
2026-10-03T13:36:23Z,egw-controller-1,29.46,59289600,22.09,egw-qemu-integrated
2026-10-03T13:36:24Z,egw-mosquitto-1,1.90,5578752,4.16,egw-qemu-integrated
2026-10-03T13:36:24Z,egw-ditto-things-1,93.67,583585792,72.47,egw-qemu-integrated
2026-10-03T13:36:24Z,egw-ditto-policies-1,11.39,545673216,67.76,egw-qemu-integrated
2026-10-03T13:36:24Z,egw-mongodb-1,7.98,246325248,45.88,egw-qemu-integrated
2026-10-03T13:36:24Z,egw-ditto-gateway-1,78.88,530579456,65.89,egw-qemu-integrated
2026-10-03T13:36:24Z,egw-controller-1,23.18,59289600,22.09,egw-qemu-integrated
2026-10-03T13:36:25Z,egw-mosquitto-1,2.10,5586944,4.16,egw-qemu-integrated
2026-10-03T13:36:25Z,egw-ditto-things-1,102.45,581844992,72.25,egw-qemu-integrated
2026-10-03T13:36:25Z,egw-ditto-policies-1,27.96,545681408,67.76,egw-qemu-integrated
2026-10-03T13:36:25Z,egw-mongodb-1,5.97,246325248,45.88,egw-qemu-integrated
2026-10-03T13:36:25Z,egw-ditto-gateway-1,77.07,528564224,65.64,egw-qemu-integrated
2026-10-03T13:36:25Z,egw-controller-1,22.58,59813888,22.28,egw-qemu-integrated
2026-10-03T13:36:26Z,egw-mosquitto-1,1.81,5849088,4.36,egw-qemu-integrated
2026-10-03T13:36:26Z,egw-ditto-things-1,104.11,581869568,72.25,egw-qemu-integrated
2026-10-03T13:36:26Z,egw-ditto-policies-1,55.71,545693696,67.76,egw-qemu-integrated
2026-10-03T13:36:26Z,egw-mongodb-1,7.34,246321152,45.88,egw-qemu-integrated
2026-10-03T13:36:26Z,egw-ditto-gateway-1,96.28,528564224,65.64,egw-qemu-integrated
2026-10-03T13:36:26Z,egw-controller-1,26.31,59809792,22.28,egw-qemu-integrated
2026-10-03T13:36:27Z,egw-mosquitto-1,1.82,5595136,4.17,egw-qemu-integrated
2026-10-03T13:36:27Z,egw-ditto-things-1,54.41,581877760,72.26,egw-qemu-integrated
2026-10-03T13:36:27Z,egw-ditto-policies-1,13.46,545955840,67.79,egw-qemu-integrated
2026-10-03T13:36:27Z,egw-mongodb-1,7.10,246321152,45.88,egw-qemu-integrated
2026-10-03T13:36:27Z,egw-ditto-gateway-1,77.85,528596992,65.64,egw-qemu-integrated
2026-10-03T13:36:27Z,egw-controller-1,28.07,59559936,22.19,egw-qemu-integrated
2026-10-03T13:36:28Z,egw-mosquitto-1,2.12,5591040,4.17,egw-qemu-integrated
2026-10-03T13:36:28Z,egw-ditto-things-1,66.30,582127616,72.29,egw-qemu-integrated
2026-10-03T13:36:28Z,egw-ditto-policies-1,12.93,545693696,67.76,egw-qemu-integrated
2026-10-03T13:36:28Z,egw-mongodb-1,7.06,246329344,45.88,egw-qemu-integrated
2026-10-03T13:36:28Z,egw-ditto-gateway-1,82.87,528605184,65.64,egw-qemu-integrated
2026-10-03T13:36:28Z,egw-controller-1,28.53,59293696,22.09,egw-qemu-integrated
2026-10-03T13:36:29Z,egw-mosquitto-1,1.67,5853184,4.36,egw-qemu-integrated
2026-10-03T13:36:29Z,egw-ditto-things-1,62.75,581922816,72.26,egw-qemu-integrated
2026-10-03T13:36:29Z,egw-ditto-policies-1,8.78,545693696,67.76,egw-qemu-integrated
2026-10-03T13:36:29Z,egw-mongodb-1,8.77,246325248,45.88,egw-qemu-integrated
2026-10-03T13:36:29Z,egw-ditto-gateway-1,76.55,528625664,65.64,egw-qemu-integrated
2026-10-03T13:36:29Z,egw-controller-1,29.09,59559936,22.19,egw-qemu-integrated
2026-10-03T13:36:30Z,egw-mosquitto-1,1.90,5857280,4.36,egw-qemu-integrated
2026-10-03T13:36:30Z,egw-ditto-things-1,88.23,581939200,72.26,egw-qemu-integrated
2026-10-03T13:36:30Z,egw-ditto-policies-1,10.00,545693696,67.76,egw-qemu-integrated
2026-10-03T13:36:30Z,egw-mongodb-1,6.84,246341632,45.88,egw-qemu-integrated
2026-10-03T13:36:30Z,egw-ditto-gateway-1,58.27,528633856,65.64,egw-qemu-integrated
2026-10-03T13:36:30Z,egw-controller-1,27.57,59310080,22.09,egw-qemu-integrated
2026-10-03T13:36:31Z,egw-mosquitto-1,42.62,7036928,5.24,egw-qemu-integrated
2026-10-03T13:36:31Z,egw-ditto-things-1,51.65,581992448,72.27,egw-qemu-integrated
2026-10-03T13:36:31Z,egw-ditto-policies-1,13.18,545693696,67.76,egw-qemu-integrated
2026-10-03T13:36:31Z,egw-mongodb-1,6.60,246341632,45.88,egw-qemu-integrated
2026-10-03T13:36:31Z,egw-ditto-gateway-1,91.66,528642048,65.64,egw-qemu-integrated
2026-10-03T13:36:31Z,egw-controller-1,24.22,59301888,22.09,egw-qemu-integrated
2026-10-03T13:36:32Z,egw-mosquitto-1,32.42,5615616,4.18,egw-qemu-integrated
2026-10-03T13:36:32Z,egw-ditto-things-1,51.09,581992448,72.27,egw-qemu-integrated
2026-10-03T13:36:32Z,egw-ditto-policies-1,9.38,545693696,67.76,egw-qemu-integrated
2026-10-03T13:36:32Z,egw-mongodb-1,6.24,246341632,45.88,egw-qemu-integrated
2026-10-03T13:36:32Z,egw-ditto-gateway-1,78.77,528932864,65.68,egw-qemu-integrated
2026-10-03T13:36:32Z,egw-controller-1,33.47,59576320,22.19,egw-qemu-integrated
2026-10-03T13:36:33Z,egw-mosquitto-1,2.44,5611520,4.18,egw-qemu-integrated
2026-10-03T13:36:33Z,egw-ditto-things-1,74.88,582017024,72.27,egw-qemu-integrated
2026-10-03T13:36:33Z,egw-ditto-policies-1,28.39,545693696,67.76,egw-qemu-integrated
2026-10-03T13:36:33Z,egw-mongodb-1,26.51,249110528,46.40,egw-qemu-integrated
2026-10-03T13:36:33Z,egw-ditto-gateway-1,91.25,528683008,65.65,egw-qemu-integrated
2026-10-03T13:36:33Z,egw-controller-1,24.31,59310080,22.09,egw-qemu-integrated
2026-10-03T13:36:34Z,egw-mosquitto-1,2.42,5615616,4.18,egw-qemu-integrated
2026-10-03T13:36:34Z,egw-ditto-things-1,51.77,582037504,72.28,egw-qemu-integrated
2026-10-03T13:36:34Z,egw-ditto-policies-1,13.98,545693696,67.76,egw-qemu-integrated
2026-10-03T13:36:34Z,egw-mongodb-1,95.19,337735680,62.91,egw-qemu-integrated
2026-10-03T13:36:34Z,egw-ditto-gateway-1,43.86,528683008,65.65,egw-qemu-integrated
2026-10-03T13:36:34Z,egw-controller-1,38.36,60653568,22.60,egw-qemu-integrated
2026-10-03T13:36:35Z,egw-mosquitto-1,1.82,5623808,4.19,egw-qemu-integrated
2026-10-03T13:36:35Z,egw-ditto-things-1,50.48,582033408,72.27,egw-qemu-integrated
2026-10-03T13:36:35Z,egw-ditto-policies-1,10.93,545693696,67.76,egw-qemu-integrated
2026-10-03T13:36:35Z,egw-mongodb-1,106.24,394465280,73.47,egw-qemu-integrated
2026-10-03T13:36:35Z,egw-ditto-gateway-1,44.48,528683008,65.65,egw-qemu-integrated
2026-10-03T13:36:35Z,egw-controller-1,94.54,68833280,25.64,egw-qemu-integrated
2026-10-03T13:36:36Z,egw-mosquitto-1,1.87,5627904,4.19,egw-qemu-integrated
2026-10-03T13:36:36Z,egw-ditto-things-1,73.30,582025216,72.27,egw-qemu-integrated
2026-10-03T13:36:36Z,egw-ditto-policies-1,29.01,545742848,67.77,egw-qemu-integrated
2026-10-03T13:36:36Z,egw-mongodb-1,103.24,397996032,74.13,egw-qemu-integrated
2026-10-03T13:36:36Z,egw-ditto-gateway-1,40.01,528695296,65.65,egw-qemu-integrated
2026-10-03T13:36:36Z,egw-controller-1,99.48,70090752,26.11,egw-qemu-integrated
2026-10-03T13:36:37Z,egw-mosquitto-1,2.16,5885952,4.39,egw-qemu-integrated
2026-10-03T13:36:37Z,egw-ditto-things-1,43.38,582066176,72.28,egw-qemu-integrated
2026-10-03T13:36:37Z,egw-ditto-policies-1,20.85,545742848,67.77,egw-qemu-integrated
2026-10-03T13:36:37Z,egw-mongodb-1,83.80,398950400,74.31,egw-qemu-integrated
2026-10-03T13:36:37Z,egw-ditto-gateway-1,50.42,528695296,65.65,egw-qemu-integrated
2026-10-03T13:36:37Z,egw-controller-1,109.86,71532544,26.65,egw-qemu-integrated
2026-10-03T13:36:38Z,egw-mosquitto-1,3.09,5636096,4.20,egw-qemu-integrated
2026-10-03T13:36:38Z,egw-ditto-things-1,72.52,582078464,72.28,egw-qemu-integrated
2026-10-03T13:36:38Z,egw-ditto-policies-1,30.58,545742848,67.77,egw-qemu-integrated
2026-10-03T13:36:38Z,egw-mongodb-1,98.00,402915328,75.05,egw-qemu-integrated
2026-10-03T13:36:38Z,egw-ditto-gateway-1,70.74,528707584,65.65,egw-qemu-integrated
2026-10-03T13:36:38Z,egw-controller-1,72.97,72871936,27.15,egw-qemu-integrated
2026-10-03T13:36:39Z,egw-mosquitto-1,1.68,5640192,4.20,egw-qemu-integrated
2026-10-03T13:36:39Z,egw-ditto-things-1,32.85,581992448,72.27,egw-qemu-integrated
2026-10-03T13:36:39Z,egw-ditto-policies-1,16.82,545742848,67.77,egw-qemu-integrated
2026-10-03T13:36:39Z,egw-mongodb-1,96.80,404713472,75.38,egw-qemu-integrated
2026-10-03T13:36:39Z,egw-ditto-gateway-1,94.48,528715776,65.65,egw-qemu-integrated
2026-10-03T13:36:39Z,egw-controller-1,56.32,59322368,22.10,egw-qemu-integrated
2026-10-03T13:36:40Z,egw-mosquitto-1,1.84,5906432,4.40,egw-qemu-integrated
2026-10-03T13:36:40Z,egw-ditto-things-1,79.29,582041600,72.28,egw-qemu-integrated
2026-10-03T13:36:40Z,egw-ditto-policies-1,63.06,547860480,68.03,egw-qemu-integrated
2026-10-03T13:36:40Z,egw-mongodb-1,103.06,408391680,76.07,egw-qemu-integrated
2026-10-03T13:36:40Z,egw-ditto-gateway-1,60.89,528982016,65.69,egw-qemu-integrated
2026-10-03T13:36:40Z,egw-controller-1,12.75,59330560,22.10,egw-qemu-integrated
2026-10-03T13:36:41Z,egw-mosquitto-1,2.33,5652480,4.21,egw-qemu-integrated
2026-10-03T13:36:41Z,egw-ditto-things-1,66.02,582045696,72.28,egw-qemu-integrated
2026-10-03T13:36:41Z,egw-ditto-policies-1,50.81,545742848,67.77,egw-qemu-integrated
2026-10-03T13:36:41Z,egw-mongodb-1,93.65,245358592,45.70,egw-qemu-integrated
2026-10-03T13:36:41Z,egw-ditto-gateway-1,76.13,528736256,65.66,egw-qemu-integrated
2026-10-03T13:36:41Z,egw-controller-1,18.52,59330560,22.10,egw-qemu-integrated
2026-10-03T13:36:42Z,egw-mosquitto-1,2.11,5914624,4.41,egw-qemu-integrated
2026-10-03T13:36:42Z,egw-ditto-things-1,128.88,582201344,72.30,egw-qemu-integrated
2026-10-03T13:36:42Z,egw-ditto-policies-1,9.69,545746944,67.77,egw-qemu-integrated
2026-10-03T13:36:42Z,egw-mongodb-1,16.21,245366784,45.70,egw-qemu-integrated
2026-10-03T13:36:42Z,egw-ditto-gateway-1,52.19,528744448,65.66,egw-qemu-integrated
2026-10-03T13:36:42Z,egw-controller-1,26.17,59604992,22.20,egw-qemu-integrated
2026-10-03T13:36:43Z,egw-mosquitto-1,2.05,5914624,4.41,egw-qemu-integrated
2026-10-03T13:36:43Z,egw-ditto-things-1,82.16,582213632,72.30,egw-qemu-integrated
2026-10-03T13:36:43Z,egw-ditto-policies-1,9.96,545746944,67.77,egw-qemu-integrated
2026-10-03T13:36:43Z,egw-mongodb-1,6.61,245366784,45.70,egw-qemu-integrated
2026-10-03T13:36:43Z,egw-ditto-gateway-1,104.61,528756736,65.66,egw-qemu-integrated
2026-10-03T13:36:43Z,egw-controller-1,30.12,59850752,22.30,egw-qemu-integrated
2026-10-03T13:36:44Z,egw-mosquitto-1,2.04,5660672,4.22,egw-qemu-integrated
2026-10-03T13:36:44Z,egw-ditto-things-1,56.58,582225920,72.30,egw-qemu-integrated
2026-10-03T13:36:44Z,egw-ditto-policies-1,40.29,545755136,67.77,egw-qemu-integrated
2026-10-03T13:36:44Z,egw-mongodb-1,8.62,245366784,45.70,egw-qemu-integrated
2026-10-03T13:36:44Z,egw-ditto-gateway-1,71.37,528756736,65.66,egw-qemu-integrated
2026-10-03T13:36:44Z,egw-controller-1,27.62,59351040,22.11,egw-qemu-integrated
2026-10-03T13:36:45Z,egw-mosquitto-1,4.05,6209536,4.63,egw-qemu-integrated
2026-10-03T13:36:45Z,egw-ditto-things-1,73.86,582201344,72.30,egw-qemu-integrated
2026-10-03T13:36:45Z,egw-ditto-policies-1,12.38,545755136,67.77,egw-qemu-integrated
2026-10-03T13:36:45Z,egw-mongodb-1,7.35,245366784,45.70,egw-qemu-integrated
2026-10-03T13:36:45Z,egw-ditto-gateway-1,112.15,528789504,65.66,egw-qemu-integrated
2026-10-03T13:36:45Z,egw-controller-1,25.97,59604992,22.20,egw-qemu-integrated
2026-10-03T13:36:46Z,egw-mosquitto-1,1.71,5931008,4.42,egw-qemu-integrated
2026-10-03T13:36:46Z,egw-ditto-things-1,105.46,582225920,72.30,egw-qemu-integrated
2026-10-03T13:36:46Z,egw-ditto-policies-1,31.11,545755136,67.77,egw-qemu-integrated
2026-10-03T13:36:46Z,egw-mongodb-1,7.22,245370880,45.70,egw-qemu-integrated
2026-10-03T13:36:46Z,egw-ditto-gateway-1,113.66,528793600,65.66,egw-qemu-integrated
2026-10-03T13:36:46Z,egw-controller-1,25.15,59346944,22.11,egw-qemu-integrated
2026-10-03T13:36:47Z,egw-mosquitto-1,2.07,5672960,4.23,egw-qemu-integrated
2026-10-03T13:36:47Z,egw-ditto-things-1,57.86,582483968,72.33,egw-qemu-integrated
2026-10-03T13:36:47Z,egw-ditto-policies-1,10.09,545755136,67.77,egw-qemu-integrated
2026-10-03T13:36:47Z,egw-mongodb-1,7.79,245370880,45.70,egw-qemu-integrated
2026-10-03T13:36:47Z,egw-ditto-gateway-1,72.03,529076224,65.70,egw-qemu-integrated
2026-10-03T13:36:47Z,egw-controller-1,29.00,59346944,22.11,egw-qemu-integrated
2026-10-03T13:36:48Z,egw-mosquitto-1,2.03,5672960,4.23,egw-qemu-integrated
2026-10-03T13:36:48Z,egw-ditto-things-1,83.75,582258688,72.30,egw-qemu-integrated
2026-10-03T13:36:48Z,egw-ditto-policies-1,10.64,545755136,67.77,egw-qemu-integrated
2026-10-03T13:36:48Z,egw-mongodb-1,6.55,245383168,45.71,egw-qemu-integrated
2026-10-03T13:36:48Z,egw-ditto-gateway-1,52.12,528822272,65.67,egw-qemu-integrated
2026-10-03T13:36:48Z,egw-controller-1,29.42,59351040,22.11,egw-qemu-integrated
2026-10-03T13:36:49Z,egw-mosquitto-1,1.73,6201344,4.62,egw-qemu-integrated
2026-10-03T13:36:49Z,egw-ditto-things-1,167.35,582266880,72.30,egw-qemu-integrated
2026-10-03T13:36:49Z,egw-ditto-policies-1,17.46,545759232,67.77,egw-qemu-integrated
2026-10-03T13:36:49Z,egw-mongodb-1,6.32,245383168,45.71,egw-qemu-integrated
2026-10-03T13:36:49Z,egw-ditto-gateway-1,34.90,528822272,65.67,egw-qemu-integrated
2026-10-03T13:36:49Z,egw-controller-1,21.93,59351040,22.11,egw-qemu-integrated
2026-10-03T13:36:50Z,egw-mosquitto-1,1.66,5681152,4.23,egw-qemu-integrated
2026-10-03T13:36:50Z,egw-ditto-things-1,79.92,582270976,72.30,egw-qemu-integrated
2026-10-03T13:36:50Z,egw-ditto-policies-1,8.99,545763328,67.77,egw-qemu-integrated
2026-10-03T13:36:50Z,egw-mongodb-1,7.17,245383168,45.71,egw-qemu-integrated
2026-10-03T13:36:50Z,egw-ditto-gateway-1,62.59,528826368,65.67,egw-qemu-integrated
2026-10-03T13:36:50Z,egw-controller-1,28.53,59351040,22.11,egw-qemu-integrated
2026-10-03T13:36:51Z,egw-mosquitto-1,2.00,5677056,4.23,egw-qemu-integrated
2026-10-03T13:36:51Z,egw-ditto-things-1,106.66,582270976,72.30,egw-qemu-integrated
2026-10-03T13:36:51Z,egw-ditto-policies-1,10.53,545759232,67.77,egw-qemu-integrated
2026-10-03T13:36:51Z,egw-mongodb-1,7.60,245383168,45.71,egw-qemu-integrated
2026-10-03T13:36:51Z,egw-ditto-gateway-1,56.20,528826368,65.67,egw-qemu-integrated
2026-10-03T13:36:51Z,egw-controller-1,27.07,59363328,22.11,egw-qemu-integrated
2026-10-03T13:36:52Z,egw-mosquitto-1,1.94,5939200,4.43,egw-qemu-integrated
2026-10-03T13:36:52Z,egw-ditto-things-1,113.19,582270976,72.30,egw-qemu-integrated
2026-10-03T13:36:52Z,egw-ditto-policies-1,12.29,545767424,67.77,egw-qemu-integrated
2026-10-03T13:36:52Z,egw-mongodb-1,7.25,245383168,45.71,egw-qemu-integrated
2026-10-03T13:36:52Z,egw-ditto-gateway-1,49.30,529088512,65.70,egw-qemu-integrated
2026-10-03T13:36:52Z,egw-controller-1,28.78,59359232,22.11,egw-qemu-integrated
2026-10-03T13:36:53Z,egw-mosquitto-1,1.91,5681152,4.23,egw-qemu-integrated
2026-10-03T13:36:53Z,egw-ditto-things-1,124.83,583495680,72.46,egw-qemu-integrated
2026-10-03T13:36:53Z,egw-ditto-policies-1,23.29,545763328,67.77,egw-qemu-integrated
2026-10-03T13:36:53Z,egw-mongodb-1,7.88,245420032,45.71,egw-qemu-integrated
2026-10-03T13:36:53Z,egw-ditto-gateway-1,57.70,528838656,65.67,egw-qemu-integrated
2026-10-03T13:36:53Z,egw-controller-1,27.40,59625472,22.21,egw-qemu-integrated
2026-10-03T13:36:54Z,egw-mosquitto-1,2.17,5689344,4.24,egw-qemu-integrated
2026-10-03T13:36:54Z,egw-ditto-things-1,62.61,583237632,72.42,egw-qemu-integrated
2026-10-03T13:36:54Z,egw-ditto-policies-1,22.70,545775616,67.77,egw-qemu-integrated
2026-10-03T13:36:54Z,egw-mongodb-1,6.83,245420032,45.71,egw-qemu-integrated
2026-10-03T13:36:54Z,egw-ditto-gateway-1,117.60,530059264,65.82,egw-qemu-integrated
2026-10-03T13:36:54Z,egw-controller-1,20.93,59363328,22.11,egw-qemu-integrated
2026-10-03T13:36:55Z,egw-mosquitto-1,1.95,5951488,4.43,egw-qemu-integrated
2026-10-03T13:36:55Z,egw-ditto-things-1,138.15,585449472,72.70,egw-qemu-integrated
2026-10-03T13:36:55Z,egw-ditto-policies-1,28.24,545779712,67.77,egw-qemu-integrated
2026-10-03T13:36:55Z,egw-mongodb-1,7.37,245420032,45.71,egw-qemu-integrated
2026-10-03T13:36:55Z,egw-ditto-gateway-1,111.64,528859136,65.67,egw-qemu-integrated
2026-10-03T13:36:55Z,egw-controller-1,17.81,59367424,22.12,egw-qemu-integrated
2026-10-03T13:36:56Z,egw-mosquitto-1,1.69,5693440,4.24,egw-qemu-integrated
2026-10-03T13:36:56Z,egw-ditto-things-1,99.21,583254016,72.43,egw-qemu-integrated
2026-10-03T13:36:56Z,egw-ditto-policies-1,21.81,545779712,67.77,egw-qemu-integrated
2026-10-03T13:36:56Z,egw-mongodb-1,8.06,245420032,45.71,egw-qemu-integrated
2026-10-03T13:36:56Z,egw-ditto-gateway-1,45.83,528859136,65.67,egw-qemu-integrated
2026-10-03T13:36:56Z,egw-controller-1,27.64,59641856,22.22,egw-qemu-integrated
2026-10-03T13:36:57Z,egw-mosquitto-1,1.88,5697536,4.24,egw-qemu-integrated
2026-10-03T13:36:57Z,egw-ditto-things-1,90.72,583254016,72.43,egw-qemu-integrated
2026-10-03T13:36:57Z,egw-ditto-policies-1,11.02,545783808,67.77,egw-qemu-integrated
2026-10-03T13:36:57Z,egw-mongodb-1,7.16,245420032,45.71,egw-qemu-integrated
2026-10-03T13:36:57Z,egw-ditto-gateway-1,58.43,528871424,65.67,egw-qemu-integrated
2026-10-03T13:36:57Z,egw-controller-1,29.65,59629568,22.21,egw-qemu-integrated
2026-10-03T13:36:58Z,egw-mosquitto-1,2.05,5693440,4.24,egw-qemu-integrated
2026-10-03T13:36:58Z,egw-ditto-things-1,77.38,583557120,72.46,egw-qemu-integrated
2026-10-03T13:36:58Z,egw-ditto-policies-1,11.29,545783808,67.77,egw-qemu-integrated
2026-10-03T13:36:58Z,egw-mongodb-1,10.16,245424128,45.71,egw-qemu-integrated
2026-10-03T13:36:58Z,egw-ditto-gateway-1,47.54,528867328,65.67,egw-qemu-integrated
2026-10-03T13:36:58Z,egw-controller-1,27.54,59367424,22.12,egw-qemu-integrated
2026-10-03T13:36:59Z,egw-mosquitto-1,1.91,5701632,4.25,egw-qemu-integrated
2026-10-03T13:36:59Z,egw-ditto-things-1,132.70,583327744,72.44,egw-qemu-integrated
2026-10-03T13:36:59Z,egw-ditto-policies-1,9.60,546045952,67.81,egw-qemu-integrated
2026-10-03T13:36:59Z,egw-mongodb-1,7.39,245424128,45.71,egw-qemu-integrated
2026-10-03T13:36:59Z,egw-ditto-gateway-1,65.52,529133568,65.71,egw-qemu-integrated
2026-10-03T13:36:59Z,egw-controller-1,25.85,59637760,22.22,egw-qemu-integrated
2026-10-03T13:37:00Z,egw-mosquitto-1,2.01,5955584,4.44,egw-qemu-integrated
2026-10-03T13:37:00Z,egw-ditto-things-1,59.72,583327744,72.44,egw-qemu-integrated
2026-10-03T13:37:00Z,egw-ditto-policies-1,15.92,545796096,67.77,egw-qemu-integrated
2026-10-03T13:37:00Z,egw-mongodb-1,6.75,245432320,45.72,egw-qemu-integrated
2026-10-03T13:37:00Z,egw-ditto-gateway-1,60.80,528875520,65.67,egw-qemu-integrated
2026-10-03T13:37:00Z,egw-controller-1,31.77,59637760,22.22,egw-qemu-integrated
2026-10-03T13:37:01Z,egw-mosquitto-1,10.38,6922240,5.16,egw-qemu-integrated
2026-10-03T13:37:01Z,egw-ditto-things-1,80.17,583327744,72.44,egw-qemu-integrated
2026-10-03T13:37:01Z,egw-ditto-policies-1,18.51,545792000,67.77,egw-qemu-integrated
2026-10-03T13:37:01Z,egw-mongodb-1,7.24,245432320,45.72,egw-qemu-integrated
2026-10-03T13:37:01Z,egw-ditto-gateway-1,72.13,528891904,65.68,egw-qemu-integrated
2026-10-03T13:37:01Z,egw-controller-1,24.47,59375616,22.12,egw-qemu-integrated
2026-10-03T13:37:02Z,egw-mosquitto-1,61.05,5713920,4.26,egw-qemu-integrated
2026-10-03T13:37:02Z,egw-ditto-things-1,104.46,583327744,72.44,egw-qemu-integrated
2026-10-03T13:37:02Z,egw-ditto-policies-1,13.00,545796096,67.77,egw-qemu-integrated
2026-10-03T13:37:02Z,egw-mongodb-1,6.36,245432320,45.72,egw-qemu-integrated
2026-10-03T13:37:02Z,egw-ditto-gateway-1,73.03,528908288,65.68,egw-qemu-integrated
2026-10-03T13:37:02Z,egw-controller-1,26.54,59641856,22.22,egw-qemu-integrated
2026-10-03T13:37:03Z,egw-mosquitto-1,1.79,5709824,4.25,egw-qemu-integrated
2026-10-03T13:37:03Z,egw-ditto-things-1,83.69,583585792,72.47,egw-qemu-integrated
2026-10-03T13:37:03Z,egw-ditto-policies-1,18.26,545796096,67.77,egw-qemu-integrated
2026-10-03T13:37:03Z,egw-mongodb-1,8.19,245501952,45.73,egw-qemu-integrated
2026-10-03T13:37:03Z,egw-ditto-gateway-1,52.15,528900096,65.68,egw-qemu-integrated
2026-10-03T13:37:03Z,egw-controller-1,27.25,59392000,22.13,egw-qemu-integrated
2026-10-03T13:37:04Z,egw-mosquitto-1,2.08,5718016,4.26,egw-qemu-integrated
2026-10-03T13:37:04Z,egw-ditto-things-1,118.36,583327744,72.44,egw-qemu-integrated
2026-10-03T13:37:04Z,egw-ditto-policies-1,9.22,545800192,67.78,egw-qemu-integrated
2026-10-03T13:37:04Z,egw-mongodb-1,7.12,245776384,45.78,egw-qemu-integrated
2026-10-03T13:37:04Z,egw-ditto-gateway-1,59.93,528904192,65.68,egw-qemu-integrated
2026-10-03T13:37:04Z,egw-controller-1,28.91,59387904,22.12,egw-qemu-integrated
2026-10-03T13:37:05Z,egw-mosquitto-1,1.83,5976064,4.45,egw-qemu-integrated
2026-10-03T13:37:05Z,egw-ditto-things-1,59.41,583327744,72.44,egw-qemu-integrated
2026-10-03T13:37:05Z,egw-ditto-policies-1,36.68,545808384,67.78,egw-qemu-integrated
2026-10-03T13:37:05Z,egw-mongodb-1,6.88,245514240,45.73,egw-qemu-integrated
2026-10-03T13:37:05Z,egw-ditto-gateway-1,71.54,528920576,65.68,egw-qemu-integrated
2026-10-03T13:37:05Z,egw-controller-1,27.98,59645952,22.22,egw-qemu-integrated
2026-10-03T13:37:06Z,egw-mosquitto-1,2.06,6234112,4.64,egw-qemu-integrated
2026-10-03T13:37:06Z,egw-ditto-things-1,55.58,583331840,72.44,egw-qemu-integrated
2026-10-03T13:37:06Z,egw-ditto-policies-1,10.75,545808384,67.78,egw-qemu-integrated
2026-10-03T13:37:06Z,egw-mongodb-1,8.14,245776384,45.78,egw-qemu-integrated
2026-10-03T13:37:06Z,egw-ditto-gateway-1,93.16,528945152,65.68,egw-qemu-integrated
2026-10-03T13:37:06Z,egw-controller-1,29.75,59383808,22.12,egw-qemu-integrated
2026-10-03T13:37:07Z,egw-mosquitto-1,3.30,5713920,4.26,egw-qemu-integrated
2026-10-03T13:37:07Z,egw-ditto-things-1,44.09,583331840,72.44,egw-qemu-integrated
2026-10-03T13:37:07Z,egw-ditto-policies-1,17.49,545808384,67.78,egw-qemu-integrated
2026-10-03T13:37:07Z,egw-mongodb-1,6.01,245530624,45.73,egw-qemu-integrated
2026-10-03T13:37:07Z,egw-ditto-gateway-1,121.72,528953344,65.68,egw-qemu-integrated
2026-10-03T13:37:07Z,egw-controller-1,25.54,59650048,22.22,egw-qemu-integrated
2026-10-03T13:37:08Z,egw-mosquitto-1,1.58,5984256,4.46,egw-qemu-integrated
2026-10-03T13:37:08Z,egw-ditto-things-1,62.77,583290880,72.43,egw-qemu-integrated
2026-10-03T13:37:08Z,egw-ditto-policies-1,73.95,545816576,67.78,egw-qemu-integrated
2026-10-03T13:37:08Z,egw-mongodb-1,12.78,245850112,45.79,egw-qemu-integrated
2026-10-03T13:37:08Z,egw-ditto-gateway-1,84.51,528965632,65.69,egw-qemu-integrated
2026-10-03T13:37:08Z,egw-controller-1,13.59,59396096,22.13,egw-qemu-integrated
2026-10-03T13:37:09Z,egw-mosquitto-1,1.92,5726208,4.27,egw-qemu-integrated
2026-10-03T13:37:09Z,egw-ditto-things-1,68.63,583557120,72.46,egw-qemu-integrated
2026-10-03T13:37:09Z,egw-ditto-policies-1,29.21,545816576,67.78,egw-qemu-integrated
2026-10-03T13:37:09Z,egw-mongodb-1,11.50,245587968,45.74,egw-qemu-integrated
2026-10-03T13:37:09Z,egw-ditto-gateway-1,70.15,528949248,65.68,egw-qemu-integrated
2026-10-03T13:37:09Z,egw-controller-1,30.41,62210048,23.18,egw-qemu-integrated
2026-10-03T13:37:10Z,egw-mosquitto-1,1.63,5734400,4.27,egw-qemu-integrated
2026-10-03T13:37:10Z,egw-ditto-things-1,48.28,583307264,72.43,egw-qemu-integrated
2026-10-03T13:37:10Z,egw-ditto-policies-1,14.74,546365440,67.85,egw-qemu-integrated
2026-10-03T13:37:10Z,egw-mongodb-1,5.12,245587968,45.74,egw-qemu-integrated
2026-10-03T13:37:10Z,egw-ditto-gateway-1,49.01,528977920,65.69,egw-qemu-integrated
2026-10-03T13:37:10Z,egw-controller-1,95.73,69406720,25.86,egw-qemu-integrated
2026-10-03T13:37:11Z,egw-mosquitto-1,2.09,5742592,4.28,egw-qemu-integrated
2026-10-03T13:37:11Z,egw-ditto-things-1,44.00,583376896,72.44,egw-qemu-integrated
2026-10-03T13:37:11Z,egw-ditto-policies-1,57.07,547983360,68.05,egw-qemu-integrated
2026-10-03T13:37:11Z,egw-mongodb-1,27.48,248217600,46.23,egw-qemu-integrated
2026-10-03T13:37:11Z,egw-ditto-gateway-1,62.10,529014784,65.69,egw-qemu-integrated
2026-10-03T13:37:11Z,egw-controller-1,70.51,69947392,26.06,egw-qemu-integrated
2026-10-03T13:37:12Z,egw-mosquitto-1,2.27,5709824,4.25,egw-qemu-integrated
2026-10-03T13:37:12Z,egw-ditto-things-1,56.53,583344128,72.44,egw-qemu-integrated
2026-10-03T13:37:12Z,egw-ditto-policies-1,42.38,545820672,67.78,egw-qemu-integrated
2026-10-03T13:37:12Z,egw-mongodb-1,85.37,341278720,63.57,egw-qemu-integrated
2026-10-03T13:37:12Z,egw-ditto-gateway-1,22.45,528916480,65.68,egw-qemu-integrated
2026-10-03T13:37:13Z,egw-mosquitto-1,1.33,5713920,4.26,egw-qemu-integrated
2026-10-03T13:37:13Z,egw-ditto-things-1,15.81,583262208,72.43,egw-qemu-integrated
2026-10-03T13:37:13Z,egw-ditto-policies-1,29.25,545828864,67.78,egw-qemu-integrated
2026-10-03T13:37:13Z,egw-mongodb-1,107.59,394518528,73.48,egw-qemu-integrated
2026-10-03T13:37:13Z,egw-ditto-gateway-1,16.96,528814080,65.67,egw-qemu-integrated
2026-10-03T13:37:14Z,egw-mosquitto-1,2.29,5734400,4.27,egw-qemu-integrated
2026-10-03T13:37:14Z,egw-ditto-things-1,14.57,583262208,72.43,egw-qemu-integrated
2026-10-03T13:37:14Z,egw-ditto-policies-1,25.89,545832960,67.78,egw-qemu-integrated
2026-10-03T13:37:14Z,egw-mongodb-1,96.63,396722176,73.90,egw-qemu-integrated
2026-10-03T13:37:14Z,egw-ditto-gateway-1,19.59,528814080,65.67,egw-qemu-integrated
2026-10-03T13:37:15Z,egw-mosquitto-1,1.29,5734400,4.27,egw-qemu-integrated
2026-10-03T13:37:15Z,egw-ditto-things-1,37.00,583282688,72.43,egw-qemu-integrated
2026-10-03T13:37:15Z,egw-ditto-policies-1,85.28,545873920,67.78,egw-qemu-integrated
2026-10-03T13:37:15Z,egw-mongodb-1,80.13,398266368,74.18,egw-qemu-integrated
2026-10-03T13:37:15Z,egw-ditto-gateway-1,25.55,528814080,65.67,egw-qemu-integrated
2026-10-03T13:37:16Z,egw-mosquitto-1,3.44,5746688,4.28,egw-qemu-integrated
2026-10-03T13:37:16Z,egw-ditto-things-1,34.26,583282688,72.43,egw-qemu-integrated
2026-10-03T13:37:16Z,egw-ditto-policies-1,34.71,545878016,67.79,egw-qemu-integrated
2026-10-03T13:37:16Z,egw-mongodb-1,129.82,402366464,74.95,egw-qemu-integrated
2026-10-03T13:37:16Z,egw-ditto-gateway-1,23.31,528818176,65.67,egw-qemu-integrated
2026-10-03T13:37:17Z,egw-mosquitto-1,1.36,5754880,4.29,egw-qemu-integrated
2026-10-03T13:37:17Z,egw-ditto-things-1,32.29,583282688,72.43,egw-qemu-integrated
2026-10-03T13:37:17Z,egw-ditto-policies-1,43.67,545878016,67.79,egw-qemu-integrated
2026-10-03T13:37:17Z,egw-mongodb-1,96.73,403939328,75.24,egw-qemu-integrated
2026-10-03T13:37:17Z,egw-ditto-gateway-1,18.78,528814080,65.67,egw-qemu-integrated
2026-10-03T13:37:17Z,egw-controller-1,0.00,2703360,1.01,egw-qemu-integrated
2026-10-03T13:37:18Z,egw-mosquitto-1,1.50,5750784,4.28,egw-qemu-integrated
2026-10-03T13:37:18Z,egw-ditto-things-1,48.75,583286784,72.43,egw-qemu-integrated
2026-10-03T13:37:18Z,egw-ditto-policies-1,21.67,545882112,67.79,egw-qemu-integrated
2026-10-03T13:37:18Z,egw-mongodb-1,114.91,410570752,76.47,egw-qemu-integrated
2026-10-03T13:37:18Z,egw-ditto-gateway-1,30.19,528814080,65.67,egw-qemu-integrated
2026-10-03T13:37:18Z,egw-controller-1,16.06,3588096,1.34,egw-qemu-integrated
2026-10-03T13:37:19Z,egw-mosquitto-1,1.33,5775360,4.30,egw-qemu-integrated
2026-10-03T13:37:19Z,egw-ditto-things-1,57.34,583290880,72.43,egw-qemu-integrated
2026-10-03T13:37:19Z,egw-ditto-policies-1,29.81,545890304,67.79,egw-qemu-integrated
2026-10-03T13:37:19Z,egw-mongodb-1,41.17,245669888,45.76,egw-qemu-integrated
2026-10-03T13:37:19Z,egw-ditto-gateway-1,16.05,528797696,65.66,egw-qemu-integrated
2026-10-03T13:37:19Z,egw-controller-1,83.63,9887744,3.68,egw-qemu-integrated
2026-10-03T13:37:20Z,egw-mosquitto-1,1.70,6045696,4.50,egw-qemu-integrated
2026-10-03T13:37:20Z,egw-ditto-things-1,32.07,583327744,72.44,egw-qemu-integrated
2026-10-03T13:37:20Z,egw-ditto-policies-1,41.57,545898496,67.79,egw-qemu-integrated
2026-10-03T13:37:20Z,egw-mongodb-1,3.78,245669888,45.76,egw-qemu-integrated
2026-10-03T13:37:20Z,egw-ditto-gateway-1,15.73,528822272,65.67,egw-qemu-integrated
2026-10-03T13:37:20Z,egw-controller-1,98.08,15142912,5.64,egw-qemu-integrated
2026-10-03T13:37:21Z,egw-mosquitto-1,1.38,6053888,4.51,egw-qemu-integrated
2026-10-03T13:37:21Z,egw-ditto-things-1,13.98,583315456,72.43,egw-qemu-integrated
2026-10-03T13:37:21Z,egw-ditto-policies-1,7.02,545898496,67.79,egw-qemu-integrated
2026-10-03T13:37:21Z,egw-mongodb-1,2.32,245669888,45.76,egw-qemu-integrated
2026-10-03T13:37:21Z,egw-ditto-gateway-1,6.58,528818176,65.67,egw-qemu-integrated
2026-10-03T13:37:21Z,egw-controller-1,99.07,16297984,6.07,egw-qemu-integrated
2026-10-03T13:37:22Z,egw-mosquitto-1,1.41,6053888,4.51,egw-qemu-integrated
2026-10-03T13:37:22Z,egw-ditto-things-1,10.35,583319552,72.43,egw-qemu-integrated
2026-10-03T13:37:22Z,egw-ditto-policies-1,13.33,545902592,67.79,egw-qemu-integrated
2026-10-03T13:37:22Z,egw-mongodb-1,2.62,245673984,45.76,egw-qemu-integrated
2026-10-03T13:37:22Z,egw-ditto-gateway-1,18.01,528818176,65.67,egw-qemu-integrated
2026-10-03T13:37:22Z,egw-controller-1,96.91,18145280,6.76,egw-qemu-integrated
2026-10-03T13:37:23Z,egw-mosquitto-1,1.07,6070272,4.52,egw-qemu-integrated
2026-10-03T13:37:23Z,egw-ditto-things-1,16.49,583319552,72.43,egw-qemu-integrated
2026-10-03T13:37:23Z,egw-ditto-policies-1,15.54,545927168,67.79,egw-qemu-integrated
2026-10-03T13:37:23Z,egw-mongodb-1,4.40,245702656,45.77,egw-qemu-integrated
2026-10-03T13:37:23Z,egw-ditto-gateway-1,25.79,528818176,65.67,egw-qemu-integrated
2026-10-03T13:37:23Z,egw-controller-1,95.97,20852736,7.77,egw-qemu-integrated
2026-10-03T13:37:24Z,egw-mosquitto-1,1.19,6082560,4.53,egw-qemu-integrated
2026-10-03T13:37:24Z,egw-ditto-things-1,42.75,583331840,72.44,egw-qemu-integrated
2026-10-03T13:37:24Z,egw-ditto-policies-1,77.30,545939456,67.79,egw-qemu-integrated
2026-10-03T13:37:24Z,egw-mongodb-1,4.09,245702656,45.77,egw-qemu-integrated
2026-10-03T13:37:24Z,egw-ditto-gateway-1,53.53,528830464,65.67,egw-qemu-integrated
2026-10-03T13:37:24Z,egw-controller-1,93.08,24166400,9.00,egw-qemu-integrated
2026-10-03T13:37:25Z,egw-mosquitto-1,1.37,5828608,4.34,egw-qemu-integrated
2026-10-03T13:37:25Z,egw-ditto-things-1,31.00,585232384,72.67,egw-qemu-integrated
2026-10-03T13:37:25Z,egw-ditto-policies-1,20.71,545951744,67.79,egw-qemu-integrated
2026-10-03T13:37:25Z,egw-mongodb-1,3.26,245702656,45.77,egw-qemu-integrated
2026-10-03T13:37:25Z,egw-ditto-gateway-1,31.57,531415040,65.99,egw-qemu-integrated
2026-10-03T13:37:25Z,egw-controller-1,91.93,28676096,10.68,egw-qemu-integrated
2026-10-03T13:37:26Z,egw-mosquitto-1,1.49,6098944,4.54,egw-qemu-integrated
2026-10-03T13:37:26Z,egw-ditto-things-1,95.25,583340032,72.44,egw-qemu-integrated
2026-10-03T13:37:26Z,egw-ditto-policies-1,19.91,545951744,67.79,egw-qemu-integrated
2026-10-03T13:37:26Z,egw-mongodb-1,4.42,245702656,45.77,egw-qemu-integrated
2026-10-03T13:37:26Z,egw-ditto-gateway-1,83.95,528826368,65.67,egw-qemu-integrated
2026-10-03T13:37:26Z,egw-controller-1,89.56,29032448,10.82,egw-qemu-integrated
2026-10-03T13:37:27Z,egw-mosquitto-1,1.05,5849088,4.36,egw-qemu-integrated
2026-10-03T13:37:27Z,egw-ditto-things-1,41.76,583340032,72.44,egw-qemu-integrated
2026-10-03T13:37:27Z,egw-ditto-policies-1,13.41,545959936,67.80,egw-qemu-integrated
2026-10-03T13:37:27Z,egw-mongodb-1,7.17,245702656,45.77,egw-qemu-integrated
2026-10-03T13:37:27Z,egw-ditto-gateway-1,14.51,528826368,65.67,egw-qemu-integrated
2026-10-03T13:37:27Z,egw-controller-1,103.12,31657984,11.79,egw-qemu-integrated
2026-10-03T13:37:28Z,egw-mosquitto-1,1.11,6119424,4.56,egw-qemu-integrated
2026-10-03T13:37:28Z,egw-ditto-things-1,15.52,583340032,72.44,egw-qemu-integrated
2026-10-03T13:37:28Z,egw-ditto-policies-1,8.11,545964032,67.80,egw-qemu-integrated
2026-10-03T13:37:28Z,egw-mongodb-1,6.25,245702656,45.77,egw-qemu-integrated
2026-10-03T13:37:28Z,egw-ditto-gateway-1,8.66,528826368,65.67,egw-qemu-integrated
2026-10-03T13:37:28Z,egw-controller-1,93.35,37072896,13.81,egw-qemu-integrated
2026-10-03T13:37:29Z,egw-mosquitto-1,1.26,6385664,4.76,egw-qemu-integrated
2026-10-03T13:37:29Z,egw-ditto-things-1,12.78,583340032,72.44,egw-qemu-integrated
2026-10-03T13:37:29Z,egw-ditto-policies-1,14.84,545972224,67.80,egw-qemu-integrated
2026-10-03T13:37:29Z,egw-mongodb-1,3.57,245702656,45.77,egw-qemu-integrated
2026-10-03T13:37:29Z,egw-ditto-gateway-1,11.00,528826368,65.67,egw-qemu-integrated
2026-10-03T13:37:29Z,egw-controller-1,97.42,41533440,15.47,egw-qemu-integrated
2026-10-03T13:37:30Z,egw-mosquitto-1,23.75,6508544,4.85,egw-qemu-integrated
2026-10-03T13:37:30Z,egw-ditto-things-1,32.51,583634944,72.47,egw-qemu-integrated
2026-10-03T13:37:30Z,egw-ditto-policies-1,11.98,545976320,67.80,egw-qemu-integrated
2026-10-03T13:37:30Z,egw-mongodb-1,2.79,245702656,45.77,egw-qemu-integrated
2026-10-03T13:37:30Z,egw-ditto-gateway-1,41.20,528941056,65.68,egw-qemu-integrated
2026-10-03T13:37:30Z,egw-controller-1,98.90,42414080,15.80,egw-qemu-integrated
2026-10-03T13:37:31Z,egw-mosquitto-1,1.50,6283264,4.68,egw-qemu-integrated
2026-10-03T13:37:31Z,egw-ditto-things-1,79.98,583475200,72.45,egw-qemu-integrated
2026-10-03T13:37:31Z,egw-ditto-policies-1,17.67,545976320,67.80,egw-qemu-integrated
2026-10-03T13:37:31Z,egw-mongodb-1,4.04,245702656,45.77,egw-qemu-integrated
2026-10-03T13:37:31Z,egw-ditto-gateway-1,58.23,529047552,65.70,egw-qemu-integrated
2026-10-03T13:37:31Z,egw-controller-1,101.63,42807296,15.95,egw-qemu-integrated
2026-10-03T13:37:32Z,egw-mosquitto-1,36.56,7188480,5.36,egw-qemu-integrated
2026-10-03T13:37:32Z,egw-ditto-things-1,46.37,583516160,72.46,egw-qemu-integrated
2026-10-03T13:37:32Z,egw-ditto-policies-1,21.12,545980416,67.80,egw-qemu-integrated
2026-10-03T13:37:32Z,egw-mongodb-1,4.85,245702656,45.77,egw-qemu-integrated
2026-10-03T13:37:32Z,egw-ditto-gateway-1,89.46,529059840,65.70,egw-qemu-integrated
2026-10-03T13:37:32Z,egw-controller-1,81.24,43089920,16.05,egw-qemu-integrated
2026-10-03T13:37:33Z,egw-mosquitto-1,23.24,5984256,4.46,egw-qemu-integrated
2026-10-03T13:37:33Z,egw-ditto-things-1,64.22,583483392,72.45,egw-qemu-integrated
2026-10-03T13:37:33Z,egw-ditto-policies-1,9.22,545980416,67.80,egw-qemu-integrated
2026-10-03T13:37:33Z,egw-mongodb-1,6.76,245706752,45.77,egw-qemu-integrated
2026-10-03T13:37:33Z,egw-ditto-gateway-1,110.82,529326080,65.73,egw-qemu-integrated
2026-10-03T13:37:33Z,egw-controller-1,94.03,43094016,16.05,egw-qemu-integrated
2026-10-03T13:37:34Z,egw-mosquitto-1,1.95,5996544,4.47,egw-qemu-integrated
2026-10-03T13:37:34Z,egw-ditto-things-1,136.17,583561216,72.46,egw-qemu-integrated
2026-10-03T13:37:34Z,egw-ditto-policies-1,22.24,545992704,67.80,egw-qemu-integrated
2026-10-03T13:37:34Z,egw-mongodb-1,6.62,245710848,45.77,egw-qemu-integrated
2026-10-03T13:37:34Z,egw-ditto-gateway-1,124.39,538435584,66.86,egw-qemu-integrated
2026-10-03T13:37:34Z,egw-controller-1,22.32,43094016,16.05,egw-qemu-integrated
2026-10-03T13:37:35Z,egw-mosquitto-1,1.65,5992448,4.46,egw-qemu-integrated
2026-10-03T13:37:35Z,egw-ditto-things-1,131.29,583847936,72.50,egw-qemu-integrated
2026-10-03T13:37:35Z,egw-ditto-policies-1,14.29,546000896,67.80,egw-qemu-integrated
2026-10-03T13:37:35Z,egw-mongodb-1,6.44,245706752,45.77,egw-qemu-integrated
2026-10-03T13:37:35Z,egw-ditto-gateway-1,76.90,538480640,66.87,egw-qemu-integrated
2026-10-03T13:37:35Z,egw-controller-1,27.76,43122688,16.06,egw-qemu-integrated
2026-10-03T13:37:36Z,egw-mosquitto-1,2.09,5996544,4.47,egw-qemu-integrated
2026-10-03T13:37:36Z,egw-ditto-things-1,90.91,583610368,72.47,egw-qemu-integrated
2026-10-03T13:37:36Z,egw-ditto-policies-1,9.21,546000896,67.80,egw-qemu-integrated
2026-10-03T13:37:36Z,egw-mongodb-1,7.34,245706752,45.77,egw-qemu-integrated
2026-10-03T13:37:36Z,egw-ditto-gateway-1,58.92,538226688,66.84,egw-qemu-integrated
2026-10-03T13:37:36Z,egw-controller-1,30.90,43675648,16.27,egw-qemu-integrated
2026-10-03T13:37:37Z,egw-mosquitto-1,2.00,6000640,4.47,egw-qemu-integrated
2026-10-03T13:37:37Z,egw-ditto-things-1,64.23,583622656,72.47,egw-qemu-integrated
2026-10-03T13:37:37Z,egw-ditto-policies-1,8.72,546004992,67.80,egw-qemu-integrated
2026-10-03T13:37:37Z,egw-mongodb-1,7.32,245706752,45.77,egw-qemu-integrated
2026-10-03T13:37:37Z,egw-ditto-gateway-1,59.62,538243072,66.84,egw-qemu-integrated
2026-10-03T13:37:37Z,egw-controller-1,29.38,43421696,16.18,egw-qemu-integrated
2026-10-03T13:37:38Z,egw-mosquitto-1,2.17,6258688,4.66,egw-qemu-integrated
2026-10-03T13:37:38Z,egw-ditto-things-1,69.50,583634944,72.47,egw-qemu-integrated
2026-10-03T13:37:38Z,egw-ditto-policies-1,8.62,546000896,67.80,egw-qemu-integrated
2026-10-03T13:37:38Z,egw-mongodb-1,6.83,245710848,45.77,egw-qemu-integrated
2026-10-03T13:37:38Z,egw-ditto-gateway-1,63.33,538243072,66.84,egw-qemu-integrated
2026-10-03T13:37:38Z,egw-controller-1,31.10,43458560,16.19,egw-qemu-integrated
2026-10-03T13:37:39Z,egw-mosquitto-1,1.77,6520832,4.86,egw-qemu-integrated
2026-10-03T13:37:39Z,egw-ditto-things-1,81.71,583643136,72.47,egw-qemu-integrated
2026-10-03T13:37:39Z,egw-ditto-policies-1,8.91,546000896,67.80,egw-qemu-integrated
2026-10-03T13:37:39Z,egw-mongodb-1,7.78,245706752,45.77,egw-qemu-integrated
2026-10-03T13:37:39Z,egw-ditto-gateway-1,82.89,538255360,66.84,egw-qemu-integrated
2026-10-03T13:37:39Z,egw-controller-1,27.54,43446272,16.18,egw-qemu-integrated
2026-10-03T13:37:40Z,egw-mosquitto-1,2.13,5996544,4.47,egw-qemu-integrated
2026-10-03T13:37:40Z,egw-ditto-things-1,52.39,583647232,72.48,egw-qemu-integrated
2026-10-03T13:37:40Z,egw-ditto-policies-1,9.05,545996800,67.80,egw-qemu-integrated
2026-10-03T13:37:40Z,egw-mongodb-1,16.00,245739520,45.77,egw-qemu-integrated
2026-10-03T13:37:40Z,egw-ditto-gateway-1,91.70,538529792,66.87,egw-qemu-integrated
2026-10-03T13:37:40Z,egw-controller-1,30.73,43458560,16.19,egw-qemu-integrated
2026-10-03T13:37:41Z,egw-mosquitto-1,3.72,6000640,4.47,egw-qemu-integrated
2026-10-03T13:37:41Z,egw-ditto-things-1,70.99,583651328,72.48,egw-qemu-integrated
2026-10-03T13:37:41Z,egw-ditto-policies-1,54.60,546037760,67.80,egw-qemu-integrated
2026-10-03T13:37:41Z,egw-mongodb-1,7.28,245817344,45.79,egw-qemu-integrated
2026-10-03T13:37:41Z,egw-ditto-gateway-1,78.79,538275840,66.84,egw-qemu-integrated
2026-10-03T13:37:41Z,egw-controller-1,18.13,43474944,16.20,egw-qemu-integrated
2026-10-03T13:37:42Z,egw-mosquitto-1,2.06,6266880,4.67,egw-qemu-integrated
2026-10-03T13:37:42Z,egw-ditto-things-1,58.18,583651328,72.48,egw-qemu-integrated
2026-10-03T13:37:42Z,egw-ditto-policies-1,61.52,547610624,68.00,egw-qemu-integrated
2026-10-03T13:37:42Z,egw-mongodb-1,19.68,245817344,45.79,egw-qemu-integrated
2026-10-03T13:37:42Z,egw-ditto-gateway-1,55.19,538152960,66.83,egw-qemu-integrated
2026-10-03T13:37:42Z,egw-controller-1,14.61,43474944,16.20,egw-qemu-integrated
2026-10-03T13:37:43Z,egw-mosquitto-1,1.94,6275072,4.68,egw-qemu-integrated
2026-10-03T13:37:43Z,egw-ditto-things-1,52.86,583606272,72.47,egw-qemu-integrated
2026-10-03T13:37:43Z,egw-ditto-policies-1,45.38,546045952,67.81,egw-qemu-integrated
2026-10-03T13:37:43Z,egw-mongodb-1,8.22,245870592,45.80,egw-qemu-integrated
2026-10-03T13:37:43Z,egw-ditto-gateway-1,79.32,538288128,66.84,egw-qemu-integrated
2026-10-03T13:37:43Z,egw-controller-1,27.50,43220992,16.10,egw-qemu-integrated
2026-10-03T13:37:44Z,egw-mosquitto-1,1.67,6017024,4.48,egw-qemu-integrated
2026-10-03T13:37:44Z,egw-ditto-things-1,71.07,583913472,72.51,egw-qemu-integrated
2026-10-03T13:37:44Z,egw-ditto-policies-1,34.63,546074624,67.81,egw-qemu-integrated
2026-10-03T13:37:44Z,egw-mongodb-1,6.82,245874688,45.80,egw-qemu-integrated
2026-10-03T13:37:44Z,egw-ditto-gateway-1,92.86,538308608,66.85,egw-qemu-integrated
2026-10-03T13:37:44Z,egw-controller-1,26.75,43225088,16.10,egw-qemu-integrated
2026-10-03T13:37:45Z,egw-mosquitto-1,4.49,6025216,4.49,egw-qemu-integrated
2026-10-03T13:37:45Z,egw-ditto-things-1,60.29,583655424,72.48,egw-qemu-integrated
2026-10-03T13:37:45Z,egw-ditto-policies-1,13.31,546074624,67.81,egw-qemu-integrated
2026-10-03T13:37:45Z,egw-mongodb-1,7.86,245874688,45.80,egw-qemu-integrated
2026-10-03T13:37:45Z,egw-ditto-gateway-1,91.24,538324992,66.85,egw-qemu-integrated
2026-10-03T13:37:45Z,egw-controller-1,28.01,43487232,16.20,egw-qemu-integrated
2026-10-03T13:37:46Z,egw-mosquitto-1,1.90,6283264,4.68,egw-qemu-integrated
2026-10-03T13:37:46Z,egw-ditto-things-1,61.98,583655424,72.48,egw-qemu-integrated
2026-10-03T13:37:46Z,egw-ditto-policies-1,12.74,546095104,67.81,egw-qemu-integrated
2026-10-03T13:37:46Z,egw-mongodb-1,7.46,245870592,45.80,egw-qemu-integrated
2026-10-03T13:37:46Z,egw-ditto-gateway-1,86.90,538607616,66.88,egw-qemu-integrated
2026-10-03T13:37:46Z,egw-controller-1,31.73,43245568,16.11,egw-qemu-integrated
2026-10-03T13:37:47Z,egw-mosquitto-1,2.17,6029312,4.49,egw-qemu-integrated
2026-10-03T13:37:47Z,egw-ditto-things-1,69.66,583933952,72.51,egw-qemu-integrated
2026-10-03T13:37:47Z,egw-ditto-policies-1,11.53,546111488,67.81,egw-qemu-integrated
2026-10-03T13:37:47Z,egw-mongodb-1,6.74,245870592,45.80,egw-qemu-integrated
2026-10-03T13:37:47Z,egw-ditto-gateway-1,65.42,538353664,66.85,egw-qemu-integrated
2026-10-03T13:37:47Z,egw-controller-1,28.58,43237376,16.11,egw-qemu-integrated
2026-10-03T13:37:48Z,egw-mosquitto-1,1.92,6021120,4.49,egw-qemu-integrated
2026-10-03T13:37:48Z,egw-ditto-things-1,77.76,583675904,72.48,egw-qemu-integrated
2026-10-03T13:37:48Z,egw-ditto-policies-1,8.79,546111488,67.81,egw-qemu-integrated
2026-10-03T13:37:48Z,egw-mongodb-1,6.10,245903360,45.80,egw-qemu-integrated
2026-10-03T13:37:48Z,egw-ditto-gateway-1,48.47,538353664,66.85,egw-qemu-integrated
2026-10-03T13:37:48Z,egw-controller-1,24.20,43507712,16.21,egw-qemu-integrated
2026-10-03T13:37:49Z,egw-mosquitto-1,3.10,6025216,4.49,egw-qemu-integrated
2026-10-03T13:37:49Z,egw-ditto-things-1,47.93,583675904,72.48,egw-qemu-integrated
2026-10-03T13:37:49Z,egw-ditto-policies-1,16.05,546115584,67.81,egw-qemu-integrated
2026-10-03T13:37:49Z,egw-mongodb-1,39.46,246329344,45.88,egw-qemu-integrated
2026-10-03T13:37:49Z,egw-ditto-gateway-1,42.87,538357760,66.85,egw-qemu-integrated
2026-10-03T13:37:49Z,egw-controller-1,105.79,48328704,18.00,egw-qemu-integrated
2026-10-03T13:37:50Z,egw-mosquitto-1,2.13,6295552,4.69,egw-qemu-integrated
2026-10-03T13:37:50Z,egw-ditto-things-1,45.64,583680000,72.48,egw-qemu-integrated
2026-10-03T13:37:50Z,egw-ditto-policies-1,14.31,546131968,67.82,egw-qemu-integrated
2026-10-03T13:37:50Z,egw-mongodb-1,94.15,341889024,63.68,egw-qemu-integrated
2026-10-03T13:37:50Z,egw-ditto-gateway-1,53.41,538353664,66.85,egw-qemu-integrated
2026-10-03T13:37:50Z,egw-controller-1,112.85,53207040,19.82,egw-qemu-integrated
2026-10-03T13:37:51Z,egw-mosquitto-1,1.88,6041600,4.50,egw-qemu-integrated
2026-10-03T13:37:51Z,egw-ditto-things-1,76.20,583700480,72.48,egw-qemu-integrated
2026-10-03T13:37:51Z,egw-ditto-policies-1,12.44,546131968,67.82,egw-qemu-integrated
2026-10-03T13:37:51Z,egw-mongodb-1,107.17,396808192,73.91,egw-qemu-integrated
2026-10-03T13:37:51Z,egw-ditto-gateway-1,38.26,538361856,66.85,egw-qemu-integrated
2026-10-03T13:37:51Z,egw-controller-1,99.99,56205312,20.94,egw-qemu-integrated
2026-10-03T13:37:52Z,egw-mosquitto-1,2.26,6041600,4.50,egw-qemu-integrated
2026-10-03T13:37:52Z,egw-ditto-things-1,53.36,583700480,72.48,egw-qemu-integrated
2026-10-03T13:37:52Z,egw-ditto-policies-1,10.82,546131968,67.82,egw-qemu-integrated
2026-10-03T13:37:52Z,egw-mongodb-1,84.61,398733312,74.27,egw-qemu-integrated
2026-10-03T13:37:52Z,egw-ditto-gateway-1,41.90,538365952,66.85,egw-qemu-integrated
2026-10-03T13:37:52Z,egw-controller-1,84.33,43274240,16.12,egw-qemu-integrated
2026-10-03T13:37:53Z,egw-mosquitto-1,1.98,6049792,4.51,egw-qemu-integrated
2026-10-03T13:37:53Z,egw-ditto-things-1,116.09,583921664,72.51,egw-qemu-integrated
2026-10-03T13:37:53Z,egw-ditto-policies-1,30.96,546140160,67.82,egw-qemu-integrated
2026-10-03T13:37:53Z,egw-mongodb-1,101.04,403570688,75.17,egw-qemu-integrated
2026-10-03T13:37:53Z,egw-ditto-gateway-1,65.85,538374144,66.85,egw-qemu-integrated
2026-10-03T13:37:53Z,egw-controller-1,21.45,43270144,16.12,egw-qemu-integrated
2026-10-03T13:37:54Z,egw-mosquitto-1,1.81,6316032,4.71,egw-qemu-integrated
2026-10-03T13:37:54Z,egw-ditto-things-1,67.82,583729152,72.49,egw-qemu-integrated
2026-10-03T13:37:54Z,egw-ditto-policies-1,15.90,546168832,67.82,egw-qemu-integrated
2026-10-03T13:37:54Z,egw-mongodb-1,123.46,408317952,76.06,egw-qemu-integrated
2026-10-03T13:37:54Z,egw-ditto-gateway-1,106.03,538382336,66.85,egw-qemu-integrated
2026-10-03T13:37:54Z,egw-controller-1,19.13,43274240,16.12,egw-qemu-integrated
2026-10-03T13:37:55Z,egw-mosquitto-1,2.34,6049792,4.51,egw-qemu-integrated
2026-10-03T13:37:55Z,egw-ditto-things-1,42.78,583737344,72.49,egw-qemu-integrated
2026-10-03T13:37:55Z,egw-ditto-policies-1,12.91,546177024,67.82,egw-qemu-integrated
2026-10-03T13:37:55Z,egw-mongodb-1,93.43,246419456,45.90,egw-qemu-integrated
2026-10-03T13:37:55Z,egw-ditto-gateway-1,97.53,535179264,66.46,egw-qemu-integrated
2026-10-03T13:37:55Z,egw-controller-1,19.80,43282432,16.12,egw-qemu-integrated
2026-10-03T13:37:56Z,egw-mosquitto-1,2.35,6057984,4.51,egw-qemu-integrated
2026-10-03T13:37:56Z,egw-ditto-things-1,93.73,585617408,72.72,egw-qemu-integrated
2026-10-03T13:37:56Z,egw-ditto-policies-1,10.17,546177024,67.82,egw-qemu-integrated
2026-10-03T13:37:56Z,egw-mongodb-1,6.27,246419456,45.90,egw-qemu-integrated
2026-10-03T13:37:56Z,egw-ditto-gateway-1,101.38,535191552,66.46,egw-qemu-integrated
2026-10-03T13:37:56Z,egw-controller-1,25.62,43544576,16.22,egw-qemu-integrated
2026-10-03T13:37:57Z,egw-mosquitto-1,1.70,6057984,4.51,egw-qemu-integrated
2026-10-03T13:37:57Z,egw-ditto-things-1,68.18,583753728,72.49,egw-qemu-integrated
2026-10-03T13:37:57Z,egw-ditto-policies-1,8.59,546177024,67.82,egw-qemu-integrated
2026-10-03T13:37:57Z,egw-mongodb-1,6.82,246423552,45.90,egw-qemu-integrated
2026-10-03T13:37:57Z,egw-ditto-gateway-1,47.65,535441408,66.49,egw-qemu-integrated
2026-10-03T13:37:57Z,egw-controller-1,30.75,43556864,16.23,egw-qemu-integrated
2026-10-03T13:37:58Z,egw-mosquitto-1,2.04,6320128,4.71,egw-qemu-integrated
2026-10-03T13:37:58Z,egw-ditto-things-1,54.82,583716864,72.48,egw-qemu-integrated
2026-10-03T13:37:58Z,egw-ditto-policies-1,18.12,546181120,67.82,egw-qemu-integrated
2026-10-03T13:37:58Z,egw-mongodb-1,7.45,246423552,45.90,egw-qemu-integrated
2026-10-03T13:37:58Z,egw-ditto-gateway-1,53.54,535183360,66.46,egw-qemu-integrated
2026-10-03T13:37:58Z,egw-controller-1,31.86,43294720,16.13,egw-qemu-integrated
2026-10-03T13:37:59Z,egw-mosquitto-1,2.00,6062080,4.52,egw-qemu-integrated
2026-10-03T13:37:59Z,egw-ditto-things-1,68.80,583725056,72.48,egw-qemu-integrated
2026-10-03T13:37:59Z,egw-ditto-policies-1,13.09,546181120,67.82,egw-qemu-integrated
2026-10-03T13:37:59Z,egw-mongodb-1,8.79,246423552,45.90,egw-qemu-integrated
2026-10-03T13:37:59Z,egw-ditto-gateway-1,47.73,535179264,66.46,egw-qemu-integrated
2026-10-03T13:37:59Z,egw-controller-1,31.24,43556864,16.23,egw-qemu-integrated
2026-10-03T13:38:00Z,egw-mosquitto-1,1.94,6057984,4.51,egw-qemu-integrated
2026-10-03T13:38:00Z,egw-ditto-things-1,53.08,583987200,72.52,egw-qemu-integrated
2026-10-03T13:38:00Z,egw-ditto-policies-1,19.18,546222080,67.83,egw-qemu-integrated
2026-10-03T13:38:00Z,egw-mongodb-1,6.90,246689792,45.95,egw-qemu-integrated
2026-10-03T13:38:00Z,egw-ditto-gateway-1,63.21,535183360,66.46,egw-qemu-integrated
2026-10-03T13:38:00Z,egw-controller-1,30.83,43307008,16.13,egw-qemu-integrated
2026-10-03T13:38:01Z,egw-mosquitto-1,1.91,6057984,4.51,egw-qemu-integrated
2026-10-03T13:38:01Z,egw-ditto-things-1,53.71,583725056,72.48,egw-qemu-integrated
2026-10-03T13:38:01Z,egw-ditto-policies-1,20.35,546222080,67.83,egw-qemu-integrated
2026-10-03T13:38:01Z,egw-mongodb-1,7.03,246423552,45.90,egw-qemu-integrated
2026-10-03T13:38:01Z,egw-ditto-gateway-1,56.27,535191552,66.46,egw-qemu-integrated
2026-10-03T13:38:01Z,egw-controller-1,32.50,43311104,16.13,egw-qemu-integrated
2026-10-03T13:38:02Z,egw-mosquitto-1,21.99,9117696,6.79,egw-qemu-integrated
2026-10-03T13:38:02Z,egw-ditto-things-1,42.35,583987200,72.52,egw-qemu-integrated
2026-10-03T13:38:02Z,egw-ditto-policies-1,94.71,546254848,67.83,egw-qemu-integrated
2026-10-03T13:38:02Z,egw-mongodb-1,6.70,246423552,45.90,egw-qemu-integrated
2026-10-03T13:38:02Z,egw-ditto-gateway-1,47.69,535183360,66.46,egw-qemu-integrated
2026-10-03T13:38:02Z,egw-controller-1,29.69,43315200,16.14,egw-qemu-integrated
2026-10-03T13:38:03Z,egw-mosquitto-1,53.83,6070272,4.52,egw-qemu-integrated
2026-10-03T13:38:03Z,egw-ditto-things-1,87.20,583696384,72.48,egw-qemu-integrated
2026-10-03T13:38:03Z,egw-ditto-policies-1,61.37,546254848,67.83,egw-qemu-integrated
2026-10-03T13:38:03Z,egw-mongodb-1,18.76,246702080,45.95,egw-qemu-integrated
2026-10-03T13:38:03Z,egw-ditto-gateway-1,68.05,535085056,66.44,egw-qemu-integrated
2026-10-03T13:38:03Z,egw-controller-1,12.62,43319296,16.14,egw-qemu-integrated
2026-10-03T13:38:04Z,egw-mosquitto-1,1.49,6078464,4.53,egw-qemu-integrated
2026-10-03T13:38:04Z,egw-ditto-things-1,97.72,583692288,72.48,egw-qemu-integrated
2026-10-03T13:38:04Z,egw-ditto-policies-1,59.99,546263040,67.83,egw-qemu-integrated
2026-10-03T13:38:04Z,egw-mongodb-1,8.11,246439936,45.90,egw-qemu-integrated
2026-10-03T13:38:04Z,egw-ditto-gateway-1,89.43,535166976,66.46,egw-qemu-integrated
2026-10-03T13:38:04Z,egw-controller-1,9.81,43585536,16.24,egw-qemu-integrated
2026-10-03T13:38:05Z,egw-mosquitto-1,2.18,6082560,4.53,egw-qemu-integrated
2026-10-03T13:38:05Z,egw-ditto-things-1,66.64,583741440,72.49,egw-qemu-integrated
2026-10-03T13:38:05Z,egw-ditto-policies-1,12.74,546263040,67.83,egw-qemu-integrated
2026-10-03T13:38:05Z,egw-mongodb-1,7.61,246439936,45.90,egw-qemu-integrated
2026-10-03T13:38:05Z,egw-ditto-gateway-1,61.43,535191552,66.46,egw-qemu-integrated
2026-10-03T13:38:05Z,egw-controller-1,29.39,43593728,16.24,egw-qemu-integrated
2026-10-03T13:38:06Z,egw-mosquitto-1,2.14,6082560,4.53,egw-qemu-integrated
2026-10-03T13:38:06Z,egw-ditto-things-1,62.41,583753728,72.49,egw-qemu-integrated
2026-10-03T13:38:06Z,egw-ditto-policies-1,13.57,546267136,67.83,egw-qemu-integrated
2026-10-03T13:38:06Z,egw-mongodb-1,7.09,246439936,45.90,egw-qemu-integrated
2026-10-03T13:38:06Z,egw-ditto-gateway-1,75.36,535203840,66.46,egw-qemu-integrated
2026-10-03T13:38:06Z,egw-controller-1,32.12,43597824,16.24,egw-qemu-integrated
2026-10-03T13:38:07Z,egw-mosquitto-1,1.98,6082560,4.53,egw-qemu-integrated
2026-10-03T13:38:07Z,egw-ditto-things-1,60.91,583757824,72.49,egw-qemu-integrated
2026-10-03T13:38:07Z,egw-ditto-policies-1,16.66,546566144,67.87,egw-qemu-integrated
2026-10-03T13:38:07Z,egw-mongodb-1,7.21,246439936,45.90,egw-qemu-integrated
2026-10-03T13:38:07Z,egw-ditto-gateway-1,60.82,535199744,66.46,egw-qemu-integrated
2026-10-03T13:38:07Z,egw-controller-1,30.38,43343872,16.15,egw-qemu-integrated
2026-10-03T13:38:08Z,egw-mosquitto-1,2.29,6082560,4.53,egw-qemu-integrated
2026-10-03T13:38:08Z,egw-ditto-things-1,77.24,583766016,72.49,egw-qemu-integrated
2026-10-03T13:38:08Z,egw-ditto-policies-1,9.96,546320384,67.84,egw-qemu-integrated
2026-10-03T13:38:08Z,egw-mongodb-1,7.80,246439936,45.90,egw-qemu-integrated
2026-10-03T13:38:08Z,egw-ditto-gateway-1,54.46,535212032,66.46,egw-qemu-integrated
2026-10-03T13:38:08Z,egw-controller-1,29.95,43356160,16.15,egw-qemu-integrated
2026-10-03T13:38:09Z,egw-mosquitto-1,1.92,6082560,4.53,egw-qemu-integrated
2026-10-03T13:38:09Z,egw-ditto-things-1,64.75,583770112,72.49,egw-qemu-integrated
2026-10-03T13:38:09Z,egw-ditto-policies-1,12.69,546320384,67.84,egw-qemu-integrated
2026-10-03T13:38:09Z,egw-mongodb-1,8.12,246439936,45.90,egw-qemu-integrated
2026-10-03T13:38:09Z,egw-ditto-gateway-1,58.44,535207936,66.46,egw-qemu-integrated
2026-10-03T13:38:09Z,egw-controller-1,30.87,43356160,16.15,egw-qemu-integrated
2026-10-03T13:38:10Z,egw-mosquitto-1,2.20,6086656,4.53,egw-qemu-integrated
2026-10-03T13:38:10Z,egw-ditto-things-1,73.83,583782400,72.49,egw-qemu-integrated
2026-10-03T13:38:10Z,egw-ditto-policies-1,14.98,546344960,67.84,egw-qemu-integrated
2026-10-03T13:38:10Z,egw-mongodb-1,7.74,246439936,45.90,egw-qemu-integrated
2026-10-03T13:38:10Z,egw-ditto-gateway-1,68.49,535220224,66.46,egw-qemu-integrated
2026-10-03T13:38:10Z,egw-controller-1,28.06,43614208,16.25,egw-qemu-integrated
2026-10-03T13:38:11Z,egw-mosquitto-1,1.94,6082560,4.53,egw-qemu-integrated
2026-10-03T13:38:11Z,egw-ditto-things-1,46.46,583778304,72.49,egw-qemu-integrated
2026-10-03T13:38:11Z,egw-ditto-policies-1,8.25,546340864,67.84,egw-qemu-integrated
2026-10-03T13:38:11Z,egw-mongodb-1,6.28,246439936,45.90,egw-qemu-integrated
2026-10-03T13:38:11Z,egw-ditto-gateway-1,144.11,535224320,66.46,egw-qemu-integrated
2026-10-03T13:38:11Z,egw-controller-1,30.74,43352064,16.15,egw-qemu-integrated
2026-10-03T13:38:12Z,egw-mosquitto-1,2.15,6086656,4.53,egw-qemu-integrated
2026-10-03T13:38:12Z,egw-ditto-things-1,45.58,584040448,72.52,egw-qemu-integrated
2026-10-03T13:38:12Z,egw-ditto-policies-1,25.43,547405824,67.97,egw-qemu-integrated
2026-10-03T13:38:12Z,egw-mongodb-1,7.50,246439936,45.90,egw-qemu-integrated
2026-10-03T13:38:12Z,egw-ditto-gateway-1,124.82,535277568,66.47,egw-qemu-integrated
2026-10-03T13:38:12Z,egw-controller-1,26.61,43360256,16.15,egw-qemu-integrated
2026-10-03T13:38:13Z,egw-mosquitto-1,2.02,6348800,4.73,egw-qemu-integrated
2026-10-03T13:38:13Z,egw-ditto-things-1,51.88,583782400,72.49,egw-qemu-integrated
2026-10-03T13:38:13Z,egw-ditto-policies-1,119.30,546418688,67.85,egw-qemu-integrated
2026-10-03T13:38:13Z,egw-mongodb-1,11.89,246439936,45.90,egw-qemu-integrated
2026-10-03T13:38:13Z,egw-ditto-gateway-1,55.69,535281664,66.47,egw-qemu-integrated
2026-10-03T13:38:13Z,egw-controller-1,25.17,43360256,16.15,egw-qemu-integrated
2026-10-03T13:38:14Z,egw-mosquitto-1,2.00,6086656,4.53,egw-qemu-integrated
2026-10-03T13:38:14Z,egw-ditto-things-1,54.03,583782400,72.49,egw-qemu-integrated
2026-10-03T13:38:14Z,egw-ditto-policies-1,13.21,546422784,67.85,egw-qemu-integrated
2026-10-03T13:38:14Z,egw-mongodb-1,7.81,246439936,45.90,egw-qemu-integrated
2026-10-03T13:38:14Z,egw-ditto-gateway-1,58.84,535543808,66.50,egw-qemu-integrated
2026-10-03T13:38:14Z,egw-controller-1,30.46,43384832,16.16,egw-qemu-integrated
2026-10-03T13:38:15Z,egw-mosquitto-1,2.42,6606848,4.92,egw-qemu-integrated
2026-10-03T13:38:15Z,egw-ditto-things-1,58.40,583782400,72.49,egw-qemu-integrated
2026-10-03T13:38:15Z,egw-ditto-policies-1,9.07,546422784,67.85,egw-qemu-integrated
2026-10-03T13:38:15Z,egw-mongodb-1,8.07,246439936,45.90,egw-qemu-integrated
2026-10-03T13:38:15Z,egw-ditto-gateway-1,65.23,535298048,66.47,egw-qemu-integrated
2026-10-03T13:38:15Z,egw-controller-1,32.13,43380736,16.16,egw-qemu-integrated
2026-10-03T13:38:16Z,egw-mosquitto-1,1.87,6090752,4.54,egw-qemu-integrated
2026-10-03T13:38:16Z,egw-ditto-things-1,60.52,583790592,72.49,egw-qemu-integrated
2026-10-03T13:38:16Z,egw-ditto-policies-1,12.83,546447360,67.86,egw-qemu-integrated
2026-10-03T13:38:16Z,egw-mongodb-1,6.73,246439936,45.90,egw-qemu-integrated
2026-10-03T13:38:16Z,egw-ditto-gateway-1,78.79,535576576,66.51,egw-qemu-integrated
2026-10-03T13:38:16Z,egw-controller-1,28.13,43638784,16.26,egw-qemu-integrated
2026-10-03T13:38:17Z,egw-mosquitto-1,2.17,6094848,4.54,egw-qemu-integrated
2026-10-03T13:38:17Z,egw-ditto-things-1,57.88,583798784,72.49,egw-qemu-integrated
2026-10-03T13:38:17Z,egw-ditto-policies-1,35.57,546717696,67.89,egw-qemu-integrated
2026-10-03T13:38:17Z,egw-mongodb-1,7.25,246439936,45.90,egw-qemu-integrated
2026-10-03T13:38:17Z,egw-ditto-gateway-1,67.25,535326720,66.47,egw-qemu-integrated
2026-10-03T13:38:17Z,egw-controller-1,29.30,43638784,16.26,egw-qemu-integrated
2026-10-03T13:38:18Z,egw-mosquitto-1,1.90,6094848,4.54,egw-qemu-integrated
2026-10-03T13:38:18Z,egw-ditto-things-1,58.75,584056832,72.53,egw-qemu-integrated
2026-10-03T13:38:18Z,egw-ditto-policies-1,10.94,546467840,67.86,egw-qemu-integrated
2026-10-03T13:38:18Z,egw-mongodb-1,7.03,246702080,45.95,egw-qemu-integrated
2026-10-03T13:38:18Z,egw-ditto-gateway-1,66.08,535326720,66.47,egw-qemu-integrated
2026-10-03T13:38:18Z,egw-controller-1,29.79,43376640,16.16,egw-qemu-integrated
2026-10-03T13:38:19Z,egw-mosquitto-1,1.83,6098944,4.54,egw-qemu-integrated
2026-10-03T13:38:19Z,egw-ditto-things-1,67.94,583806976,72.50,egw-qemu-integrated
2026-10-03T13:38:19Z,egw-ditto-policies-1,11.98,546480128,67.86,egw-qemu-integrated
2026-10-03T13:38:19Z,egw-mongodb-1,8.21,246439936,45.90,egw-qemu-integrated
2026-10-03T13:38:19Z,egw-ditto-gateway-1,65.87,535339008,66.48,egw-qemu-integrated
2026-10-03T13:38:19Z,egw-controller-1,29.47,43638784,16.26,egw-qemu-integrated
2026-10-03T13:38:20Z,egw-mosquitto-1,2.52,6098944,4.54,egw-qemu-integrated
2026-10-03T13:38:20Z,egw-ditto-things-1,74.01,583819264,72.50,egw-qemu-integrated
2026-10-03T13:38:20Z,egw-ditto-policies-1,17.69,546529280,67.87,egw-qemu-integrated
2026-10-03T13:38:20Z,egw-mongodb-1,7.48,246439936,45.90,egw-qemu-integrated
2026-10-03T13:38:20Z,egw-ditto-gateway-1,57.16,535597056,66.51,egw-qemu-integrated
2026-10-03T13:38:20Z,egw-controller-1,30.81,43380736,16.16,egw-qemu-integrated
2026-10-03T13:38:21Z,egw-mosquitto-1,2.08,6094848,4.54,egw-qemu-integrated
2026-10-03T13:38:21Z,egw-ditto-things-1,102.19,583823360,72.50,egw-qemu-integrated
2026-10-03T13:38:21Z,egw-ditto-policies-1,8.43,546533376,67.87,egw-qemu-integrated
2026-10-03T13:38:21Z,egw-mongodb-1,6.58,246439936,45.90,egw-qemu-integrated
2026-10-03T13:38:21Z,egw-ditto-gateway-1,50.94,535343104,66.48,egw-qemu-integrated
2026-10-03T13:38:21Z,egw-controller-1,28.53,43388928,16.16,egw-qemu-integrated
2026-10-03T13:38:22Z,egw-mosquitto-1,2.14,6103040,4.55,egw-qemu-integrated
2026-10-03T13:38:22Z,egw-ditto-things-1,117.18,584101888,72.53,egw-qemu-integrated
2026-10-03T13:38:22Z,egw-ditto-policies-1,35.27,546570240,67.87,egw-qemu-integrated
2026-10-03T13:38:22Z,egw-mongodb-1,6.17,246448128,45.90,egw-qemu-integrated
2026-10-03T13:38:22Z,egw-ditto-gateway-1,51.72,535343104,66.48,egw-qemu-integrated
2026-10-03T13:38:22Z,egw-controller-1,42.83,44945408,16.74,egw-qemu-integrated
2026-10-03T13:38:23Z,egw-mosquitto-1,2.01,6103040,4.55,egw-qemu-integrated
2026-10-03T13:38:23Z,egw-ditto-things-1,116.36,586817536,72.87,egw-qemu-integrated
2026-10-03T13:38:23Z,egw-ditto-policies-1,26.86,546574336,67.87,egw-qemu-integrated
2026-10-03T13:38:23Z,egw-mongodb-1,10.07,246444032,45.90,egw-qemu-integrated
2026-10-03T13:38:23Z,egw-ditto-gateway-1,39.04,535351296,66.48,egw-qemu-integrated
2026-10-03T13:38:23Z,egw-controller-1,111.28,53374976,19.88,egw-qemu-integrated
2026-10-03T13:38:24Z,egw-mosquitto-1,1.90,6103040,4.55,egw-qemu-integrated
2026-10-03T13:38:24Z,egw-ditto-things-1,49.59,586821632,72.87,egw-qemu-integrated
2026-10-03T13:38:24Z,egw-ditto-policies-1,11.29,546574336,67.87,egw-qemu-integrated
2026-10-03T13:38:24Z,egw-mongodb-1,8.43,246444032,45.90,egw-qemu-integrated
2026-10-03T13:38:24Z,egw-ditto-gateway-1,71.94,535359488,66.48,egw-qemu-integrated
2026-10-03T13:38:24Z,egw-controller-1,124.32,55549952,20.69,egw-qemu-integrated
2026-10-03T13:38:25Z,egw-mosquitto-1,2.49,6369280,4.75,egw-qemu-integrated
2026-10-03T13:38:25Z,egw-ditto-things-1,56.05,586784768,72.86,egw-qemu-integrated
2026-10-03T13:38:25Z,egw-ditto-policies-1,11.24,546582528,67.87,egw-qemu-integrated
2026-10-03T13:38:25Z,egw-mongodb-1,55.62,252772352,47.08,egw-qemu-integrated
2026-10-03T13:38:25Z,egw-ditto-gateway-1,51.42,535367680,66.48,egw-qemu-integrated
2026-10-03T13:38:25Z,egw-controller-1,112.45,56709120,21.13,egw-qemu-integrated
2026-10-03T13:38:26Z,egw-mosquitto-1,2.27,6115328,4.56,egw-qemu-integrated
2026-10-03T13:38:26Z,egw-ditto-things-1,51.30,587755520,72.99,egw-qemu-integrated
2026-10-03T13:38:26Z,egw-ditto-policies-1,13.60,546586624,67.87,egw-qemu-integrated
2026-10-03T13:38:26Z,egw-mongodb-1,86.88,363036672,67.62,egw-qemu-integrated
2026-10-03T13:38:26Z,egw-ditto-gateway-1,44.58,536465408,66.62,egw-qemu-integrated
2026-10-03T13:38:26Z,egw-controller-1,44.23,43413504,16.17,egw-qemu-integrated
2026-10-03T13:38:27Z,egw-mosquitto-1,1.90,6127616,4.57,egw-qemu-integrated
2026-10-03T13:38:27Z,egw-ditto-things-1,114.48,586805248,72.87,egw-qemu-integrated
2026-10-03T13:38:27Z,egw-ditto-policies-1,11.84,546586624,67.87,egw-qemu-integrated
2026-10-03T13:38:27Z,egw-mongodb-1,84.52,394842112,73.55,egw-qemu-integrated
2026-10-03T13:38:27Z,egw-ditto-gateway-1,82.74,535371776,66.48,egw-qemu-integrated
2026-10-03T13:38:27Z,egw-controller-1,18.70,43413504,16.17,egw-qemu-integrated
2026-10-03T13:38:28Z,egw-mosquitto-1,2.07,6381568,4.75,egw-qemu-integrated
2026-10-03T13:38:28Z,egw-ditto-things-1,60.89,586858496,72.87,egw-qemu-integrated
2026-10-03T13:38:28Z,egw-ditto-policies-1,19.72,546603008,67.88,egw-qemu-integrated
2026-10-03T13:38:28Z,egw-mongodb-1,126.82,399155200,74.35,egw-qemu-integrated
2026-10-03T13:38:28Z,egw-ditto-gateway-1,62.64,535384064,66.48,egw-qemu-integrated
2026-10-03T13:38:28Z,egw-controller-1,25.90,43413504,16.17,egw-qemu-integrated
2026-10-03T13:38:29Z,egw-mosquitto-1,2.02,6123520,4.56,egw-qemu-integrated
2026-10-03T13:38:29Z,egw-ditto-things-1,50.31,586866688,72.87,egw-qemu-integrated
2026-10-03T13:38:29Z,egw-ditto-policies-1,14.18,546607104,67.88,egw-qemu-integrated
2026-10-03T13:38:29Z,egw-mongodb-1,99.76,402046976,74.89,egw-qemu-integrated
2026-10-03T13:38:29Z,egw-ditto-gateway-1,43.29,535388160,66.48,egw-qemu-integrated
2026-10-03T13:38:29Z,egw-controller-1,25.91,43417600,16.17,egw-qemu-integrated
2026-10-03T13:38:30Z,egw-mosquitto-1,2.14,6123520,4.56,egw-qemu-integrated
2026-10-03T13:38:30Z,egw-ditto-things-1,54.16,586919936,72.88,egw-qemu-integrated
2026-10-03T13:38:30Z,egw-ditto-policies-1,15.84,546627584,67.88,egw-qemu-integrated
2026-10-03T13:38:30Z,egw-mongodb-1,117.17,407146496,75.84,egw-qemu-integrated
2026-10-03T13:38:30Z,egw-ditto-gateway-1,85.13,535396352,66.48,egw-qemu-integrated
2026-10-03T13:38:30Z,egw-controller-1,26.24,43421696,16.18,egw-qemu-integrated
2026-10-03T13:38:31Z,egw-mosquitto-1,3.61,6127616,4.57,egw-qemu-integrated
2026-10-03T13:38:31Z,egw-ditto-things-1,41.15,586870784,72.88,egw-qemu-integrated
2026-10-03T13:38:31Z,egw-ditto-policies-1,27.15,546623488,67.88,egw-qemu-integrated
2026-10-03T13:38:31Z,egw-mongodb-1,131.58,411820032,76.71,egw-qemu-integrated
2026-10-03T13:38:31Z,egw-ditto-gateway-1,104.13,535392256,66.48,egw-qemu-integrated
2026-10-03T13:38:31Z,egw-controller-1,18.87,43429888,16.18,egw-qemu-integrated
2026-10-03T13:38:32Z,egw-mosquitto-1,1.88,6135808,4.57,egw-qemu-integrated
2026-10-03T13:38:32Z,egw-ditto-things-1,75.44,586911744,72.88,egw-qemu-integrated
2026-10-03T13:38:32Z,egw-ditto-policies-1,42.05,546627584,67.88,egw-qemu-integrated
2026-10-03T13:38:32Z,egw-mongodb-1,63.49,244736000,45.59,egw-qemu-integrated
2026-10-03T13:38:32Z,egw-ditto-gateway-1,107.05,535298048,66.47,egw-qemu-integrated
2026-10-03T13:38:32Z,egw-controller-1,6.18,43429888,16.18,egw-qemu-integrated
2026-10-03T13:38:33Z,egw-mosquitto-1,29.11,6725632,5.01,egw-qemu-integrated
2026-10-03T13:38:33Z,egw-ditto-things-1,69.46,586878976,72.88,egw-qemu-integrated
2026-10-03T13:38:33Z,egw-ditto-policies-1,37.50,546635776,67.88,egw-qemu-integrated
2026-10-03T13:38:33Z,egw-mongodb-1,9.13,244736000,45.59,egw-qemu-integrated
2026-10-03T13:38:33Z,egw-ditto-gateway-1,96.08,535449600,66.49,egw-qemu-integrated
2026-10-03T13:38:33Z,egw-controller-1,18.76,43433984,16.18,egw-qemu-integrated
2026-10-03T13:38:34Z,egw-mosquitto-1,32.19,6152192,4.58,egw-qemu-integrated
2026-10-03T13:38:34Z,egw-ditto-things-1,64.73,586928128,72.88,egw-qemu-integrated
2026-10-03T13:38:34Z,egw-ditto-policies-1,19.53,546639872,67.88,egw-qemu-integrated
2026-10-03T13:38:34Z,egw-mongodb-1,8.04,244736000,45.59,egw-qemu-integrated
2026-10-03T13:38:34Z,egw-ditto-gateway-1,95.79,535461888,66.49,egw-qemu-integrated
2026-10-03T13:38:34Z,egw-controller-1,22.89,43446272,16.18,egw-qemu-integrated
2026-10-03T13:38:35Z,egw-mosquitto-1,1.83,6152192,4.58,egw-qemu-integrated
2026-10-03T13:38:35Z,egw-ditto-things-1,85.80,586936320,72.88,egw-qemu-integrated
2026-10-03T13:38:35Z,egw-ditto-policies-1,8.33,546639872,67.88,egw-qemu-integrated
2026-10-03T13:38:35Z,egw-mongodb-1,7.26,244740096,45.59,egw-qemu-integrated
2026-10-03T13:38:35Z,egw-ditto-gateway-1,53.39,535470080,66.49,egw-qemu-integrated
2026-10-03T13:38:35Z,egw-controller-1,31.51,43454464,16.19,egw-qemu-integrated
2026-10-03T13:38:36Z,egw-mosquitto-1,2.09,6152192,4.58,egw-qemu-integrated
2026-10-03T13:38:36Z,egw-ditto-things-1,89.82,587218944,72.92,egw-qemu-integrated
2026-10-03T13:38:36Z,egw-ditto-policies-1,9.74,546639872,67.88,egw-qemu-integrated
2026-10-03T13:38:36Z,egw-mongodb-1,7.48,244740096,45.59,egw-qemu-integrated
2026-10-03T13:38:36Z,egw-ditto-gateway-1,48.18,535465984,66.49,egw-qemu-integrated
2026-10-03T13:38:36Z,egw-controller-1,32.58,43454464,16.19,egw-qemu-integrated
2026-10-03T13:38:37Z,egw-mosquitto-1,1.81,6152192,4.58,egw-qemu-integrated
2026-10-03T13:38:37Z,egw-ditto-things-1,71.97,587218944,72.92,egw-qemu-integrated
2026-10-03T13:38:37Z,egw-ditto-policies-1,10.10,546910208,67.91,egw-qemu-integrated
2026-10-03T13:38:37Z,egw-mongodb-1,7.62,244736000,45.59,egw-qemu-integrated
2026-10-03T13:38:37Z,egw-ditto-gateway-1,58.89,535470080,66.49,egw-qemu-integrated
2026-10-03T13:38:37Z,egw-controller-1,32.18,43458560,16.19,egw-qemu-integrated
2026-10-03T13:38:38Z,egw-mosquitto-1,2.17,6152192,4.58,egw-qemu-integrated
2026-10-03T13:38:38Z,egw-ditto-things-1,65.79,587227136,72.92,egw-qemu-integrated
2026-10-03T13:38:38Z,egw-ditto-policies-1,8.82,546648064,67.88,egw-qemu-integrated
2026-10-03T13:38:38Z,egw-mongodb-1,7.37,244994048,45.63,egw-qemu-integrated
2026-10-03T13:38:38Z,egw-ditto-gateway-1,63.87,535474176,66.49,egw-qemu-integrated
2026-10-03T13:38:38Z,egw-controller-1,29.58,43712512,16.28,egw-qemu-integrated
2026-10-03T13:38:39Z,egw-mosquitto-1,2.29,6152192,4.58,egw-qemu-integrated
2026-10-03T13:38:39Z,egw-ditto-things-1,98.38,586985472,72.89,egw-qemu-integrated
2026-10-03T13:38:39Z,egw-ditto-policies-1,10.42,546648064,67.88,egw-qemu-integrated
2026-10-03T13:38:39Z,egw-mongodb-1,18.58,244744192,45.59,egw-qemu-integrated
2026-10-03T13:38:39Z,egw-ditto-gateway-1,50.47,535470080,66.49,egw-qemu-integrated
2026-10-03T13:38:39Z,egw-controller-1,33.08,43716608,16.29,egw-qemu-integrated
2026-10-03T13:38:40Z,egw-mosquitto-1,2.13,6152192,4.58,egw-qemu-integrated
2026-10-03T13:38:40Z,egw-ditto-things-1,59.03,586989568,72.89,egw-qemu-integrated
2026-10-03T13:38:40Z,egw-ditto-policies-1,12.59,546648064,67.88,egw-qemu-integrated
2026-10-03T13:38:40Z,egw-mongodb-1,7.46,244744192,45.59,egw-qemu-integrated
2026-10-03T13:38:40Z,egw-ditto-gateway-1,58.90,535486464,66.49,egw-qemu-integrated
2026-10-03T13:38:40Z,egw-controller-1,30.22,43724800,16.29,egw-qemu-integrated
2026-10-03T13:38:41Z,egw-mosquitto-1,1.98,6152192,4.58,egw-qemu-integrated
2026-10-03T13:38:41Z,egw-ditto-things-1,58.60,586989568,72.89,egw-qemu-integrated
2026-10-03T13:38:41Z,egw-ditto-policies-1,9.11,546648064,67.88,egw-qemu-integrated
2026-10-03T13:38:41Z,egw-mongodb-1,8.10,245006336,45.64,egw-qemu-integrated
2026-10-03T13:38:41Z,egw-ditto-gateway-1,54.16,535486464,66.49,egw-qemu-integrated
2026-10-03T13:38:41Z,egw-controller-1,31.54,43466752,16.19,egw-qemu-integrated
2026-10-03T13:38:42Z,egw-mosquitto-1,2.33,6156288,4.59,egw-qemu-integrated
2026-10-03T13:38:42Z,egw-ditto-things-1,70.28,587255808,72.92,egw-qemu-integrated
2026-10-03T13:38:42Z,egw-ditto-policies-1,19.76,546660352,67.88,egw-qemu-integrated
2026-10-03T13:38:42Z,egw-mongodb-1,7.79,244748288,45.59,egw-qemu-integrated
2026-10-03T13:38:42Z,egw-ditto-gateway-1,52.89,535486464,66.49,egw-qemu-integrated
2026-10-03T13:38:42Z,egw-controller-1,29.78,43462656,16.19,egw-qemu-integrated
2026-10-03T13:38:43Z,egw-mosquitto-1,1.93,6156288,4.59,egw-qemu-integrated
2026-10-03T13:38:43Z,egw-ditto-things-1,53.21,586956800,72.89,egw-qemu-integrated
2026-10-03T13:38:43Z,egw-ditto-policies-1,91.67,546684928,67.89,egw-qemu-integrated
2026-10-03T13:38:43Z,egw-mongodb-1,9.05,244744192,45.59,egw-qemu-integrated
2026-10-03T13:38:43Z,egw-ditto-gateway-1,63.88,535490560,66.50,egw-qemu-integrated
2026-10-03T13:38:43Z,egw-controller-1,22.11,43724800,16.29,egw-qemu-integrated
2026-10-03T13:38:44Z,egw-mosquitto-1,5.26,6160384,4.59,egw-qemu-integrated
2026-10-03T13:38:44Z,egw-ditto-things-1,51.62,587001856,72.89,egw-qemu-integrated
2026-10-03T13:38:44Z,egw-ditto-policies-1,21.10,546689024,67.89,egw-qemu-integrated
2026-10-03T13:38:44Z,egw-mongodb-1,8.40,244744192,45.59,egw-qemu-integrated
2026-10-03T13:38:44Z,egw-ditto-gateway-1,48.41,535756800,66.53,egw-qemu-integrated
2026-10-03T13:38:44Z,egw-controller-1,31.75,43724800,16.29,egw-qemu-integrated
2026-10-03T13:38:45Z,egw-mosquitto-1,2.43,6160384,4.59,egw-qemu-integrated
2026-10-03T13:38:45Z,egw-ditto-things-1,51.90,587005952,72.89,egw-qemu-integrated
2026-10-03T13:38:45Z,egw-ditto-policies-1,10.25,546689024,67.89,egw-qemu-integrated
2026-10-03T13:38:45Z,egw-mongodb-1,7.25,244744192,45.59,egw-qemu-integrated
2026-10-03T13:38:45Z,egw-ditto-gateway-1,50.72,536010752,66.56,egw-qemu-integrated
2026-10-03T13:38:45Z,egw-controller-1,32.28,43470848,16.19,egw-qemu-integrated
2026-10-03T13:38:46Z,egw-mosquitto-1,2.13,6160384,4.59,egw-qemu-integrated
2026-10-03T13:38:46Z,egw-ditto-things-1,58.84,587001856,72.89,egw-qemu-integrated
2026-10-03T13:38:46Z,egw-ditto-policies-1,11.98,546693120,67.89,egw-qemu-integrated
2026-10-03T13:38:46Z,egw-mongodb-1,7.44,244744192,45.59,egw-qemu-integrated
2026-10-03T13:38:46Z,egw-ditto-gateway-1,56.72,535498752,66.50,egw-qemu-integrated
2026-10-03T13:38:46Z,egw-controller-1,30.53,43479040,16.20,egw-qemu-integrated
2026-10-03T13:38:47Z,egw-mosquitto-1,2.02,6160384,4.59,egw-qemu-integrated
2026-10-03T13:38:47Z,egw-ditto-things-1,54.87,587005952,72.89,egw-qemu-integrated
2026-10-03T13:38:47Z,egw-ditto-policies-1,9.37,546693120,67.89,egw-qemu-integrated
2026-10-03T13:38:47Z,egw-mongodb-1,8.36,244748288,45.59,egw-qemu-integrated
2026-10-03T13:38:47Z,egw-ditto-gateway-1,53.01,535498752,66.50,egw-qemu-integrated
2026-10-03T13:38:47Z,egw-controller-1,31.67,43732992,16.29,egw-qemu-integrated
2026-10-03T13:38:48Z,egw-mosquitto-1,2.32,6160384,4.59,egw-qemu-integrated
2026-10-03T13:38:48Z,egw-ditto-things-1,56.41,587005952,72.89,egw-qemu-integrated
2026-10-03T13:38:48Z,egw-ditto-policies-1,9.89,546959360,67.92,egw-qemu-integrated
2026-10-03T13:38:48Z,egw-mongodb-1,7.41,244748288,45.59,egw-qemu-integrated
2026-10-03T13:38:48Z,egw-ditto-gateway-1,51.68,535494656,66.50,egw-qemu-integrated
2026-10-03T13:38:48Z,egw-controller-1,31.58,43737088,16.29,egw-qemu-integrated
2026-10-03T13:38:49Z,egw-mosquitto-1,2.36,6414336,4.78,egw-qemu-integrated
2026-10-03T13:38:49Z,egw-ditto-things-1,58.49,587010048,72.89,egw-qemu-integrated
2026-10-03T13:38:49Z,egw-ditto-policies-1,9.26,546705408,67.89,egw-qemu-integrated
2026-10-03T13:38:49Z,egw-mongodb-1,8.40,244748288,45.59,egw-qemu-integrated
2026-10-03T13:38:49Z,egw-ditto-gateway-1,52.65,535498752,66.50,egw-qemu-integrated
2026-10-03T13:38:49Z,egw-controller-1,31.52,43491328,16.20,egw-qemu-integrated
2026-10-03T13:38:50Z,egw-mosquitto-1,2.31,6422528,4.79,egw-qemu-integrated
2026-10-03T13:38:50Z,egw-ditto-things-1,68.17,587026432,72.89,egw-qemu-integrated
2026-10-03T13:38:50Z,egw-ditto-policies-1,10.61,546701312,67.89,egw-qemu-integrated
2026-10-03T13:38:50Z,egw-mongodb-1,6.84,244748288,45.59,egw-qemu-integrated
2026-10-03T13:38:50Z,egw-ditto-gateway-1,79.84,535498752,66.50,egw-qemu-integrated
2026-10-03T13:38:50Z,egw-controller-1,30.72,43487232,16.20,egw-qemu-integrated
2026-10-03T13:38:51Z,egw-mosquitto-1,2.06,6160384,4.59,egw-qemu-integrated
2026-10-03T13:38:51Z,egw-ditto-things-1,64.07,587280384,72.93,egw-qemu-integrated
2026-10-03T13:38:51Z,egw-ditto-policies-1,8.62,546697216,67.89,egw-qemu-integrated
2026-10-03T13:38:51Z,egw-mongodb-1,7.35,244748288,45.59,egw-qemu-integrated
2026-10-03T13:38:51Z,egw-ditto-gateway-1,49.47,535502848,66.50,egw-qemu-integrated
2026-10-03T13:38:51Z,egw-controller-1,30.16,43483136,16.20,egw-qemu-integrated
2026-10-03T13:38:52Z,egw-mosquitto-1,2.58,6680576,4.98,egw-qemu-integrated
2026-10-03T13:38:52Z,egw-ditto-things-1,76.29,587034624,72.90,egw-qemu-integrated
2026-10-03T13:38:52Z,egw-ditto-policies-1,19.26,546697216,67.89,egw-qemu-integrated
2026-10-03T13:38:52Z,egw-mongodb-1,7.50,244760576,45.59,egw-qemu-integrated
2026-10-03T13:38:52Z,egw-ditto-gateway-1,76.04,535515136,66.50,egw-qemu-integrated
2026-10-03T13:38:52Z,egw-controller-1,31.63,43487232,16.20,egw-qemu-integrated
2026-10-03T13:38:53Z,egw-mosquitto-1,2.06,6168576,4.60,egw-qemu-integrated
2026-10-03T13:38:53Z,egw-ditto-things-1,162.21,587071488,72.90,egw-qemu-integrated
2026-10-03T13:38:53Z,egw-ditto-policies-1,22.78,546701312,67.89,egw-qemu-integrated
2026-10-03T13:38:53Z,egw-mongodb-1,6.88,244842496,45.61,egw-qemu-integrated
2026-10-03T13:38:53Z,egw-ditto-gateway-1,37.24,535519232,66.50,egw-qemu-integrated
2026-10-03T13:38:53Z,egw-controller-1,22.63,43491328,16.20,egw-qemu-integrated
2026-10-03T13:38:54Z,egw-mosquitto-1,1.99,6168576,4.60,egw-qemu-integrated
2026-10-03T13:38:54Z,egw-ditto-things-1,56.99,587075584,72.90,egw-qemu-integrated
2026-10-03T13:38:54Z,egw-ditto-policies-1,14.92,546705408,67.89,egw-qemu-integrated
2026-10-03T13:38:54Z,egw-mongodb-1,19.19,244842496,45.61,egw-qemu-integrated
2026-10-03T13:38:54Z,egw-ditto-gateway-1,53.77,535511040,66.50,egw-qemu-integrated
2026-10-03T13:38:54Z,egw-controller-1,30.04,43495424,16.20,egw-qemu-integrated
2026-10-03T13:38:55Z,egw-mosquitto-1,2.31,6168576,4.60,egw-qemu-integrated
2026-10-03T13:38:55Z,egw-ditto-things-1,50.13,587075584,72.90,egw-qemu-integrated
2026-10-03T13:38:55Z,egw-ditto-policies-1,9.96,546705408,67.89,egw-qemu-integrated
2026-10-03T13:38:55Z,egw-mongodb-1,7.19,244842496,45.61,egw-qemu-integrated
2026-10-03T13:38:55Z,egw-ditto-gateway-1,82.11,535539712,66.50,egw-qemu-integrated
2026-10-03T13:38:55Z,egw-controller-1,49.79,45502464,16.95,egw-qemu-integrated
2026-10-03T13:38:56Z,egw-mosquitto-1,2.02,6172672,4.60,egw-qemu-integrated
2026-10-03T13:38:56Z,egw-ditto-things-1,47.15,587071488,72.90,egw-qemu-integrated
2026-10-03T13:38:56Z,egw-ditto-policies-1,8.32,546705408,67.89,egw-qemu-integrated
2026-10-03T13:38:56Z,egw-mongodb-1,7.11,244867072,45.61,egw-qemu-integrated
2026-10-03T13:38:56Z,egw-ditto-gateway-1,109.80,535568384,66.50,egw-qemu-integrated
2026-10-03T13:38:56Z,egw-controller-1,116.56,53256192,19.84,egw-qemu-integrated
2026-10-03T13:38:57Z,egw-mosquitto-1,2.39,6172672,4.60,egw-qemu-integrated
2026-10-03T13:38:57Z,egw-ditto-things-1,87.30,588419072,73.07,egw-qemu-integrated
2026-10-03T13:38:57Z,egw-ditto-policies-1,12.78,546705408,67.89,egw-qemu-integrated
2026-10-03T13:38:57Z,egw-mongodb-1,6.11,245129216,45.66,egw-qemu-integrated
2026-10-03T13:38:57Z,egw-ditto-gateway-1,73.33,536109056,66.57,egw-qemu-integrated
2026-10-03T13:38:57Z,egw-controller-1,99.41,54104064,20.16,egw-qemu-integrated
2026-10-03T13:38:58Z,egw-mosquitto-1,1.82,6180864,4.61,egw-qemu-integrated
2026-10-03T13:38:58Z,egw-ditto-things-1,92.63,587067392,72.90,egw-qemu-integrated
2026-10-03T13:38:58Z,egw-ditto-policies-1,10.26,546705408,67.89,egw-qemu-integrated
2026-10-03T13:38:58Z,egw-mongodb-1,6.42,244875264,45.61,egw-qemu-integrated
2026-10-03T13:38:58Z,egw-ditto-gateway-1,74.19,535584768,66.51,egw-qemu-integrated
2026-10-03T13:38:58Z,egw-controller-1,105.57,56205312,20.94,egw-qemu-integrated
2026-10-03T13:38:59Z,egw-mosquitto-1,2.08,6180864,4.61,egw-qemu-integrated
2026-10-03T13:38:59Z,egw-ditto-things-1,84.91,587087872,72.90,egw-qemu-integrated
2026-10-03T13:38:59Z,egw-ditto-policies-1,18.59,546709504,67.89,egw-qemu-integrated
2026-10-03T13:38:59Z,egw-mongodb-1,8.29,244883456,45.61,egw-qemu-integrated
2026-10-03T13:38:59Z,egw-ditto-gateway-1,51.33,535588864,66.51,egw-qemu-integrated
2026-10-03T13:38:59Z,egw-controller-1,80.02,43765760,16.30,egw-qemu-integrated
2026-10-03T13:39:00Z,egw-mosquitto-1,2.43,6184960,4.61,egw-qemu-integrated
2026-10-03T13:39:00Z,egw-ditto-things-1,52.52,587091968,72.90,egw-qemu-integrated
2026-10-03T13:39:00Z,egw-ditto-policies-1,11.61,546709504,67.89,egw-qemu-integrated
2026-10-03T13:39:00Z,egw-mongodb-1,6.89,244883456,45.61,egw-qemu-integrated
2026-10-03T13:39:00Z,egw-ditto-gateway-1,69.27,535846912,66.54,egw-qemu-integrated
2026-10-03T13:39:00Z,egw-controller-1,32.60,43507712,16.21,egw-qemu-integrated
2026-10-03T13:39:01Z,egw-mosquitto-1,2.48,6451200,4.81,egw-qemu-integrated
2026-10-03T13:39:01Z,egw-ditto-things-1,54.84,587083776,72.90,egw-qemu-integrated
2026-10-03T13:39:01Z,egw-ditto-policies-1,12.92,546709504,67.89,egw-qemu-integrated
2026-10-03T13:39:01Z,egw-mongodb-1,7.60,244899840,45.62,egw-qemu-integrated
2026-10-03T13:39:01Z,egw-ditto-gateway-1,68.62,535863296,66.54,egw-qemu-integrated
2026-10-03T13:39:01Z,egw-controller-1,28.44,43515904,16.21,egw-qemu-integrated
2026-10-03T13:39:02Z,egw-mosquitto-1,2.21,6189056,4.61,egw-qemu-integrated
2026-10-03T13:39:02Z,egw-ditto-things-1,55.87,587091968,72.90,egw-qemu-integrated
2026-10-03T13:39:02Z,egw-ditto-policies-1,28.96,546713600,67.89,egw-qemu-integrated
2026-10-03T13:39:02Z,egw-mongodb-1,76.27,308445184,57.45,egw-qemu-integrated
2026-10-03T13:39:02Z,egw-ditto-gateway-1,65.43,535613440,66.51,egw-qemu-integrated
2026-10-03T13:39:02Z,egw-controller-1,27.39,43778048,16.31,egw-qemu-integrated
2026-10-03T13:39:03Z,egw-mosquitto-1,3.91,6447104,4.80,egw-qemu-integrated
2026-10-03T13:39:03Z,egw-ditto-things-1,80.82,587071488,72.90,egw-qemu-integrated
2026-10-03T13:39:03Z,egw-ditto-policies-1,35.93,546717696,67.89,egw-qemu-integrated
2026-10-03T13:39:03Z,egw-mongodb-1,82.74,394653696,73.51,egw-qemu-integrated
2026-10-03T13:39:03Z,egw-ditto-gateway-1,64.09,535613440,66.51,egw-qemu-integrated
2026-10-03T13:39:03Z,egw-controller-1,28.71,43528192,16.22,egw-qemu-integrated
2026-10-03T13:39:04Z,egw-mosquitto-1,55.44,8118272,6.05,egw-qemu-integrated
2026-10-03T13:39:04Z,egw-ditto-things-1,33.02,587030528,72.90,egw-qemu-integrated
2026-10-03T13:39:04Z,egw-ditto-policies-1,28.28,546717696,67.89,egw-qemu-integrated
2026-10-03T13:39:04Z,egw-mongodb-1,86.20,393768960,73.35,egw-qemu-integrated
2026-10-03T13:39:04Z,egw-ditto-gateway-1,90.37,535511040,66.50,egw-qemu-integrated
2026-10-03T13:39:04Z,egw-controller-1,12.44,43528192,16.22,egw-qemu-integrated
2026-10-03T13:39:05Z,egw-mosquitto-1,20.14,6213632,4.63,egw-qemu-integrated
2026-10-03T13:39:05Z,egw-ditto-things-1,80.13,587071488,72.90,egw-qemu-integrated
2026-10-03T13:39:05Z,egw-ditto-policies-1,12.20,546717696,67.89,egw-qemu-integrated
2026-10-03T13:39:05Z,egw-mongodb-1,128.37,397242368,73.99,egw-qemu-integrated
2026-10-03T13:39:05Z,egw-ditto-gateway-1,24.92,535592960,66.51,egw-qemu-integrated
2026-10-03T13:39:05Z,egw-controller-1,5.98,44056576,16.41,egw-qemu-integrated
2026-10-03T13:39:06Z,egw-mosquitto-1,1.98,6221824,4.64,egw-qemu-integrated
2026-10-03T13:39:06Z,egw-ditto-things-1,72.51,587116544,72.91,egw-qemu-integrated
2026-10-03T13:39:06Z,egw-ditto-policies-1,29.89,546717696,67.89,egw-qemu-integrated
2026-10-03T13:39:06Z,egw-mongodb-1,78.48,399835136,74.48,egw-qemu-integrated
2026-10-03T13:39:06Z,egw-ditto-gateway-1,84.78,535621632,66.51,egw-qemu-integrated
2026-10-03T13:39:06Z,egw-controller-1,22.93,43540480,16.22,egw-qemu-integrated
2026-10-03T13:39:07Z,egw-mosquitto-1,1.98,6483968,4.83,egw-qemu-integrated
2026-10-03T13:39:07Z,egw-ditto-things-1,48.15,587116544,72.91,egw-qemu-integrated
2026-10-03T13:39:07Z,egw-ditto-policies-1,26.44,546725888,67.89,egw-qemu-integrated
2026-10-03T13:39:07Z,egw-mongodb-1,115.27,404602880,75.36,egw-qemu-integrated
2026-10-03T13:39:07Z,egw-ditto-gateway-1,98.27,535633920,66.51,egw-qemu-integrated
2026-10-03T13:39:07Z,egw-controller-1,22.34,43802624,16.32,egw-qemu-integrated
2026-10-03T13:39:08Z,egw-mosquitto-1,2.12,6230016,4.64,egw-qemu-integrated
2026-10-03T13:39:08Z,egw-ditto-things-1,94.62,587116544,72.91,egw-qemu-integrated
2026-10-03T13:39:08Z,egw-ditto-policies-1,8.71,546729984,67.89,egw-qemu-integrated
2026-10-03T13:39:08Z,egw-mongodb-1,123.42,409993216,76.37,egw-qemu-integrated
2026-10-03T13:39:08Z,egw-ditto-gateway-1,105.66,535654400,66.52,egw-qemu-integrated
2026-10-03T13:39:08Z,egw-controller-1,19.93,43552768,16.22,egw-qemu-integrated
2026-10-03T13:39:09Z,egw-mosquitto-1,1.77,6230016,4.64,egw-qemu-integrated
2026-10-03T13:39:09Z,egw-ditto-things-1,71.14,587100160,72.90,egw-qemu-integrated
2026-10-03T13:39:09Z,egw-ditto-policies-1,16.27,546725888,67.89,egw-qemu-integrated
2026-10-03T13:39:09Z,egw-mongodb-1,11.38,245329920,45.70,egw-qemu-integrated
2026-10-03T13:39:09Z,egw-ditto-gateway-1,156.71,532459520,66.12,egw-qemu-integrated
2026-10-03T13:39:09Z,egw-controller-1,17.96,43819008,16.32,egw-qemu-integrated
2026-10-03T13:39:10Z,egw-mosquitto-1,1.81,6225920,4.64,egw-qemu-integrated
2026-10-03T13:39:10Z,egw-ditto-things-1,53.99,587141120,72.91,egw-qemu-integrated
2026-10-03T13:39:10Z,egw-ditto-policies-1,35.60,546729984,67.89,egw-qemu-integrated
2026-10-03T13:39:10Z,egw-mongodb-1,6.70,245075968,45.65,egw-qemu-integrated
2026-10-03T13:39:10Z,egw-ditto-gateway-1,71.32,532455424,66.12,egw-qemu-integrated
2026-10-03T13:39:10Z,egw-controller-1,32.28,43569152,16.23,egw-qemu-integrated
2026-10-03T13:39:11Z,egw-mosquitto-1,1.96,6483968,4.83,egw-qemu-integrated
2026-10-03T13:39:11Z,egw-ditto-things-1,58.98,587141120,72.91,egw-qemu-integrated
2026-10-03T13:39:11Z,egw-ditto-policies-1,26.36,546746368,67.89,egw-qemu-integrated
2026-10-03T13:39:11Z,egw-mongodb-1,7.34,245075968,45.65,egw-qemu-integrated
2026-10-03T13:39:11Z,egw-ditto-gateway-1,52.96,532717568,66.15,egw-qemu-integrated
2026-10-03T13:39:11Z,egw-controller-1,31.48,43565056,16.23,egw-qemu-integrated
2026-10-03T13:39:12Z,egw-mosquitto-1,1.73,6230016,4.64,egw-qemu-integrated
2026-10-03T13:39:12Z,egw-ditto-things-1,70.40,587141120,72.91,egw-qemu-integrated
2026-10-03T13:39:12Z,egw-ditto-policies-1,63.59,546779136,67.90,egw-qemu-integrated
2026-10-03T13:39:12Z,egw-mongodb-1,10.45,245080064,45.65,egw-qemu-integrated
2026-10-03T13:39:12Z,egw-ditto-gateway-1,81.70,532717568,66.15,egw-qemu-integrated
2026-10-03T13:39:12Z,egw-controller-1,23.90,44081152,16.42,egw-qemu-integrated
2026-10-03T13:39:13Z,egw-mosquitto-1,2.02,6234112,4.64,egw-qemu-integrated
2026-10-03T13:39:13Z,egw-ditto-things-1,48.49,587141120,72.91,egw-qemu-integrated
2026-10-03T13:39:13Z,egw-ditto-policies-1,60.81,549232640,68.20,egw-qemu-integrated
2026-10-03T13:39:13Z,egw-mongodb-1,11.37,245166080,45.67,egw-qemu-integrated
2026-10-03T13:39:13Z,egw-ditto-gateway-1,50.57,532459520,66.12,egw-qemu-integrated
2026-10-03T13:39:13Z,egw-controller-1,27.84,43823104,16.33,egw-qemu-integrated
2026-10-03T13:39:14Z,egw-mosquitto-1,2.76,6234112,4.64,egw-qemu-integrated
2026-10-03T13:39:14Z,egw-ditto-things-1,48.40,587661312,72.97,egw-qemu-integrated
2026-10-03T13:39:14Z,egw-ditto-policies-1,22.52,546799616,67.90,egw-qemu-integrated
2026-10-03T13:39:14Z,egw-mongodb-1,7.86,245166080,45.67,egw-qemu-integrated
2026-10-03T13:39:14Z,egw-ditto-gateway-1,60.35,532455424,66.12,egw-qemu-integrated
2026-10-03T13:39:14Z,egw-controller-1,30.76,43814912,16.32,egw-qemu-integrated
2026-10-03T13:39:15Z,egw-mosquitto-1,2.15,6234112,4.64,egw-qemu-integrated
2026-10-03T13:39:15Z,egw-ditto-things-1,69.26,587141120,72.91,egw-qemu-integrated
2026-10-03T13:39:15Z,egw-ditto-policies-1,10.00,546799616,67.90,egw-qemu-integrated
2026-10-03T13:39:15Z,egw-mongodb-1,7.37,245428224,45.71,egw-qemu-integrated
2026-10-03T13:39:15Z,egw-ditto-gateway-1,52.72,532459520,66.12,egw-qemu-integrated
2026-10-03T13:39:15Z,egw-controller-1,30.09,44093440,16.43,egw-qemu-integrated
2026-10-03T13:39:16Z,egw-mosquitto-1,2.01,6234112,4.64,egw-qemu-integrated
2026-10-03T13:39:16Z,egw-ditto-things-1,56.96,587407360,72.94,egw-qemu-integrated
2026-10-03T13:39:16Z,egw-ditto-policies-1,7.43,546799616,67.90,egw-qemu-integrated
2026-10-03T13:39:16Z,egw-mongodb-1,7.58,245170176,45.67,egw-qemu-integrated
2026-10-03T13:39:16Z,egw-ditto-gateway-1,54.30,532459520,66.12,egw-qemu-integrated
2026-10-03T13:39:16Z,egw-controller-1,31.80,43569152,16.23,egw-qemu-integrated
2026-10-03T13:39:17Z,egw-mosquitto-1,2.02,6234112,4.64,egw-qemu-integrated
2026-10-03T13:39:17Z,egw-ditto-things-1,58.52,587403264,72.94,egw-qemu-integrated
2026-10-03T13:39:17Z,egw-ditto-policies-1,9.21,546799616,67.90,egw-qemu-integrated
2026-10-03T13:39:17Z,egw-mongodb-1,7.76,245166080,45.67,egw-qemu-integrated
2026-10-03T13:39:17Z,egw-ditto-gateway-1,71.99,532459520,66.12,egw-qemu-integrated
2026-10-03T13:39:17Z,egw-controller-1,31.53,43569152,16.23,egw-qemu-integrated
2026-10-03T13:39:18Z,egw-mosquitto-1,2.01,6492160,4.84,egw-qemu-integrated
2026-10-03T13:39:18Z,egw-ditto-things-1,54.47,587141120,72.91,egw-qemu-integrated
2026-10-03T13:39:18Z,egw-ditto-policies-1,8.85,546803712,67.90,egw-qemu-integrated
2026-10-03T13:39:18Z,egw-mongodb-1,7.80,245166080,45.67,egw-qemu-integrated
2026-10-03T13:39:18Z,egw-ditto-gateway-1,86.64,532455424,66.12,egw-qemu-integrated
2026-10-03T13:39:18Z,egw-controller-1,30.62,43577344,16.23,egw-qemu-integrated
2026-10-03T13:39:19Z,egw-mosquitto-1,2.49,6234112,4.64,egw-qemu-integrated
2026-10-03T13:39:19Z,egw-ditto-things-1,54.80,587141120,72.91,egw-qemu-integrated
2026-10-03T13:39:19Z,egw-ditto-policies-1,24.05,546811904,67.90,egw-qemu-integrated
2026-10-03T13:39:19Z,egw-mongodb-1,8.18,245174272,45.67,egw-qemu-integrated
2026-10-03T13:39:19Z,egw-ditto-gateway-1,140.66,532463616,66.12,egw-qemu-integrated
2026-10-03T13:39:19Z,egw-controller-1,27.64,43831296,16.33,egw-qemu-integrated
2026-10-03T13:39:20Z,egw-mosquitto-1,2.13,6234112,4.64,egw-qemu-integrated
2026-10-03T13:39:20Z,egw-ditto-things-1,72.92,587161600,72.91,egw-qemu-integrated
2026-10-03T13:39:20Z,egw-ditto-policies-1,7.04,546807808,67.90,egw-qemu-integrated
2026-10-03T13:39:20Z,egw-mongodb-1,7.91,245178368,45.67,egw-qemu-integrated
2026-10-03T13:39:20Z,egw-ditto-gateway-1,121.52,532504576,66.12,egw-qemu-integrated
2026-10-03T13:39:20Z,egw-controller-1,28.60,44093440,16.43,egw-qemu-integrated
2026-10-03T13:39:21Z,egw-mosquitto-1,2.09,6234112,4.64,egw-qemu-integrated
2026-10-03T13:39:21Z,egw-ditto-things-1,71.73,587169792,72.91,egw-qemu-integrated
2026-10-03T13:39:21Z,egw-ditto-policies-1,20.62,546811904,67.90,egw-qemu-integrated
2026-10-03T13:39:21Z,egw-mongodb-1,7.05,245182464,45.67,egw-qemu-integrated
2026-10-03T13:39:21Z,egw-ditto-gateway-1,130.02,532783104,66.16,egw-qemu-integrated
2026-10-03T13:39:21Z,egw-controller-1,25.56,43573248,16.23,egw-qemu-integrated
2026-10-03T13:39:22Z,egw-mosquitto-1,1.99,6242304,4.65,egw-qemu-integrated
2026-10-03T13:39:22Z,egw-ditto-things-1,132.63,587182080,72.91,egw-qemu-integrated
2026-10-03T13:39:22Z,egw-ditto-policies-1,17.34,546811904,67.90,egw-qemu-integrated
2026-10-03T13:39:22Z,egw-mongodb-1,7.45,245182464,45.67,egw-qemu-integrated
2026-10-03T13:39:22Z,egw-ditto-gateway-1,102.26,532561920,66.13,egw-qemu-integrated
2026-10-03T13:39:22Z,egw-controller-1,27.14,43577344,16.23,egw-qemu-integrated
2026-10-03T13:39:23Z,egw-mosquitto-1,2.09,6246400,4.65,egw-qemu-integrated
2026-10-03T13:39:23Z,egw-ditto-things-1,138.58,587563008,72.96,egw-qemu-integrated
2026-10-03T13:39:23Z,egw-ditto-policies-1,12.46,546811904,67.90,egw-qemu-integrated
2026-10-03T13:39:23Z,egw-mongodb-1,9.76,245272576,45.69,egw-qemu-integrated
2026-10-03T13:39:23Z,egw-ditto-gateway-1,71.07,532566016,66.13,egw-qemu-integrated
2026-10-03T13:39:23Z,egw-controller-1,28.99,43847680,16.33,egw-qemu-integrated
2026-10-03T13:39:24Z,egw-mosquitto-1,2.22,6246400,4.65,egw-qemu-integrated
2026-10-03T13:39:24Z,egw-ditto-things-1,63.12,587563008,72.96,egw-qemu-integrated
2026-10-03T13:39:24Z,egw-ditto-policies-1,10.29,546820096,67.90,egw-qemu-integrated
2026-10-03T13:39:24Z,egw-mongodb-1,7.48,245268480,45.68,egw-qemu-integrated
2026-10-03T13:39:24Z,egw-ditto-gateway-1,50.06,532574208,66.13,egw-qemu-integrated
2026-10-03T13:39:24Z,egw-controller-1,29.68,43585536,16.24,egw-qemu-integrated
2026-10-03T13:39:25Z,egw-mosquitto-1,2.09,6250496,4.66,egw-qemu-integrated
2026-10-03T13:39:25Z,egw-ditto-things-1,99.41,587333632,72.93,egw-qemu-integrated
2026-10-03T13:39:25Z,egw-ditto-policies-1,9.10,546824192,67.90,egw-qemu-integrated
2026-10-03T13:39:25Z,egw-mongodb-1,7.08,245268480,45.68,egw-qemu-integrated
2026-10-03T13:39:25Z,egw-ditto-gateway-1,54.87,532844544,66.17,egw-qemu-integrated
2026-10-03T13:39:25Z,egw-controller-1,29.14,43593728,16.24,egw-qemu-integrated
2026-10-03T13:39:26Z,egw-mosquitto-1,2.09,6250496,4.66,egw-qemu-integrated
2026-10-03T13:39:26Z,egw-ditto-things-1,65.85,587370496,72.94,egw-qemu-integrated
2026-10-03T13:39:26Z,egw-ditto-policies-1,9.50,546828288,67.90,egw-qemu-integrated
2026-10-03T13:39:26Z,egw-mongodb-1,7.14,245268480,45.68,egw-qemu-integrated
2026-10-03T13:39:26Z,egw-ditto-gateway-1,95.39,532598784,66.14,egw-qemu-integrated
2026-10-03T13:39:26Z,egw-controller-1,29.58,43843584,16.33,egw-qemu-integrated
2026-10-03T13:39:27Z,egw-mosquitto-1,2.31,6246400,4.65,egw-qemu-integrated
2026-10-03T13:39:27Z,egw-ditto-things-1,64.41,587382784,72.94,egw-qemu-integrated
2026-10-03T13:39:27Z,egw-ditto-policies-1,9.02,546824192,67.90,egw-qemu-integrated
2026-10-03T13:39:27Z,egw-mongodb-1,6.61,245268480,45.68,egw-qemu-integrated
2026-10-03T13:39:27Z,egw-ditto-gateway-1,125.32,532594688,66.14,egw-qemu-integrated
2026-10-03T13:39:27Z,egw-controller-1,26.21,43593728,16.24,egw-qemu-integrated
2026-10-03T13:39:28Z,egw-mosquitto-1,2.16,6254592,4.66,egw-qemu-integrated
2026-10-03T13:39:28Z,egw-ditto-things-1,104.00,589254656,73.17,egw-qemu-integrated
2026-10-03T13:39:28Z,egw-ditto-policies-1,14.37,546824192,67.90,egw-qemu-integrated
2026-10-03T13:39:28Z,egw-mongodb-1,6.12,245268480,45.68,egw-qemu-integrated
2026-10-03T13:39:28Z,egw-ditto-gateway-1,132.26,534564864,66.38,egw-qemu-integrated
2026-10-03T13:39:28Z,egw-controller-1,22.24,43593728,16.24,egw-qemu-integrated
2026-10-03T13:39:29Z,egw-mosquitto-1,3.77,6262784,4.67,egw-qemu-integrated
2026-10-03T13:39:29Z,egw-ditto-things-1,121.12,587399168,72.94,egw-qemu-integrated
2026-10-03T13:39:29Z,egw-ditto-policies-1,22.36,546828288,67.90,egw-qemu-integrated
2026-10-03T13:39:29Z,egw-mongodb-1,8.50,245268480,45.68,egw-qemu-integrated
2026-10-03T13:39:29Z,egw-ditto-gateway-1,56.07,532639744,66.14,egw-qemu-integrated
2026-10-03T13:39:29Z,egw-controller-1,70.64,46567424,17.35,egw-qemu-integrated
2026-10-03T13:39:30Z,egw-mosquitto-1,2.18,6266880,4.67,egw-qemu-integrated
2026-10-03T13:39:30Z,egw-ditto-things-1,90.63,587309056,72.93,egw-qemu-integrated
2026-10-03T13:39:30Z,egw-ditto-policies-1,52.42,546828288,67.90,egw-qemu-integrated
2026-10-03T13:39:30Z,egw-mongodb-1,14.46,245268480,45.68,egw-qemu-integrated
2026-10-03T13:39:30Z,egw-ditto-gateway-1,92.68,532639744,66.14,egw-qemu-integrated
2026-10-03T13:39:30Z,egw-controller-1,86.34,53628928,19.98,egw-qemu-integrated
2026-10-03T13:39:31Z,egw-mosquitto-1,1.74,6270976,4.67,egw-qemu-integrated
2026-10-03T13:39:31Z,egw-ditto-things-1,122.73,587350016,72.93,egw-qemu-integrated
2026-10-03T13:39:31Z,egw-ditto-policies-1,36.07,546832384,67.90,egw-qemu-integrated
2026-10-03T13:39:31Z,egw-mongodb-1,8.52,245268480,45.68,egw-qemu-integrated
2026-10-03T13:39:31Z,egw-ditto-gateway-1,79.65,532643840,66.14,egw-qemu-integrated
2026-10-03T13:39:31Z,egw-controller-1,82.63,54444032,20.28,egw-qemu-integrated
2026-10-03T13:39:32Z,egw-mosquitto-1,1.96,6275072,4.68,egw-qemu-integrated
2026-10-03T13:39:32Z,egw-ditto-things-1,95.60,587411456,72.94,egw-qemu-integrated
2026-10-03T13:39:32Z,egw-ditto-policies-1,16.92,546828288,67.90,egw-qemu-integrated
2026-10-03T13:39:32Z,egw-mongodb-1,7.06,245268480,45.68,egw-qemu-integrated
2026-10-03T13:39:32Z,egw-ditto-gateway-1,51.17,532647936,66.14,egw-qemu-integrated
2026-10-03T13:39:32Z,egw-controller-1,117.73,57151488,21.29,egw-qemu-integrated
2026-10-03T13:39:33Z,egw-mosquitto-1,2.37,6279168,4.68,egw-qemu-integrated
2026-10-03T13:39:33Z,egw-ditto-things-1,52.59,587411456,72.94,egw-qemu-integrated
2026-10-03T13:39:33Z,egw-ditto-policies-1,15.11,546844672,67.91,egw-qemu-integrated
2026-10-03T13:39:33Z,egw-mongodb-1,10.93,245346304,45.70,egw-qemu-integrated
2026-10-03T13:39:33Z,egw-ditto-gateway-1,45.06,532652032,66.14,egw-qemu-integrated
2026-10-03T13:39:33Z,egw-controller-1,67.04,44146688,16.45,egw-qemu-integrated
2026-10-03T13:39:34Z,egw-mosquitto-1,8.87,7446528,5.55,egw-qemu-integrated
2026-10-03T13:39:34Z,egw-ditto-things-1,44.29,587411456,72.94,egw-qemu-integrated
2026-10-03T13:39:34Z,egw-ditto-policies-1,7.90,546844672,67.91,egw-qemu-integrated
2026-10-03T13:39:34Z,egw-mongodb-1,6.62,245346304,45.70,egw-qemu-integrated
2026-10-03T13:39:34Z,egw-ditto-gateway-1,116.76,532664320,66.14,egw-qemu-integrated
2026-10-03T13:39:34Z,egw-controller-1,29.51,43622400,16.25,egw-qemu-integrated
2026-10-03T13:39:35Z,egw-mosquitto-1,54.81,6291456,4.69,egw-qemu-integrated
2026-10-03T13:39:35Z,egw-ditto-things-1,59.65,587681792,72.98,egw-qemu-integrated
2026-10-03T13:39:35Z,egw-ditto-policies-1,65.63,546856960,67.91,egw-qemu-integrated
2026-10-03T13:39:35Z,egw-mongodb-1,6.49,245350400,45.70,egw-qemu-integrated
2026-10-03T13:39:35Z,egw-ditto-gateway-1,62.04,532672512,66.15,egw-qemu-integrated
2026-10-03T13:39:35Z,egw-controller-1,26.41,43626496,16.25,egw-qemu-integrated
2026-10-03T13:39:36Z,egw-mosquitto-1,1.95,6287360,4.68,egw-qemu-integrated
2026-10-03T13:39:36Z,egw-ditto-things-1,47.53,587423744,72.94,egw-qemu-integrated
2026-10-03T13:39:36Z,egw-ditto-policies-1,46.62,546881536,67.91,egw-qemu-integrated
2026-10-03T13:39:36Z,egw-mongodb-1,6.82,245358592,45.70,egw-qemu-integrated
2026-10-03T13:39:36Z,egw-ditto-gateway-1,54.35,532676608,66.15,egw-qemu-integrated
2026-10-03T13:39:36Z,egw-controller-1,30.83,43634688,16.26,egw-qemu-integrated
2026-10-03T13:39:37Z,egw-mosquitto-1,2.20,6295552,4.69,egw-qemu-integrated
2026-10-03T13:39:37Z,egw-ditto-things-1,50.04,587730944,72.98,egw-qemu-integrated
2026-10-03T13:39:37Z,egw-ditto-policies-1,56.61,546893824,67.91,egw-qemu-integrated
2026-10-03T13:39:37Z,egw-mongodb-1,23.45,245506048,45.73,egw-qemu-integrated
2026-10-03T13:39:37Z,egw-ditto-gateway-1,127.25,532676608,66.15,egw-qemu-integrated
2026-10-03T13:39:37Z,egw-controller-1,25.67,43892736,16.35,egw-qemu-integrated
2026-10-03T13:39:38Z,egw-mosquitto-1,2.40,6295552,4.69,egw-qemu-integrated
2026-10-03T13:39:38Z,egw-ditto-things-1,73.60,587476992,72.95,egw-qemu-integrated
2026-10-03T13:39:38Z,egw-ditto-policies-1,16.17,546897920,67.91,egw-qemu-integrated
2026-10-03T13:39:38Z,egw-mongodb-1,19.33,247271424,46.06,egw-qemu-integrated
2026-10-03T13:39:38Z,egw-ditto-gateway-1,125.67,532676608,66.15,egw-qemu-integrated
2026-10-03T13:39:38Z,egw-controller-1,26.25,43634688,16.26,egw-qemu-integrated
2026-10-03T13:39:39Z,egw-mosquitto-1,1.94,6295552,4.69,egw-qemu-integrated
2026-10-03T13:39:39Z,egw-ditto-things-1,86.92,587497472,72.95,egw-qemu-integrated
2026-10-03T13:39:39Z,egw-ditto-policies-1,12.98,546897920,67.91,egw-qemu-integrated
2026-10-03T13:39:39Z,egw-mongodb-1,89.94,344150016,64.10,egw-qemu-integrated
2026-10-03T13:39:39Z,egw-ditto-gateway-1,73.53,532709376,66.15,egw-qemu-integrated
2026-10-03T13:39:39Z,egw-controller-1,25.07,43892736,16.35,egw-qemu-integrated
2026-10-03T13:39:40Z,egw-mosquitto-1,2.05,6557696,4.89,egw-qemu-integrated
2026-10-03T13:39:40Z,egw-ditto-things-1,53.63,587501568,72.95,egw-qemu-integrated
2026-10-03T13:39:40Z,egw-ditto-policies-1,18.25,546902016,67.91,egw-qemu-integrated
2026-10-03T13:39:40Z,egw-mongodb-1,114.84,395300864,73.63,egw-qemu-integrated
2026-10-03T13:39:40Z,egw-ditto-gateway-1,42.39,532705280,66.15,egw-qemu-integrated
2026-10-03T13:39:40Z,egw-controller-1,29.05,43642880,16.26,egw-qemu-integrated
2026-10-03T13:39:41Z,egw-mosquitto-1,1.99,6299648,4.69,egw-qemu-integrated
2026-10-03T13:39:41Z,egw-ditto-things-1,53.24,587759616,72.99,egw-qemu-integrated
2026-10-03T13:39:41Z,egw-ditto-policies-1,69.71,546922496,67.91,egw-qemu-integrated
2026-10-03T13:39:41Z,egw-mongodb-1,104.80,398483456,74.22,egw-qemu-integrated
2026-10-03T13:39:41Z,egw-ditto-gateway-1,47.60,532709376,66.15,egw-qemu-integrated
2026-10-03T13:39:41Z,egw-controller-1,21.25,43642880,16.26,egw-qemu-integrated
2026-10-03T13:39:42Z,egw-mosquitto-1,2.00,6299648,4.69,egw-qemu-integrated
2026-10-03T13:39:42Z,egw-ditto-things-1,47.89,587513856,72.96,egw-qemu-integrated
2026-10-03T13:39:42Z,egw-ditto-policies-1,13.51,546922496,67.91,egw-qemu-integrated
2026-10-03T13:39:42Z,egw-mongodb-1,110.78,402575360,74.99,egw-qemu-integrated
2026-10-03T13:39:42Z,egw-ditto-gateway-1,42.28,532709376,66.15,egw-qemu-integrated
2026-10-03T13:39:42Z,egw-controller-1,26.07,43642880,16.26,egw-qemu-integrated
2026-10-03T13:39:43Z,egw-mosquitto-1,5.35,6303744,4.70,egw-qemu-integrated
2026-10-03T13:39:43Z,egw-ditto-things-1,92.72,587505664,72.95,egw-qemu-integrated
2026-10-03T13:39:43Z,egw-ditto-policies-1,25.16,549036032,68.18,egw-qemu-integrated
2026-10-03T13:39:43Z,egw-mongodb-1,101.29,406978560,75.81,egw-qemu-integrated
2026-10-03T13:39:43Z,egw-ditto-gateway-1,35.10,532709376,66.15,egw-qemu-integrated
2026-10-03T13:39:43Z,egw-controller-1,23.46,43909120,16.36,egw-qemu-integrated
2026-10-03T13:39:44Z,egw-mosquitto-1,2.06,6316032,4.71,egw-qemu-integrated
2026-10-03T13:39:44Z,egw-ditto-things-1,57.45,587526144,72.96,egw-qemu-integrated
2026-10-03T13:39:44Z,egw-ditto-policies-1,72.64,546947072,67.92,egw-qemu-integrated
2026-10-03T13:39:44Z,egw-mongodb-1,104.46,410677248,76.49,egw-qemu-integrated
2026-10-03T13:39:44Z,egw-ditto-gateway-1,51.74,532717568,66.15,egw-qemu-integrated
2026-10-03T13:39:44Z,egw-controller-1,24.68,43913216,16.36,egw-qemu-integrated
2026-10-03T13:39:45Z,egw-mosquitto-1,2.24,6311936,4.70,egw-qemu-integrated
2026-10-03T13:39:45Z,egw-ditto-things-1,64.35,587530240,72.96,egw-qemu-integrated
2026-10-03T13:39:45Z,egw-ditto-policies-1,7.22,546942976,67.92,egw-qemu-integrated
2026-10-03T13:39:45Z,egw-mongodb-1,27.32,245776384,45.78,egw-qemu-integrated
2026-10-03T13:39:45Z,egw-ditto-gateway-1,47.01,532979712,66.18,egw-qemu-integrated
2026-10-03T13:39:45Z,egw-controller-1,31.14,43659264,16.26,egw-qemu-integrated
2026-10-03T13:39:46Z,egw-mosquitto-1,2.48,6311936,4.70,egw-qemu-integrated
2026-10-03T13:39:46Z,egw-ditto-things-1,61.97,587538432,72.96,egw-qemu-integrated
2026-10-03T13:39:46Z,egw-ditto-policies-1,9.96,546947072,67.92,egw-qemu-integrated
2026-10-03T13:39:46Z,egw-mongodb-1,7.77,245755904,45.78,egw-qemu-integrated
2026-10-03T13:39:46Z,egw-ditto-gateway-1,49.93,532721664,66.15,egw-qemu-integrated
2026-10-03T13:39:46Z,egw-controller-1,34.39,43655168,16.26,egw-qemu-integrated
2026-10-03T13:39:47Z,egw-mosquitto-1,2.15,6311936,4.70,egw-qemu-integrated
2026-10-03T13:39:47Z,egw-ditto-things-1,66.37,587538432,72.96,egw-qemu-integrated
2026-10-03T13:39:47Z,egw-ditto-policies-1,10.90,546947072,67.92,egw-qemu-integrated
2026-10-03T13:39:47Z,egw-mongodb-1,7.62,245755904,45.78,egw-qemu-integrated
2026-10-03T13:39:47Z,egw-ditto-gateway-1,101.50,532721664,66.15,egw-qemu-integrated
2026-10-03T13:39:47Z,egw-controller-1,30.00,43917312,16.36,egw-qemu-integrated
2026-10-03T13:39:48Z,egw-mosquitto-1,2.50,6311936,4.70,egw-qemu-integrated
2026-10-03T13:39:48Z,egw-ditto-things-1,48.38,587542528,72.96,egw-qemu-integrated
2026-10-03T13:39:48Z,egw-ditto-policies-1,7.99,546955264,67.92,egw-qemu-integrated
2026-10-03T13:39:48Z,egw-mongodb-1,7.40,245751808,45.77,egw-qemu-integrated
2026-10-03T13:39:48Z,egw-ditto-gateway-1,140.33,532983808,66.18,egw-qemu-integrated
2026-10-03T13:39:48Z,egw-controller-1,30.52,43659264,16.26,egw-qemu-integrated
2026-10-03T13:39:49Z,egw-mosquitto-1,2.17,6311936,4.70,egw-qemu-integrated
2026-10-03T13:39:49Z,egw-ditto-things-1,47.22,587800576,72.99,egw-qemu-integrated
2026-10-03T13:39:49Z,egw-ditto-policies-1,10.11,546947072,67.92,egw-qemu-integrated
2026-10-03T13:39:49Z,egw-mongodb-1,8.23,245751808,45.77,egw-qemu-integrated
2026-10-03T13:39:49Z,egw-ditto-gateway-1,127.70,532750336,66.15,egw-qemu-integrated
2026-10-03T13:39:49Z,egw-controller-1,31.29,43659264,16.26,egw-qemu-integrated
2026-10-03T13:39:50Z,egw-mosquitto-1,2.30,6316032,4.71,egw-qemu-integrated
2026-10-03T13:39:50Z,egw-ditto-things-1,56.23,587796480,72.99,egw-qemu-integrated
2026-10-03T13:39:50Z,egw-ditto-policies-1,13.00,546947072,67.92,egw-qemu-integrated
2026-10-03T13:39:50Z,egw-mongodb-1,8.47,246013952,45.82,egw-qemu-integrated
2026-10-03T13:39:50Z,egw-ditto-gateway-1,61.91,532750336,66.15,egw-qemu-integrated
2026-10-03T13:39:50Z,egw-controller-1,32.12,43663360,16.27,egw-qemu-integrated
2026-10-03T13:39:51Z,egw-mosquitto-1,2.22,6316032,4.71,egw-qemu-integrated
2026-10-03T13:39:51Z,egw-ditto-things-1,57.86,587796480,72.99,egw-qemu-integrated
2026-10-03T13:39:51Z,egw-ditto-policies-1,58.56,546963456,67.92,egw-qemu-integrated
2026-10-03T13:39:51Z,egw-mongodb-1,6.78,245751808,45.77,egw-qemu-integrated
2026-10-03T13:39:51Z,egw-ditto-gateway-1,61.27,532762624,66.16,egw-qemu-integrated
2026-10-03T13:39:51Z,egw-controller-1,32.48,43667456,16.27,egw-qemu-integrated
2026-10-03T13:39:52Z,egw-mosquitto-1,2.20,6316032,4.71,egw-qemu-integrated
2026-10-03T13:39:52Z,egw-ditto-things-1,55.76,587546624,72.96,egw-qemu-integrated
2026-10-03T13:39:52Z,egw-ditto-policies-1,10.27,546963456,67.92,egw-qemu-integrated
2026-10-03T13:39:52Z,egw-mongodb-1,7.91,245751808,45.77,egw-qemu-integrated
2026-10-03T13:39:52Z,egw-ditto-gateway-1,115.13,532766720,66.16,egw-qemu-integrated
2026-10-03T13:39:52Z,egw-controller-1,32.60,43663360,16.27,egw-qemu-integrated
2026-10-03T13:39:53Z,egw-mosquitto-1,2.06,6320128,4.71,egw-qemu-integrated
2026-10-03T13:39:53Z,egw-ditto-things-1,55.52,587550720,72.96,egw-qemu-integrated
2026-10-03T13:39:53Z,egw-ditto-policies-1,12.05,546963456,67.92,egw-qemu-integrated
2026-10-03T13:39:53Z,egw-mongodb-1,10.28,245772288,45.78,egw-qemu-integrated
2026-10-03T13:39:53Z,egw-ditto-gateway-1,77.23,533045248,66.19,egw-qemu-integrated
2026-10-03T13:39:53Z,egw-controller-1,29.40,43667456,16.27,egw-qemu-integrated
2026-10-03T13:39:54Z,egw-mosquitto-1,1.67,6320128,4.71,egw-qemu-integrated
2026-10-03T13:39:54Z,egw-ditto-things-1,75.89,587558912,72.96,egw-qemu-integrated
2026-10-03T13:39:54Z,egw-ditto-policies-1,8.83,547225600,67.95,egw-qemu-integrated
2026-10-03T13:39:54Z,egw-mongodb-1,7.42,245772288,45.78,egw-qemu-integrated
2026-10-03T13:39:54Z,egw-ditto-gateway-1,53.26,532942848,66.18,egw-qemu-integrated
2026-10-03T13:39:54Z,egw-controller-1,29.54,43671552,16.27,egw-qemu-integrated
2026-10-03T13:39:55Z,egw-mosquitto-1,2.08,6320128,4.71,egw-qemu-integrated
2026-10-03T13:39:55Z,egw-ditto-things-1,51.84,587563008,72.96,egw-qemu-integrated
2026-10-03T13:39:55Z,egw-ditto-policies-1,7.94,546963456,67.92,egw-qemu-integrated
2026-10-03T13:39:55Z,egw-mongodb-1,8.81,245932032,45.81,egw-qemu-integrated
2026-10-03T13:39:55Z,egw-ditto-gateway-1,52.52,532946944,66.18,egw-qemu-integrated
2026-10-03T13:39:55Z,egw-controller-1,30.92,43933696,16.37,egw-qemu-integrated
2026-10-03T13:39:56Z,egw-mosquitto-1,2.17,6586368,4.91,egw-qemu-integrated
2026-10-03T13:39:56Z,egw-ditto-things-1,52.02,587563008,72.96,egw-qemu-integrated
2026-10-03T13:39:56Z,egw-ditto-policies-1,13.33,546963456,67.92,egw-qemu-integrated
2026-10-03T13:39:56Z,egw-mongodb-1,7.02,245932032,45.81,egw-qemu-integrated
2026-10-03T13:39:56Z,egw-ditto-gateway-1,59.06,533221376,66.21,egw-qemu-integrated
2026-10-03T13:39:56Z,egw-controller-1,31.73,43933696,16.37,egw-qemu-integrated
2026-10-03T13:39:57Z,egw-mosquitto-1,2.48,6320128,4.71,egw-qemu-integrated
2026-10-03T13:39:57Z,egw-ditto-things-1,68.25,587567104,72.96,egw-qemu-integrated
2026-10-03T13:39:57Z,egw-ditto-policies-1,8.17,546963456,67.92,egw-qemu-integrated
2026-10-03T13:39:57Z,egw-mongodb-1,8.20,245932032,45.81,egw-qemu-integrated
2026-10-03T13:39:57Z,egw-ditto-gateway-1,47.45,533471232,66.24,egw-qemu-integrated
2026-10-03T13:39:57Z,egw-controller-1,33.21,43671552,16.27,egw-qemu-integrated
2026-10-03T13:39:58Z,egw-mosquitto-1,2.28,6320128,4.71,egw-qemu-integrated
2026-10-03T13:39:58Z,egw-ditto-things-1,67.05,587612160,72.97,egw-qemu-integrated
2026-10-03T13:39:58Z,egw-ditto-policies-1,20.68,546967552,67.92,egw-qemu-integrated
2026-10-03T13:39:58Z,egw-mongodb-1,6.43,245936128,45.81,egw-qemu-integrated
2026-10-03T13:39:58Z,egw-ditto-gateway-1,42.30,533209088,66.21,egw-qemu-integrated
2026-10-03T13:39:58Z,egw-controller-1,27.55,43671552,16.27,egw-qemu-integrated
2026-10-03T13:39:59Z,egw-mosquitto-1,2.34,6324224,4.71,egw-qemu-integrated
2026-10-03T13:39:59Z,egw-ditto-things-1,99.41,589664256,73.22,egw-qemu-integrated
2026-10-03T13:39:59Z,egw-ditto-policies-1,13.94,546971648,67.92,egw-qemu-integrated
2026-10-03T13:39:59Z,egw-mongodb-1,9.70,245932032,45.81,egw-qemu-integrated
2026-10-03T13:39:59Z,egw-ditto-gateway-1,110.99,534884352,66.42,egw-qemu-integrated
2026-10-03T13:39:59Z,egw-controller-1,26.95,43679744,16.27,egw-qemu-integrated
2026-10-03T13:40:00Z,egw-mosquitto-1,3.81,6340608,4.72,egw-qemu-integrated
2026-10-03T13:40:00Z,egw-ditto-things-1,107.47,587841536,73.00,egw-qemu-integrated
2026-10-03T13:40:00Z,egw-ditto-policies-1,73.35,546975744,67.92,egw-qemu-integrated
2026-10-03T13:40:00Z,egw-mongodb-1,14.04,245932032,45.81,egw-qemu-integrated
2026-10-03T13:40:00Z,egw-ditto-gateway-1,80.40,532959232,66.18,egw-qemu-integrated
2026-10-03T13:40:00Z,egw-controller-1,17.67,43692032,16.28,egw-qemu-integrated
2026-10-03T13:40:01Z,egw-mosquitto-1,1.66,6344704,4.73,egw-qemu-integrated
2026-10-03T13:40:01Z,egw-ditto-things-1,91.83,587579392,72.96,egw-qemu-integrated
2026-10-03T13:40:01Z,egw-ditto-policies-1,24.28,546975744,67.92,egw-qemu-integrated
2026-10-03T13:40:01Z,egw-mongodb-1,9.88,245936128,45.81,egw-qemu-integrated
2026-10-03T13:40:01Z,egw-ditto-gateway-1,76.29,532971520,66.18,egw-qemu-integrated
2026-10-03T13:40:01Z,egw-controller-1,8.46,43941888,16.37,egw-qemu-integrated
2026-10-03T13:40:02Z,egw-mosquitto-1,2.53,6344704,4.73,egw-qemu-integrated
2026-10-03T13:40:02Z,egw-ditto-things-1,54.21,587620352,72.97,egw-qemu-integrated
2026-10-03T13:40:02Z,egw-ditto-policies-1,11.44,546975744,67.92,egw-qemu-integrated
2026-10-03T13:40:02Z,egw-mongodb-1,9.01,245936128,45.81,egw-qemu-integrated
2026-10-03T13:40:02Z,egw-ditto-gateway-1,48.83,532967424,66.18,egw-qemu-integrated
2026-10-03T13:40:02Z,egw-controller-1,31.07,43696128,16.28,egw-qemu-integrated
2026-10-03T13:40:03Z,egw-mosquitto-1,2.12,6348800,4.73,egw-qemu-integrated
2026-10-03T13:40:03Z,egw-ditto-things-1,61.66,587628544,72.97,egw-qemu-integrated
2026-10-03T13:40:03Z,egw-ditto-policies-1,8.27,546975744,67.92,egw-qemu-integrated
2026-10-03T13:40:03Z,egw-mongodb-1,12.64,245981184,45.82,egw-qemu-integrated
2026-10-03T13:40:03Z,egw-ditto-gateway-1,61.61,532971520,66.18,egw-qemu-integrated
2026-10-03T13:40:03Z,egw-controller-1,105.47,53268480,19.84,egw-qemu-integrated
2026-10-03T13:40:04Z,egw-mosquitto-1,2.19,6352896,4.73,egw-qemu-integrated
2026-10-03T13:40:04Z,egw-ditto-things-1,45.95,587890688,73.00,egw-qemu-integrated
2026-10-03T13:40:04Z,egw-ditto-policies-1,13.51,546979840,67.92,egw-qemu-integrated
2026-10-03T13:40:04Z,egw-mongodb-1,7.95,245985280,45.82,egw-qemu-integrated
2026-10-03T13:40:04Z,egw-ditto-gateway-1,46.45,532971520,66.18,egw-qemu-integrated
2026-10-03T13:40:04Z,egw-controller-1,120.42,54566912,20.33,egw-qemu-integrated
2026-10-03T13:40:05Z,egw-mosquitto-1,57.76,6356992,4.74,egw-qemu-integrated
2026-10-03T13:40:05Z,egw-ditto-things-1,46.91,587632640,72.97,egw-qemu-integrated
2026-10-03T13:40:05Z,egw-ditto-policies-1,7.49,546979840,67.92,egw-qemu-integrated
2026-10-03T13:40:05Z,egw-mongodb-1,6.98,245981184,45.82,egw-qemu-integrated
2026-10-03T13:40:05Z,egw-ditto-gateway-1,44.66,533241856,66.22,egw-qemu-integrated
2026-10-03T13:40:05Z,egw-controller-1,114.10,57483264,21.41,egw-qemu-integrated
2026-10-03T13:40:06Z,egw-mosquitto-1,2.06,6373376,4.75,egw-qemu-integrated
2026-10-03T13:40:06Z,egw-ditto-things-1,52.18,587894784,73.00,egw-qemu-integrated
2026-10-03T13:40:06Z,egw-ditto-policies-1,24.19,546983936,67.92,egw-qemu-integrated
2026-10-03T13:40:06Z,egw-mongodb-1,6.83,245981184,45.82,egw-qemu-integrated
2026-10-03T13:40:06Z,egw-ditto-gateway-1,58.46,533245952,66.22,egw-qemu-integrated
2026-10-03T13:40:06Z,egw-controller-1,74.18,43704320,16.28,egw-qemu-integrated
2026-10-03T13:40:07Z,egw-mosquitto-1,2.15,6373376,4.75,egw-qemu-integrated
2026-10-03T13:40:07Z,egw-ditto-things-1,123.14,587898880,73.00,egw-qemu-integrated
2026-10-03T13:40:07Z,egw-ditto-policies-1,9.30,546983936,67.92,egw-qemu-integrated
2026-10-03T13:40:07Z,egw-mongodb-1,7.69,246247424,45.87,egw-qemu-integrated
2026-10-03T13:40:07Z,egw-ditto-gateway-1,61.69,532992000,66.18,egw-qemu-integrated
2026-10-03T13:40:07Z,egw-controller-1,29.27,43700224,16.28,egw-qemu-integrated
2026-10-03T13:40:08Z,egw-mosquitto-1,2.39,6631424,4.94,egw-qemu-integrated
2026-10-03T13:40:08Z,egw-ditto-things-1,88.78,587673600,72.98,egw-qemu-integrated
2026-10-03T13:40:08Z,egw-ditto-policies-1,8.58,546983936,67.92,egw-qemu-integrated
2026-10-03T13:40:08Z,egw-mongodb-1,6.50,245989376,45.82,egw-qemu-integrated
2026-10-03T13:40:08Z,egw-ditto-gateway-1,62.98,532996096,66.19,egw-qemu-integrated
2026-10-03T13:40:08Z,egw-controller-1,32.10,43708416,16.28,egw-qemu-integrated
2026-10-03T13:40:09Z,egw-mosquitto-1,2.19,6369280,4.75,egw-qemu-integrated
2026-10-03T13:40:09Z,egw-ditto-things-1,48.80,587931648,73.01,egw-qemu-integrated
2026-10-03T13:40:09Z,egw-ditto-policies-1,9.15,546983936,67.92,egw-qemu-integrated
2026-10-03T13:40:09Z,egw-mongodb-1,8.50,245981184,45.82,egw-qemu-integrated
2026-10-03T13:40:09Z,egw-ditto-gateway-1,57.23,533004288,66.19,egw-qemu-integrated
2026-10-03T13:40:09Z,egw-controller-1,33.37,43966464,16.38,egw-qemu-integrated
2026-10-03T13:40:10Z,egw-mosquitto-1,2.15,6365184,4.74,egw-qemu-integrated
2026-10-03T13:40:10Z,egw-ditto-things-1,81.69,587939840,73.01,egw-qemu-integrated
2026-10-03T13:40:10Z,egw-ditto-policies-1,65.80,546992128,67.92,egw-qemu-integrated
2026-10-03T13:40:10Z,egw-mongodb-1,12.27,245981184,45.82,egw-qemu-integrated
2026-10-03T13:40:10Z,egw-ditto-gateway-1,52.19,533262336,66.22,egw-qemu-integrated
2026-10-03T13:40:10Z,egw-controller-1,26.88,43708416,16.28,egw-qemu-integrated
2026-10-03T13:40:11Z,egw-mosquitto-1,2.14,6623232,4.93,egw-qemu-integrated
2026-10-03T13:40:11Z,egw-ditto-things-1,59.44,587689984,72.98,egw-qemu-integrated
2026-10-03T13:40:11Z,egw-ditto-policies-1,16.53,547000320,67.92,egw-qemu-integrated
2026-10-03T13:40:11Z,egw-mongodb-1,7.48,245981184,45.82,egw-qemu-integrated
2026-10-03T13:40:11Z,egw-ditto-gateway-1,81.11,533016576,66.19,egw-qemu-integrated
2026-10-03T13:40:11Z,egw-controller-1,33.19,43974656,16.38,egw-qemu-integrated
2026-10-03T13:40:12Z,egw-mosquitto-1,2.23,6369280,4.75,egw-qemu-integrated
2026-10-03T13:40:12Z,egw-ditto-things-1,56.66,587956224,73.01,egw-qemu-integrated
2026-10-03T13:40:12Z,egw-ditto-policies-1,11.85,547008512,67.93,egw-qemu-integrated
2026-10-03T13:40:12Z,egw-mongodb-1,8.59,245981184,45.82,egw-qemu-integrated
2026-10-03T13:40:12Z,egw-ditto-gateway-1,48.86,533020672,66.19,egw-qemu-integrated
2026-10-03T13:40:12Z,egw-controller-1,32.09,43708416,16.28,egw-qemu-integrated
2026-10-03T13:40:13Z,egw-mosquitto-1,2.16,6369280,4.75,egw-qemu-integrated
2026-10-03T13:40:13Z,egw-ditto-things-1,59.18,587714560,72.98,egw-qemu-integrated
2026-10-03T13:40:13Z,egw-ditto-policies-1,12.57,547004416,67.93,egw-qemu-integrated
2026-10-03T13:40:13Z,egw-mongodb-1,10.67,246169600,45.85,egw-qemu-integrated
2026-10-03T13:40:13Z,egw-ditto-gateway-1,50.43,533016576,66.19,egw-qemu-integrated
2026-10-03T13:40:13Z,egw-controller-1,31.28,43712512,16.28,egw-qemu-integrated
2026-10-03T13:40:14Z,egw-mosquitto-1,2.52,6369280,4.75,egw-qemu-integrated
2026-10-03T13:40:14Z,egw-ditto-things-1,47.43,587710464,72.98,egw-qemu-integrated
2026-10-03T13:40:14Z,egw-ditto-policies-1,67.96,549150720,68.19,egw-qemu-integrated
2026-10-03T13:40:14Z,egw-mongodb-1,18.89,247554048,46.11,egw-qemu-integrated
2026-10-03T13:40:14Z,egw-ditto-gateway-1,37.46,533016576,66.19,egw-qemu-integrated
2026-10-03T13:40:14Z,egw-controller-1,30.29,43716608,16.29,egw-qemu-integrated
2026-10-03T13:40:15Z,egw-mosquitto-1,2.22,6373376,4.75,egw-qemu-integrated
2026-10-03T13:40:15Z,egw-ditto-things-1,48.00,587976704,73.01,egw-qemu-integrated
2026-10-03T13:40:15Z,egw-ditto-policies-1,28.44,547024896,67.93,egw-qemu-integrated
2026-10-03T13:40:15Z,egw-mongodb-1,98.46,357130240,66.52,egw-qemu-integrated
2026-10-03T13:40:15Z,egw-ditto-gateway-1,42.34,533024768,66.19,egw-qemu-integrated
2026-10-03T13:40:15Z,egw-controller-1,26.79,43708416,16.28,egw-qemu-integrated
2026-10-03T13:40:16Z,egw-mosquitto-1,1.87,6373376,4.75,egw-qemu-integrated
2026-10-03T13:40:16Z,egw-ditto-things-1,50.23,587718656,72.98,egw-qemu-integrated
2026-10-03T13:40:16Z,egw-ditto-policies-1,11.30,547024896,67.93,egw-qemu-integrated
2026-10-03T13:40:16Z,egw-mongodb-1,118.65,396124160,73.78,egw-qemu-integrated
2026-10-03T13:40:16Z,egw-ditto-gateway-1,48.79,533049344,66.19,egw-qemu-integrated
2026-10-03T13:40:16Z,egw-controller-1,29.07,43712512,16.28,egw-qemu-integrated
2026-10-03T13:40:17Z,egw-mosquitto-1,1.94,6639616,4.95,egw-qemu-integrated
2026-10-03T13:40:17Z,egw-ditto-things-1,31.98,587714560,72.98,egw-qemu-integrated
2026-10-03T13:40:17Z,egw-ditto-policies-1,10.48,547024896,67.93,egw-qemu-integrated
2026-10-03T13:40:17Z,egw-mongodb-1,113.54,398741504,74.27,egw-qemu-integrated
2026-10-03T13:40:17Z,egw-ditto-gateway-1,143.57,533053440,66.19,egw-qemu-integrated
2026-10-03T13:40:17Z,egw-controller-1,20.67,43724800,16.29,egw-qemu-integrated
2026-10-03T13:40:18Z,egw-mosquitto-1,1.88,6377472,4.75,egw-qemu-integrated
2026-10-03T13:40:18Z,egw-ditto-things-1,56.77,587718656,72.98,egw-qemu-integrated
2026-10-03T13:40:18Z,egw-ditto-policies-1,23.44,547033088,67.93,egw-qemu-integrated
2026-10-03T13:40:18Z,egw-mongodb-1,113.38,403984384,75.25,egw-qemu-integrated
2026-10-03T13:40:18Z,egw-ditto-gateway-1,61.91,529043456,65.69,egw-qemu-integrated
2026-10-03T13:40:18Z,egw-controller-1,26.28,43986944,16.39,egw-qemu-integrated
2026-10-03T13:40:19Z,egw-mosquitto-1,2.10,6381568,4.75,egw-qemu-integrated
2026-10-03T13:40:19Z,egw-ditto-things-1,40.01,587718656,72.98,egw-qemu-integrated
2026-10-03T13:40:19Z,egw-ditto-policies-1,15.94,547037184,67.93,egw-qemu-integrated
2026-10-03T13:40:19Z,egw-mongodb-1,124.98,411348992,76.62,egw-qemu-integrated
2026-10-03T13:40:19Z,egw-ditto-gateway-1,94.63,529039360,65.69,egw-qemu-integrated
2026-10-03T13:40:19Z,egw-controller-1,27.87,43724800,16.29,egw-qemu-integrated
2026-10-03T13:40:20Z,egw-mosquitto-1,2.26,6381568,4.75,egw-qemu-integrated
2026-10-03T13:40:20Z,egw-ditto-things-1,80.73,587698176,72.98,egw-qemu-integrated
2026-10-03T13:40:20Z,egw-ditto-policies-1,34.67,547049472,67.93,egw-qemu-integrated
2026-10-03T13:40:20Z,egw-mongodb-1,65.77,245362688,45.70,egw-qemu-integrated
2026-10-03T13:40:20Z,egw-ditto-gateway-1,74.43,528834560,65.67,egw-qemu-integrated
2026-10-03T13:40:20Z,egw-controller-1,26.04,43728896,16.29,egw-qemu-integrated
2026-10-03T13:40:21Z,egw-mosquitto-1,2.08,6381568,4.75,egw-qemu-integrated
2026-10-03T13:40:21Z,egw-ditto-things-1,89.68,587759616,72.99,egw-qemu-integrated
2026-10-03T13:40:21Z,egw-ditto-policies-1,23.75,547057664,67.93,egw-qemu-integrated
2026-10-03T13:40:21Z,egw-mongodb-1,7.70,245362688,45.70,egw-qemu-integrated
2026-10-03T13:40:21Z,egw-ditto-gateway-1,54.34,528834560,65.67,egw-qemu-integrated
2026-10-03T13:40:21Z,egw-controller-1,30.18,43728896,16.29,egw-qemu-integrated
2026-10-03T13:40:22Z,egw-mosquitto-1,2.07,6381568,4.75,egw-qemu-integrated
2026-10-03T13:40:22Z,egw-ditto-things-1,69.52,587776000,72.99,egw-qemu-integrated
2026-10-03T13:40:22Z,egw-ditto-policies-1,11.28,547061760,67.93,egw-qemu-integrated
2026-10-03T13:40:22Z,egw-mongodb-1,8.18,245362688,45.70,egw-qemu-integrated
2026-10-03T13:40:22Z,egw-ditto-gateway-1,83.33,528846848,65.67,egw-qemu-integrated
2026-10-03T13:40:22Z,egw-controller-1,30.48,43986944,16.39,egw-qemu-integrated
2026-10-03T13:40:23Z,egw-mosquitto-1,1.80,6381568,4.75,egw-qemu-integrated
2026-10-03T13:40:23Z,egw-ditto-things-1,57.53,588038144,73.02,egw-qemu-integrated
2026-10-03T13:40:23Z,egw-ditto-policies-1,16.63,547057664,67.93,egw-qemu-integrated
2026-10-03T13:40:23Z,egw-mongodb-1,12.35,245403648,45.71,egw-qemu-integrated
2026-10-03T13:40:23Z,egw-ditto-gateway-1,54.46,529104896,65.70,egw-qemu-integrated
2026-10-03T13:40:23Z,egw-controller-1,32.50,43732992,16.29,egw-qemu-integrated
2026-10-03T13:40:24Z,egw-mosquitto-1,2.05,6639616,4.95,egw-qemu-integrated
2026-10-03T13:40:24Z,egw-ditto-things-1,81.72,587784192,72.99,egw-qemu-integrated
2026-10-03T13:40:24Z,egw-ditto-policies-1,14.64,547061760,67.93,egw-qemu-integrated
2026-10-03T13:40:24Z,egw-mongodb-1,7.86,245399552,45.71,egw-qemu-integrated
2026-10-03T13:40:24Z,egw-ditto-gateway-1,46.10,528846848,65.67,egw-qemu-integrated
2026-10-03T13:40:24Z,egw-controller-1,33.21,43991040,16.39,egw-qemu-integrated
2026-10-03T13:40:25Z,egw-mosquitto-1,2.56,6377472,4.75,egw-qemu-integrated
2026-10-03T13:40:25Z,egw-ditto-things-1,55.18,587784192,72.99,egw-qemu-integrated
2026-10-03T13:40:25Z,egw-ditto-policies-1,15.89,547061760,67.93,egw-qemu-integrated
2026-10-03T13:40:25Z,egw-mongodb-1,6.89,245661696,45.76,egw-qemu-integrated
2026-10-03T13:40:25Z,egw-ditto-gateway-1,54.83,528842752,65.67,egw-qemu-integrated
2026-10-03T13:40:25Z,egw-controller-1,32.74,43995136,16.39,egw-qemu-integrated
2026-10-03T13:40:26Z,egw-mosquitto-1,2.09,6377472,4.75,egw-qemu-integrated
2026-10-03T13:40:26Z,egw-ditto-things-1,59.57,587788288,72.99,egw-qemu-integrated
2026-10-03T13:40:26Z,egw-ditto-policies-1,8.38,547061760,67.93,egw-qemu-integrated
2026-10-03T13:40:26Z,egw-mongodb-1,8.07,245403648,45.71,egw-qemu-integrated
2026-10-03T13:40:26Z,egw-ditto-gateway-1,107.18,529391616,65.74,egw-qemu-integrated
2026-10-03T13:40:26Z,egw-controller-1,30.57,43732992,16.29,egw-qemu-integrated
2026-10-03T13:40:27Z,egw-mosquitto-1,2.31,6385664,4.76,egw-qemu-integrated
2026-10-03T13:40:27Z,egw-ditto-things-1,124.91,587796480,72.99,egw-qemu-integrated
2026-10-03T13:40:27Z,egw-ditto-policies-1,11.03,547065856,67.93,egw-qemu-integrated
2026-10-03T13:40:27Z,egw-mongodb-1,7.80,245661696,45.76,egw-qemu-integrated
2026-10-03T13:40:27Z,egw-ditto-gateway-1,76.72,528879616,65.67,egw-qemu-integrated
2026-10-03T13:40:27Z,egw-controller-1,30.02,43732992,16.29,egw-qemu-integrated
2026-10-03T13:40:28Z,egw-mosquitto-1,2.10,6385664,4.76,egw-qemu-integrated
2026-10-03T13:40:28Z,egw-ditto-things-1,98.21,587825152,72.99,egw-qemu-integrated
2026-10-03T13:40:28Z,egw-ditto-policies-1,11.79,547069952,67.93,egw-qemu-integrated
2026-10-03T13:40:28Z,egw-mongodb-1,5.94,245657600,45.76,egw-qemu-integrated
2026-10-03T13:40:28Z,egw-ditto-gateway-1,52.26,528900096,65.68,egw-qemu-integrated
2026-10-03T13:40:28Z,egw-controller-1,28.31,43999232,16.39,egw-qemu-integrated
2026-10-03T13:40:29Z,egw-mosquitto-1,4.19,6393856,4.76,egw-qemu-integrated
2026-10-03T13:40:29Z,egw-ditto-things-1,131.20,587862016,73.00,egw-qemu-integrated
2026-10-03T13:40:29Z,egw-ditto-policies-1,27.34,547069952,67.93,egw-qemu-integrated
2026-10-03T13:40:29Z,egw-mongodb-1,7.66,245399552,45.71,egw-qemu-integrated
2026-10-03T13:40:29Z,egw-ditto-gateway-1,85.78,530669568,65.90,egw-qemu-integrated
2026-10-03T13:40:29Z,egw-controller-1,27.28,43737088,16.29,egw-qemu-integrated
2026-10-03T13:40:30Z,egw-mosquitto-1,2.16,6393856,4.76,egw-qemu-integrated
2026-10-03T13:40:30Z,egw-ditto-things-1,82.39,587788288,72.99,egw-qemu-integrated
2026-10-03T13:40:30Z,egw-ditto-policies-1,73.49,547069952,67.93,egw-qemu-integrated
2026-10-03T13:40:30Z,egw-mongodb-1,23.41,245399552,45.71,egw-qemu-integrated
2026-10-03T13:40:30Z,egw-ditto-gateway-1,102.32,531636224,66.02,egw-qemu-integrated
2026-10-03T13:40:30Z,egw-controller-1,8.99,43741184,16.29,egw-qemu-integrated
2026-10-03T13:40:31Z,egw-mosquitto-1,2.13,6397952,4.77,egw-qemu-integrated
2026-10-03T13:40:31Z,egw-ditto-things-1,111.37,590053376,73.27,egw-qemu-integrated
2026-10-03T13:40:31Z,egw-ditto-policies-1,36.25,547074048,67.93,egw-qemu-integrated
2026-10-03T13:40:31Z,egw-mongodb-1,5.74,245399552,45.71,egw-qemu-integrated
2026-10-03T13:40:31Z,egw-ditto-gateway-1,109.72,528814080,65.67,egw-qemu-integrated
2026-10-03T13:40:31Z,egw-controller-1,5.54,43757568,16.30,egw-qemu-integrated
2026-10-03T13:40:32Z,egw-mosquitto-1,1.79,6406144,4.77,egw-qemu-integrated
2026-10-03T13:40:32Z,egw-ditto-things-1,93.90,587874304,73.00,egw-qemu-integrated
2026-10-03T13:40:32Z,egw-ditto-policies-1,13.65,547074048,67.93,egw-qemu-integrated
2026-10-03T13:40:32Z,egw-mongodb-1,14.29,245403648,45.71,egw-qemu-integrated
2026-10-03T13:40:32Z,egw-ditto-gateway-1,50.56,528924672,65.68,egw-qemu-integrated
2026-10-03T13:40:32Z,egw-controller-1,22.07,44281856,16.50,egw-qemu-integrated
2026-10-03T13:40:33Z,egw-mosquitto-1,1.96,6668288,4.97,egw-qemu-integrated
2026-10-03T13:40:33Z,egw-ditto-things-1,132.53,587870208,73.00,egw-qemu-integrated
2026-10-03T13:40:33Z,egw-ditto-policies-1,13.51,547078144,67.93,egw-qemu-integrated
2026-10-03T13:40:33Z,egw-mongodb-1,6.97,245411840,45.71,egw-qemu-integrated
2026-10-03T13:40:33Z,egw-ditto-gateway-1,58.16,528924672,65.68,egw-qemu-integrated
2026-10-03T13:40:33Z,egw-controller-1,30.52,43761664,16.30,egw-qemu-integrated
2026-10-03T13:40:34Z,egw-mosquitto-1,2.03,6406144,4.77,egw-qemu-integrated
2026-10-03T13:40:34Z,egw-ditto-things-1,140.40,593526784,73.70,egw-qemu-integrated
2026-10-03T13:40:34Z,egw-ditto-policies-1,8.12,547074048,67.93,egw-qemu-integrated
2026-10-03T13:40:34Z,egw-mongodb-1,7.33,245407744,45.71,egw-qemu-integrated
2026-10-03T13:40:34Z,egw-ditto-gateway-1,58.33,529190912,65.71,egw-qemu-integrated
2026-10-03T13:40:34Z,egw-controller-1,30.72,43769856,16.31,egw-qemu-integrated
2026-10-03T13:40:35Z,egw-mosquitto-1,48.28,8142848,6.07,egw-qemu-integrated
2026-10-03T13:40:35Z,egw-ditto-things-1,46.39,586387456,72.82,egw-qemu-integrated
2026-10-03T13:40:35Z,egw-ditto-policies-1,10.45,547074048,67.93,egw-qemu-integrated
2026-10-03T13:40:35Z,egw-mongodb-1,7.53,245407744,45.71,egw-qemu-integrated
2026-10-03T13:40:35Z,egw-ditto-gateway-1,51.39,528932864,65.68,egw-qemu-integrated
2026-10-03T13:40:35Z,egw-controller-1,28.30,43765760,16.30,egw-qemu-integrated
2026-10-03T13:40:36Z,egw-mosquitto-1,20.69,6418432,4.78,egw-qemu-integrated
2026-10-03T13:40:36Z,egw-ditto-things-1,51.30,586125312,72.78,egw-qemu-integrated
2026-10-03T13:40:36Z,egw-ditto-policies-1,17.11,547074048,67.93,egw-qemu-integrated
2026-10-03T13:40:36Z,egw-mongodb-1,18.97,245874688,45.80,egw-qemu-integrated
2026-10-03T13:40:36Z,egw-ditto-gateway-1,42.36,528941056,65.68,egw-qemu-integrated
2026-10-03T13:40:36Z,egw-controller-1,102.16,53596160,19.97,egw-qemu-integrated
2026-10-03T13:40:37Z,egw-mosquitto-1,1.83,6422528,4.79,egw-qemu-integrated
2026-10-03T13:40:37Z,egw-ditto-things-1,91.55,586108928,72.78,egw-qemu-integrated
2026-10-03T13:40:37Z,egw-ditto-policies-1,7.86,547074048,67.93,egw-qemu-integrated
2026-10-03T13:40:37Z,egw-mongodb-1,6.90,246136832,45.85,egw-qemu-integrated
2026-10-03T13:40:37Z,egw-ditto-gateway-1,43.81,528941056,65.68,egw-qemu-integrated
2026-10-03T13:40:37Z,egw-controller-1,122.03,54640640,20.36,egw-qemu-integrated
2026-10-03T13:40:38Z,egw-mosquitto-1,1.88,6684672,4.98,egw-qemu-integrated
2026-10-03T13:40:38Z,egw-ditto-things-1,46.41,586104832,72.78,egw-qemu-integrated
2026-10-03T13:40:38Z,egw-ditto-policies-1,8.73,547074048,67.93,egw-qemu-integrated
2026-10-03T13:40:38Z,egw-mongodb-1,7.16,245874688,45.80,egw-qemu-integrated
2026-10-03T13:40:38Z,egw-ditto-gateway-1,43.99,529199104,65.71,egw-qemu-integrated
2026-10-03T13:40:38Z,egw-controller-1,132.35,57077760,21.26,egw-qemu-integrated
2026-10-03T13:40:39Z,egw-mosquitto-1,1.98,6422528,4.79,egw-qemu-integrated
2026-10-03T13:40:39Z,egw-ditto-things-1,56.35,586104832,72.78,egw-qemu-integrated
2026-10-03T13:40:39Z,egw-ditto-policies-1,34.28,547086336,67.94,egw-qemu-integrated
2026-10-03T13:40:39Z,egw-mongodb-1,7.54,245874688,45.80,egw-qemu-integrated
2026-10-03T13:40:39Z,egw-ditto-gateway-1,85.27,528953344,65.68,egw-qemu-integrated
2026-10-03T13:40:39Z,egw-controller-1,44.16,44027904,16.40,egw-qemu-integrated
2026-10-03T13:40:40Z,egw-mosquitto-1,2.59,6422528,4.79,egw-qemu-integrated
2026-10-03T13:40:40Z,egw-ditto-things-1,54.61,586153984,72.79,egw-qemu-integrated
2026-10-03T13:40:40Z,egw-ditto-policies-1,10.91,547098624,67.94,egw-qemu-integrated
2026-10-03T13:40:40Z,egw-mongodb-1,12.90,245874688,45.80,egw-qemu-integrated
2026-10-03T13:40:40Z,egw-ditto-gateway-1,48.34,529219584,65.72,egw-qemu-integrated
2026-10-03T13:40:40Z,egw-controller-1,33.74,43778048,16.31,egw-qemu-integrated
2026-10-03T13:40:41Z,egw-mosquitto-1,2.23,6422528,4.79,egw-qemu-integrated
2026-10-03T13:40:41Z,egw-ditto-things-1,50.91,586149888,72.79,egw-qemu-integrated
2026-10-03T13:40:41Z,egw-ditto-policies-1,8.90,547106816,67.94,egw-qemu-integrated
2026-10-03T13:40:41Z,egw-mongodb-1,7.78,245911552,45.80,egw-qemu-integrated
2026-10-03T13:40:41Z,egw-ditto-gateway-1,48.14,528949248,65.68,egw-qemu-integrated
2026-10-03T13:40:41Z,egw-controller-1,31.66,43773952,16.31,egw-qemu-integrated
2026-10-03T13:40:42Z,egw-mosquitto-1,1.97,6422528,4.79,egw-qemu-integrated
2026-10-03T13:40:42Z,egw-ditto-things-1,52.69,586153984,72.79,egw-qemu-integrated
2026-10-03T13:40:42Z,egw-ditto-policies-1,15.00,547098624,67.94,egw-qemu-integrated
2026-10-03T13:40:42Z,egw-mongodb-1,8.04,245907456,45.80,egw-qemu-integrated
2026-10-03T13:40:42Z,egw-ditto-gateway-1,50.49,528953344,65.68,egw-qemu-integrated
2026-10-03T13:40:42Z,egw-controller-1,32.33,44032000,16.40,egw-qemu-integrated
2026-10-03T13:40:43Z,egw-mosquitto-1,5.73,6422528,4.79,egw-qemu-integrated
2026-10-03T13:40:43Z,egw-ditto-things-1,55.09,586391552,72.82,egw-qemu-integrated
2026-10-03T13:40:43Z,egw-ditto-policies-1,8.73,547098624,67.94,egw-qemu-integrated
2026-10-03T13:40:43Z,egw-mongodb-1,8.22,245948416,45.81,egw-qemu-integrated
2026-10-03T13:40:43Z,egw-ditto-gateway-1,51.05,528957440,65.68,egw-qemu-integrated
2026-10-03T13:40:43Z,egw-controller-1,32.93,44032000,16.40,egw-qemu-integrated
2026-10-03T13:40:44Z,egw-mosquitto-1,2.86,6430720,4.79,egw-qemu-integrated
2026-10-03T13:40:44Z,egw-ditto-things-1,48.98,586129408,72.78,egw-qemu-integrated
2026-10-03T13:40:44Z,egw-ditto-policies-1,40.85,550027264,68.30,egw-qemu-integrated
2026-10-03T13:40:44Z,egw-mongodb-1,7.71,245964800,45.81,egw-qemu-integrated
2026-10-03T13:40:44Z,egw-ditto-gateway-1,46.85,528953344,65.68,egw-qemu-integrated
2026-10-03T13:40:44Z,egw-controller-1,34.12,43773952,16.31,egw-qemu-integrated
2026-10-03T13:40:45Z,egw-mosquitto-1,2.36,6426624,4.79,egw-qemu-integrated
2026-10-03T13:40:45Z,egw-ditto-things-1,47.07,586137600,72.78,egw-qemu-integrated
2026-10-03T13:40:45Z,egw-ditto-policies-1,56.93,547110912,67.94,egw-qemu-integrated
2026-10-03T13:40:45Z,egw-mongodb-1,6.90,245972992,45.82,egw-qemu-integrated
2026-10-03T13:40:45Z,egw-ditto-gateway-1,49.55,528953344,65.68,egw-qemu-integrated
2026-10-03T13:40:45Z,egw-controller-1,31.14,44032000,16.40,egw-qemu-integrated
2026-10-03T13:40:46Z,egw-mosquitto-1,2.57,6426624,4.79,egw-qemu-integrated
2026-10-03T13:40:46Z,egw-ditto-things-1,53.00,586387456,72.82,egw-qemu-integrated
2026-10-03T13:40:46Z,egw-ditto-policies-1,11.23,547106816,67.94,egw-qemu-integrated
2026-10-03T13:40:46Z,egw-mongodb-1,7.74,245981184,45.82,egw-qemu-integrated
2026-10-03T13:40:46Z,egw-ditto-gateway-1,68.82,528969728,65.69,egw-qemu-integrated
2026-10-03T13:40:46Z,egw-controller-1,34.01,44036096,16.40,egw-qemu-integrated
2026-10-03T13:40:47Z,egw-mosquitto-1,2.47,6426624,4.79,egw-qemu-integrated
2026-10-03T13:40:47Z,egw-ditto-things-1,53.16,586129408,72.78,egw-qemu-integrated
2026-10-03T13:40:47Z,egw-ditto-policies-1,7.86,547106816,67.94,egw-qemu-integrated
2026-10-03T13:40:47Z,egw-mongodb-1,8.40,245985280,45.82,egw-qemu-integrated
2026-10-03T13:40:47Z,egw-ditto-gateway-1,49.84,528969728,65.69,egw-qemu-integrated
2026-10-03T13:40:47Z,egw-controller-1,33.36,43773952,16.31,egw-qemu-integrated
2026-10-03T13:40:48Z,egw-mosquitto-1,2.22,6426624,4.79,egw-qemu-integrated
2026-10-03T13:40:48Z,egw-ditto-things-1,70.52,586129408,72.78,egw-qemu-integrated
2026-10-03T13:40:48Z,egw-ditto-policies-1,9.93,547106816,67.94,egw-qemu-integrated
2026-10-03T13:40:48Z,egw-mongodb-1,7.44,245985280,45.82,egw-qemu-integrated
2026-10-03T13:40:48Z,egw-ditto-gateway-1,51.95,529227776,65.72,egw-qemu-integrated
2026-10-03T13:40:48Z,egw-controller-1,32.88,43778048,16.31,egw-qemu-integrated
2026-10-03T13:40:49Z,egw-mosquitto-1,2.17,6426624,4.79,egw-qemu-integrated
2026-10-03T13:40:49Z,egw-ditto-things-1,85.28,586129408,72.78,egw-qemu-integrated
2026-10-03T13:40:49Z,egw-ditto-policies-1,20.14,547106816,67.94,egw-qemu-integrated
2026-10-03T13:40:49Z,egw-mongodb-1,8.41,245985280,45.82,egw-qemu-integrated
2026-10-03T13:40:49Z,egw-ditto-gateway-1,56.65,528973824,65.69,egw-qemu-integrated
2026-10-03T13:40:49Z,egw-controller-1,29.66,43773952,16.31,egw-qemu-integrated
2026-10-03T13:40:50Z,egw-mosquitto-1,2.24,6688768,4.98,egw-qemu-integrated
2026-10-03T13:40:50Z,egw-ditto-things-1,45.53,586129408,72.78,egw-qemu-integrated
2026-10-03T13:40:50Z,egw-ditto-policies-1,12.14,547106816,67.94,egw-qemu-integrated
2026-10-03T13:40:50Z,egw-mongodb-1,83.68,303665152,56.56,egw-qemu-integrated
2026-10-03T13:40:50Z,egw-ditto-gateway-1,45.20,528973824,65.69,egw-qemu-integrated
2026-10-03T13:40:50Z,egw-controller-1,34.10,43769856,16.31,egw-qemu-integrated
2026-10-03T13:40:51Z,egw-mosquitto-1,2.71,6430720,4.79,egw-qemu-integrated
2026-10-03T13:40:51Z,egw-ditto-things-1,47.27,586129408,72.78,egw-qemu-integrated
2026-10-03T13:40:51Z,egw-ditto-policies-1,12.79,547106816,67.94,egw-qemu-integrated
2026-10-03T13:40:51Z,egw-mongodb-1,105.12,393433088,73.28,egw-qemu-integrated
2026-10-03T13:40:51Z,egw-ditto-gateway-1,53.79,528973824,65.69,egw-qemu-integrated
2026-10-03T13:40:51Z,egw-controller-1,30.88,43773952,16.31,egw-qemu-integrated
2026-10-03T13:40:52Z,egw-mosquitto-1,1.96,6430720,4.79,egw-qemu-integrated
2026-10-03T13:40:52Z,egw-ditto-things-1,44.17,586129408,72.78,egw-qemu-integrated
2026-10-03T13:40:52Z,egw-ditto-policies-1,9.92,547106816,67.94,egw-qemu-integrated
2026-10-03T13:40:52Z,egw-mongodb-1,132.85,398086144,74.15,egw-qemu-integrated
2026-10-03T13:40:52Z,egw-ditto-gateway-1,43.45,528977920,65.69,egw-qemu-integrated
2026-10-03T13:40:52Z,egw-controller-1,28.05,43790336,16.31,egw-qemu-integrated
2026-10-03T13:40:53Z,egw-mosquitto-1,2.06,6430720,4.79,egw-qemu-integrated
2026-10-03T13:40:53Z,egw-ditto-things-1,42.68,586387456,72.82,egw-qemu-integrated
2026-10-03T13:40:53Z,egw-ditto-policies-1,10.51,547110912,67.94,egw-qemu-integrated
2026-10-03T13:40:53Z,egw-mongodb-1,88.28,399089664,74.34,egw-qemu-integrated
2026-10-03T13:40:53Z,egw-ditto-gateway-1,50.64,528977920,65.69,egw-qemu-integrated
2026-10-03T13:40:53Z,egw-controller-1,30.61,43782144,16.31,egw-qemu-integrated
2026-10-03T13:40:54Z,egw-mosquitto-1,2.16,6434816,4.79,egw-qemu-integrated
2026-10-03T13:40:54Z,egw-ditto-things-1,45.53,586129408,72.78,egw-qemu-integrated
2026-10-03T13:40:54Z,egw-ditto-policies-1,11.80,547119104,67.94,egw-qemu-integrated
2026-10-03T13:40:54Z,egw-mongodb-1,121.89,405807104,75.59,egw-qemu-integrated
2026-10-03T13:40:54Z,egw-ditto-gateway-1,60.99,528982016,65.69,egw-qemu-integrated
2026-10-03T13:40:54Z,egw-controller-1,27.85,43786240,16.31,egw-qemu-integrated
2026-10-03T13:40:55Z,egw-mosquitto-1,2.05,6434816,4.79,egw-qemu-integrated
2026-10-03T13:40:55Z,egw-ditto-things-1,42.60,586133504,72.78,egw-qemu-integrated
2026-10-03T13:40:55Z,egw-ditto-policies-1,8.69,547119104,67.94,egw-qemu-integrated
2026-10-03T13:40:55Z,egw-mongodb-1,151.48,410173440,76.40,egw-qemu-integrated
2026-10-03T13:40:55Z,egw-ditto-gateway-1,48.43,528990208,65.69,egw-qemu-integrated
2026-10-03T13:40:55Z,egw-controller-1,28.64,44044288,16.41,egw-qemu-integrated
2026-10-03T13:40:56Z,egw-mosquitto-1,2.15,6443008,4.80,egw-qemu-integrated
2026-10-03T13:40:56Z,egw-ditto-things-1,55.68,586133504,72.78,egw-qemu-integrated
2026-10-03T13:40:56Z,egw-ditto-policies-1,9.59,547119104,67.94,egw-qemu-integrated
2026-10-03T13:40:56Z,egw-mongodb-1,12.44,244555776,45.55,egw-qemu-integrated
2026-10-03T13:40:56Z,egw-ditto-gateway-1,47.98,529248256,65.72,egw-qemu-integrated
2026-10-03T13:40:56Z,egw-controller-1,32.84,43790336,16.31,egw-qemu-integrated
2026-10-03T13:40:57Z,egw-mosquitto-1,2.14,6438912,4.80,egw-qemu-integrated
2026-10-03T13:40:57Z,egw-ditto-things-1,51.48,586137600,72.78,egw-qemu-integrated
2026-10-03T13:40:57Z,egw-ditto-policies-1,20.45,547123200,67.94,egw-qemu-integrated
2026-10-03T13:40:57Z,egw-mongodb-1,7.74,244293632,45.50,egw-qemu-integrated
2026-10-03T13:40:57Z,egw-ditto-gateway-1,52.96,528990208,65.69,egw-qemu-integrated
2026-10-03T13:40:57Z,egw-controller-1,32.69,43794432,16.31,egw-qemu-integrated
2026-10-03T13:40:58Z,egw-mosquitto-1,1.73,6438912,4.80,egw-qemu-integrated
2026-10-03T13:40:58Z,egw-ditto-things-1,61.22,586137600,72.78,egw-qemu-integrated
2026-10-03T13:40:58Z,egw-ditto-policies-1,8.31,547127296,67.94,egw-qemu-integrated
2026-10-03T13:40:58Z,egw-mongodb-1,7.39,244293632,45.50,egw-qemu-integrated
2026-10-03T13:40:58Z,egw-ditto-gateway-1,52.61,529002496,65.69,egw-qemu-integrated
2026-10-03T13:40:58Z,egw-controller-1,29.56,44052480,16.41,egw-qemu-integrated
2026-10-03T13:40:59Z,egw-mosquitto-1,1.91,6438912,4.80,egw-qemu-integrated
2026-10-03T13:40:59Z,egw-ditto-things-1,57.06,586133504,72.78,egw-qemu-integrated
2026-10-03T13:40:59Z,egw-ditto-policies-1,17.52,547143680,67.94,egw-qemu-integrated
2026-10-03T13:40:59Z,egw-mongodb-1,6.88,244293632,45.50,egw-qemu-integrated
2026-10-03T13:40:59Z,egw-ditto-gateway-1,55.09,529006592,65.69,egw-qemu-integrated
2026-10-03T13:40:59Z,egw-controller-1,33.04,43794432,16.31,egw-qemu-integrated
2026-10-03T13:41:00Z,egw-mosquitto-1,2.02,6438912,4.80,egw-qemu-integrated
2026-10-03T13:41:00Z,egw-ditto-things-1,72.43,586133504,72.78,egw-qemu-integrated
2026-10-03T13:41:00Z,egw-ditto-policies-1,11.01,547143680,67.94,egw-qemu-integrated
2026-10-03T13:41:00Z,egw-mongodb-1,9.48,244293632,45.50,egw-qemu-integrated
2026-10-03T13:41:00Z,egw-ditto-gateway-1,45.43,529006592,65.69,egw-qemu-integrated
2026-10-03T13:41:00Z,egw-controller-1,30.50,43786240,16.31,egw-qemu-integrated
2026-10-03T13:41:01Z,egw-mosquitto-1,4.55,6443008,4.80,egw-qemu-integrated
2026-10-03T13:41:01Z,egw-ditto-things-1,52.38,587304960,72.93,egw-qemu-integrated
2026-10-03T13:41:01Z,egw-ditto-policies-1,51.60,547143680,67.94,egw-qemu-integrated
2026-10-03T13:41:01Z,egw-mongodb-1,12.54,244293632,45.50,egw-qemu-integrated
2026-10-03T13:41:01Z,egw-ditto-gateway-1,74.15,529956864,65.81,egw-qemu-integrated
2026-10-03T13:41:01Z,egw-controller-1,16.81,43786240,16.31,egw-qemu-integrated
2026-10-03T13:41:02Z,egw-mosquitto-1,1.83,6447104,4.80,egw-qemu-integrated
2026-10-03T13:41:02Z,egw-ditto-things-1,139.45,586096640,72.78,egw-qemu-integrated
2026-10-03T13:41:02Z,egw-ditto-policies-1,23.11,547143680,67.94,egw-qemu-integrated
2026-10-03T13:41:02Z,egw-mongodb-1,11.19,244293632,45.50,egw-qemu-integrated
2026-10-03T13:41:02Z,egw-ditto-gateway-1,113.55,528949248,65.68,egw-qemu-integrated
2026-10-03T13:41:02Z,egw-controller-1,4.74,43794432,16.31,egw-qemu-integrated
2026-10-03T13:41:03Z,egw-mosquitto-1,2.02,6451200,4.81,egw-qemu-integrated
2026-10-03T13:41:03Z,egw-ditto-things-1,69.86,586149888,72.79,egw-qemu-integrated
2026-10-03T13:41:03Z,egw-ditto-policies-1,43.33,547147776,67.94,egw-qemu-integrated
2026-10-03T13:41:03Z,egw-mongodb-1,8.86,244293632,45.50,egw-qemu-integrated
2026-10-03T13:41:03Z,egw-ditto-gateway-1,81.65,529010688,65.69,egw-qemu-integrated
2026-10-03T13:41:03Z,egw-controller-1,30.71,43798528,16.32,egw-qemu-integrated
2026-10-03T13:41:04Z,egw-mosquitto-1,2.10,6451200,4.81,egw-qemu-integrated
2026-10-03T13:41:04Z,egw-ditto-things-1,56.81,586399744,72.82,egw-qemu-integrated
2026-10-03T13:41:04Z,egw-ditto-policies-1,11.89,547151872,67.94,egw-qemu-integrated
2026-10-03T13:41:04Z,egw-mongodb-1,8.08,244293632,45.50,egw-qemu-integrated
2026-10-03T13:41:04Z,egw-ditto-gateway-1,47.81,529014784,65.69,egw-qemu-integrated
2026-10-03T13:41:04Z,egw-controller-1,32.89,43810816,16.32,egw-qemu-integrated
2026-10-03T13:41:05Z,egw-mosquitto-1,27.27,7254016,5.40,egw-qemu-integrated
2026-10-03T13:41:05Z,egw-ditto-things-1,64.29,586141696,72.78,egw-qemu-integrated
2026-10-03T13:41:05Z,egw-ditto-policies-1,10.26,547155968,67.94,egw-qemu-integrated
2026-10-03T13:41:05Z,egw-mongodb-1,7.36,244293632,45.50,egw-qemu-integrated
2026-10-03T13:41:05Z,egw-ditto-gateway-1,49.89,529014784,65.69,egw-qemu-integrated
2026-10-03T13:41:05Z,egw-controller-1,31.41,43810816,16.32,egw-qemu-integrated
2026-10-03T13:41:06Z,egw-mosquitto-1,33.82,6459392,4.81,egw-qemu-integrated
2026-10-03T13:41:06Z,egw-ditto-things-1,57.65,586141696,72.78,egw-qemu-integrated
2026-10-03T13:41:06Z,egw-ditto-policies-1,8.82,547151872,67.94,egw-qemu-integrated
2026-10-03T13:41:06Z,egw-mongodb-1,7.14,244301824,45.50,egw-qemu-integrated
2026-10-03T13:41:06Z,egw-ditto-gateway-1,49.39,529276928,65.72,egw-qemu-integrated
2026-10-03T13:41:06Z,egw-controller-1,29.18,44072960,16.42,egw-qemu-integrated
2026-10-03T13:41:07Z,egw-mosquitto-1,1.86,6717440,5.00,egw-qemu-integrated
2026-10-03T13:41:07Z,egw-ditto-things-1,61.99,586137600,72.78,egw-qemu-integrated
2026-10-03T13:41:07Z,egw-ditto-policies-1,8.50,547151872,67.94,egw-qemu-integrated
2026-10-03T13:41:07Z,egw-mongodb-1,7.32,244293632,45.50,egw-qemu-integrated
2026-10-03T13:41:07Z,egw-ditto-gateway-1,46.76,529498112,65.75,egw-qemu-integrated
2026-10-03T13:41:07Z,egw-controller-1,33.47,43810816,16.32,egw-qemu-integrated
2026-10-03T13:41:08Z,egw-mosquitto-1,1.89,6463488,4.82,egw-qemu-integrated
2026-10-03T13:41:08Z,egw-ditto-things-1,50.22,586137600,72.78,egw-qemu-integrated
2026-10-03T13:41:08Z,egw-ditto-policies-1,62.67,547168256,67.95,egw-qemu-integrated
2026-10-03T13:41:08Z,egw-mongodb-1,7.58,244293632,45.50,egw-qemu-integrated
2026-10-03T13:41:08Z,egw-ditto-gateway-1,49.07,529289216,65.73,egw-qemu-integrated
2026-10-03T13:41:08Z,egw-controller-1,44.01,46489600,17.32,egw-qemu-integrated
2026-10-03T13:41:09Z,egw-mosquitto-1,1.96,6459392,4.81,egw-qemu-integrated
2026-10-03T13:41:09Z,egw-ditto-things-1,53.64,586137600,72.78,egw-qemu-integrated
2026-10-03T13:41:09Z,egw-ditto-policies-1,39.21,547180544,67.95,egw-qemu-integrated
2026-10-03T13:41:09Z,egw-mongodb-1,12.99,244346880,45.51,egw-qemu-integrated
2026-10-03T13:41:09Z,egw-ditto-gateway-1,51.44,529297408,65.73,egw-qemu-integrated
2026-10-03T13:41:09Z,egw-controller-1,117.37,53805056,20.04,egw-qemu-integrated
2026-10-03T13:41:10Z,egw-mosquitto-1,2.18,6463488,4.82,egw-qemu-integrated
2026-10-03T13:41:10Z,egw-ditto-things-1,46.16,586158080,72.79,egw-qemu-integrated
2026-10-03T13:41:10Z,egw-ditto-policies-1,10.37,547184640,67.95,egw-qemu-integrated
2026-10-03T13:41:10Z,egw-mongodb-1,8.39,244350976,45.51,egw-qemu-integrated
2026-10-03T13:41:10Z,egw-ditto-gateway-1,42.12,529289216,65.73,egw-qemu-integrated
2026-10-03T13:41:10Z,egw-controller-1,132.44,55992320,20.86,egw-qemu-integrated
2026-10-03T13:41:11Z,egw-mosquitto-1,1.93,6463488,4.82,egw-qemu-integrated
2026-10-03T13:41:11Z,egw-ditto-things-1,48.27,586416128,72.82,egw-qemu-integrated
2026-10-03T13:41:11Z,egw-ditto-policies-1,18.03,547184640,67.95,egw-qemu-integrated
2026-10-03T13:41:11Z,egw-mongodb-1,7.21,244355072,45.51,egw-qemu-integrated
2026-10-03T13:41:11Z,egw-ditto-gateway-1,56.67,529293312,65.73,egw-qemu-integrated
2026-10-03T13:41:11Z,egw-controller-1,110.10,43814912,16.32,egw-qemu-integrated
2026-10-03T13:41:12Z,egw-mosquitto-1,1.98,6725632,5.01,egw-qemu-integrated
2026-10-03T13:41:12Z,egw-ditto-things-1,47.89,586416128,72.82,egw-qemu-integrated
2026-10-03T13:41:12Z,egw-ditto-policies-1,25.62,547188736,67.95,egw-qemu-integrated
2026-10-03T13:41:12Z,egw-mongodb-1,7.13,244350976,45.51,egw-qemu-integrated
2026-10-03T13:41:12Z,egw-ditto-gateway-1,57.05,529309696,65.73,egw-qemu-integrated
2026-10-03T13:41:12Z,egw-controller-1,34.08,43823104,16.33,egw-qemu-integrated
2026-10-03T13:41:13Z,egw-mosquitto-1,1.82,6463488,4.82,egw-qemu-integrated
2026-10-03T13:41:13Z,egw-ditto-things-1,74.52,586158080,72.79,egw-qemu-integrated
2026-10-03T13:41:13Z,egw-ditto-policies-1,13.79,547196928,67.95,egw-qemu-integrated
2026-10-03T13:41:13Z,egw-mongodb-1,9.71,244416512,45.53,egw-qemu-integrated
2026-10-03T13:41:13Z,egw-ditto-gateway-1,72.92,529326080,65.73,egw-qemu-integrated
2026-10-03T13:41:13Z,egw-controller-1,32.09,44072960,16.42,egw-qemu-integrated
2026-10-03T13:41:14Z,egw-mosquitto-1,1.78,6463488,4.82,egw-qemu-integrated
2026-10-03T13:41:14Z,egw-ditto-things-1,117.78,586186752,72.79,egw-qemu-integrated
2026-10-03T13:41:14Z,egw-ditto-policies-1,16.30,547201024,67.95,egw-qemu-integrated
2026-10-03T13:41:14Z,egw-mongodb-1,7.09,244432896,45.53,egw-qemu-integrated
2026-10-03T13:41:14Z,egw-ditto-gateway-1,48.24,529334272,65.73,egw-qemu-integrated
2026-10-03T13:41:14Z,egw-controller-1,28.65,43819008,16.32,egw-qemu-integrated
2026-10-03T13:41:15Z,egw-mosquitto-1,2.27,6467584,4.82,egw-qemu-integrated
2026-10-03T13:41:15Z,egw-ditto-things-1,128.15,586186752,72.79,egw-qemu-integrated
2026-10-03T13:41:15Z,egw-ditto-policies-1,76.87,547250176,67.96,egw-qemu-integrated
2026-10-03T13:41:15Z,egw-mongodb-1,6.54,244690944,45.58,egw-qemu-integrated
2026-10-03T13:41:15Z,egw-ditto-gateway-1,41.46,529326080,65.73,egw-qemu-integrated
2026-10-03T13:41:15Z,egw-controller-1,24.32,43819008,16.32,egw-qemu-integrated
2026-10-03T13:41:16Z,egw-mosquitto-1,1.92,6467584,4.82,egw-qemu-integrated
2026-10-03T13:41:16Z,egw-ditto-things-1,142.60,594481152,73.82,egw-qemu-integrated
2026-10-03T13:41:16Z,egw-ditto-policies-1,8.11,547246080,67.96,egw-qemu-integrated
2026-10-03T13:41:16Z,egw-mongodb-1,7.23,244690944,45.58,egw-qemu-integrated
2026-10-03T13:41:16Z,egw-ditto-gateway-1,44.48,529330176,65.73,egw-qemu-integrated
2026-10-03T13:41:16Z,egw-controller-1,32.42,44085248,16.42,egw-qemu-integrated
2026-10-03T13:41:17Z,egw-mosquitto-1,1.83,6467584,4.82,egw-qemu-integrated
2026-10-03T13:41:17Z,egw-ditto-things-1,59.84,594505728,73.82,egw-qemu-integrated
2026-10-03T13:41:17Z,egw-ditto-policies-1,11.34,547246080,67.96,egw-qemu-integrated
2026-10-03T13:41:17Z,egw-mongodb-1,7.56,244432896,45.53,egw-qemu-integrated
2026-10-03T13:41:17Z,egw-ditto-gateway-1,48.85,529330176,65.73,egw-qemu-integrated
2026-10-03T13:41:17Z,egw-controller-1,34.60,43827200,16.33,egw-qemu-integrated
2026-10-03T13:41:18Z,egw-mosquitto-1,2.35,6467584,4.82,egw-qemu-integrated
2026-10-03T13:41:18Z,egw-ditto-things-1,60.76,594513920,73.82,egw-qemu-integrated
2026-10-03T13:41:18Z,egw-ditto-policies-1,38.86,547774464,68.02,egw-qemu-integrated
2026-10-03T13:41:18Z,egw-mongodb-1,7.06,244432896,45.53,egw-qemu-integrated
2026-10-03T13:41:18Z,egw-ditto-gateway-1,56.22,529330176,65.73,egw-qemu-integrated
2026-10-03T13:41:18Z,egw-controller-1,31.30,43823104,16.33,egw-qemu-integrated
2026-10-03T13:41:19Z,egw-mosquitto-1,1.93,6467584,4.82,egw-qemu-integrated
2026-10-03T13:41:19Z,egw-ditto-things-1,67.83,594513920,73.82,egw-qemu-integrated
2026-10-03T13:41:19Z,egw-ditto-policies-1,26.07,547655680,68.01,egw-qemu-integrated
2026-10-03T13:41:19Z,egw-mongodb-1,8.76,244432896,45.53,egw-qemu-integrated
2026-10-03T13:41:19Z,egw-ditto-gateway-1,48.61,529334272,65.73,egw-qemu-integrated
2026-10-03T13:41:19Z,egw-controller-1,30.53,43823104,16.33,egw-qemu-integrated
2026-10-03T13:41:20Z,egw-mosquitto-1,3.56,6467584,4.82,egw-qemu-integrated
2026-10-03T13:41:20Z,egw-ditto-things-1,42.37,594563072,73.83,egw-qemu-integrated
2026-10-03T13:41:20Z,egw-ditto-policies-1,11.86,547651584,68.01,egw-qemu-integrated
2026-10-03T13:41:20Z,egw-mongodb-1,10.06,244436992,45.53,egw-qemu-integrated
2026-10-03T13:41:20Z,egw-ditto-gateway-1,143.12,526131200,65.33,egw-qemu-integrated
2026-10-03T13:41:20Z,egw-controller-1,25.36,43819008,16.32,egw-qemu-integrated
2026-10-03T13:41:21Z,egw-mosquitto-1,2.01,6729728,5.01,egw-qemu-integrated
2026-10-03T13:41:21Z,egw-ditto-things-1,76.22,594575360,73.83,egw-qemu-integrated
2026-10-03T13:41:21Z,egw-ditto-policies-1,8.96,547651584,68.01,egw-qemu-integrated
2026-10-03T13:41:21Z,egw-mongodb-1,11.09,244436992,45.53,egw-qemu-integrated
2026-10-03T13:41:21Z,egw-ditto-gateway-1,52.66,526139392,65.33,egw-qemu-integrated
2026-10-03T13:41:21Z,egw-controller-1,31.59,44339200,16.52,egw-qemu-integrated
2026-10-03T13:41:22Z,egw-mosquitto-1,2.02,6467584,4.82,egw-qemu-integrated
2026-10-03T13:41:22Z,egw-ditto-things-1,50.54,594825216,73.86,egw-qemu-integrated
2026-10-03T13:41:22Z,egw-ditto-policies-1,7.04,547651584,68.01,egw-qemu-integrated
2026-10-03T13:41:22Z,egw-mongodb-1,7.88,244699136,45.58,egw-qemu-integrated
2026-10-03T13:41:22Z,egw-ditto-gateway-1,45.43,526139392,65.33,egw-qemu-integrated
2026-10-03T13:41:22Z,egw-controller-1,32.52,43823104,16.33,egw-qemu-integrated
2026-10-03T13:41:23Z,egw-mosquitto-1,2.10,6725632,5.01,egw-qemu-integrated
2026-10-03T13:41:23Z,egw-ditto-things-1,55.06,594571264,73.83,egw-qemu-integrated
2026-10-03T13:41:23Z,egw-ditto-policies-1,9.22,547651584,68.01,egw-qemu-integrated
2026-10-03T13:41:23Z,egw-mongodb-1,13.71,244543488,45.55,egw-qemu-integrated
2026-10-03T13:41:23Z,egw-ditto-gateway-1,56.47,526401536,65.37,egw-qemu-integrated
2026-10-03T13:41:23Z,egw-controller-1,33.75,43835392,16.33,egw-qemu-integrated
2026-10-03T13:41:24Z,egw-mosquitto-1,1.92,6471680,4.82,egw-qemu-integrated
2026-10-03T13:41:24Z,egw-ditto-things-1,51.66,594829312,73.86,egw-qemu-integrated
2026-10-03T13:41:24Z,egw-ditto-policies-1,7.07,547655680,68.01,egw-qemu-integrated
2026-10-03T13:41:24Z,egw-mongodb-1,9.22,244588544,45.56,egw-qemu-integrated
2026-10-03T13:41:24Z,egw-ditto-gateway-1,54.09,526127104,65.33,egw-qemu-integrated
2026-10-03T13:41:24Z,egw-controller-1,33.57,44085248,16.42,egw-qemu-integrated
2026-10-03T13:41:25Z,egw-mosquitto-1,2.18,6467584,4.82,egw-qemu-integrated
2026-10-03T13:41:25Z,egw-ditto-things-1,97.55,594845696,73.87,egw-qemu-integrated
2026-10-03T13:41:25Z,egw-ditto-policies-1,8.46,547651584,68.01,egw-qemu-integrated
2026-10-03T13:41:25Z,egw-mongodb-1,48.15,247574528,46.11,egw-qemu-integrated
2026-10-03T13:41:25Z,egw-ditto-gateway-1,33.53,526143488,65.33,egw-qemu-integrated
2026-10-03T13:41:25Z,egw-controller-1,23.78,43827200,16.33,egw-qemu-integrated
2026-10-03T13:41:26Z,egw-mosquitto-1,2.04,6463488,4.82,egw-qemu-integrated
2026-10-03T13:41:26Z,egw-ditto-things-1,130.77,594632704,73.84,egw-qemu-integrated
2026-10-03T13:41:26Z,egw-ditto-policies-1,20.42,547659776,68.01,egw-qemu-integrated
2026-10-03T13:41:26Z,egw-mongodb-1,98.33,343785472,64.04,egw-qemu-integrated
2026-10-03T13:41:26Z,egw-ditto-gateway-1,60.49,526405632,65.37,egw-qemu-integrated
2026-10-03T13:41:26Z,egw-controller-1,19.99,43827200,16.33,egw-qemu-integrated
2026-10-03T13:41:27Z,egw-mosquitto-1,1.98,6471680,4.82,egw-qemu-integrated
2026-10-03T13:41:27Z,egw-ditto-things-1,52.85,594681856,73.85,egw-qemu-integrated
2026-10-03T13:41:27Z,egw-ditto-policies-1,9.02,547655680,68.01,egw-qemu-integrated
2026-10-03T13:41:27Z,egw-mongodb-1,111.56,394448896,73.47,egw-qemu-integrated
2026-10-03T13:41:27Z,egw-ditto-gateway-1,51.11,526159872,65.34,egw-qemu-integrated
2026-10-03T13:41:27Z,egw-controller-1,29.07,43831296,16.33,egw-qemu-integrated
2026-10-03T13:41:28Z,egw-mosquitto-1,1.74,6471680,4.82,egw-qemu-integrated
2026-10-03T13:41:28Z,egw-ditto-things-1,50.37,594948096,73.88,egw-qemu-integrated
2026-10-03T13:41:28Z,egw-ditto-policies-1,25.50,547655680,68.01,egw-qemu-integrated
2026-10-03T13:41:28Z,egw-mongodb-1,121.50,397864960,74.11,egw-qemu-integrated
2026-10-03T13:41:28Z,egw-ditto-gateway-1,75.08,526172160,65.34,egw-qemu-integrated
2026-10-03T13:41:28Z,egw-controller-1,27.30,43839488,16.33,egw-qemu-integrated
2026-10-03T13:41:29Z,egw-mosquitto-1,3.77,6737920,5.02,egw-qemu-integrated
2026-10-03T13:41:29Z,egw-ditto-things-1,106.28,594690048,73.85,egw-qemu-integrated
2026-10-03T13:41:29Z,egw-ditto-policies-1,31.86,547684352,68.01,egw-qemu-integrated
2026-10-03T13:41:29Z,egw-mongodb-1,95.27,401428480,74.77,egw-qemu-integrated
2026-10-03T13:41:29Z,egw-ditto-gateway-1,45.13,526172160,65.34,egw-qemu-integrated
2026-10-03T13:41:29Z,egw-controller-1,34.88,43835392,16.33,egw-qemu-integrated
2026-10-03T13:41:30Z,egw-mosquitto-1,2.08,6496256,4.84,egw-qemu-integrated
2026-10-03T13:41:30Z,egw-ditto-things-1,121.23,594927616,73.88,egw-qemu-integrated
2026-10-03T13:41:30Z,egw-ditto-policies-1,35.01,547684352,68.01,egw-qemu-integrated
2026-10-03T13:41:30Z,egw-mongodb-1,94.77,403050496,75.07,egw-qemu-integrated
2026-10-03T13:41:30Z,egw-ditto-gateway-1,87.63,526168064,65.34,egw-qemu-integrated
2026-10-03T13:41:30Z,egw-controller-1,6.83,43843584,16.33,egw-qemu-integrated
2026-10-03T13:41:31Z,egw-mosquitto-1,1.78,6500352,4.84,egw-qemu-integrated
2026-10-03T13:41:31Z,egw-ditto-things-1,48.97,594702336,73.85,egw-qemu-integrated
2026-10-03T13:41:31Z,egw-ditto-policies-1,12.33,547684352,68.01,egw-qemu-integrated
2026-10-03T13:41:31Z,egw-mongodb-1,102.13,245096448,45.65,egw-qemu-integrated
2026-10-03T13:41:31Z,egw-ditto-gateway-1,46.41,526176256,65.34,egw-qemu-integrated
2026-10-03T13:41:31Z,egw-controller-1,23.66,43851776,16.34,egw-qemu-integrated
2026-10-03T13:41:32Z,egw-mosquitto-1,2.39,6500352,4.84,egw-qemu-integrated
2026-10-03T13:41:32Z,egw-ditto-things-1,76.42,596000768,74.01,egw-qemu-integrated
2026-10-03T13:41:32Z,egw-ditto-policies-1,17.22,547688448,68.01,egw-qemu-integrated
2026-10-03T13:41:32Z,egw-mongodb-1,7.07,245100544,45.65,egw-qemu-integrated
2026-10-03T13:41:32Z,egw-ditto-gateway-1,81.46,528203776,65.59,egw-qemu-integrated
2026-10-03T13:41:32Z,egw-controller-1,27.36,43851776,16.34,egw-qemu-integrated
2026-10-03T13:41:33Z,egw-mosquitto-1,2.17,6758400,5.04,egw-qemu-integrated
2026-10-03T13:41:33Z,egw-ditto-things-1,72.48,594972672,73.88,egw-qemu-integrated
2026-10-03T13:41:33Z,egw-ditto-policies-1,9.60,547688448,68.01,egw-qemu-integrated
2026-10-03T13:41:33Z,egw-mongodb-1,9.00,245125120,45.66,egw-qemu-integrated
2026-10-03T13:41:33Z,egw-ditto-gateway-1,67.11,526180352,65.34,egw-qemu-integrated
2026-10-03T13:41:33Z,egw-controller-1,29.22,43855872,16.34,egw-qemu-integrated
2026-10-03T13:41:34Z,egw-mosquitto-1,1.98,6500352,4.84,egw-qemu-integrated
2026-10-03T13:41:34Z,egw-ditto-things-1,64.91,594984960,73.88,egw-qemu-integrated
2026-10-03T13:41:34Z,egw-ditto-policies-1,16.62,547688448,68.01,egw-qemu-integrated
2026-10-03T13:41:34Z,egw-mongodb-1,10.53,245387264,45.71,egw-qemu-integrated
2026-10-03T13:41:34Z,egw-ditto-gateway-1,46.69,526176256,65.34,egw-qemu-integrated
2026-10-03T13:41:34Z,egw-controller-1,31.89,43855872,16.34,egw-qemu-integrated
2026-10-03T13:41:35Z,egw-mosquitto-1,8.19,7397376,5.51,egw-qemu-integrated
2026-10-03T13:41:35Z,egw-ditto-things-1,53.82,594726912,73.85,egw-qemu-integrated
2026-10-03T13:41:35Z,egw-ditto-policies-1,55.46,547700736,68.01,egw-qemu-integrated
2026-10-03T13:41:35Z,egw-mongodb-1,14.75,245161984,45.66,egw-qemu-integrated
2026-10-03T13:41:35Z,egw-ditto-gateway-1,47.10,526442496,65.37,egw-qemu-integrated
2026-10-03T13:41:35Z,egw-controller-1,28.03,44122112,16.44,egw-qemu-integrated
2026-10-03T13:41:36Z,egw-mosquitto-1,57.49,6524928,4.86,egw-qemu-integrated
2026-10-03T13:41:36Z,egw-ditto-things-1,50.43,594731008,73.85,egw-qemu-integrated
2026-10-03T13:41:36Z,egw-ditto-policies-1,25.47,547708928,68.01,egw-qemu-integrated
2026-10-03T13:41:36Z,egw-mongodb-1,7.73,245161984,45.66,egw-qemu-integrated
2026-10-03T13:41:36Z,egw-ditto-gateway-1,40.07,526184448,65.34,egw-qemu-integrated
2026-10-03T13:41:36Z,egw-controller-1,28.20,44130304,16.44,egw-qemu-integrated
2026-10-03T13:41:37Z,egw-mosquitto-1,2.13,7036928,5.24,egw-qemu-integrated
2026-10-03T13:41:37Z,egw-ditto-things-1,49.79,594726912,73.85,egw-qemu-integrated
2026-10-03T13:41:37Z,egw-ditto-policies-1,16.88,547708928,68.01,egw-qemu-integrated
2026-10-03T13:41:37Z,egw-mongodb-1,8.33,245161984,45.66,egw-qemu-integrated
2026-10-03T13:41:37Z,egw-ditto-gateway-1,47.51,526180352,65.34,egw-qemu-integrated
2026-10-03T13:41:37Z,egw-controller-1,33.82,43859968,16.34,egw-qemu-integrated
2026-10-03T13:41:38Z,egw-mosquitto-1,1.91,6516736,4.86,egw-qemu-integrated
2026-10-03T13:41:38Z,egw-ditto-things-1,68.10,594984960,73.88,egw-qemu-integrated
2026-10-03T13:41:38Z,egw-ditto-policies-1,26.66,547708928,68.01,egw-qemu-integrated
2026-10-03T13:41:38Z,egw-mongodb-1,10.96,245161984,45.66,egw-qemu-integrated
2026-10-03T13:41:38Z,egw-ditto-gateway-1,56.55,526442496,65.37,egw-qemu-integrated
2026-10-03T13:41:38Z,egw-controller-1,28.95,44113920,16.43,egw-qemu-integrated
2026-10-03T13:41:39Z,egw-mosquitto-1,2.30,6516736,4.86,egw-qemu-integrated
2026-10-03T13:41:39Z,egw-ditto-things-1,78.01,594739200,73.85,egw-qemu-integrated
2026-10-03T13:41:39Z,egw-ditto-policies-1,11.08,547713024,68.01,egw-qemu-integrated
2026-10-03T13:41:39Z,egw-mongodb-1,9.50,245161984,45.66,egw-qemu-integrated
2026-10-03T13:41:39Z,egw-ditto-gateway-1,56.02,526712832,65.41,egw-qemu-integrated
2026-10-03T13:41:39Z,egw-controller-1,31.46,44122112,16.44,egw-qemu-integrated
2026-10-03T13:41:40Z,egw-mosquitto-1,2.01,6516736,4.86,egw-qemu-integrated
2026-10-03T13:41:40Z,egw-ditto-things-1,49.83,594743296,73.85,egw-qemu-integrated
2026-10-03T13:41:40Z,egw-ditto-policies-1,8.64,547713024,68.01,egw-qemu-integrated
2026-10-03T13:41:40Z,egw-mongodb-1,7.77,245161984,45.66,egw-qemu-integrated
2026-10-03T13:41:40Z,egw-ditto-gateway-1,51.62,526200832,65.34,egw-qemu-integrated
2026-10-03T13:41:40Z,egw-controller-1,32.32,43855872,16.34,egw-qemu-integrated
2026-10-03T13:41:41Z,egw-mosquitto-1,2.59,6520832,4.86,egw-qemu-integrated
2026-10-03T13:41:41Z,egw-ditto-things-1,46.72,594739200,73.85,egw-qemu-integrated
2026-10-03T13:41:41Z,egw-ditto-policies-1,18.12,547713024,68.01,egw-qemu-integrated
2026-10-03T13:41:41Z,egw-mongodb-1,7.49,245161984,45.66,egw-qemu-integrated
2026-10-03T13:41:41Z,egw-ditto-gateway-1,51.72,526200832,65.34,egw-qemu-integrated
2026-10-03T13:41:41Z,egw-controller-1,78.66,47235072,17.60,egw-qemu-integrated
2026-10-03T13:41:42Z,egw-mosquitto-1,6.22,6533120,4.87,egw-qemu-integrated
2026-10-03T13:41:42Z,egw-ditto-things-1,42.51,594743296,73.85,egw-qemu-integrated
2026-10-03T13:41:42Z,egw-ditto-policies-1,13.26,547729408,68.02,egw-qemu-integrated
2026-10-03T13:41:42Z,egw-mongodb-1,7.05,245161984,45.66,egw-qemu-integrated
2026-10-03T13:41:42Z,egw-ditto-gateway-1,65.08,526200832,65.34,egw-qemu-integrated
2026-10-03T13:41:42Z,egw-controller-1,116.94,54317056,20.23,egw-qemu-integrated
2026-10-03T13:41:43Z,egw-mosquitto-1,2.36,6787072,5.06,egw-qemu-integrated
2026-10-03T13:41:43Z,egw-ditto-things-1,46.45,594743296,73.85,egw-qemu-integrated
2026-10-03T13:41:43Z,egw-ditto-policies-1,11.09,547729408,68.02,egw-qemu-integrated
2026-10-03T13:41:43Z,egw-mongodb-1,8.45,245202944,45.67,egw-qemu-integrated
2026-10-03T13:41:43Z,egw-ditto-gateway-1,45.15,526200832,65.34,egw-qemu-integrated
2026-10-03T13:41:43Z,egw-controller-1,127.56,55857152,20.81,egw-qemu-integrated
2026-10-03T13:41:44Z,egw-mosquitto-1,1.89,6533120,4.87,egw-qemu-integrated
2026-10-03T13:41:44Z,egw-ditto-things-1,51.70,594739200,73.85,egw-qemu-integrated
2026-10-03T13:41:44Z,egw-ditto-policies-1,9.67,547729408,68.02,egw-qemu-integrated
2026-10-03T13:41:44Z,egw-mongodb-1,7.38,245198848,45.67,egw-qemu-integrated
2026-10-03T13:41:44Z,egw-ditto-gateway-1,46.45,526200832,65.34,egw-qemu-integrated
2026-10-03T13:41:44Z,egw-controller-1,112.85,43868160,16.34,egw-qemu-integrated
2026-10-03T13:41:45Z,egw-mosquitto-1,2.34,6533120,4.87,egw-qemu-integrated
2026-10-03T13:41:45Z,egw-ditto-things-1,44.84,594739200,73.85,egw-qemu-integrated
2026-10-03T13:41:45Z,egw-ditto-policies-1,68.36,547745792,68.02,egw-qemu-integrated
2026-10-03T13:41:45Z,egw-mongodb-1,6.61,245198848,45.67,egw-qemu-integrated
2026-10-03T13:41:45Z,egw-ditto-gateway-1,39.93,526200832,65.34,egw-qemu-integrated
2026-10-03T13:41:45Z,egw-controller-1,31.69,43876352,16.35,egw-qemu-integrated
2026-10-03T13:41:46Z,egw-mosquitto-1,2.07,6795264,5.06,egw-qemu-integrated
2026-10-03T13:41:46Z,egw-ditto-things-1,49.04,594739200,73.85,egw-qemu-integrated
2026-10-03T13:41:46Z,egw-ditto-policies-1,8.33,547741696,68.02,egw-qemu-integrated
2026-10-03T13:41:46Z,egw-mongodb-1,6.93,245198848,45.67,egw-qemu-integrated
2026-10-03T13:41:46Z,egw-ditto-gateway-1,51.27,526209024,65.34,egw-qemu-integrated
2026-10-03T13:41:46Z,egw-controller-1,32.28,43872256,16.34,egw-qemu-integrated
2026-10-03T13:41:47Z,egw-mosquitto-1,2.00,6791168,5.06,egw-qemu-integrated
2026-10-03T13:41:47Z,egw-ditto-things-1,51.73,595001344,73.89,egw-qemu-integrated
2026-10-03T13:41:47Z,egw-ditto-policies-1,22.16,547745792,68.02,egw-qemu-integrated
2026-10-03T13:41:47Z,egw-mongodb-1,8.15,245211136,45.67,egw-qemu-integrated
2026-10-03T13:41:47Z,egw-ditto-gateway-1,49.50,526200832,65.34,egw-qemu-integrated
2026-10-03T13:41:47Z,egw-controller-1,31.55,43872256,16.34,egw-qemu-integrated
2026-10-03T13:41:48Z,egw-mosquitto-1,2.10,6791168,5.06,egw-qemu-integrated
2026-10-03T13:41:48Z,egw-ditto-things-1,60.92,594739200,73.85,egw-qemu-integrated
2026-10-03T13:41:48Z,egw-ditto-policies-1,16.22,547745792,68.02,egw-qemu-integrated
2026-10-03T13:41:48Z,egw-mongodb-1,7.81,245202944,45.67,egw-qemu-integrated
2026-10-03T13:41:48Z,egw-ditto-gateway-1,51.18,526458880,65.37,egw-qemu-integrated
2026-10-03T13:41:48Z,egw-controller-1,34.38,43880448,16.35,egw-qemu-integrated
2026-10-03T13:41:49Z,egw-mosquitto-1,2.29,6795264,5.06,egw-qemu-integrated
2026-10-03T13:41:49Z,egw-ditto-things-1,54.47,594739200,73.85,egw-qemu-integrated
2026-10-03T13:41:49Z,egw-ditto-policies-1,12.40,547745792,68.02,egw-qemu-integrated
2026-10-03T13:41:49Z,egw-mongodb-1,9.29,245219328,45.68,egw-qemu-integrated
2026-10-03T13:41:49Z,egw-ditto-gateway-1,50.63,526209024,65.34,egw-qemu-integrated
2026-10-03T13:41:49Z,egw-controller-1,32.47,43880448,16.35,egw-qemu-integrated
2026-10-03T13:41:50Z,egw-mosquitto-1,2.44,6799360,5.07,egw-qemu-integrated
2026-10-03T13:41:50Z,egw-ditto-things-1,65.70,594747392,73.85,egw-qemu-integrated
2026-10-03T13:41:50Z,egw-ditto-policies-1,20.01,547749888,68.02,egw-qemu-integrated
2026-10-03T13:41:50Z,egw-mongodb-1,8.23,245223424,45.68,egw-qemu-integrated
2026-10-03T13:41:50Z,egw-ditto-gateway-1,54.34,526209024,65.34,egw-qemu-integrated
2026-10-03T13:41:50Z,egw-controller-1,32.18,44138496,16.44,egw-qemu-integrated
2026-10-03T13:41:51Z,egw-mosquitto-1,1.95,6533120,4.87,egw-qemu-integrated
2026-10-03T13:41:51Z,egw-ditto-things-1,54.21,594751488,73.85,egw-qemu-integrated
2026-10-03T13:41:51Z,egw-ditto-policies-1,9.77,547749888,68.02,egw-qemu-integrated
2026-10-03T13:41:51Z,egw-mongodb-1,7.30,245252096,45.68,egw-qemu-integrated
2026-10-03T13:41:51Z,egw-ditto-gateway-1,48.95,526204928,65.34,egw-qemu-integrated
2026-10-03T13:41:51Z,egw-controller-1,32.84,43872256,16.34,egw-qemu-integrated
2026-10-03T13:41:52Z,egw-mosquitto-1,2.68,6541312,4.87,egw-qemu-integrated
2026-10-03T13:41:52Z,egw-ditto-things-1,48.47,594747392,73.85,egw-qemu-integrated
2026-10-03T13:41:52Z,egw-ditto-policies-1,13.01,547790848,68.02,egw-qemu-integrated
2026-10-03T13:41:52Z,egw-mongodb-1,8.88,245252096,45.68,egw-qemu-integrated
2026-10-03T13:41:52Z,egw-ditto-gateway-1,48.06,526213120,65.34,egw-qemu-integrated
2026-10-03T13:41:52Z,egw-controller-1,34.33,44396544,16.54,egw-qemu-integrated
2026-10-03T13:41:53Z,egw-mosquitto-1,2.09,6537216,4.87,egw-qemu-integrated
2026-10-03T13:41:53Z,egw-ditto-things-1,136.74,594747392,73.85,egw-qemu-integrated
2026-10-03T13:41:53Z,egw-ditto-policies-1,12.70,547790848,68.02,egw-qemu-integrated
2026-10-03T13:41:53Z,egw-mongodb-1,15.85,249143296,46.41,egw-qemu-integrated
2026-10-03T13:41:53Z,egw-ditto-gateway-1,39.61,526209024,65.34,egw-qemu-integrated
2026-10-03T13:41:53Z,egw-controller-1,27.44,43876352,16.35,egw-qemu-integrated
2026-10-03T13:41:54Z,egw-mosquitto-1,1.37,6795264,5.06,egw-qemu-integrated
2026-10-03T13:41:54Z,egw-ditto-things-1,117.82,594812928,73.86,egw-qemu-integrated
2026-10-03T13:41:54Z,egw-ditto-policies-1,8.63,547790848,68.02,egw-qemu-integrated
2026-10-03T13:41:54Z,egw-mongodb-1,7.27,249176064,46.41,egw-qemu-integrated
2026-10-03T13:41:54Z,egw-ditto-gateway-1,37.88,526209024,65.34,egw-qemu-integrated
2026-10-03T13:41:54Z,egw-controller-1,28.16,44142592,16.44,egw-qemu-integrated
2026-10-03T13:41:55Z,egw-mosquitto-1,1.83,6533120,4.87,egw-qemu-integrated
2026-10-03T13:41:55Z,egw-ditto-things-1,50.71,594812928,73.86,egw-qemu-integrated
2026-10-03T13:41:55Z,egw-ditto-policies-1,8.53,547790848,68.02,egw-qemu-integrated
2026-10-03T13:41:55Z,egw-mongodb-1,8.58,249450496,46.46,egw-qemu-integrated
2026-10-03T13:41:55Z,egw-ditto-gateway-1,51.28,526471168,65.38,egw-qemu-integrated
2026-10-03T13:41:55Z,egw-controller-1,32.05,44130304,16.44,egw-qemu-integrated
2026-10-03T13:41:56Z,egw-mosquitto-1,2.28,6537216,4.87,egw-qemu-integrated
2026-10-03T13:41:56Z,egw-ditto-things-1,53.58,594812928,73.86,egw-qemu-integrated
2026-10-03T13:41:56Z,egw-ditto-policies-1,9.04,547790848,68.02,egw-qemu-integrated
2026-10-03T13:41:56Z,egw-mongodb-1,7.42,249712640,46.51,egw-qemu-integrated
2026-10-03T13:41:56Z,egw-ditto-gateway-1,52.61,526209024,65.34,egw-qemu-integrated
2026-10-03T13:41:56Z,egw-controller-1,32.48,43888640,16.35,egw-qemu-integrated
2026-10-03T13:41:57Z,egw-mosquitto-1,2.27,6533120,4.87,egw-qemu-integrated
2026-10-03T13:41:57Z,egw-ditto-things-1,69.80,594812928,73.86,egw-qemu-integrated
2026-10-03T13:41:57Z,egw-ditto-policies-1,13.19,547790848,68.02,egw-qemu-integrated
2026-10-03T13:41:57Z,egw-mongodb-1,7.88,249450496,46.46,egw-qemu-integrated
2026-10-03T13:41:57Z,egw-ditto-gateway-1,49.20,526475264,65.38,egw-qemu-integrated
2026-10-03T13:41:57Z,egw-controller-1,30.72,44134400,16.44,egw-qemu-integrated
2026-10-03T13:41:58Z,egw-mosquitto-1,2.06,6791168,5.06,egw-qemu-integrated
2026-10-03T13:41:58Z,egw-ditto-things-1,62.52,594817024,73.86,egw-qemu-integrated
2026-10-03T13:41:58Z,egw-ditto-policies-1,19.09,547790848,68.02,egw-qemu-integrated
2026-10-03T13:41:58Z,egw-mongodb-1,7.55,249450496,46.46,egw-qemu-integrated
2026-10-03T13:41:58Z,egw-ditto-gateway-1,56.30,526475264,65.38,egw-qemu-integrated
2026-10-03T13:41:58Z,egw-controller-1,32.80,43872256,16.34,egw-qemu-integrated
2026-10-03T13:41:59Z,egw-mosquitto-1,2.22,6508544,4.85,egw-qemu-integrated
2026-10-03T13:41:59Z,egw-ditto-things-1,52.26,594812928,73.86,egw-qemu-integrated
2026-10-03T13:41:59Z,egw-ditto-policies-1,16.65,547815424,68.03,egw-qemu-integrated
2026-10-03T13:41:59Z,egw-mongodb-1,10.39,249450496,46.46,egw-qemu-integrated
2026-10-03T13:41:59Z,egw-ditto-gateway-1,50.26,526217216,65.34,egw-qemu-integrated
2026-10-03T13:41:59Z,egw-controller-1,33.00,43872256,16.34,egw-qemu-integrated
2026-10-03T13:42:00Z,egw-mosquitto-1,0.78,6508544,4.85,egw-qemu-integrated
2026-10-03T13:42:00Z,egw-ditto-things-1,51.11,594812928,73.86,egw-qemu-integrated
2026-10-03T13:42:00Z,egw-ditto-policies-1,10.63,547811328,68.03,egw-qemu-integrated
2026-10-03T13:42:00Z,egw-mongodb-1,7.32,249450496,46.46,egw-qemu-integrated
2026-10-03T13:42:00Z,egw-ditto-gateway-1,41.89,526471168,65.38,egw-qemu-integrated
2026-10-03T13:42:00Z,egw-controller-1,28.37,43872256,16.34,egw-qemu-integrated
